S01200005542415F365F526576322E73726563E7
S315080400000000022095330408892404088F24040870
S31508040010952404089B240408A1240408000000006D
S31508040020000000000000000000000000A7240408E7
S31508040030B524040800000000C3240408D1240408D5
S31508040040E5330408E5330408E5330408E53304080E
S31508040050E5330408E5330408E5330408E5330408FE
S31508040060E5330408DD240408E5330408ED2404080C
S315080400700125040815250408292504083D2504082E
S315080400805125040865250408E5330408E5330408FE
S31508040090E5330408E5330408E53304087925040838
S315080400A0E533040889250408E5330408E533040818
S315080400B0E5330408E5330408E5330408E53304089E
S315080400C0E5330408E5330408E5330408E53304088E
S315080400D0E53304089D250408CD250408E5330408FA
S315080400E0E5330408E5330408E5330408E53304086E
S315080400F0E5330408E5330408E5330408E53304085E
S31508040100E5330408E5330408E5330408E53304084D
S31508040110E5330408E5330408E5330408E53304083D
S31508040120E1250408E5330408E5330408E53304083F
S31508040130E5330408E5330408E5330408E53304081D
S31508040140E5330408E5330408E5330408E53304080D
S31508040150E5330408E5330408E5330408E5330408FD
S31508040160E5330408E5330408E5330408E5330408ED
S31508040170E5330408E5330408E5330408E5330408DD
S31508040180E5330408E5330408E5330408E5330408CD
S31508040190E533040800000000E5330408E5330408E1
S315080401A0E5330408E5330408E5330408E5330408AD
S315080401B0E5330408E5330408E5330408E53304089D
S315080401C0F5250408E5330408E5330408E53304088B
S30D080401D0E5330408E5330408CD
S315080401E010B5054C237833B9044B13B10448AFF35F
S315080401F000800123237010BDBC41002000000000CC
S315080402009CD2060808B5034B1BB103490348AFF350
S31508040210008008BD00000000C04100209CD20608EA
S3150804022010F8012B11F8013B012A28BF9A42F7D08E
S31508040230D01A70470000000000000000000000000B
S3150804024001F0FF01102A2BDB10F0070F08D010F875
S31508040250013B013A8B422DD010F0070F42B3F6D179
S31508040260F0B441EA012141EA014122F007047FF092
S3150804027000070023F0E80256083C85EA010586EAE9
S31508040280010685FA47F5A3FA87F586FA47F6A5FA25
S3150804029087F68EB9EED1F0BC01F0FF0102F0070231
S315080402A032B110F8013B013A83EA010313B1F8D1DC
S315080402B00020704701387047002D06BF35460338BD
S315080402C0073815F0010F07D1013015F4807F02BFF6
S315080402D0013015F4C03F0130F0BC0138704700BF47
S315080402E0034613F8012B002AFBD1181A0138704764
S315080402F081F0004102E000BF83F0004330B54FEAC5
S3150804030041044FEA430594EA050F08BF90EA020F31
S315080403101FBF54EA000C55EA020C7FEA645C7FEAC4
S31508040320655C00F0E2804FEA5454D4EB5555B8BFE7
S315080403306D420CDD2C4480EA020281EA030382EA58
S31508040340000083EA010180EA020281EA0303362DEA
S3150804035088BF30BD11F0004F4FEA01314FF4801CBD
S315080403604CEA113102D0404261EB410113F0004FCF
S315080403704FEA03334CEA133302D0524263EB430386
S3150804038094EA050F00F0A780A4F10104D5F1200E24
S315080403900DDB02FA0EFC22FA05F2801841F100017F
S315080403A003FA0EF2801843FA05F359410EE0A5F153
S315080403B020050EF1200E012A03FA0EFC28BF4CF084
S315080403C0020C43FA05F3C01851EBE37101F000453A
S315080403D007D54FF0000EDCF1000C7EEB00006EEB47
S315080403E00101B1F5801F1BD3B1F5001F0CD34908D1
S315080403F05FEA30004FEA3C0C04F101044FEA445228
S3150804040012F5800F80F09A80BCF1004F08BF5FEAAE
S31508040410500C50F1000041EB045141EA050130BD8E
S315080404205FEA4C0C404141EB0101013C28BFB1F5A0
S31508040430801FE9D291F0000F04BF01460020B1FAEB
S3150804044081F308BF2033A3F10B03B3F120020CDABE
S315080404500C3208DD02F1140CC2F10C0201FA0CF09C
S3150804046021FA02F10CE002F11402D8BFC2F1200C01
S3150804047001FA02F120FA0CFCDCBF41EA0C019040B7
S31508040480E41AA2BF01EB0451294330BD6FEA040400
S315080404901F3C1CDA0C340EDC04F11404C4F12002EB
S315080404A020FA04F001FA02F340EA030021FA04F3FD
S315080404B045EA030130BDC4F10C04C4F1200220FA54
S315080404C002F001FA04F340EA0300294630BD21FA92
S315080404D004F0294630BD94F0000F83F4801306BF58
S315080404E081F480110134013D4EE77FEA645C18BF4C
S315080404F07FEA655C29D094EA050F08BF90EA020FE3
S3150804050005D054EA000C04BF1946104630BD91EADA
S31508040510030F1EBF0021002030BD5FEA545C05D1DD
S315080405204000494128BF41F0004130BD14F580041C
S315080405303CBF01F5801130BD01F0004545F0FE4190
S3150804054041F470014FF0000030BD7FEA645C1ABFC5
S31508040550194610467FEA655C1CBF0B46024650EAFC
S31508040560013406BF52EA033591EA030F41F4002128
S3150804057030BD00BF90F0000F04BF0021704730B5AE
S315080405804FF4806404F132044FF000054FF0000183
S3150804059050E700BF90F0000F04BF0021704730B544
S315080405A04FF4806404F1320410F0004548BF404219
S315080405B04FF000013EE700BF42004FEAE2014FEA6E
S315080405C031014FEA02701FBF12F07F4393F07F4F49
S315080405D081F06051704732F07F4208BF704793F04C
S315080405E07F4F04BF41F40021704730B54FF460745F
S315080405F001F0004521F000411CE700BF50EA010262
S3150804060008BF704730B54FF000050AE050EA01020A
S3150804061008BF704730B511F0004502D5404261EB7A
S3150804062041014FF4806404F132045FEA915C3FF4BB
S31508040630D8AE4FF003025FEADC0C18BF03325FEA58
S31508040640DC0C18BF033202EBDC02C2F1200300FA09
S3150804065003FC20FA02F001FA03FE40EA0E0021FA2E
S3150804066002F11444BDE600BF70B54FF0FF0C4CF41C
S31508040670E06C1CEA11541DBF1CEA135594EA0C0FCE
S3150804068095EA0C0F00F0DEF82C4481EA030621EA09
S315080406904C5123EA4C5350EA013518BF52EA033544
S315080406A041F4801143F4801338D0A0FB02CE4FF0F6
S315080406B00005E1FB02E506F00042E0FB03E54FF026
S315080406C00006E1FB03569CF0000F18BF4EF0010E1E
S315080406D0A4F1FF04B6F5007F64F5407404D25FEA1A
S315080406E04E0E6D4146EB060642EAC62141EA5551CD
S315080406F04FEAC52040EA5E504FEACE2EB4F1FD0C0F
S3150804070088BFBCF5E06F1ED8BEF1004F08BF5FEA8C
S31508040710500E50F1000041EB045170BD06F000463E
S3150804072046EA010140EA020081EA0301B4EB5C04EB
S31508040730C2BFD4EB0C0541EA045170BD41F48011E3
S315080407404FF0000E013C00F3AB8014F1360FDEBF08
S31508040750002001F0004170BDC4F10004203C35DAE4
S315080407600C341BDC04F11404C4F1200500FA05F367
S3150804077020FA04F001FA05F240EA020001F0004208
S3150804078021F0004110EBD37021FA04F642EB06017E
S315080407905EEA430E08BF20EAD37070BDC4F10C04A8
S315080407A0C4F1200500FA04F320FA05F001FA04F26C
S315080407B040EA020001F0004110EBD37041F1000158
S315080407C05EEA430E08BF20EAD37070BDC4F1200563
S315080407D000FA05F24EEA020E20FA04F301FA05F2CB
S315080407E043EA020321FA04F001F0004121FA04F273
S315080407F020EA020000EBD3705EEA430E08BF20EA43
S31508040800D37070BD94F0000F0FD101F0004640007C
S3150804081041EB010111F4801F08BF013CF7D041EAFE
S31508040820060195F0000F18BF704703F00046520002
S3150804083043EB030313F4801F08BF013DF7D043EAD3
S315080408400603704794EA0C0F0CEA135518BF95EA89
S315080408500C0F0CD050EA410618BF52EA4306D1D110
S3150804086081EA030101F000414FF0000070BD50EA2F
S31508040870410606BF1046194652EA430619D094EAB9
S315080408800C0F02D150EA013613D195EA0C0F05D1A3
S3150804089052EA03361CBF104619460AD181EA0301F7
S315080408A001F0004141F0FE4141F470014FF00000AF
S315080408B070BD41F0FE4141F4780170BD70B54FF04A
S315080408C0FF0C4CF4E06C1CEA11541DBF1CEA1355CA
S315080408D094EA0C0F95EA0C0F00F0A7F8A4EB0504AC
S315080408E081EA030E52EA03354FEA013100F08880A3
S315080408F04FEA03334FF0805545EA131343EA12636C
S315080409004FEA022245EA111545EA10654FEA002620
S315080409100EF000419D4208BF964244F1FD0404F5D9
S31508040920407402D25B084FEA3202B61A65EB030535
S315080409305B084FEA32024FF480104FF4002CB6EBF2
S31508040940020E75EB030E22BFB61A754640EA0C0072
S315080409505B084FEA3202B6EB020E75EB030E22BFB2
S31508040960B61A754640EA5C005B084FEA3202B6EBF3
S31508040970020E75EB030E22BFB61A754640EA9C00B2
S315080409805B084FEA3202B6EB020E75EB030E22BF82
S31508040990B61A754640EADC0055EA060E18D04FEA40
S315080409A0051545EA16754FEA06164FEAC30343EAE0
S315080409B052734FEAC2025FEA1C1CC0D111F4801FAD
S315080409C00BD141EA00014FF000004FF0004CB6E7A6
S315080409D011F4801F04BF01430020B4F1FD0C88BF45
S315080409E0BCF5E06F3FF6AFAEB5EB030C04BFB6EB50
S315080409F0020C5FEA500C50F1000041EB045170BD43
S31508040A000EF0004E4EEA113114EB5C04C2BFD4EB6F
S31508040A100C0541EA045170BD41F480114FF0000EF3
S31508040A20013C90E645EA060E8DE60CEA135594EA6F
S31508040A300C0F08BF95EA0C0F3FF43BAF94EA0C0F72
S31508040A400AD150EA01347FF434AF95EA0C0F7FF4E7
S31508040A5025AF104619462CE795EA0C0F06D152EA3B
S31508040A6003353FF4FDAE1046194622E750EA41061F
S31508040A7018BF52EA43067FF4C5AE50EA41047FF430
S31508040A800DAF52EA43057FF4EBAE12E74FF0FF3C95
S31508040A9006E000BF4FF0010C02E000BF4FF0010C66
S31508040AA04DF804CD4FEA410C7FEA6C5C4FEA430CDF
S31508040AB018BF7FEA6C5C1BD001B050EA410C0CBF2E
S31508040AC052EA430C91EA030F02BF90EA020F002090
S31508040AD0704710F1000F91EA030F58BF994208BFF7
S31508040AE090422CBFD8176FEAE37040F001007047B4
S31508040AF04FEA410C7FEA6C5C02D150EA013C07D10B
S31508040B004FEA430C7FEA6C5CD6D152EA033CD3D055
S31508040B105DF8040B704700BF8446104662468C464F
S31508040B201946634600E000BF01B5FFF7B7FF002882
S31508040B3048BF10F1000F01BD4DF808EDFFF7F4FFAB
S31508040B400CBF012000205DF808FB00BF4DF808ED36
S31508040B50FFF7EAFF34BF012000205DF808FB00BF59
S31508040B604DF808EDFFF7E0FF94BF012000205DF87B
S31508040B7008FB00BF4DF808EDFFF7CEFF94BF012030
S31508040B8000205DF808FB00BF4DF808EDFFF7C4FF29
S31508040B9034BF012000205DF808FB00BF4FEA410C72
S31508040BA07FEA6C5C02D150EA013C0AD14FEA430C55
S31508040BB07FEA6C5C02D152EA033C02D14FF0000092
S31508040BC070474FF0010070474FEA410212F50012D0
S31508040BD015D211D56FF47873B3EB625212D94FEA72
S31508040BE0C12343F0004343EA505311F0004F23FA5C
S31508040BF002F018BF404270474FF00000704750EAB1
S31508040C00013005D111F0004008BF6FF0004070476D
S31508040C104FF00000704700BF4FEA4102B2F1E043CB
S31508040C2024BFB3F5001CDCF1FE5C0DD901F0004CC1
S31508040C304FEAC0024CEA5070B2F1004F40EB830011
S31508040C4008BF20F00100704711F0804F21D113F13D
S31508040C503872BCBF01F00040704741F480114FEA76
S31508040C605252C2F11802C2F1200C10FA0CF320FAFF
S31508040C7002F018BF40F001004FEAC1234FEAD3231C
S31508040C8003FA0CFC40EA0C0023FA02F34FEA430386
S31508040C90CCE77FEA625307D150EA01331EBF4FF00F
S31508040CA0FE4040F44000704701F0004040F0FE402A
S31508040CB040F40000704700BF7BB972B90029BEBF73
S31508040CC000204FF0004106E008BF00281CBF6FF063
S31508040CD000414FF0FF3000F0BBB9ADF1080C6DE9E7
S31508040CE004CE002909DB002B1ADB00F04DF8DDF8E9
S31508040CF004E0DDE9022304B07047404261EB410198
S31508040D00002B1BDB00F040F8DDF804E0DDE90223E4
S31508040D1004B0404261EB4101524263EB430370471E
S31508040D20524263EB430300F02FF8DDF804E0DDE9F3
S31508040D30022304B0404261EB41017047524263EB1F
S31508040D40430300F021F8DDF804E0DDE9022304B0EA
S31508040D50524263EB4303704753B94AB9002908BFA3
S31508040D6000281CBF4FF0FF314FF0FF3000F070B978
S31508040D70ADF1080C6DE904CE00F006F8DDF804E0E0
S31508040D80DDE9022304B070472DE9F047089E0D46B5
S31508040D9004460F46002B4AD18A42944665D9B2FACC
S31508040DA082F343B102FA03FCC3F120029F4020FAFE
S31508040DB002F217439C404FEA1C4E1FFA8CF5B7FB08
S31508040DC0FEF1220C0EFB117742EA074201FB05F0FD
S31508040DD090420AD91CEB020201F1FF3780F01C810C
S31508040DE0904240F2198102396244121AA4B2B2FB43
S31508040DF0FEF00EFB102244EA024400FB05F5A54268
S31508040E000AD91CEB040400F1FF3280F00781A542DD
S31508040E1040F204816444023840EA0140641B00211C
S31508040E201EB1DC400023C6E90043BDE8F0878B42C7
S31508040E3008D9002E00F0ED800021C6E90005084611
S31508040E40BDE8F087B3FA83F1002949D1AB4202D34E
S31508040E50824200F2F880841A65EB030201201746E1
S31508040E60002EE2D0C6E90047DFE702B9FFDEB2FA90
S31508040E7082F3002B40F090808A1A4FEA1C471FFA27
S31508040E808CFE0121B2FBF7F507FB1520220C42EA7A
S31508040E9000420EFB05F0904208D91CEB020205F14C
S31508040EA0FF3802D2904200F2CB804546121AA4B209
S31508040EB0B2FBF7F007FB102244EA02440EFB00FEDD
S31508040EC0A64508D91CEB040400F1FF3202D2A64554
S31508040ED000F2BB801046A4EB0E0440EA05409FE7E7
S31508040EE0C1F120078B4022FA07FC4CEA030C05FAE9
S31508040EF001F420FA07F3FD404FEA1C492343B5FBE6
S31508040F00F9F81FFA8CFE09FB18551C0C44EA05442B
S31508040F1008FB0EF5A54202FA01F200FA01F00BD914
S31508040F201CEB040408F1FF3A80F08880A54240F2DD
S31508040F308580A8F102086444641B9DB2B4FBF9F3E6
S31508040F4009FB134445EA044403FB0EFEA64508D9E7
S31508040F501CEB040403F1FF356CD2A6456AD9023B9F
S31508040F60644443EA0843A3FB0295A4EB0E04AC428B
S31508040F70C846AE4656D353D056B1B0EB080264EB16
S31508040F800E0404FA07F7CA40CC401743C6E90074AE
S31508040F9018460021BDE8F087C3F1200102FA03FCD4
S31508040FA020FA01F225FA01F19D402A434FEA1C472B
S31508040FB01FFA8CFEB1FBF7F007FB1015110C41EA7A
S31508040FC0054100FB0EF58D4204FA03F408D91CEB1F
S31508040FD0010100F1FF382FD28D422DD90238614420
S31508040FE0491B92B2B1FBF7F507FB151142EA014218
S31508040FF005FB0EF1914208D91CEB020205F1FF38F4
S3150804100016D2914214D9023D6244521A45EA004165
S3150804101038E73146304608E73946E6E61046FBE641
S315080410204845A9D2B9EB020865EB0C0E013BA3E7C8
S315080410304546EAE72B4694E74046D1E7D0467BE7A0
S31508041040023D624432E708460AE76444023842E746
S31508041050704700BF80B58CB000AF07F124030022A7
S315080410601A605A609A603B1D20220021184628F00F
S3150804107073F85D4B4FF0A0421A605B4B4FF4403255
S315080410805A60594B00229A60574B0022DA60564B35
S3150804109000221A61544B01225A61534B08229A6161
S315080410A0514B00221A77504B01225A774E4B06228F
S315080410B01A624D4B002283F824204B4B0022DA6235
S315080410C0494B00221A63484B002283F83820464BC2
S315080410D04FF48052DA63444B002283F84020424896
S315080410E002F07CFC0346002B01D000F083FF0023AA
S315080410F07B6207F1240319463B4803F09BFD03462C
S31508041100002B01D000F076FF384B7B600623BB60CA
S315080411100623FB607F233B6104237B610023BB61B9
S315080411203B1D1946304802F007FF0346002B01D041
S3150804113000F060FF2E4B7B600C23BB600423FB602E
S315080411403B1D1946284802F0F7FE0346002B01D03A
S3150804115000F050FF274B7B601223BB603B1D1946EA
S31508041160214802F0E9FE0346002B01D000F042FFB5
S31508041170214B7B601823BB603B1D19461A4802F0B5
S31508041180DBFE0346002B01D000F034FF1B4B7B60CB
S315080411904FF48073BB603B1D1946134802F0CCFE1E
S315080411A00346002B01D000F025FF154B7B604FF456
S315080411B08373BB600623FB603B1D19460A4802F08D
S315080411C0BBFE0346002B01D000F014FF7F2106481E
S315080411D003F0CEFC0346002B01D000F00BFF00BF42
S315080411E03037BD4680BD00BFD84100200200300418
S315080411F004006008000180218000501D4000201969
S315080412000010603280B588B000AF3B46202200212A
S31508041210184627F0A1FF604B604A1A605E4B4FF4EC
S3150804122040325A605C4B00229A605B4B0022DA60BB
S31508041230594B00221A61584B01225A61564B08220F
S315080412409A61554B00221A77534B01225A77524B0F
S3150804125006221A62504B002283F824204E4B0022A1
S31508041260DA624D4B00221A634B4B002283F838206E
S31508041270494B4FF48052DA63474B012283F84020E6
S31508041280454B0C225A64444B80229A64424B0022F2
S31508041290DA64414B01221A653F4802F09FFB034674
S315080412A0002B01D000F0A6FE3D4B3B6006237B6075
S315080412B00623BB607F23FB6004233B6164237B61B5
S315080412C04FF08073BB613B461946334802F034FE3F
S315080412D00346002B01D000F08DFE324B3B600C23F5
S315080412E07B6032237B613B4619462B4802F024FE79
S315080412F00346002B01D000F07DFE2B4B3B601223E6
S315080413007B600423BB6000237B613B461946224865
S3150804131002F012FE0346002B01D000F06BFE234BAD
S315080413203B6018237B603B4619461B4802F004FEC3
S315080413300346002B01D000F05DFE1D4B3B604FF4C5
S3150804134080737B600623BB603B461946124802F04D
S31508041350F3FD0346002B01D000F04CFE154B3B6011
S315080413604FF483737B600423BB603B4619460A48E3
S3150804137002F0E2FD0346002B01D000F03BFE7F217C
S31508041380054803F0F5FB0346002B01D000F032FEB6
S3150804139000BF2037BD4680BD4442002000010050EE
S315080413A00040C03A0800900C0080F03E1000C010BF
S315080413B00008302E0010603280B5A4B000AF786003
S315080413C007F17C0300221A605A609A60DA601A618F
S315080413D007F1280354220021184627F0BDFE7B682E
S315080413E01B68B3F1A04F40F0A1804FF40043BB62E1
S315080413F04FF00053FB6607F12803184606F01CFA5B
S315080414000346002B01D000F0F5FD9E4B1B68013303
S315080414109C4A13609B4B1B68012B0BD19A4BDB6CC4
S31508041420994A43F40053D364974BDB6C03F4005393
S315080414307B627B6A944BDB6C934A43F00403D36464
S31508041440914BDB6C03F004033B623B6A8E4BDB6C0B
S315080414508D4A43F00103D3648B4BDB6C03F0010321
S31508041460FB61FB69884BDB6C874A43F00203D36450
S31508041470854BDB6C03F00203BB61BB690723FB677F
S315080414800323C7F880300023C7F8843007F17C03A8
S3150804149019467E4804F0BCFB0323FB670323C7F8FD
S315080414A080300023C7F8843007F17C0319464FF0CF
S315080414B0904004F0ADFB0223FB670323C7F8803092
S315080414C00023C7F8843007F17C031946704804F0F2
S315080414D09FFB704B704A1A606E4B05225A606D4B1F
S315080414E000229A606B4B0022DA606A4B80221A61EA
S315080414F0684B4FF480725A61664B4FF480629A6166
S31508041500644B0022DA61634B4FF400521A62614855
S3150804151004F040F80346002B01D000F06BFD7B680D
S315080415205C4A5A655B4A7B689362A6E07B681B68DB
S315080415305A4A934240F0A1804FF40043BB624FF0ED
S315080415400053FB6607F12803184606F075F90346A7
S31508041550002B01D000F04EFD4A4B1B680133494A63
S315080415601360484B1B68012B0BD1474BDB6C464A6F
S3150804157043F40053D364444BDB6C03F400537B619C
S315080415807B69414BDB6C404A43F00103D3643E4B11
S31508041590DB6C03F001033B613B693B4BDB6C3A4A6A
S315080415A043F00403D364384BDB6C03F00403FB6099
S315080415B0FB68354BDB6C344A43F00203D364324B85
S315080415C0DB6C03F00203BB60BB68C023FB67032321
S315080415D0C7F880300023C7F8843007F17C0319461E
S315080415E04FF0904004F014FB2023FB670323C7F84D
S315080415F080300023C7F8843007F17C031946234852
S3150804160004F006FB48F60403FB670323C7F8803097
S315080416100023C7F8843007F17C0319461C4804F0F4
S31508041620F7FA1F4B1F4A1A601D4B24225A601C4B9B
S3150804163000229A601A4B0022DA60194B80221A613A
S31508041640174B4FF480725A61154B4FF480629A61B6
S31508041650134B0022DA61124B4FF480521A62104877
S3150804166003F098FF0346002B01D000F0C3FC7B6807
S315080416700B4A5A650A4A7B68936200BF9037BD468F
S3150804168080BD00BF704300200010024000080048D7
S3150804169000040048B042002008000240000100503F
S315080416A0104300204400024080B58CB000AF3B468E
S315080416B030220021184627F04FFD1B4B1B4A1A609F
S315080416C0194803F0CEFC0346002B01D000F092FC27
S315080416D002233B6000233B7100237B710023BB601C
S315080416E00023FB6000233B6102237B610123BB616A
S315080416F00023FB613B46002219460B4803F090FD84
S315080417000346002B01D000F075FC3B46102219460F
S31508041710054803F085FD0346002B01D000F06AFC5A
S3150804172000BF3037BD4680BD744300200008005012
S3150804173080B58AB000AF786007F1140300221A60F6
S315080417405A609A60DA601A617B681B68154A934284
S3150804175024D1154BDB6C144A43F48033D364124BFF
S31508041760DB6C03F480333B613B690F4BDB6C0E4A3D
S3150804177043F00103D3640C4BDB6C03F00103FB60F9
S31508041780FB6830237B610323BB610023FB6107F1FC
S31508041790140319464FF0904004F03AFA00BF28376C
S315080417A0BD4680BD000800500010024080B584B0D4
S315080417B000AF384B9B6C374A43F004039364354BAC
S315080417C09B6C03F00403FB60FB68324B9B6C314A49
S315080417D043F0010393642F4B9B6C03F00103BB6036
S315080417E0BB682C4B9B6C2B4A43F002039364294B2E
S315080417F09B6C03F002037B607B68002201210B20AB
S3150804180003F0FBFB0B2003F012FC002200210C2042
S3150804181003F0F3FB0C2003F00AFC002200210D2040
S3150804182003F0EBFB0D2003F002FC002200210E203E
S3150804183003F0E3FB0E2003F0FAFB002200210F203D
S3150804184003F0DBFB0F2003F0F2FB0022002110203B
S3150804185003F0D3FB102003F0EAFB00220021112039
S3150804186003F0CBFB112003F0E2FB00220021382011
S3150804187003F0C3FB382003F0DAFB002200216020C2
S3150804188003F0BBFB602003F0D2FB00BF1037BD4654
S3150804189080BD00BF0010024080B58CB000AF07F1D0
S315080418A01C0300221A605A609A60DA601A618C4B2B
S315080418B0DB6C8B4A43F00403D364894BDB6C03F07B
S315080418C00403BB61BB69864BDB6C854A43F0200382
S315080418D0D364834BDB6C03F020037B617B69804B09
S315080418E0DB6C7F4A43F00103D3647D4BDB6C03F066
S315080418F001033B613B697A4BDB6C794A43F002038B
S31508041900D364774BDB6C03F00203FB60FB68744B10
S31508041910DB6C734A43F01003D364714BDB6C03F03E
S315080419201003BB60BB686E4BDB6C6D4A43F008035F
S31508041930D3646B4BDB6C03F008037B607B68002283
S315080419400321684804F0FEFA00224FF40141664870
S3150804195004F0F8FA002241F21041644804F0F2FA5D
S31508041960002240F20671624804F0ECFA00224FF4B1
S315080419701061604804F0E6FA01224FF400715D48EC
S3150804198004F0E0FA0323FB6101233B6200237B6234
S315080419900023BB6207F11C031946524804F038F9C0
S315080419A00823FB614FF444133B6201237B6207F16E
S315080419B01C0319464F4804F02BF98023FB610023C6
S315080419C03B6200237B6207F11C031946464804F070
S315080419D01FF94FF48073FB6101233B6200237B628A
S315080419E00023BB6207F11C0319463F4804F010F9AB
S315080419F04FF40043FB6101233B6200237B6203230C
S31508041A00BB6207F11C031946374804F001F941F291
S31508041A101043FB6101233B6200237B620023BB6204
S31508041A2007F11C031946314804F0F2F840F2027330
S31508041A30FB6101233B6200237B620023BB6207F13F
S31508041A401C0319462A4804F0E3F84FF43063FB6193
S31508041A5001233B6200237B620023BB6207F11C035C
S31508041A601946244804F0D4F80123FB6100233B6299
S31508041A7000237B6207F11C0319461D4804F0C8F8C5
S31508041A800423FB6101233B6200237B620323BB62BD
S31508041A9007F11C031946164804F0BAF84FF4007304
S31508041AA0FB614FF444133B6200237B6207F11C037A
S31508041AB019460E4804F0ACF800220121092003F067
S31508041AC09CFA092003F0B3FA00220121172003F037
S31508041AD094FA172003F0ABFA00BF3037BD4680BD31
S31508041AE00010024000140048001000480004004892
S31508041AF0000C00480008004880B500AF1B4B1C4A80
S31508041B001A601A4B1B4A5A60184B00229A60174BE4
S31508041B100122DA60154B00221A61144B00225A611D
S31508041B20124B00229A61114B0022DA610F4B0022F4
S31508041B301A620E4804F036FA0346002B01D000F068
S31508041B4059FA0021094804F07DFF0346002B01D009
S31508041B5000F050FA0021054804F0BFFF0346002BA5
S31508041B6001D000F047FA00BF80BD00BF88430020BB
S31508041B7000780040F2A6E11080B500AF1B4B1C4A62
S31508041B801A601A4B1B4A5A60184B00229A60174B64
S31508041B900122DA60154B00221A61144B00225A619D
S31508041BA0124B00229A61114B0022DA610F4B002274
S31508041BB01A620E4804F0F6F90346002B01D000F029
S31508041BC019FA0021094804F03DFF0346002B01D009
S31508041BD000F010FA0021054804F07FFF0346002BA5
S31508041BE001D000F007FA00BF80BD00BFDC43002027
S31508041BF000840040F2A6E11080B5A2B000AF786078
S31508041C0007F1740300221A605A609A60DA601A614E
S31508041C1007F1200354220021184627F09DFA7B6811
S31508041C201B685E4A934259D14FF480733B62002382
S31508041C307B6407F12003184605F0FEFD0346002BD6
S31508041C4001D000F0D7F9564BDB6C554A43F0010333
S31508041C50D364534BDB6C03F00103FB61FB69504B04
S31508041C60DB6C4F4A43F00203D3644D4BDB6C03F041
S31508041C700203BB61BB694FF480737B671223BB679E
S31508041C800023FB670023C7F880300223C7F8843093
S31508041C9007F1740319464FF0904003F0B9FF202367
S31508041CA07B671223BB670023FB670023C7F88030D2
S31508041CB00823C7F8843007F174031946394803F032
S31508041CC0A7FF374B9B6D364A43F080439365344BE5
S31508041CD09B6D03F080437B617B695BE07B681B68D3
S31508041CE0314A934256D14FF400333B620023BB6416
S31508041CF007F12003184605F09FFD0346002B01D083
S31508041D0000F078F9264BDB6C254A43F00403D364C8
S31508041D10234BDB6C03F004033B613B69204BDB6C10
S31508041D201F4A43F00203D3641D4BDB6C03F0020322
S31508041D30FB60FB6840237B671223BB670023FB67B2
S31508041D400023C7F880300823C7F8843007F17403E2
S31508041D501946164803F05CFF80237B671223BB678A
S31508041D600023FB670023C7F880300323C7F88430B1
S31508041D7007F1740319460B4803F04AFF084BDB6D59
S31508041D80074A43F00203D365054BDB6D03F00203F0
S31508041D90BB60BB6800BF8837BD4680BD007800407D
S31508041DA0001002400004004800840040000800486F
S31508041DB080B586B000AF01F016FB00F097F8FFF780
S31508041DC06BFDFFF7F3FCFFF745F9FFF71BFAFFF77F
S31508041DD06BFCFFF791FEFFF7CFFE00F0E9F900F080
S31508041DE025FA0BF017F90346002B01D000F002F987
S31508041DF001F02AF900F0E4FC01F0D6F800F018FE28
S31508041E0000F018F900F09CFD0A2001F05DFB0022A1
S31508041E104FF480712B4804F095F824F047FC0A2007
S31508041E2001F052FB25F0DEF925F03AFE264815F0B6
S31508041E30ABF90BF079FEC82001F046FB1EF064F8F6
S31508041E400A2001F041FB00237B607B6901337B6137
S31508041E501EF0B6FB00237B61BB680133BB601B48DD
S31508041E600BF06AFE1A4821F0C9F80023BB603B69E7
S31508041E7001333B61174815F0F7FF00233B61FB6804
S31508041E800133FB60144824F019FB144824F016FBAC
S31508041E900023FB607A68531C7B60114B83FB023179
S31508041EA0D317C91A0B465B000B44D11A0029CCD1A7
S31508041EB00C4820F0A7FE0C4820F0A4FE00237B6003
S31508041EC0C3E700BF000C00481C4C00202C0000206F
S31508041ED084AB0020344C00201C290020202B002031
S31508041EE056555555404C0020CC50002080B59AB024
S31508041EF000AF07F1300338220021184627F02CF9E1
S31508041F0007F11C0300221A605A609A60DA601A61A3
S31508041F103B1D00221A605A609A60DA601A615A6197
S31508041F20002004F0A7FE04F025FE314BD3F89030C8
S31508041F302F4A23F01803C2F8903006233B63012383
S31508041F40BB634FF48073FB6340233B640223FB6447
S31508041F5002233B6504237B655523BB650223FB6586
S31508041F6002233B6602237B6607F13003184604F016
S31508041F7035FF0346002B01D000F03CF80F23FB6124
S31508041F8003233B6200237B624FF48063BB624FF4F6
S31508041F908063FB6207F11C030421184605F030FA36
S31508041FA00346002B01D000F025F8114B9B6D104A0F
S31508041FB043F4807393650E4B9B6D03F480733B6007
S31508041FC03B6800237B604FF08053BB600023FB60B3
S31508041FD040F2B7533B6122237B612023BB613B1D3F
S31508041FE0184605F077FE00BF6837BD4680BD00BFBA
S31508041FF00010024080B500AF102026F023F90346EE
S31508042000002B0BD026F0B4F80649074826F078F8D2
S31508042010064826F075F8064826F072F872B600BF28
S31508042020FEE700BFB8D20608C0D20608C8D206081A
S31508042030F4D2060880B586B000AF3B1D00221A60AC
S315080420405A609A60DA601A6100233B60374B384A53
S315080420501A60364B00225A60344B7F229A60334BFF
S31508042060FF22DA60314B00221A61304B00225A6192
S315080420702E4B00229A612D4B4FF08042DA612B4B8E
S3150804208000221A62294805F067FE0346002B01D090
S31508042090FFF7B0FF274BD3F8943003F00063002B07
S315080420A006D1244BD3F8943003F08063002B08D070
S315080420B001211E4806F08EF9034641F23522934261
S315080420C030D000233B7100237B710023BB710023AE
S315080420D0BB6000233B6100237B613B1D012219463B
S315080420E0124805F0B8FE0346002B01D0FFF782FF1D
S315080420F001233B7001237B700123BB700023FB7013
S315080421003B4601221946094805F09EFF0346002B63
S3150804211001D0FFF76FFF41F235220121034806F08B
S3150804212041F900E000BF1837BD4680BD30440020A1
S31508042130002800400010024080B598B000AF7860CF
S3150804214007F10C0354220021184627F005F87B688A
S315080421501B68154A934223D14FF40023FB604FF4BE
S315080421608073FB6507F10C03184605F065FB034607
S31508042170002B01D0FFF73EFF0C4BD3F890300B4AE7
S3150804218043F40043C2F89030084B9B6D074A43F466
S3150804219080639365054B9B6D03F48063BB60BB68E2
S315080421A000BF6037BD4680BD0028004000100240CD
S315080421B080B500AF1B4B1C4A1A601A4B4FF4827247
S315080421C05A60184B00229A60164B4FF4E062DA60A4
S315080421D0144B02221A61134B01225A61114B4FF414
S315080421E000729A610F4B0022DA610E4B00221A62C2
S315080421F00C4B00225A620B4B00229A62094B0722A7
S31508042200DA62084B00221A63064B00225A63054811
S3150804221006F0F6F80346002B01D0FFF7EBFE00BFE5
S3150804222080BD00BF584400200038004080B500AF88
S315080422301B4B1C4A1A601A4B4FF482725A60184B8D
S3150804224000229A60164B4FF4E062DA60144B0022BF
S315080422501A61134B00225A61114B4FF480229A617A
S315080422600F4B1022DA610E4B00221A620C4B002225
S315080422705A620B4B00229A62094B0722DA62084B10
S3150804228000221A63064B08225A63054806F0B8F872
S315080422900346002B01D0FFF7ADFE00BF80BD00BF8B
S315080422A0BC440020003C014080B58CB000AF786087
S315080422B007F11C0300221A605A609A60DA601A61F0
S315080422C07B681B684F4A934258D14F4B9B6D4E4AC5
S315080422D043F4804393654C4B9B6D03F48043BB6185
S315080422E0BB69494BDB6C484A43F00203D364464B4B
S315080422F0DB6C03F002037B617B69434BDB6C424A6C
S3150804230043F00103D364404BDB6C03F001033B61E8
S315080423103B694FF40053FB6102233B6200237B6253
S315080423200323BB620523FB6207F11C0319463748DE
S3150804233003F06EFC4FF48043FB6102233B620023E7
S315080423407B620023BB620523FB6207F11C03194663
S315080423502E4803F05DFC4FF40063FB6102233B62E5
S3150804236000237B620323BB620523FB6207F11C037C
S3150804237019464FF0904003F04BFC3EE07B681B681F
S31508042380234A934239D1204B1B6E1F4A43F4004318
S3150804239013661D4B1B6E03F40043FB60FB681A4B64
S315080423A0DB6C194A43F01003D364174BDB6C03F058
S315080423B01003BB60BB684FF40063FB6102233B62F6
S315080423C000237B620223BB620523FB6207F11C031D
S315080423D01946104803F01CFC4FF4E043FB61022342
S315080423E03B6200237B620323BB620523FB6207F17E
S315080423F01C031946074803F00BFC00BF3037BD46DB
S3150804240080BD00BF003800400010024000040048A8
S31508042410003C01400010004880B584B000AF07F1C5
S31508042420080300221A605A60164B1B6E154A43F0BD
S3150804243001031366134B1B6E03F001037B607B6871
S31508042440104B9B6D0F4A43F0805393650D4B9B6D60
S3150804245003F080533B603B680C23BB600023FB609E
S3150804246007F10803184604F095FB04F0F3FB022071
S3150804247001F04CF801F05EF804F0A0FC00BF103738
S31508042480BD4680BD0010024080B400AFFEE780B4AC
S3150804249000AFFEE780B400AFFEE780B400AFFEE706
S315080424A080B400AFFEE780B400AF00BFBD465DF858
S315080424B0047B704780B400AF00BFBD465DF8047B5B
S315080424C0704780B400AF00BFBD465DF8047B704713
S315080424D080B500AF00F0DAFF00BF80BD80B500AF5D
S315080424E0082003F047FD00BF80BD000080B500AF9B
S315080424F0024803F032FA00BF80BD00BFB042002094
S3150804250080B500AF024803F028FA00BF80BD00BFBB
S31508042510CC46002080B500AF024803F01EFA00BF7F
S3150804252080BD00BF0C46002080B500AF024803F00A
S3150804253014FA00BF80BD00BF1043002080B500AF69
S31508042540024803F00AFA00BF80BD00BF2C470020EA
S3150804255080B500AF024803F000FA00BF80BD00BF93
S315080425606C46002080B500AF024803F0F6F900BFB8
S3150804257080BD00BFB448002080B500AF4FF400709A
S3150804258003F0F8FC00BF80BD80B500AF024807F031
S315080425906BFA00BF80BD00BF2845002080B500AF98
S315080425A0094809F09BF8084B1B68DB6903F010031C
S315080425B0102B06D1044B1B6810221A6202481DF020
S315080425C089FE00BF80BD00BF8C47002080B500AFE0
S315080425D0024809F083F800BF80BD00BF20480020E8
S315080425E080B500AF024803F0B8F900BF80BD00BF4C
S315080425F01449002080B500AF024803F0AEF900BFC5
S3150804260080BD00BF7449002080B400AF012318467A
S31508042610BD465DF8047B704780B582B000AF78602C
S31508042620396027F055FE034616221A604FF0FF3329
S3150804263018460837BD4680BD80B582B000AF7860BD
S315080426404FF0FF317868FFF7E7FFFEE780B586B0FD
S3150804265000AFF860B9607A6000237B610AE0AFF3E3
S3150804266000800146BB685A1CBA60CAB21A707B69F4
S3150804267001337B617A697B689A42F0DB7B6818468A
S315080426801837BD4680BD80B586B000AFF860B9601E
S315080426907A6000237B6109E0BB685A1CBA601B7820
S315080426A01846AFF300807B6901337B617A697B68DE
S315080426B09A42F1DB7B6818461837BD4680BD80B45C
S315080426C083B000AF78604FF0FF3318460C37BD4629
S315080426D05DF8047B704780B483B000AF78603960D6
S315080426E03B684FF400525A60002318460C37BD461F
S315080426F05DF8047B704780B483B000AF786001232B
S3150804270018460C37BD465DF8047B704780B485B01F
S3150804271000AFF860B9607A60002318461437BD46DE
S315080427205DF8047B7047000080B586B000AF78601A
S31508042730144A154BD31A7B617B693B61134B1B689F
S31508042740002B02D1114B124A1A60104B1A687B6887
S3150804275013443A699A4207D227F0BAFD03460C2273
S315080427601A604FF0FF3309E0084B1B68FB60074B00
S315080427701A687B681344054A1360FB6818461837B9
S31508042780BD4680BD00000220000400002445002048
S3150804279028B6002080B400AF074BD3F88830064A21
S315080427A043F47003C2F88830034B044A9A6000BFA6
S315080427B0BD465DF8047B704700ED00E000000408A0
S315080427C080B59CB000AF07F1600300221A605A6016
S315080427D09A60DA6007F1540300221A605A609A6014
S315080427E007F1380300221A605A609A60DA601A619F
S315080427F05A619A613B1D34220021184626F0ACFC26
S315080428004D4B4E4A1A604C4B00225A604A4B2022C2
S315080428109A60494B40F2FF12DA60474B4FF4007254
S315080428201A61454B20225A61434B00229A61424859
S3150804283006F08AFB0346002B01D0FFF7DBFB4FF4B7
S3150804284080533B6607F1600319463B4807F070FB63
S315080428500346002B01D0FFF7CDFB374806F0CBFB28
S315080428600346002B01D0FFF7C5FB00237B65002335
S31508042870BB650023FB6507F1540319462E4808F087
S3150804288045FB0346002B01D0FFF7B4FB6023BB636B
S315080428902023FB6300233B6400237B640423BB647B
S315080428A00023FB6400233B6507F13803002219461D
S315080428B0214807F029FA0346002B01D0FFF79AFBB3
S315080428C007F13803042219461B4807F01DFA034684
S315080428D0002B01D0FFF78EFB174808F041FC0023B4
S315080428E07B600023BB600023FB6006233B61002357
S315080428F07B614FF40053BB610023FB6100233B62F9
S3150804290000237B624FF00073BB620023FB62002343
S315080429103B6300237B633B1D1946074808F08CFB81
S315080429200346002B01D0FFF765FB034800F04EFA77
S3150804293000BF7037BD4680BD28450020002C0140E5
S3150804294080B58EB000AF07F1280300221A605A60DA
S315080429509A60DA6007F11C0300221A605A609A60CA
S315080429603B4600221A605A609A60DA601A615A6114
S315080429709A612D4B2D4A1A602B4BA0225A602A4B7A
S3150804298000229A60284B4FF47A72DA60264B0022AA
S315080429901A61254B80229A61234806F0D5FA034624
S315080429A0002B01D0FFF726FB4FF48053BB6207F1D7
S315080429B0280319461C4807F0BBFA0346002B01D026
S315080429C0FFF718FB184806F016FB0346002B01D040
S315080429D0FFF710FB0023FB6100237B6207F11C034E
S315080429E01946114808F092FA0346002B01D0FFF75E
S315080429F001FB60233B6000237B600023BB6000234C
S31508042A003B613B4604221946074807F07DF903460D
S31508042A10002B01D0FFF7EEFA034800F0D7F900BF00
S31508042A203837BD4680BD00BF74450020000C004001
S31508042A3080B59CB000AF07F1600300221A605A60A3
S31508042A409A60DA6007F1540300221A605A609A60A1
S31508042A5007F1380300221A605A609A60DA601A612C
S31508042A605A619A613B1D34220021184626F074FBEC
S31508042A704D4B4E4A1A604C4B00225A604A4B202250
S31508042A809A60494B40F2FF12DA60474B4FF40072E2
S31508042A901A61454B20225A61434B00229A614248E7
S31508042AA006F052FA0346002B01D0FFF7A3FA4FF4B7
S31508042AB080533B6607F1600319463B4807F038FA2A
S31508042AC00346002B01D0FFF795FA374806F093FA28
S31508042AD00346002B01D0FFF78DFA00237B650023FC
S31508042AE0BB650023FB6507F1540319462E4808F015
S31508042AF00DFA0346002B01D0FFF77CFA6023BB636B
S31508042B002023FB6300233B6400237B640423BB6408
S31508042B100023FB6400233B6507F1380300221946AA
S31508042B20214807F0F1F80346002B01D0FFF762FAB3
S31508042B3007F13803042219461B4807F0E5F803464B
S31508042B40002B01D0FFF756FA174808F009FB0023B3
S31508042B507B600023BB600023FB6006233B610023E4
S31508042B607B614FF40053BB610023FB6100233B6286
S31508042B7000237B624FF00073BB620023FB620023D1
S31508042B803B6300237B633B1D1946074808F054FA48
S31508042B900346002B01D0FFF72DFA034800F016F977
S31508042BA000BF7037BD4680BDC045002000340140D3
S31508042BB080B586B000AF78607B681B68774A934215
S31508042BC06CD1774B1B6E764A43F400631366744BD9
S31508042BD01B6E03F400637B617B69724B724A1A604D
S31508042BE0704B2A225A606F4B10229A606D4B002252
S31508042BF0DA606C4B80221A616A4B4FF400725A6190
S31508042C00684B4FF400629A61664B2022DA61654B81
S31508042C104FF400521A62634802F0BCFC0346002BC8
S31508042C2001D0FFF7E7F97B685E4A5A625D4A7B681A
S31508042C3093625E4B5E4A1A605C4B2B225A605B4B6E
S31508042C4010229A60594B0022DA60584B80221A6186
S31508042C50564B4FF400725A61544B4FF400629A6112
S31508042C60524B2022DA61514B4FF400521A624F48F4
S31508042C7002F090FC0346002B01D0FFF7BBF97B68F2
S31508042C804A4A9A62494A7B689362002200211920BB
S31508042C9002F0B3F9192002F0CAF97AE07B681B68D6
S31508042CA0444A93420CD13E4B9B6D3D4A43F008037C
S31508042CB093653B4B9B6D03F008033B613B6968E0F6
S31508042CC07B681B683C4A934263D1354B1B6E344A76
S31508042CD043F400531366324B1B6E03F40053FB6034
S31508042CE0FB68364B364A1A60344B31225A60334BEA
S31508042CF010229A60314B0022DA60304B80221A6126
S31508042D002E4B4FF400725A612C4B4FF400629A61B1
S31508042D102A4B2022DA61294B4FF400521A622748BB
S31508042D2002F038FC0346002B01D0FFF763F97B68F1
S31508042D30224A5A62214A7B689362224B224A1A60C3
S31508042D40204B32225A601F4B10229A601D4B0022D8
S31508042D50DA601C4B80221A611A4B4FF400725A61CE
S31508042D60184B4FF400629A61164B2022DA61154B10
S31508042D704FF400521A62134802F00CFC0346002B67
S31508042D8001D0FFF737F97B680E4A9A620D4A7B68C9
S31508042D90936200BF1837BD4680BD00BF002C0140B2
S31508042DA0001002400C460020300002406C46002009
S31508042DB06C000240000C004000340140CC46002060
S31508042DC01C0002402C4700205800024080B58EB0F3
S31508042DD000AF786007F1240300221A605A609A60EB
S31508042DE0DA601A617B681B68684A934258D1684B53
S31508042DF0DB6C674A43F00403D364654BDB6C03F06E
S31508042E0004033B623B6A624BDB6C614A43F0100382
S31508042E10D3645F4BDB6C03F01003FB61FB695C4B0B
S31508042E20DB6C5B4A43F00103D364594BDB6C03F058
S31508042E300103BB61BB694FF400537B620223BB6287
S31508042E400023FB6200233B6304237B6307F124030B
S31508042E501946504802F0DCFE4FF4C0637B62022335
S31508042E60BB620023FB6200233B6302237B6307F1F7
S31508042E7024031946484802F0CBFE4FF400737B62DC
S31508042E800223BB620023FB6200233B6306237B63A6
S31508042E9007F1240319464FF0904002F0B9FE70E09A
S31508042EA07B681B683D4A93421DD1394BDB6C384A13
S31508042EB043F00403D364364BDB6C03F004037B61F1
S31508042EC07B694FF480537B620223BB620023FB6257
S31508042ED000233B6301237B6307F1240319462D482A
S31508042EE002F096FE4DE07B681B682D4A934248D152
S31508042EF0274BDB6C264A43F00203D364244BDB6C72
S31508042F0003F002033B613B69214BDB6C204A43F027
S31508042F100403D3641E4BDB6C03F00403FB60FB68F9
S31508042F2001237B620223BB620023FB6200233B630B
S31508042F3004237B6307F1240319461A4802F068FE42
S31508042F404FF490637B620223BB620023FB62002377
S31508042F503B6304237B6307F1240319460D4802F0F7
S31508042F6057FE40237B620223BB620023FB620023D5
S31508042F703B6305237B6307F124031946094802F0DA
S31508042F8047FE00BF3837BD4680BD00BF002C014050
S31508042F90001002400008004800100048000C0040D9
S31508042FA0003401400004004880B500AF244B254A8C
S31508042FB01A60234B4FF4E1325A60214B00229A607F
S31508042FC01F4B0022DA601E4B00221A611C4B0C228E
S31508042FD05A611B4B00229A61194B0022DA61184B7D
S31508042FE000221A62164B00225A62154B00229A6274
S31508042FF0002300220021124809F082FE0346002B12
S3150804300001D0FEF7F7FF00210D4809F039FF034602
S31508043010002B01D0FEF7EEFF0021094809F06EFFE8
S315080430200346002B01D0FEF7E5FF054809F0EFFE3D
S315080430300346002B01D0FEF7DDFF00BF80BD00BFAD
S315080430408C4700200038014080B500AF244B254A40
S315080430501A60234B4FF4E1325A60214B00229A60DE
S315080430601F4B0022DA601E4B00221A611C4B0C22ED
S315080430705A611B4B00229A61194B0022DA61184BDC
S3150804308000221A62164B00225A62154B08229A62CB
S31508043090134B4FF400429A63114808F0DFF80346CD
S315080430A0002B01D0FEF7A6FF00210D4809F0E8FE23
S315080430B00346002B01D0FEF79DFF0021084809F0BE
S315080430C01DFF0346002B01D0FEF794FF044809F0C0
S315080430D09EFE0346002B01D0FEF78CFF00BF80BD81
S315080430E0204800200044004080B5A2B000AF7860B4
S315080430F007F1740300221A605A609A60DA601A614A
S3150804310007F1200354220021184626F025F87B6887
S315080431101B68964A934240F0B58001233B6201231B
S315080431207B6207F12003184604F086FB0346002B4E
S3150804313001D0FEF75FFF8E4B1B6E8D4A43F4804326
S3150804314013668B4B1B6E03F48043FB61FB69884B48
S31508043150DB6C874A43F00403D364854BDB6C03F0CA
S315080431600403BB61BB69824BDB6C814A43F00103F0
S31508043170D3647F4BDB6C03F001037B617B6910230B
S315080431807B670223BB670023FB670023C7F88030ED
S315080431900723C7F8843007F174031946754802F003
S315080431A037FD4FF4A0537B670223BB670023FB67F5
S315080431B00023C7F880300723C7F8843007F174035F
S315080431C019464FF0904002F023FD6B4B6B4A1A6088
S315080431D0694B18225A60684B00229A60664B002293
S315080431E0DA60654B80221A61634B00225A61624B8E
S315080431F000229A61604B2022DA615F4B4FF44052F9
S315080432001A625D4802F0C6F90346002B01D0FEF7A0
S31508043210F1FE7B68584AC3F88020574A7B68936254
S31508043220574B584A1A60564B19225A60544B102267
S315080432309A60534B0022DA60514B80221A61504B34
S3150804324000225A614E4B00229A614D4B0022DA61E4
S315080432504B4B00221A624A4802F09CF90346002B9B
S3150804326001D0FEF7C7FE7B68454ADA67444A7B689D
S31508043270936200220021252001F0BFFE252001F0DB
S31508043280D6FE6FE07B681B683F4A93426AD10223E5
S315080432903B620023BB6207F12003184604F0CCFA0C
S315080432A00346002B01D0FEF7A5FE314B9B6D304A31
S315080432B043F4003393652E4B9B6D03F400333B6153
S315080432C03B692B4BDB6C2A4A43F00103D364284B36
S315080432D0DB6C03F00103FB60FB680C237B670223AA
S315080432E0BB670023FB670023C7F880300723C7F8AA
S315080432F0843007F1740319464FF0904002F088FCB5
S31508043300224B234A1A60214B1B225A601F4B102258
S315080433109A601E4B0022DA601C4B80221A611B4BF2
S3150804332000225A61194B00229A61184B0022DA616D
S31508043330164B4FF400521A62144802F02BF903464E
S31508043340002B01D0FEF756FE7B68104ADA670F4A4F
S315080433507B68936200220021262001F04EFE262077
S3150804336001F065FE00BF8837BD4680BD00380140C0
S315080433700010024000080048B448002080000240BB
S3150804338014490020080402400044004074490020FF
S31508043390940002400D488546FFF7FCF90C480D4990
S315080433A00D4A002302E0D458C4500433C4188C428E
S315080433B0F9D30A4A0A4C002301E013600432A242F4
S315080433C0FBD326F08BFFFEF7F3FCFEE70000022092
S315080433D000000020BC410020240F0708BC4100203F
S315080433E024B60020FEE780B582B000AF0023FB7147
S315080433F0032001F0F7FD002000F00EF80346002B29
S3150804340002D00123FB7101E0FFF706F8FB791846A1
S315080434100837BD4680BD000080B584B000AF78602B
S315080434200023FB73164B1B68002B22D0154B1A6816
S31508043430134B1B684FF47A71B1FBF3F3B2FBF3F346
S31508043440184601F002FE0346002B0FD17B680F2BAA
S3150804345009D8002279684FF0FF3001F0CEFD0A4AF8
S315080434607B68136007E00123FB7304E00123FB7305
S3150804347001E00123FB73FB7B18461037BD4680BD6C
S315080434800C000020040000200800002080B400AFCF
S31508043490054B1A68054B1B681344034A136000BF9F
S315080434A0BD465DF8047B7047D44900200C00002013
S315080434B080B400AF034B1B681846BD465DF8047B11
S315080434C0704700BFD449002080B584B000AF786047
S315080434D0FFF7EEFFB8607B68FB60FB68B3F1FF3F5C
S315080434E004D0094B1B68FA681344FB6000BFFFF756
S315080434F0DFFF0246BB68D31AFA689A42F7D800BFB8
S3150804350000BF1037BD4680BD0C00002080B483B0D0
S3150804351000AF7860064B1B6823F0020204497B68F7
S3150804352013430B6000BF0C37BD465DF8047B704738
S315080435303000014080B400AF054B1B68044A23F0F1
S315080435400103136000BFBD465DF8047B704700BFE6
S315080435503000014080B483B000AF786039607B687E
S315080435609B6823F47C123B681A437B689A6000BF05
S315080435700C37BD465DF8047B704780B483B000AF52
S31508043580786039607B689B6823F0E0723B681A436D
S315080435907B689A6000BF0C37BD465DF8047B7047AC
S315080435A080B483B000AF78607B689B6803F0E073EF
S315080435B018460C37BD465DF8047B704780B487B05F
S315080435C000AFF860B9607A603B60FB6860331A46FE
S315080435D0BB689B0013447B617B691A68084B1340DC
S315080435E07A6802F0F8413A680A43134343F0004202
S315080435F07B691A6000BF1C37BD465DF8047B7047BB
S3150804360000F0FF0380B485B000AF786039607B684A
S3150804361060331A463B689B001344FB60FB681B68CF
S3150804362003F0F84318461437BD465DF8047B704723
S3150804363080B487B000AFF860B9607A60FB6860331D
S315080436401A46BB689B0013447B617B691B6823F09D
S3150804365000427B681A437B691A6000BF1C37BD4663
S315080436605DF8047B704780B487B000AFF860B96032
S315080436707A60FB6860331A46BB689B0013447B6117
S315080436807B691B6823F080727B681A437B691A601E
S3150804369000BF1C37BD465DF8047B704780B487B00D
S315080436A000AFF860B9607A60FB6860331A46BB6895
S315080436B09B0013447B617B691B6823F000727B685B
S315080436C01A437B691A6000BF1C37BD465DF8047B44
S315080436D0704780B483B000AF786039607B685B69F3
S315080436E023F000423B681A437B685A6100BF0C37D3
S315080436F0BD465DF8047B704780B483B000AF78603C
S315080437007B68DB6803F44063002B01D1012300E0E6
S31508043710002318460C37BD465DF8047B704780B411
S3150804372087B000AFF860B9607A60FB6830331A4630
S31508043730BB681B0A9B0003F00C0313447B617B697B
S315080437401A68BB6803F01F031F2101FA03F3DB435E
S315080437501A407B689B0E03F01F01BB6803F01F0326
S3150804376001FA03F31A437B691A6000BF1C37BD4686
S315080437705DF8047B704780B487B000AFF860B96021
S315080437807A60FB6814331A46BB685B0E9B0003F029
S31508043790040313447B617B691A68BB681B0D03F039
S315080437A01F03072101FA03F3DB431A40BB681B0D09
S315080437B003F01F03796801FA03F31A437B691A6055
S315080437C000BF1C37BD465DF8047B704780B485B0DE
S315080437D000AFF860B9607A60FB68D3F8B020BB68BC
S315080437E0C3F31203DB431A407B6803F01803084942
S315080437F0D940BB680B40C3F312031A43FB68C3F8EA
S31508043800B02000BF1437BD465DF8047B704700BF7F
S31508043810FFFF070080B483B000AF78607B689B68BD
S3150804382003F01F0318460C37BD465DF8047B704742
S3150804383080B483B000AF78607B689B6823F020432C
S3150804384023F03F037A68936000BF0C37BD465DF8E2
S31508043850047B704780B483B000AF78607B689B684C
S3150804386003F00053B3F1005F01D1012300E0002304
S3150804387018460C37BD465DF8047B704780B483B0A0
S3150804388000AF78607B689B6823F0104323F03F03FE
S3150804389043F080527B689A6000BF0C37BD465DF8DA
S315080438A0047B704780B483B000AF78607B689B68FC
S315080438B003F08053B3F1805F01D1012300E00023B4
S315080438C018460C37BD465DF8047B704780B483B050
S315080438D000AF78607B689B6823F0004323F03F03BE
S315080438E043F001027B689A6000BF0C37BD465DF859
S315080438F0047B704780B483B000AF78607B689B68AC
S3150804390023F0004323F03F0343F002027B689A60E6
S3150804391000BF0C37BD465DF8047B704780B483B09E
S3150804392000AF78607B689B6803F00103012B01D123
S31508043930012300E0002318460C37BD465DF8047BD6
S31508043940704780B483B000AF78607B689B6803F0E7
S315080439500203022B01D1012300E0002318460C3789
S31508043960BD465DF8047B704780B483B000AF7860C9
S315080439707B689B6823F0004323F03F0343F004026B
S315080439807B689A6000BF0C37BD465DF8047B7047B8
S3150804399080B483B000AF78607B689B6803F0040347
S315080439A0042B01D1012300E0002318460C37BD4639
S315080439B05DF8047B704780B483B000AF78607B6899
S315080439C09B6803F00803082B01D1012300E00023B8
S315080439D018460C37BD465DF8047B704790B589B028
S315080439E000AF78600023FB770023FB607B68002B1D
S315080439F001D10123A9E17B685B69002B7B68DB6D38
S31508043A00002B09D17868FDF7D7FC7B6800221A6673
S31508043A107B68002283F858207B681B681846FFF7E2
S31508043A2019FF0346002B04D07B681B681846FFF76A
S31508043A30FFFE7B681B681846FFF734FF0346002B16
S31508043A4015D17B681B681846FFF718FF9C4B1B6843
S31508043A509B099C4AA2FB03239B0901335B00FB6079
S31508043A6002E0FB68013BFB60FB68002BF9D17B682D
S31508043A701B681846FFF716FF0346002B0DD17B6813
S31508043A80DB6D43F010027B68DA657B681B6E43F0D6
S31508043A9001027B681A660123FB777B681B68184654
S31508043AA0FFF776FF78617B68DB6D03F01003002B64
S31508043AB040F042817B69002B40F03E817B68DB6DD8
S31508043AC023F4817343F002027B68DA657B681B681A
S31508043AD01846FFF723FF0346002B41D17B681B6872
S31508043AE0B3F1A04F04D07B681B68774A93420FD181
S31508043AF04FF0A040FFF712FF04467348FFF70EFF86
S31508043B0003462343002B0CBF01230023DBB212E038
S31508043B106E48FFF703FF04466D48FFF7FFFE0346AA
S31508043B201C436C48FFF7FAFE03462343002B0CBFDD
S31508043B3001230023DBB2002B12D07B681B68B3F188
S31508043B40A04F04D07B681B685F4A934201D1624A3E
S31508043B5000E0624A7B685B6819461046FFF7FAFC80
S31508043B607B685B7F5A037B68DB6B1A437B68DB687D
S31508043B701A437B689B681A437B6893F824301B04B2
S31508043B801343BB617B6893F82430012B06D17B6809
S31508043B909B6A013B5B04BA691343BB617B68DB6AB6
S31508043BA0002B09D07B68DB6A03F478727B681B6B8D
S31508043BB01343BA691343BB617B681B68DA68484BCD
S31508043BC013407A681268B9690B43D3607B681B682B
S31508043BD01B6923F040617B685A6B7B681B680A4340
S31508043BE01A617B681B681846FFF7E5FE38617B692E
S31508043BF0002B7FD13B69002B7CD17B681B7F9A0302
S31508043C007B6893F838305B001343BB617B681B6899
S31508043C10DB6823F4804323F002037A681268B969DF
S31508043C200B43D3607B681B69002B17D07B681B6822
S31508043C301A697B681B6842F480321A617B681B68C0
S31508043C40D3F8C03023F47F5323F03F037A6811690D
S31508043C507A6812680B43C2F8C03013E07B681B68A5
S31508043C601A697B681B6822F480321A617B681B68B0
S31508043C70D3F8C0307A68126823F47F5323F03F03DD
S31508043C80C2F8C0307B6893F84030012B2AD17B6890
S31508043C901B681B6923F4FF6323F004037A68516CD9
S31508043CA07A68926C11437A68D26C11437A68126DF9
S31508043CB00A431A437B681B6842F001021A6119E039
S31508043CC004000020632D3E05000100500004005046
S31508043CD0000500500006005000030050000700507D
S31508043CE00740F0FF7B681B681A697B681B6822F02B
S31508043CF001021A617B685B69012B0CD17B681B681E
S31508043D001B6B23F00F017B681B6A5A1E7B681B68B2
S31508043D100A431A6307E07B681B681A6B7B681B688F
S31508043D2022F00F021A637B68DB6D23F0030343F06A
S31508043D3001027B68DA6507E07B68DB6D43F01002F5
S31508043D407B68DA650123FB77FB7F18462437BD4673
S31508043D5090BD00BF80B586B000AFF860B9607A60E0
S31508043D60FB681B68B3F1A04F04D0FB681B685A4A6A
S31508043D70934201D1594B00E0594B1846FFF74AFDC7
S31508043D803861FB681B681846FFF702FE0346002BDA
S31508043D9040F09B80FB6893F85830012B01D102232D
S31508043DA096E0FB68012283F85820FB681B684D4A95
S31508043DB0934208D03B69002B05D03B69052B02D0FA
S31508043DC03B69092B7AD1F86800F0F6FC0346FB75C3
S31508043DD0FB7D002B6DD1FB68DB6D23F4706323F048
S31508043DE0010343F48072FB68DA65FB681B683A4A88
S31508043DF0934209D0FB681B683B4A934202D0FB688E
S31508043E001B6803E0394B01E04FF0A043FA681268D7
S31508043E10934202D03B69002B05D1FB68DB6D23F482
S31508043E208012FB68DA65FB68DB6D03F48053002BAC
S31508043E3006D0FB681B6E23F00602FB681A6602E0CE
S31508043E40FB6800221A66FB685B6D294ADA62FB681E
S31508043E505B6D284A1A63FB685B6D274A5A63FB68DD
S31508043E601B681C221A60FB68002283F85820FB682A
S31508043E701B685A68FB681B6842F010025A60FB68A4
S31508043E801B68DA68FB681B6842F00102DA60FB68A3
S31508043E90586DFB681B6840331946BA687B6801F09D
S31508043EA021FC0346FB75FB681B681846FFF75CFD97
S31508043EB00DE0FB68002283F8582008E00123FB750F
S31508043EC0FB68002283F8582001E00223FB75FB7D7A
S31508043ED018461837BD4680BD00010050000300503F
S31508043EE0000700500006005000050050000400506A
S31508043EF0A34904087B4A0408974A040880B483B093
S31508043F0000AF786000BF0C37BD465DF8047B704788
S31508043F1080B483B000AF786000BF0C37BD465DF847
S31508043F20047B704780B483B000AF786000BF0C3759
S31508043F30BD465DF8047B704780B5B6B000AF7860BF
S31508043F403960002387F8D7300023FB607B6893F831
S31508043F505830012B02D1022300F013BC7B680122DE
S31508043F6083F858207B681B681846FFF711FD03463B
S31508043F70002B40F0F3837B6818683B6859683B68F4
S31508043F801B681A46FFF7CBFB7B681B681846FFF7C6
S31508043F90FFFCC7F8D0007B681B681846FFF70BFDC3
S31508043FA0C7F8CC00D7F8D030002B40F0D981D7F821
S31508043FB0CC30002B40F0D4813B689B68B3F1004FAA
S31508043FC00FD17B6818683B681B6800221946FFF7FF
S31508043FD0D2FB7B681B684FF000411846FFF779FB54
S31508043FE00EE07B6818683B6819683B689B681A4644
S31508043FF0FFF7C1FB7B681B6800211846FFF769FBBE
S315080440003B685A697B681B68DB68DB0803F00303B3
S315080440105B0002FA03F3C7F8C8303B681B69042B34
S3150804402022D07B6818683B6819693B681A68D7F810
S31508044030C830FFF7C3FA7B6818683B6819693B6898
S315080440409B691A46FFF70FFB7B6818683B68196972
S315080440503B681B7F012B02D14FF0007300E000235D
S315080440601A46FFF71BFB7BE17B681B680021184691
S31508044070FFF7C8FA0346C3F31203002B0AD17B6879
S315080440801B6800211846FFF7BDFA03469B0E03F08A
S315080440901F021EE07B681B6800211846FFF7B2FA68
S315080440A00346C7F8BC30D7F8BC3093FAA3F3C7F86D
S315080440B0B830D7F8B830C7F8C030D7F8C030002BB6
S315080440C001D1202304E0D7F8C030B3FA83F3DBB276
S315080440D01A463B681B68C3F31203002B05D13B68D9
S315080440E01B689B0E03F01F0318E03B681B68C7F8A0
S315080440F0B030D7F8B03093FAA3F3C7F8AC30D7F892
S31508044100AC30C7F8B430D7F8B430002B01D120232B
S3150804411004E0D7F8B430B3FA83F3DBB29A4206D193
S315080441207B681B68002200211846FFF781FA7B6822
S315080441301B6801211846FFF765FA0346C3F3120301
S31508044140002B0AD17B681B6801211846FFF75AFA27
S3150804415003469B0E03F01F021EE07B681B680121C1
S315080441601846FFF74FFA0346C7F8A430D7F8A43021
S3150804417093FAA3F3C7F8A030D7F8A030C7F8A83045
S31508044180D7F8A830002B01D1202304E0D7F8A830AB
S31508044190B3FA83F3DBB21A463B681B68C3F312030C
S315080441A0002B05D13B681B689B0E03F01F0318E020
S315080441B03B681B68C7F89830D7F8983093FAA3F386
S315080441C0C7F89430D7F89430C7F89C30D7F89C30A1
S315080441D0002B01D1202304E0D7F89C30B3FA83F3EB
S315080441E0DBB29A4206D17B681B6800220121184675
S315080441F0FFF71EFA7B681B6802211846FFF702FAC6
S315080442000346C3F31203002B0AD17B681B680221F9
S315080442101846FFF7F7F903469B0E03F01F021EE044
S315080442207B681B6802211846FFF7ECF90346C7F8B2
S315080442308C30D7F88C3093FAA3F3C7F88830D7F8BC
S315080442408830C7F89030D7F89030002B01D1202356
S3150804425004E0D7F89030B3FA83F3DBB21A463B6826
S315080442601B68C3F31203002B05D13B681B689B0E1E
S3150804427003F01F0316E03B681B68C7F88030D7F8BD
S31508044280803093FAA3F3FB67FB6FC7F88430D7F83B
S315080442908430002B01D1202304E0D7F88430B3FA04
S315080442A083F3DBB29A4206D17B681B68002202219B
S315080442B01846FFF7BDF97B681B6803211846FFF704
S315080442C0A1F90346C3F31203002B0AD17B681B68C2
S315080442D003211846FFF796F903469B0E03F01F02BF
S315080442E017E07B681B6803211846FFF78BF903461A
S315080442F07B677B6F93FAA3F33B673B6FBB67BB6F25
S31508044300002B01D1202303E0BB6FB3FA83F3DBB29E
S315080443101A463B681B68C3F31203002B05D13B6896
S315080443201B689B0E03F01F0311E03B681B68BB6602
S31508044330BB6E93FAA3F37B667B6EFB66FB6E002B60
S3150804434001D1202303E0FB6EB3FA83F3DBB29A426E
S3150804435006D17B681B68002203211846FFF768F913
S315080443607B681B681846FFF7D9FA0346002B40F00A
S315080443703D817B6818683B6819683B68DB681A46A0
S31508044380FFF724FA3B68DB68A24A934240F02E8181
S315080443907B6818683B681B68C3F31203002B0BD1B0
S315080443A03B681B689B0E013303F01F03092B94BF5C
S315080443B001230023DBB219E03B681B68FB65FB6D30
S315080443C093FAA3F3BB65BB6D3B663B6E002B01D129
S315080443D0202303E03B6EB3FA83F3DBB2013303F025
S315080443E01F03092B94BF01230023DBB2002B79D0CA
S315080443F03B681B68C3F31203002B07D13B681B6891
S315080444009B0E01339B0603F0F84215E03B681B68D4
S315080444103B653B6D93FAA3F3FB64FB6C7B657B6D91
S31508044420002B01D1202303E07B6DB3FA83F3DBB2BF
S3150804443001339B0603F0F8423B681B68C3F3120377
S31508044440002B09D13B681B689B0E013303F01F033D
S31508044450012101FA03F317E03B681B687B647B6C54
S3150804446093FAA3F33B643B6CBB64BB6C002B01D18E
S31508044470202303E0BB6CB3FA83F3DBB2013303F006
S315080444801F03012101FA03F342EA03013B681B688F
S31508044490C3F31203002B0AD13B681B689B0E013336
S315080444A003F01F0213465B0013441B0518E03B6820
S315080444B01B68BB63BB6B93FAA3F37B637B6BFB63DE
S315080444C0FB6B002B01D1202303E0FB6BB3FA83F3C8
S315080444D0DBB2013303F01F0213465B0013441B05CA
S315080444E00B437EE03B681B68C3F31203002B07D11A
S315080444F03B681B689B0E01339B0603F0F84215E0E4
S315080445003B681B68FB62FB6A93FAA3F3BB62BB6A4C
S315080445103B633B6B002B01D1202303E03B6BB3FACF
S3150804452083F3DBB201339B0603F0F8423B681B684E
S31508044530C3F31203002B09D13B681B689B0E013396
S3150804454003F01F03012101FA03F317E03B681B6814
S315080445503B623B6A93FAA3F3FB61FB697B627B6A62
S31508044560002B01D1202303E07B6AB3FA83F3DBB281
S31508044570013303F01F03012101FA03F342EA03019D
S315080445803B681B68C3F31203002B0DD13B681B68F9
S315080445909B0E013303F01F0213465B0013441E3BB4
S315080445A01B0543F000731BE03B681B687B617B6952
S315080445B093FAA3F33B613B69BB61BB69002B01D149
S315080445C0202303E0BB69B3FA83F3DBB2013303F0B8
S315080445D01F0213465B0013441E3B1B0543F000737E
S315080445E00B433A6892681946FFF7C5F83B681A6898
S315080445F0094B1340002B00F0BE807B681B68B3F19F
S31508044600A04F04D07B681B68044A93420AD1044B22
S3150804461009E000BF00007F40000008800001005048
S3150804462000030050594B1846FEF7BAFFC7F8C400F2
S315080446303B681B68564A934204D03B681B68554A34
S3150804464093423AD1D7F8C43003F40003002B34D18B
S315080446507B681B68B3F1A04F05D07B681B684E4A7C
S31508044660934240F085807B681B68B3F1A04F04D061
S315080446707B681B68494A934201D1494A00E0434A88
S31508044680D7F8C43043F4000319461046FEF775FFFD
S31508044690444B1B689B09444AA2FB03239B095A1CE7
S315080446A013465B0013449B00FB6002E0FB68013B76
S315080446B0FB60FB68002BF9D15AE03B681B683B4A50
S315080446C0934225D1D7F8C43003F08073002B1FD149
S315080446D07B681B68314A934204D17B681B68344A59
S315080446E0934247D07B681B68B3F1A04F04D07B681C
S315080446F01B682A4A934201D1294A00E0234AD7F87B
S31508044700C43043F0807319461046FEF736FF31E08D
S315080447103B681B68274A93422DD1D7F8C43003F463
S315080447208003002B27D17B681B681C4A934222D03E
S315080447307B681B68B3F1A04F04D07B681B68174AD3
S31508044740934201D1164A00E0104AD7F8C43043F41C
S31508044750800319461046FEF710FF0CE07B68DB6DF4
S3150804476043F020027B68DA65012387F8D73002E034
S3150804477000BF00E000BF7B68002283F8582097F842
S31508044780D7301846D837BD4680BD00BF000700504D
S31508044790000021C31000C09000060050000100501C
S315080447A00003005004000020632D3E05000052C794
S315080447B000050050000084CB80B584B000AF786053
S315080447C00023BB607B681B681846FFF7A7F80346F7
S315080447D0002B76D17B681B689A683C4B1340002BE8
S315080447E00DD07B68DB6D43F010027B68DA657B6865
S315080447F01B6E43F001027B681A66012362E07B683C
S315080448001B681846FFF762F87B681B68B3F1A04F6C
S3150804481004D07B681B682E4A934201D12D4B00E0D5
S315080448202D4B1846FEF7BCFE034603F40003002B83
S3150804483013D02A4B1B689B09294AA2FB03239B090D
S315080448405A1C13465B0013449B00BB6002E0BB681A
S31508044850013BBB60BB68002BF9D1FEF729FEF86063
S3150804486028E07B681B681846FFF758F80346002BB0
S3150804487004D17B681B681846FFF728F8FEF718FE6C
S315080448800246FB68D31A022B14D97B681B681B687B
S3150804489003F00103012B0DD07B68DB6D43F0100296
S315080448A07B68DA657B681B6E43F001027B681A66CF
S315080448B0012307E07B681B681B6803F00103012BCF
S315080448C0CFD1002318461037BD4680BD3F0000806F
S315080448D000010050000300500007005004000020A7
S315080448E0632D3E0580B584B000AF78607B681B688D
S315080448F01846FFF726F8F8607B681B681846FFF722
S315080449000DF80346002B47D0FB68002B44D17B687F
S315080449101B689B6803F00D03012B0CD17B681B688D
S315080449201846FEF7E7FF7B681B6803221A60FEF742
S31508044930BFFDB86029E07B68DB6D43F010027B6835
S31508044940DA657B681B6E43F001027B681A660123ED
S3150804495023E0FEF7ADFD0246BB68D31A022B14D931
S315080449607B681B689B6803F00103002B0DD07B68EA
S31508044970DB6D43F010027B68DA657B681B6E43F0D7
S3150804498001027B681A66012307E07B681B689B683B
S3150804499003F00103002BDCD1002318461037BD466B
S315080449A080BD80B584B000AF78607B689B6AFB6085
S315080449B0FB68DB6D03F05003002B4BD1FB68DB6D02
S315080449C043F40072FB68DA65FB681B681B6803F02E
S315080449D00803002B21D0FB681B681846FEF78CFEDB
S315080449E00346002B32D0FB681B68DB6803F40053CC
S315080449F0002B2BD1FB68DB6D23F48072FB68DA6528
S31508044A00FB68DB6D03F48053002B1FD1FB68DB6D59
S31508044A1043F00102FB68DA6518E0FB681B68DB688B
S31508044A2003F00203002B11D1FB68DB6D23F48072BB
S31508044A30FB68DA65FB68DB6D03F48053002B05D14C
S31508044A40FB68DB6D43F00102FB68DA65F868FFF77B
S31508044A5055FA0EE0FB68DB6D03F01003002B03D058
S31508044A60F868FFF75FFA04E0FB685B6D5B6B7868D0
S31508044A70984700BF1037BD4680BD80B584B000AFE7
S31508044A8078607B689B6AFB60F868FFF741FA00BFA9
S31508044A901037BD4680BD80B584B000AF78607B68AA
S31508044AA09B6AFB60FB68DB6D43F04002FB68DA65D2
S31508044AB0FB681B6E43F00402FB681A66F868FFF786
S31508044AC031FA00BF1037BD4680BD80B483B000AF4D
S31508044AD078607B689B6803F00103012B01D10123ED
S31508044AE000E0002318460C37BD465DF8047B704782
S31508044AF080B483B000AF786039607B689B6823F024
S31508044B00404323F03F033A6802F08042134343F0DC
S31508044B1000427B689A6000BF0C37BD465DF8047B8B
S31508044B20704780B483B000AF78607B689B6803F0F5
S31508044B300043B3F1004F01D1012300E000231846D6
S31508044B400C37BD465DF8047B704780B483B000AF6C
S31508044B5078607B689B6803F00403042B01D1012366
S31508044B6000E0002318460C37BD465DF8047B704701
S31508044B7080B584B000AF786039600023BB607B6879
S31508044B8093F85830012B01D102234DE07B680122AA
S31508044B9083F858207868FFF7A5FE0346FB73FB7B6A
S31508044BA0002B36D17B68DB6D23F4885323F002038C
S31508044BB043F002027B68DA657B681B683968184625
S31508044BC0FFF796FF14E0BB680133BB60BB68184A5D
S31508044BD093420DD97B68DB6D23F0120343F0100270
S31508044BE07B68DA657B68002283F8582001231BE07A
S31508044BF07B681B681846FFF794FF0346002BE2D12F
S31508044C007B68DB6D23F0030343F001027B68DA65F6
S31508044C1005E07B68DB6D43F010027B68DA657B6828
S31508044C20002283F85820FB7B18461037BD4680BD02
S31508044C3001DE040090B5A1B000AF786039600023A6
S31508044C4087F87F307B6893F85830012B01D102230B
S31508044C50E7E07B68012283F8582000237B6600235B
S31508044C60BB667B681B68B3F1A04F02D16F4BBB6070
S31508044C7009E07B681B686E4A934202D16D4BBB60A0
S31508044C8001E00023BB60BB68002B0BD17B68DB6D9E
S31508044C9043F020027B68DA657B68002283F8582093
S31508044CA00123BEE0BB681846FFF74FFFB8677B6869
S31508044CB01B681846FFF749FF0346002B40F0A080FF
S31508044CC0BB6F002B40F09C807B681B68B3F1A04F38
S31508044CD004D07B681B68554A934201D1564B00E0C1
S31508044CE0564B7B673B681B68002B4BD07B6F9B68D6
S31508044CF023F460423B6859687B6893F838305B0351
S31508044D000B431A437B6F9A607B681B68B3F1A04F09
S31508044D1004D07B681B68454A93420FD14FF0A040E4
S31508044D20FFF7D3FE04464148FFF7CFFE0346234365
S31508044D30002B0CBF01230023DBB212E03C48FFF72B
S31508044D40C4FE04463B48FFF7C0FE03461C433C48E2
S31508044D50FFF7BBFE03462343002B0CBF01230023A6
S31508044D60DBB2002B56D07B6F9B6823F4716323F068
S31508044D700F033A6811683A6892680A431A437B6FC4
S31508044D809A6047E07B6F9B6823F460427B6F9A6066
S31508044D907B681B68B3F1A04F04D07B681B68234A61
S31508044DA093420FD14FF0A040FFF78FFE04461F48E9
S31508044DB0FFF78BFE03462343002B0CBF0123002376
S31508044DC0DBB212E01A48FFF780FE04461948FFF7DB
S31508044DD07CFE03461C431A48FFF777FE0346234323
S31508044DE0002B0CBF01230023DBB2002B12D07B6FF0
S31508044DF09B6823F4716323F00F037A6F936009E0C9
S31508044E007B68DB6D43F020027B68DA65012387F84B
S31508044E107F3000E000BF7B68002283F8582097F8AB
S31508044E207F3018468437BD4690BD00BF0001005048
S31508044E30000400500005005000030050000700500D
S31508044E400006005080B485B000AF78607B6803F034
S31508044E500703FB600C4BDB68BB60BA684FF6FF03BD
S31508044E601340BB60FB681A02BB68134343F0BF6375
S31508044E7043F40033BB60044ABB68D36000BF1437ED
S31508044E80BD465DF8047B704700ED00E080B400AFD2
S31508044E90044BDB681B0A03F007031846BD465DF896
S31508044EA0047B704700ED00E080B483B000AF03468E
S31508044EB0FB7197F90730002B0BDBFB7903F01F0214
S31508044EC0074997F907305B09012000FA02F241F80D
S31508044ED0232000BF0C37BD465DF8047B704700BF2E
S31508044EE000E100E080B483B000AF03463960FB718B
S31508044EF097F90730002B0ADB3B68DAB20C4997F9B5
S31508044F0007301201D2B20B4483F800230AE03B6847
S31508044F10DAB20849FB7903F00F03043B1201D2B253
S31508044F200B441A7600BF0C37BD465DF8047B704700
S31508044F3000E100E000ED00E080B489B000AFF8605D
S31508044F40B9607A60FB6803F00703FB61FB69C3F188
S31508044F500703042B28BF0423BB61FB690433062B10
S31508044F6002D9FB69033B00E000237B614FF0FF3263
S31508044F70BB6902FA03F3DA43BB681A407B699A40B1
S31508044F804FF0FF317B6901FA03F3D9437B680B4081
S31508044F90134318462437BD465DF8047B7047000062
S31508044FA080B582B000AF78607B68013BB3F1807F3F
S31508044FB001D301230FE00A4A7B68013B53600F21A2
S31508044FC04FF0FF30FFF78EFF054B00229A60044B23
S31508044FD007221A60002318460837BD4680BD00BF5D
S31508044FE010E000E080B582B000AF78607868FFF71B
S31508044FF029FF00BF0837BD4680BD80B586B000AF1F
S315080450000346B9607A60FB73FFF740FF78617A68F4
S31508045010B9687869FFF790FF024697F90F30114689
S315080450201846FFF75FFF00BF1837BD4680BD80B539
S3150804503082B000AF0346FB7197F907301846FFF7AD
S3150804504033FF00BF0837BD4680BD80B582B000AFC8
S3150804505078607868FFF7A4FF034618460837BD4604
S3150804506080BD80B582B000AF78607B68002B01D123
S31508045070012314E07B681B79DBB2002B05D17B681E
S3150804508000225A717868FCF753FB7B6802221A716E
S315080450907B6800221A617B6801221A71002318466C
S315080450A00837BD4680BD000080B485B000AF78607F
S315080450B039607B68002B01D1012356E07B685B7954
S315080450C0012B01D1022350E07B6801225A717B68C7
S315080450D002221A717B681B6819683B6803F010037F
S315080450E001229A407B681B680A431A60224B1B6894
S315080450F09B09224AA2FB03239B090133FB6002E0B6
S31508045100FB68013BFB60FB68002BF9D13B68002B6D
S315080451100FD17B681B681B6803F03E03022B1DD165
S315080451207B681B685A687B681B6842F001025A60F0
S3150804513014E07B681B681B6803F478123B6803F069
S315080451401003022101FA03F39A4207D17B681B680C
S315080451505A687B681B6842F002025A607B6801221F
S315080451601A717B6800225A71002318461437BD4603
S315080451705DF8047B704700BF04000020632D3E05DC
S3150804518080B483B000AF786039607B68002B01D1A6
S31508045190012311E07B681B6819683B6803F0100358
S315080451A0012202FA03F3DA437B681B680A401A6091
S315080451B07B6801221A71002318460C37BD465DF830
S315080451C0047B704780B487B000AFF860B9607A6032
S315080451D03B6000237B61FB68002B01D1012318E0A7
S315080451E0FB681B68DB6BFB681B687B61BB68002B71
S315080451F005D17A697B68134408337B6104E07A69CC
S315080452007B68134414337B617B691A463B681360D5
S31508045210002318461C37BD465DF8047B704700001A
S3150804522080B58AB000AFF860B9607A600023FB776E
S31508045230FB68002B02D0BB68002B01D10123A1E136
S31508045240BB689B68042BFB685B79012B01D102239D
S3150804525098E1FB6801225A71FB6802221A71BB683D
S315080452609B68042B7AD1FEF723F9B8617B68002B77
S315080452703DD118E0FEF71CF90246BB69D31A012B87
S3150804528011D9FB681B685B6B03F40043002B0AD037
S31508045290FB681B6943F00802FB681A61FB68032272
S315080452A01A7103236EE1FB681B685B6B03F4004306
S315080452B0002BDFD1FB681B68BA68526A1A6420E0BF
S315080452C0FEF7F6F80246BB69D31A012B0FD9FB6819
S315080452D01B685B6B002B0ADAFB681B6943F0080240
S315080452E0FB681A61FB6803221A7103234AE1FB6807
S315080452F01B685B6B002BE3DBFB681B68BA68526AA6
S315080453005A64FB681B689A6C7B6803F0100340F2C6
S31508045310FF3101FA03F3DB4302EA0301BB689A6A25
S315080453207B6803F010039A40FB681B680A439A6477
S31508045330FB681B68DA6C7B6803F01003FF2101FA2B
S3150804534003F3DB4302EA0301BB68DA6A7B6803F00A
S3150804535010039A40FB681B680A43DA64BB68DB6976
S31508045360012B1DD1FB681B689B6B7B627B6803F072
S3150804537010031F2202FA03F3DB437A6A13407B62A3
S31508045380BB681B6A7B617B6803F010037A6902FABF
S3150804539003F37A6A13437B62FB681B687A6A9A6327
S315080453A0FB681B68DB6B7B627B6803F010030722D0
S315080453B002FA03F3DB437A6A13407B62BB689B6990
S315080453C0012B02D100233B620FE0BB689B69022BC9
S315080453D002D101233B6208E0BB685B69002B02D15A
S315080453E001233B6201E000233B62BB689A68BB6801
S315080453F05B6913433A6A13437B617B6803F01003C2
S315080454004FF4807202FA03F3DB437A6A13407B6231
S31508045410BB681B79012B02D14FF4807300E000238B
S315080454207A6913437B617B6803F010034FF40072B7
S3150804543002FA03F3DB437A6A13407B62BB685B793F
S31508045440012B02D14FF4007300E000237A69134359
S315080454507B617B6A23F440437B62BB681B68022B2F
S3150804546014D102F06BF938613B69484A934204D96E
S315080454707B6A43F400437B620FE03B69444A9342E8
S315080454800AD97B6A43F480437B6206E0BB681B68DF
S315080454907A6A13437B6200E000BF7B6803F010035B
S315080454A07A6902FA03F37A6A13437B62FB681B6818
S315080454B07A6ADA63FB681B6819687B6803F0100369
S315080454C04FF4804202FA03F3DA43FB681B680A4086
S315080454D01A60FB681B681B687B627B6803F0100311
S315080454E040F6FE7202FA03F3DB437A6A13407B62E0
S315080454F0BB68DB687B617B6803F010037A6902FA90
S3150804550003F37A6A13437B62FB681B687A6A1A6038
S31508045510FB681B6819687B6803F01003C02202FA4B
S3150804552003F3DA43FB681B680A401A60BB68DB6846
S315080455309B0803F00F037B61BB681B699B081B026E
S3150804554003F470637A6913437B61FB681B681A6EFC
S315080455507B6803F0100340F60F7101FA03F3DB438B
S3150804556002EA03017B6803F010037A699A40FB6830
S315080455701B680A431A66FB6801221A71FB68002233
S315080455805A71FB7F18462837BD4680BD00688909CD
S3150804559000B4C40480B584B000AF78607B68002B7F
S315080455A001D101238DE07B681B681A46474B9A4252
S315080455B00FD87B681B681A46454B1344454AA2FB19
S315080455C003231B099A007B685A647B68424A1A6457
S315080455D00EE07B681B681A46404B13443D4AA2FBFF
S315080455E003231B099A007B685A647B683C4A1A643D
S315080455F07B68022283F825207B681B681B68FB608E
S31508045600FB6823F4FF4323F07003FB607B689A6806
S315080456107B68DB681A437B681B691A437B685B698A
S315080456201A437B689B691A437B68DB691A437B6860
S315080456301B6A1343FA681343FB607B681B68FA68A2
S315080456401A60786800F082FA7B689B68B3F5804F25
S3150804565002D17B6800225A607B685A687B689B6C17
S31508045660D2B21A607B68DB6C7A68126D5A607B6802
S315080456705B68002B10D07B685B68042B0CD87868B1
S3150804568000F0A2FA7B685B6D00221A607B689B6D4A
S315080456907A68D26D5A6008E07B6800225A657B688E
S315080456A000229A657B680022DA657B680022DA6341
S315080456B07B68012283F825207B68002283F824204E
S315080456C0002318461037BD4680BD00BF07040240B4
S315080456D0F8FFFDBFCDCCCCCC00000240F8FBFDBFE3
S315080456E00004024080B586B000AFF860B9607A60FD
S315080456F03B600023FB75FB6893F82430012B01D12A
S31508045700022366E0FB68012283F82420FB6893F8E9
S315080457102530DBB2012B55D1FB68022283F82520FC
S31508045720FB680022DA63FB681B681A68FB681B6857
S3150804573022F001021A603B687A68B968F86800F0D2
S31508045740C7F9FB681B6B002B08D0FB681B681A6833
S31508045750FB681B6842F00E021A600FE0FB681B68C0
S315080457601A68FB681B6822F004021A60FB681B6847
S315080457701A68FB681B6842F00A021A60FB689B6C8D
S315080457801B6803F48033002B07D0FB689B6C1A68EC
S31508045790FB689B6C42F480721A60FB685B6D002B95
S315080457A007D0FB685B6D1A68FB685B6D42F4807210
S315080457B01A60FB681B681A68FB681B6842F00102DA
S315080457C01A6005E0FB68002283F824200223FB758F
S315080457D0FB7D18461837BD4680BD80B485B000AF3A
S315080457E078600023FB737B6893F82530DBB2022BC1
S315080457F005D07B680422DA630123FB7337E07B68F0
S315080458001B681A687B681B6822F00E021A607B689C
S315080458109B6C1A687B689B6C22F480721A607B689E
S315080458201B681A687B681B6822F001021A607B6889
S315080458305B6C03F01F027B681B6C012101FA02F200
S315080458405A607B68DB6C7A68126D5A607B685B6D9C
S31508045850002B0CD07B685B6D1A687B685B6D22F441
S3150804586080721A607B689B6D7A68D26D5A607B6811
S31508045870012283F825207B68002283F82420FB7BF9
S3150804588018461437BD465DF8047B704780B584B066
S3150804589000AF78600023FB737B6893F82530DBB28E
S315080458A0022B0DD07B680422DA637B68012283F815
S315080458B025207B68002283F824200123FB7347E014
S315080458C07B681B681A687B681B6822F00E021A60DC
S315080458D07B681B681A687B681B6822F001021A60D9
S315080458E07B689B6C1A687B689B6C22F480721A60CE
S315080458F07B685B6C03F01F027B681B6C012101FA51
S3150804590002F25A607B68DB6C7A68126D5A607B68AF
S315080459105B6D002B0CD07B685B6D1A687B685B6DCE
S3150804592022F480721A607B689B6D7A68D26D5A601D
S315080459307B68012283F825207B68002283F82420CB
S315080459407B689B6B002B03D07B689B6B78689847B6
S31508045950FB7B18461037BD4680BD80B584B000AFC2
S3150804596078607B681B6C1B68FB607B681B681B681C
S31508045970BB607B685B6C03F01F0304229A40FB68D8
S315080459801340002B26D0BB6803F00403002B21D058
S315080459907B681B681B6803F02003002B07D17B6810
S315080459A01B681A687B681B6822F004021A607B6805
S315080459B05B6C03F01F027B681B6C042101FA02F27C
S315080459C05A607B681B6B002B71D07B681B6B7868ED
S315080459D098476CE07B685B6C03F01F0302229A40CD
S315080459E0FB681340002B2ED0BB6803F00203002B80
S315080459F029D07B681B681B6803F02003002B0BD196
S31508045A007B681B681A687B681B6822F00A021A609E
S31508045A107B68012283F825207B685B6C03F01F02F0
S31508045A207B681B6C022101FA02F25A607B68002229
S31508045A3083F824207B68DB6A002B38D07B68DB6A12
S31508045A407868984733E07B685B6C03F01F03082289
S31508045A509A40FB681340002B2AD0BB6803F008035E
S31508045A60002B25D07B681B681A687B681B6822F0A4
S31508045A700E021A607B685B6C03F01F027B681B6C62
S31508045A80012101FA02F25A607B680122DA637B6813
S31508045A90012283F825207B68002283F824207B686A
S31508045AA05B6B002B04D07B685B6B7868984700BFF8
S31508045AB000BF1037BD4680BD80B483B000AF7860A0
S31508045AC07B68DB6B18460C37BD465DF8047B70476C
S31508045AD080B485B000AFF860B9607A603B60FB6853
S31508045AE0DB6CFA68126D5A60FB685B6D002B04D098
S31508045AF0FB689B6DFA68D26D5A60FB685B6C03F0B1
S31508045B001F02FB681B6C012101FA02F25A60FB684A
S31508045B101B683A685A60FB689B68102B08D1FB68B7
S31508045B201B687A689A60FB681B68BA68DA6007E0DB
S31508045B30FB681B68BA689A60FB681B687A68DA604F
S31508045B4000BF1437BD465DF8047B704780B487B040
S31508045B5000AF78607B681B681A46164B9A4202D8CF
S31508045B60154B7B6101E0154B7B617B693B617B6867
S31508045B701B68DBB2083B124AA2FB03231B09FB6022
S31508045B807B685B6C9B089A003B6913441A467B68DE
S31508045B909A647B680B4ADA64FB6803F01F030122E4
S31508045BA09A407B681A6500BF1C37BD465DF8047BBE
S31508045BB0704700BF0704024000080240200802405C
S31508045BC0CDCCCCCC8008024080B485B000AF7860D8
S31508045BD07B685B68DBB2FB60FA680B4B13449B007B
S31508045BE01A467B685A657B68084A9A65FB68013BCE
S31508045BF003F01F0301229A407B68DA6500BF143755
S31508045C00BD465DF8047B70473F8200104009024098
S31508045C1080B487B000AF7860396000237B615AE1AD
S31508045C203B681A6801217B6901FA03F31340FB6098
S31508045C30FB68002B00F04C813B685B6803F00303A8
S31508045C40012B05D03B685B6803F00303022B30D1B4
S31508045C507B689B683B617B695B00032202FA03F35A
S31508045C60DB433A6913403B613B68DA687B695B004E
S31508045C7002FA03F33A6913433B617B683A699A600B
S31508045C807B685B683B6101227B6902FA03F3DB43A9
S31508045C903A6913403B613B685B681B0903F00102E0
S31508045CA07B6902FA03F33A6913433B617B683A69F1
S31508045CB05A603B685B6803F00303032B17D07B68C1
S31508045CC0DB683B617B695B00032202FA03F3DB436F
S31508045CD03A6913403B613B689A687B695B0002FA40
S31508045CE003F33A6913433B617B683A69DA603B68B4
S31508045CF05B6803F00303022B23D17B69DA087B680C
S31508045D00083253F822303B617B6903F007039B0092
S31508045D100F2202FA03F3DB433A6913403B613B68FB
S31508045D201A697B6903F007039B0002FA03F33A69CD
S31508045D3013433B617B69DA087B680832396943F89F
S31508045D4022107B681B683B617B695B00032202FAAD
S31508045D5003F3DB433A6913403B613B685B6803F032
S31508045D6003027B695B0002FA03F33A6913433B6156
S31508045D707B683A691A603B685B6803F44033002B16
S31508045D8000F0A6805B4B1B6E5A4A43F00103136668
S31508045D90584B1B6E03F00103BB60BB68564A7B690C
S31508045DA09B08023352F823303B617B6903F00303F3
S31508045DB09B000F2202FA03F3DB433A6913403B6163
S31508045DC07B68B3F1904F1FD07B684C4A934219D035
S31508045DD07B684B4A934213D07B684A4A93420DD058
S31508045DE07B68494A934207D07B68484A934201D163
S31508045DF005230AE0062308E0042306E0032304E057
S31508045E00022302E0012300E000237A6902F0030278
S31508045E10920093403A6913433B6137497B699B086F
S31508045E2002333A6941F82320394B9B683B61FB6886
S31508045E30DB433A6913403B613B685B6803F48013B0
S31508045E40002B03D03A69FB6813433B61304A3B692C
S31508045E5093602F4BDB683B61FB68DB433A6913406D
S31508045E603B613B685B6803F40013002B03D03A6973
S31508045E70FB6813433B61264A3B69D360244B5B6842
S31508045E803B61FB68DB433A6913403B613B685B68EB
S31508045E9003F40033002B03D03A69FB6813433B61D0
S31508045EA01B4A3B6953601A4B1B683B61FB68DB431F
S31508045EB03A6913403B613B685B6803F48033002B03
S31508045EC003D03A69FB6813433B61114A3B69136083
S31508045ED07B6901337B613B681A687B6922FA03F3A1
S31508045EE0002B7FF49DAE00BF00BF1C37BD465DF88E
S31508045EF0047B70470010024000000140000400487B
S31508045F0000080048000C0048001000480014004827
S31508045F100004014080B485B000AF78600B467B80EE
S31508045F207B681A697B881340002B02D00123FB7314
S31508045F3001E00023FB73FB7B18461437BD465DF866
S31508045F40047B704780B483B000AF78600B467B80CF
S31508045F5013467B707B78002B03D07A887B689A611A
S31508045F6002E07A887B689A6200BF0C37BD465DF802
S31508045F70047B704780B582B000AF0346FB80084BAC
S31508045F805A69FB881340002B06D0054AFB885361DF
S31508045F90FB88184610F0BCFD00BF0837BD4680BD17
S31508045FA00004014080B582B000AF78607B68002B9E
S31508045FB001D101238DE07B6893F84130DBB2002BD5
S31508045FC006D17B68002283F840207868FBF714FE24
S31508045FD07B68242283F841207B681B681A687B68DF
S31508045FE01B6822F001021A607B685A687B681B6882
S31508045FF022F070621A617B681B689A687B681B6862
S3150804600022F400429A607B68DB68012B07D17B681F
S315080460109A687B681B6842F400429A6006E07B68CB
S315080460209A687B681B6842F404429A607B68DB685A
S31508046030022B08D17B681B685A687B681B6842F484
S3150804604000625A6007E07B681B685A687B681B68AD
S3150804605022F400625A607B681B685B687A68126877
S3150804606043F0007343F4004353607B681B68DA68A3
S315080460707B681B6822F40042DA607B681A697B68CD
S315080460805B6942EA03017B689B691A027B681B68A1
S315080460900A43DA607B68D9697B681A6A7B681B6875
S315080460A00A431A607B681B681A687B681B6842F097
S315080460B001021A607B6800225A647B68202283F8EE
S315080460C041207B6800221A637B68002283F84220F9
S315080460D0002318460837BD4680BD000080B588B041
S315080460E002AFF8607A601A460B467B8113463B81F9
S315080460F0FB6893F84130DBB2202B40F0FD80FB6847
S3150804610093F84030012B01D10223F6E0FB68012203
S3150804611083F84020FDF7CCF938613B6900931923CD
S3150804612001224FF40041F86800F00AFA0346002BEE
S3150804613001D00123E1E0FB68212283F84120FB68B2
S31508046140102283F84220FB6800225A64FB687A68A6
S315080461505A62FB683A895A85FB6800225A63FB68C7
S315080461605B8D9BB2FF2B06D9FB68FF221A854FF07D
S3150804617080737B6107E0FB685B8D9AB2FB681A85BE
S315080461804FF000737B61FB681B8D002B24D0FB68E2
S315080461905B6A1A78FB681B689A62FB685B6A5A1C16
S315080461A0FB685A62FB685B8D9BB2013B9AB2FB683B
S315080461B05A85FB681B8D013B9AB2FB681A85FB68F6
S315080461C01B8DDBB20133DAB279894E4B00937B69B6
S315080461D0F86800F005FC66E0FB681B8DDAB279897D
S315080461E0484B00937B69F86800F0FAFB5BE03A6970
S315080461F0396AF86800F0FDF90346002B01D001233B
S315080462007BE0FB685B6A1A78FB681B689A62FB6822
S315080462105B6A5A1CFB685A62FB685B8D9BB2013B3E
S315080462209AB2FB685A85FB681B8D013B9AB2FB68D8
S315080462301A85FB685B8D9BB2002B34D0FB681B8DDB
S31508046240002B30D13B6900933B6A00228021F86811
S3150804625000F076F90346002B01D001234DE0FB68D4
S315080462605B8D9BB2FF2B0ED9FB68FF221A85FB6850
S315080462701B8DDAB27989002300934FF08073F8688E
S3150804628000F0AEFB0FE0FB685B8D9AB2FB681A85DB
S31508046290FB681B8DDAB27989002300934FF00073EB
S315080462A0F86800F09DFBFB685B8D9BB2002B9ED1C2
S315080462B03A69396AF86800F0E3F90346002B01D015
S315080462C001231AE0FB681B682022DA61FB681B6855
S315080462D05968FB681A680C4B0B405360FB6820220C
S315080462E083F84120FB68002283F84220FB680022D9
S315080462F083F84020002300E0022318461837BD46D9
S3150804630080BD00BF0020008000E800FE80B588B08C
S3150804631002AFF8607A601A460B467B8113463B81C6
S31508046320FB6893F84130DBB2202B40F0DB80FB6836
S3150804633093F84030012B01D10223D4E0FB680122F3
S3150804634083F84020FDF7B4F878617B690093192334
S3150804635001224FF40041F86800F0F2F80346002BD6
S3150804636001D00123BFE0FB68222283F84120FB68A1
S31508046370102283F84220FB6800225A64FB687A6874
S315080463805A62FB683A895A85FB6800225A63FB6895
S315080463905B8D9BB2FF2B0ED9FB68FF221A85FB681F
S315080463A01B8DDAB27989524B00934FF08073F868E3
S315080463B000F016FB6DE0FB685B8D9AB2FB681A85E4
S315080463C0FB681B8DDAB27989494B00934FF0007349
S315080463D0F86800F005FB5CE07A69396AF86800F049
S315080463E093F90346002B01D001237CE0FB681B6864
S315080463F05A6AFB685B6AD2B21A70FB685B6A5A1CF3
S31508046400FB685A62FB681B8D013B9AB2FB681A85C6
S31508046410FB685B8D9BB2013B9AB2FB685A85FB68A5
S315080464205B8D9BB2002B34D0FB681B8D002B30D1BF
S315080464307B6900933B6A00228021F86800F080F8A3
S315080464400346002B01D001234DE0FB685B8D9BB20C
S31508046450FF2B0ED9FB68FF221A85FB681B8DDAB25F
S315080464607989002300934FF08073F86800F0B8FA2E
S315080464700FE0FB685B8D9AB2FB681A85FB681B8D77
S31508046480DAB27989002300934FF00073F86800F0B4
S31508046490A7FAFB685B8D9BB2002B9DD17A69396A92
S315080464A0F86800F0EDF80346002B01D001231AE042
S315080464B0FB681B682022DA61FB681B685968FB685D
S315080464C01A680C4B0B405360FB68202283F8412062
S315080464D0FB68002283F84220FB68002283F84020E8
S315080464E0002300E0022318461837BD4680BD00BFC6
S315080464F00024008000E800FE80B483B000AF786012
S315080465007B681B689B6903F00203022B03D17B6833
S315080465101B6800229A627B681B689B6903F0010367
S31508046520012B07D07B681B689A697B681B6842F055
S3150804653001029A6100BF0C37BD465DF8047B7047BB
S3150804654080B584B000AFF860B9603B601346FB7150
S315080465503BE0BA693968F86800F062F90346002B2B
S3150804656001D0012341E03B68B3F1FF3F2DD0FCF78E
S315080465709FFF0246BB69D31A3A689A4202D33B681C
S31508046580002B22D1FB681B689A69BB681340BA685A
S315080465909A420CBF01230023DBB21A46FB799A42BE
S315080465A013D1FB685B6C43F02002FB685A64FB68F2
S315080465B0202283F84120FB68002283F84220FB68E6
S315080465C0002283F8402001230FE0FB681B689A69C0
S315080465D0BB681340BA689A420CBF01230023DBB296
S315080465E01A46FB799A42B4D0002318461037BD469A
S315080465F080BD80B584B000AFF860B9607A6033E0D6
S315080466007A68B968F86800F00BF90346002B01D0DC
S31508046610012331E0BB68B3F1FF3F25D0FCF748FFFF
S3150804662002467B68D31ABA689A4202D3BB68002B1F
S315080466301AD1FB681B689B6903F00203022B13D06B
S31508046640FB685B6C43F02002FB685A64FB682022F3
S3150804665083F84120FB68002283F84220FB68002265
S3150804666083F84020012307E0FB681B689B6903F055
S315080466700203022BC4D1002318461037BD4680BD39
S3150804668080B584B000AFF860B9607A602FE07A68A4
S31508046690B968F86800F0C4F80346002B01D0012352
S315080466A02DE0FCF705FF02467B68D31ABA689A42BE
S315080466B002D3BB68002B1AD1FB681B689B6903F0DD
S315080466C02003202B13D0FB685B6C43F02002FB6885
S315080466D05A64FB68202283F84120FB68002283F869
S315080466E04220FB68002283F84020012307E0FB6868
S315080466F01B689B6903F02003202BC8D10023184686
S315080467001037BD4680BD000080B586B000AFF8607E
S31508046710B9607A600023FB7571E07A68B968F8682D
S3150804672000F07EF80346002B01D00123FB75FB68B5
S315080467301B689B6903F02003202B3BD1FB7D002BB0
S3150804674038D1FB681B689B6903F00403042B05D145
S31508046750FB681B8D002B01D00023FB75FB681B68A7
S315080467609B6903F01003102B21D1FB681B681022C8
S31508046770DA61FB6804225A64FB681B682022DA6122
S31508046780FB681B685968FB681A68244B0B405360FE
S31508046790FB68202283F84120FB68002283F8422004
S315080467A0FB68002283F840200123FB7502E0FB689E
S315080467B000225A64FCF77CFE02467B68D31ABA6840
S315080467C09A4202D3BB68002B19D1FB7D002B16D144
S315080467D0FB681B689B6903F00403042B0FD0FB6852
S315080467E05B6C43F02002FB685A64FB68202283F83A
S315080467F04120FB68002283F840200123FB75FB68CF
S315080468001B689B6903F00403042B02D0FB7D002B51
S3150804681083D0FB7D18461837BD4680BD00E800FEC8
S3150804682080B58AB000AFF860B9607A60002387F84B
S315080468302730FB681B689B69BB6100233B627B6846
S31508046840FB61BB6903F01003002B68D0FB681B6867
S315080468501022DA6149E0BB68B3F1FF3F45D0FCF783
S3150804686027FE0246FB69D31ABA689A4202D3BB6862
S31508046870002B3AD1FB681B685B6803F480437B6191
S31508046880FB6893F84230FB74FB681B689B6903F446
S315080468900043B3F5004F21D17B69B3F5804F1DD072
S315080468A0FB7C202B1AD0FB681B685A68FB681B689C
S315080468B042F480425A60FCF7FBFDF8610EE0FCF7EF
S315080468C0F7FD0246FB69D31A192B07D93B6A43F02D
S315080468D020033B62012387F8273006E0FB681B6820
S315080468E09B6903F02003202BE9D1FB681B689B698D
S315080468F003F02003202B03D097F82730002BAAD0C7
S3150804690097F82730002B03D1FB681B682022DA612D
S315080469103B6A43F004033B62012387F82730FB688C
S315080469201B689B69BB61BB6903F48073002B0BD09E
S315080469303B6A43F001033B62FB681B684FF48072B1
S31508046940DA61012387F82730BB6903F48063002BD7
S315080469500BD03B6A43F008033B62FB681B684FF4A1
S315080469608062DA61012387F82730BB6903F4007370
S31508046970002B0BD03B6A43F002033B62FB681B689F
S315080469804FF40072DA61012387F8273097F8273025
S31508046990002B1CD0F868FFF7AFFDFB681B68596825
S315080469A0FB681A680D4B0B405360FB685A6C3B6ACC
S315080469B01A43FB685A64FB68202283F84120FB6863
S315080469C0002283F84220FB68002283F8402097F8C7
S315080469D0273018462837BD4680BD00BF00E800FEAC
S315080469E080B487B000AFF8607B600B467B811346A2
S315080469F07B727B89C3F309027B7A1B0403F47F0346
S31508046A001A437B681A433B6A134323F000437B61AA
S31508046A10FB681B685A683B6A5B0D03F48061084B84
S31508046A200B43DB4302EA0301FB681B687A690A43E2
S31508046A305A6000BF1C37BD465DF8047B704700BF2B
S31508046A40FF63FF0380B483B000AF786039607B6866
S31508046A5093F84130DBB2202B38D17B6893F8403069
S31508046A60012B01D1022332E07B68012283F84020FE
S31508046A707B68242283F841207B681B681A687B6834
S31508046A801B6822F001021A607B681B681A687B6817
S31508046A901B6822F480521A607B681B6819687B6835
S31508046AA01B683A680A431A607B681B681A687B681D
S31508046AB01B6842F001021A607B68202283F8412091
S31508046AC07B68002283F84020002300E0022318464E
S31508046AD00C37BD465DF8047B704780B485B000AFBB
S31508046AE0786039607B6893F84130DBB2202B39D162
S31508046AF07B6893F84030012B01D1022333E07B688D
S31508046B00012283F840207B68242283F841207B688D
S31508046B101B681A687B681B6822F001021A607B6886
S31508046B201B681B68FB60FB6823F47063FB603B68A7
S31508046B301B02FA681343FB607B681B68FA681A60D1
S31508046B407B681B681A687B681B6842F001021A6036
S31508046B507B68202283F841207B68002283F8402042
S31508046B60002300E0022318461437BD465DF8047B6B
S31508046B707047000080B400AF054B1B68044A43F411
S31508046B808073136000BFBD465DF8047B704700BF81
S31508046B900070004080B483B000AF78602B4B5B680C
S31508046BA023F00E027B681B68284913434B60284B65
S31508046BB05B68274A23F480335360254B1B68244AB1
S31508046BC023F480331360224BDB68214A23F4803391
S31508046BD0D3601F4B9B681E4A23F4803393607B68FB
S31508046BE05B6803F48033002B05D0194B1B68184ADD
S31508046BF043F4803313607B685B6803F40033002B2B
S31508046C0005D0134B5B68124A43F4803353607B68A0
S31508046C105B6803F00103002B05D00D4B9B680C4AF7
S31508046C2043F4803393607B685B6803F00203002BAC
S31508046C3005D0074BDB68064A43F48033D360002348
S31508046C4018460C37BD465DF8047B70470070004053
S31508046C500004014080B400AF054B5B68044A43F066
S31508046C600103536000BFBD465DF8047B704700BF4F
S31508046C700070004080B485B000AF78607B68002B54
S31508046C8041D14B4B1B6803F4C063B3F5806F31D114
S31508046C90474BD3F88030464A23F48073C2F88030D1
S31508046CA0434B1B6823F4C063414A43F400731360DF
S31508046CB0404B1B68322202FB03F33F4AA2FB032321
S31508046CC09B0C0133FB6002E0FB68013BFB60384B1D
S31508046CD05B6903F48063B3F5806F02D1FB68002B0C
S31508046CE0F2D1334B5B6903F48063B3F5806F58D1F3
S31508046CF0032357E02E4BD3F880302D4A23F48073B0
S31508046D00C2F880304DE07B68B3F5007F41D1284B4B
S31508046D101B6803F4C063B3F5806F31D1244BD3F8F1
S31508046D208030234A43F48073C2F88030204B1B68B2
S31508046D3023F4C0631E4A43F4007313601D4B1B6897
S31508046D40322202FB03F31C4AA2FB03239B0C0133E6
S31508046D50FB6002E0FB68013BFB60154B5B6903F4CF
S31508046D608063B3F5806F02D1FB68002BF2D1104B18
S31508046D705B6903F48063B3F5806F12D1032311E0D2
S31508046D800B4BD3F880300A4A43F48073C2F8803038
S31508046D9007E0074B1B6823F4C063054A43F4806382
S31508046DA01360002318461437BD465DF8047B704704
S31508046DB0007000400400002083DE1B4380B400AF4B
S31508046DC0054B9B68044A43F48043936000BFBD4661
S31508046DD05DF8047B704700BF0070004080B588B03A
S31508046DE000AF78607B68002B01D10123FEE27B6843
S31508046DF01B6803F00103002B75D0974B9B6803F0BF
S31508046E000C03BB61944BDB6803F003037B61BB692A
S31508046E100C2B02D17B69032B02D0BB69082B0BD13F
S31508046E208D4B1B6803F40033002B5BD07B685B68CF
S31508046E30002B57D10123D9E27B685B68B3F5803F01
S31508046E4006D1854B1B68844A43F4803313601DE0DE
S31508046E507B685B68B3F5A02F0CD17F4B1B687E4A11
S31508046E6043F4802313607C4B1B687B4A43F48033CA
S31508046E7013600BE0784B1B68774A23F4803313605E
S31508046E80754B1B68744A23F4802313607B685B681C
S31508046E90002B13D0FCF70CFB386108E0FCF708FB61
S31508046EA002463B69D31A642B01D903239EE26A4B33
S31508046EB01B6803F40033002BF0D014E0FCF7F8FA4F
S31508046EC0386108E0FCF7F4FA02463B69D31A642BE6
S31508046ED001D903238AE2604B1B6803F40033002BB1
S31508046EE0F0D100E000BF7B681B6803F00203002BA7
S31508046EF075D0594B9B6803F00C03BB61564BDB6892
S31508046F0003F003037B61BB690C2B02D17B69022B5B
S31508046F1002D0BB69042B1FD14F4B1B6803F4806353
S31508046F20002B05D07B68DB68002B01D101235DE2C9
S31508046F30494B5B6823F0FE427B681B691B0646497E
S31508046F4013434B60454B1B681846FCF765FA034622
S31508046F50002B43D0012349E27B68DB68002B23D04E
S31508046F603D4B1B683C4A43F480731360FCF7A0FA54
S31508046F70386108E0FCF79CFA02463B69D31A022BEF
S31508046F8001D9032332E2344B1B6803F48063002BD4
S31508046F90F0D0314B5B6823F0FE427B681B691B0605
S31508046FA02D4913434B601AE02B4B1B682A4A23F4DA
S31508046FB080731360FCF77CFA386108E0FCF778FA0A
S31508046FC002463B69D31A022B01D903230EE2224B4C
S31508046FD01B6803F48063002BF0D100E000BF7B68D4
S31508046FE01B6803F00803002B41D07B685B69002B00
S31508046FF01CD0194BD3F89430174A43F00103C2F84E
S315080470009430FCF755FA386108E0FCF751FA024661
S315080470103B69D31A022B01D90323E7E10E4BD3F8B4
S31508047020943003F00203002BEFD020E00A4BD3F888
S315080470309430094A23F00103C2F89430FCF738FA6D
S3150804704038610DE0FCF734FA02463B69D31A022B81
S3150804705006D90323CAE100BF001002400800002035
S315080470608C4BD3F8943003F00203002BEAD17B68E7
S315080470701B6803F00403002B00F0A6800023FB77AB
S31508047080844B9B6D03F08053002B01D1012300E050
S315080470900023002B0DD07F4B9B6D7E4A43F0805313
S315080470A093657C4B9B6D03F08053FB60FB6801235F
S315080470B0FB77794B1B6803F48073002B18D1764B46
S315080470C01B68754A43F480731360FCF7F1F9386159
S315080470D008E0FCF7EDF902463B69D31A022B01D9FD
S315080470E0032383E16C4B1B6803F48073002BF0D0F5
S315080470F07B689B68012B08D1664BD3F89030654AA8
S3150804710043F00103C2F8903024E07B689B68052BA2
S3150804711010D1604BD3F890305E4A43F00403C2F8AA
S3150804712090305C4BD3F890305A4A43F00103C2F8C6
S3150804713090300FE0574BD3F89030564A23F00103AA
S31508047140C2F89030534BD3F89030524A23F00403D4
S31508047150C2F890307B689B68002B16D0FCF7A8F918
S3150804716038610AE0FCF7A4F902463B69D31A41F2EE
S315080471708832934201D9032338E1464BD3F8903039
S3150804718003F00203002BEDD015E0FCF791F9386102
S315080471900AE0FCF78DF902463B69D31A41F28832B4
S315080471A0934201D9032321E13A4BD3F8903003F0F3
S315080471B00203002BEDD1FB7F012B05D1354B9B6DCB
S315080471C0344A23F0805393657B681B6803F02003D5
S315080471D0002B3CD07B689B69002B1CD02D4BD3F825
S315080471E098302C4A43F00103C2F89830FCF760F94A
S315080471F0386108E0FCF75CF902463B69D31A022BAE
S3150804720001D90323F2E0234BD3F8983003F00203A1
S31508047210002BEFD01BE01F4BD3F898301D4A23F000
S315080472200103C2F89830FCF743F9386108E0FCF723
S315080472303FF902463B69D31A022B01D90323D5E049
S31508047240144BD3F8983003F00203002BEFD17B6874
S31508047250DB69002B00F0C9800E4B9B6803F00C0316
S315080472600C2B00F083807B68DB69022B5ED1094B0B
S315080472701B68084A23F080731360FCF719F9386110
S315080472800CE0FCF715F902463B69D31A022B05D91B
S315080472900323ABE00010024000700040554B1B6806
S315080472A003F00073002BECD1524BDA68524B1340AF
S315080472B07A68116A7A68526A013A120111437A683D
S315080472C0926A120211437A68126B5208013A5205FD
S315080472D011437A68526B5208013A520611437A6886
S315080472E0D26AD2060A4343491343CB60414B1B680F
S315080472F0404A43F0807313603E4BDB683D4A43F0D3
S315080473008073D360FCF7D4F8386108E0FCF7D0F84A
S3150804731002463B69D31A022B01D9032366E0354B8F
S315080473201B6803F00073002BF0D05EE0314B1B683A
S31508047330304A23F080731360FCF7BAF8386108E022
S31508047340FCF7B6F802463B69D31A022B01D9032384
S315080473504CE0284B1B6803F00073002BF0D1254B37
S31508047360DA682449254B1340CB603EE07B68DB6929
S31508047370012B01D1012339E01E4BDB687B617B6954
S3150804738003F003027B681B6A9A422CD17B6903F0DB
S31508047390F0027B685B6A013B1B019A4223D17B6935
S315080473A003F4FE427B689B6A1B029A421BD17B69E3
S315080473B003F078427B68DB6ADB069A4213D17B6961
S315080473C003F4C0027B681B6B5B08013B5B059A42AE
S315080473D009D17B6903F0C0627B685B6B5B08013B80
S315080473E05B069A4201D0012300E0002318462037A1
S315080473F0BD4680BD001002400C809F01FCFFEEFED6
S3150804740080B586B000AF7860396000237B617B68FD
S31508047410002B01D101231EE1914B1B6803F00F03D6
S315080474203A689A4210D98E4B1B6823F00F028C498E
S315080474303B6813430B608A4B1B6803F00F033A68D7
S315080474409A4201D0012306E17B681B6803F0010315
S31508047450002B73D07B685B68032B29D1814B1B688F
S3150804746003F00073002B01D10123F4E000F09EF928
S3150804747038613B697C4A93423FD97A4B9B6803F04F
S31508047480F003002B09D07B681B6803F00203002B6A
S3150804749033D07B689B68002B2FD1724B9B6823F0F3
S315080474A0F003704A43F08003936080237B6124E0F1
S315080474B07B685B68022B07D16A4B1B6803F40033AD
S315080474C0002B09D10123C6E0664B1B6803F48063CD
S315080474D0002B01D10123BEE000F0CEF838613B69E8
S315080474E0614A934209D95F4B9B6823F0F0035D4ACE
S315080474F043F08003936080237B615A4B9B6823F097
S3150804750003027B685B68574913438B60FBF7D0FF1C
S31508047510F8600AE0FBF7CCFF0246FB68D31A41F28F
S315080475208832934201D9032395E04E4B9B6803F0B6
S315080475300C027B685B689B009A42EBD17B681B68EC
S3150804754003F00203002B23D07B681B6803F00403B3
S31508047550002B05D0434B9B68424A43F4E06393608F
S315080475607B681B6803F00803002B07D03D4B9B6818
S3150804757023F47C533B4A43F4E0639360394B9B689A
S3150804758023F0F0027B689B68364913438B6008E056
S315080475907B69802B05D1334B9B68324A23F0F00371
S315080475A093602F4B1B6803F00F033A689A421DD267
S315080475B02B4B1B6823F00F0229493B6813430B60C6
S315080475C0FBF776FFF8600AE0FBF772FF0246FB68F2
S315080475D0D31A41F28832934201D903233BE0204B64
S315080475E01B6803F00F033A689A42EDD17B681B685F
S315080475F003F00403002B08D01A4B9B6823F4E062BB
S315080476007B68DB68174913438B607B681B6803F048
S315080476100803002B09D0134B9B6823F460527B683C
S315080476201B69DB000F4913438B6000F025F80246FB
S315080476300C4B9B681B0903F00F030C49CB5C03F046
S315080476401F0322FA03F30A4A13600A4B1B681846F7
S31508047650FBF7E2FE034618461837BD4680BD00BF51
S31508047660002002400010024000B4C40404F30608D3
S31508047670040000200800002080B487B000AF2C4B1B
S315080476809B6803F00C03042B02D12A4B3B6147E0A9
S31508047690274B9B6803F00C03082B02D1264B3B614E
S315080476A03EE0234B9B6803F00C030C2B36D1204B8E
S315080476B0DB6803F00303FB601D4BDB681B0903F05F
S315080476C00F030133BB60FB68032B0CD11A4ABB6852
S315080476D0B2FBF3F3164AD268120A02F07F0202FBDF
S315080476E003F37B610CE0134ABB68B2FBF3F3104A5D
S315080476F0D268120A02F07F0202FB03F37B6100BF21
S315080477000B4BDB685B0E03F0030301335B007B6002
S315080477107A697B68B2FBF3F33B6101E000233B61C2
S315080477203B6918461C37BD465DF8047B704700BFA5
S31508047730001002400024F40000127A0080B400AF5E
S31508047740034B1B681846BD465DF8047B704700BFAB
S315080477500400002080B500AFFFF7F0FF0246064B91
S315080477609B681B0A03F007030449CB5C03F01F0359
S3150804777022FA03F3184680BD0010024014F30608E3
S3150804778080B500AFFFF7DAFF0246064B9B68DB0AB3
S3150804779003F007030449CB5C03F01F0322FA03F33F
S315080477A0184680BD0010024014F3060880B487B05A
S315080477B000AF1E4BDB6803F003033B611B4BDB681E
S315080477C01B0903F00F030133FB603B69032B0CD140
S315080477D0174AFB68B2FBF3F3144AD268120A02F09A
S315080477E07F0202FB03F37B610CE0124AFB68B2FBDF
S315080477F0F3F30E4AD268120A02F07F0202FB03F37D
S315080478007B6100BF094BDB685B0E03F0030301339E
S315080478105B00BB607A69BB68B2FBF3F37B607B6889
S3150804782018461C37BD465DF8047B704700100240B5
S3150804783000127A000024F40080B586B000AF7860A0
S315080478400023FB740023BB747B681B6803F40023C2
S31508047850002B00F0988000237B74434B9B6D03F048
S315080478608053002B0DD1404B9B6D3F4A43F0805308
S3150804787093653D4B9B6D03F08053BB60BB68012346
S315080478807B743A4B1B68394A43F480731360FBF7DD
S315080478900FFEF86009E0FBF70BFE0246FB68D31AF5
S315080478A0022B02D90323FB7405E0304B1B6803F44F
S315080478B08073002BEFD0FB7C002B59D12A4BD3F8CD
S315080478C0903003F440737B617B69002B1ED07B6880
S315080478D01B6D7A699A4219D0234BD3F8903023F456
S315080478E040737B61204BD3F890301F4A43F48033AE
S315080478F0C2F890301C4BD3F890301B4A23F48033DB
S31508047900C2F89030184A7B69C2F890307B6903F054
S315080479100103002B16D0FBF7CBFDF8600BE0FBF751
S31508047920C7FD0246FB68D31A41F28832934202D94C
S315080479300323FB7406E00C4BD3F8903003F00203E0
S31508047940002BECD0FB7C002B0BD1074BD3F89030E3
S3150804795023F440727B681B6D03491343C1F89030C6
S3150804796008E0FB7CBB7405E0001002400070004090
S31508047970FB7CBB747B7C012B05D1A74B9B6DA64A6C
S3150804798023F0805393657B681B6803F00103002B7F
S315080479900AD0A14BD3F8883023F003027B685B68CE
S315080479A09D491343C1F888307B681B6803F00203BA
S315080479B0002B0AD0984BD3F8883023F00C027B6846
S315080479C09B6895491343C1F888307B681B6803F0A4
S315080479D00403002B0AD0904BD3F8883023F03002E6
S315080479E07B68DB688C491343C1F888307B681B685D
S315080479F003F00803002B0AD0874BD3F8883023F00A
S31508047A00C0027B681B6984491343C1F888307B68C4
S31508047A101B6803F01003002B0AD07F4BD3F8883079
S31508047A2023F440727B685B697B491343C1F8883049
S31508047A307B681B6803F02003002B0AD0764BD3F827
S31508047A40883023F440627B689B6973491343C1F801
S31508047A5088307B681B6803F04003002B0AD06E4B02
S31508047A60D3F8883023F440527B68DB696A491343A8
S31508047A70C1F888307B681B6803F08003002B0AD0A2
S31508047A80654BD3F8883023F440427B681B6A624905
S31508047A901343C1F888307B681B6803F48073002B92
S31508047AA00AD05D4BD3F8883023F440327B685B6A8E
S31508047AB059491343C1F888307B681B6803F40033BB
S31508047AC0002B0AD0544BD3F89C3023F003027B686E
S31508047AD09B6A51491343C1F89C307B681B6803F4BD
S31508047AE00073002B0AD04C4BD3F8883023F4402279
S31508047AF07B68DB6A48491343C1F888307B681B688E
S31508047B0003F48063002B15D0434BD3F8883023F451
S31508047B1040127B681B6B40491343C1F888307B6865
S31508047B201B6BB3F5801F05D13B4BDB683A4A43F41C
S31508047B308013D3607B681B6803F40063002B15D09D
S31508047B40354BD3F8883023F440027B685B6B3249A3
S31508047B501343C1F888307B685B6BB3F5800F05D196
S31508047B602D4BDB682C4A43F48013D3607B681B686F
S31508047B7003F48053002B15D0274BD3F8883023F011
S31508047B8040727B689B6B24491343C1F888307B6831
S31508047B909B6BB3F1807F05D11F4BDB681E4A43F408
S31508047BA08013D3607B681B6803F40053002B15D03D
S31508047BB0194BD3F8883023F040627B68DB6B16498F
S31508047BC01343C1F888307B68DB6BB3F1006F05D1CA
S31508047BD0114BDB68104A43F48013D3607B681B6837
S31508047BE003F48043002B19D00B4BD3F8883023F0C9
S31508047BF040627B681B6C08491343C1F888307B686C
S31508047C001B6CB3F1006F09D1034BDB68024A43F4DA
S31508047C108013D36002E000BF001002407B681B6833
S31508047C2003F40043002B15D0294BD3F8883023F0EE
S31508047C3040527B685B6C26491343C1F888307B68DD
S31508047C405B6CB3F1805F05D1214BDB68204A43F4B2
S31508047C508033D3607B681B6803F48033002B15D00C
S31508047C601B4BD3F8883023F040427B689B6C184939
S31508047C701343C1F888307B689B6CB3F1804F05D1F8
S31508047C80134BDB68124A43F48033D3607B681B6862
S31508047C9003F48023002B15D00D4BD3F89C3023F422
S31508047CA040127B68DB6C0A491343C1F89C307B6835
S31508047CB0DB6CB3F5001F05D1054BDB68044A43F4B6
S31508047CC08013D360BB7C18461837BD4680BD00BFF9
S31508047CD00010024080B485B000AF78601C4B9B6BE3
S31508047CE01B4A43F480739363194B9B6B184A23F41A
S31508047CF0807393637B681A687B685B681A437B683E
S31508047D009B681343FB607B68DB68FA681343FB6074
S31508047D107B681B691B04FA681343FB600D4AFB68FE
S31508047D2053600C4B1B6823F4FE427B685B691B0299
S31508047D30084913430B60074B1B68064A43F0600364
S31508047D40136000BF1437BD465DF8047B704700BF57
S31508047D50001002400020004080B584B000AF78606F
S31508047D600123FB737B68002B70D07B6893F825305E
S31508047D70DBB2002B06D17B68002283F824207868BE
S31508047D80FAF7DAF97B68022283F825207B681B68F0
S31508047D90DB6803F01003102B4FD07B681B68CA22DC
S31508047DA05A627B681B6853225A62786800F044FA60
S31508047DB00346FB73FB7B002B26D17B681B689B69F8
S31508047DC07A68126823F08E6323F0400393617B6814
S31508047DD01B6899697B685A687B681B691A437B68C0
S31508047DE09B691A437B681B680A439A617B68D9684E
S31508047DF07B689B681A047B681B680A431A6178685F
S31508047E0000F050FA0346FB73FB7B002B10D17B680A
S31508047E101B689B6923F060417B681A6A7B68DB6987
S31508047E201A437B685B691A437B681B680A439A6131
S31508047E307B681B68FF225A6201E00023FB73FB7B05
S31508047E40002B03D17B68012283F82520FB7B184687
S31508047E501037BD4680BD90B587B000AFF860B960ED
S31508047E607A60FB6893F82430012B01D102238BE056
S31508047E70FB68012283F82420FB68022283F8252064
S31508047E80FB681B68CA225A62FB681B6853225A623B
S31508047E90F86800F0D1F90346FB74FB7C002B63D128
S31508047EA07B68002B26D1FB681B689B6903F040039B
S31508047EB0002B02D1BB680022DA70BB681B7818460F
S31508047EC000F033FA03461C04BB685B78184600F0D6
S31508047ED02CFA03461B021C43BB689B78184600F021
S31508047EE024FA034644EA0302BB68DB789B0513437A
S31508047EF07B6118E0FB681B689B6903F04003002B51
S31508047F0002D1BB680022DA70BB681B781A04BB6806
S31508047F105B781B021343BA6892781A43BB68DB780A
S31508047F209B0513437B61FB681A687B6903F07F33FF
S31508047F3023F0FE431360FB681B689A69FB681B6899
S31508047F4022F480229A61FB681B689969BB68DA681F
S31508047F50BB681B691A43FB681B680A439A61F8687D
S31508047F6000F0A0F90346FB74FB681B68FF225A62FB
S31508047F70FB7C002B03D1FB68012283F82520FB68D0
S31508047F80002283F82420FB7C18461C37BD4690BD86
S31508047F9080B586B000AFF860B9607A60FB681B6884
S31508047FA09A68BB685A60FB681B681B69C3F30E02B0
S31508047FB0BB689A60FB681B681B6803F07F3323F071
S31508047FC0FE437B617B691B0CDBB203F03F03DAB229
S31508047FD0BB681A707B691B0ADBB203F07F03DAB24B
S31508047FE0BB685A707B69DBB203F07F03DAB2BB68FD
S31508047FF09A707B699B0DDBB203F00103DAB2BB68A6
S31508048000DA707B68002B1AD1BB681B78184600F017
S31508048010ACF903461A46BB681A70BB685B781846FF
S3150804802000F0A3F903461A46BB685A70BB689B78E6
S31508048030184600F09AF903461A46BB689A70002354
S3150804804018461837BD4680BD90B587B000AFF860AE
S31508048050B9607A60FB6893F82430012B01D10223B6
S3150804806075E0FB68012283F82420FB68022283F862
S3150804807025207B68002B0ED1BB685B7803F01003C0
S31508048080002B08D0BB685B7823F01003DBB20A33F5
S31508048090DAB2BB685A707B68002B1CD1BB68DB78E4
S315080480A0184600F042F903461C04BB685B78184678
S315080480B000F03BF903461B021C43BB689B78184631
S315080480C000F033F9034644EA0302BB681B785B03F2
S315080480D013437B610EE0BB68DB781A04BB685B78E4
S315080480E01B021343BA6892781A43BB681B785B036E
S315080480F013437B61FB681B68CA225A62FB681B68C8
S3150804810053225A62F86800F097F80346FB74FB7C1E
S31508048110002B0CD1FB681A687B6923F07F4323F094
S31508048120C0035360F86800F0BDF80346FB74FB68A7
S315080481301B68FF225A62FB7C002B03D1FB680122D1
S3150804814083F82520FB68002283F82420FB7C184644
S315080481501C37BD4690BD80B586B000AFF860B960DF
S315080481607A60FB681B685B6823F07F4323F0C003CF
S315080481707B617B691B0CDAB2BB68DA707B691B0A04
S31508048180DBB203F01F03DAB2BB685A707B69DBB251
S3150804819003F03F03DAB2BB689A707B695B0BDBB208
S315080481A003F00703DAB2BB681A707B68002B1AD18E
S315080481B0BB68DB78184600F0D8F803461A46BB684D
S315080481C0DA70BB685B78184600F0CFF803461A469F
S315080481D0BB685A70BB689B78184600F0C6F8034615
S315080481E01A46BB689A70002318461837BD4680BDE0
S315080481F080B584B000AF78607B681B680D4ADA6086
S31508048200FBF756F9F86009E0FBF752F90246FB68F2
S31508048210D31AB3F57A7F01D9032307E07B681B6871
S31508048220DB6803F02003002BEED000231846103732
S31508048230BD4680BD5F00010080B584B000AF78609C
S315080482400023FB737B681B68DB6803F04003002B81
S3150804825023D17B681B68DA687B681B6842F0800256
S31508048260DA60FBF725F9B8600DE0FBF721F9024659
S31508048270BB68D31AB3F57A7F05D90323FB737B68E6
S31508048280032283F825207B681B68DB6803F0400318
S31508048290002B02D1FB7B032BE7D1FB7B1846103757
S315080482A0BD4680BD80B584B000AF78600023FB73FB
S315080482B07B681B68DA687B681B6822F08002DA60D0
S315080482C07B681B689B6903F02003002B0CD1786834
S315080482D0FFF78EFF0346002B22D07B68032283F820
S315080482E025200323FB731BE07B681B689A697B685C
S315080482F01B6822F020029A617868FFF779FF034623
S31508048300002B05D07B68032283F825200323FB73FF
S315080483107B681B689A697B681B6842F020029A612D
S31508048320FB7B18461037BD4680BD80B485B000AFC8
S315080483300346FB710023FB60FB79FB7205E0FB68CF
S315080483400133FB60FB7A0A3BFB72FB7A092BF6D8EE
S31508048350FB68DBB21B01DAB2FB7A1343DBB21846BD
S315080483601437BD465DF8047B704780B485B000AF0A
S315080483700346FB71FB791B09DBB21A4613469B00BD
S3150804838013445B00FB60FB68DAB2FB7903F00F0366
S31508048390DBB21344DBB218461437BD465DF8047BDA
S315080483A07047000080B487B000AFF860B9607A609F
S315080483B0074B7B61BB689B007A6913447B617B69C5
S315080483C07A681A6000BF1C37BD465DF8047B70479F
S315080483D00025004080B485B000AF78603960074B4B
S315080483E0FB603B689B00FA681344FB60FB681B68E8
S315080483F018461437BD465DF8047B704700250040CF
S3150804840080B584B000AF78607B68002B01D1012366
S315080484109DE07B685B6A002B08D17B685B68B3F5D3
S31508048420827F09D07B680022DA6105E07B68002236
S315080484301A617B6800225A617B6800229A627B680B
S3150804844093F85D30DBB2002B06D17B68002283F8F3
S315080484505C207868F9F728FF7B68022283F85D2098
S315080484607B681B681A687B681B6822F040021A60DE
S315080484707B68DB68B3F5E06F02D90023FB6002E092
S315080484804FF48053FB607B68DB68B3F5706F07D0E5
S315080484907B68DB68B3F5E06F02D07B6800229A62DA
S315080484A07B685B6803F482727B689B6803F4044305
S315080484B01A437B681B6903F002031A437B685B69EA
S315080484C003F001031A437B689B6903F400731A4398
S315080484D07B68DB6903F038031A437B681B6A03F07D
S315080484E0800342EA03017B689B6A03F400527B68B3
S315080484F01B680A431A607B689B691B0C03F0040219
S315080485007B685B6A03F010031A437B685B6B03F0B2
S3150804851008031A437B68DB6803F4706342EA0301C1
S31508048520FB6803F480527B681B680A435A607B68BD
S315080485301B68DA697B681B6822F40062DA617B6867
S3150804854000221A667B68012283F85D2000231846F8
S315080485501037BD4680BD80B588B000AFF860B960F5
S315080485603B601346FB80FAF7A3FFF861FB887B831D
S31508048570FB6893F85D30DBB2012B01D002235CE182
S31508048580BB68002B02D0FB88002B01D1012354E1E0
S31508048590FB6893F85C30012B01D102234DE1FB689B
S315080485A0012283F85C20FB68032283F85D20FB68BC
S315080485B000221A66FB68BA689A63FB68FA889A877F
S315080485C0FB68FA88DA87FB6800221A64FB680022CB
S315080485D0A3F84420FB680022A3F84620FB6800227F
S315080485E01A65FB680022DA64FB689B68B3F5004FDA
S315080485F00FD1FB681B681A68FB681B6822F04002E7
S315080486001A60FB681B681A68FB681B6842F4804298
S315080486101A60FB681B681B6803F04003402B07D0ED
S31508048620FB681B681A68FB681B6842F040021A60FC
S31508048630FB68DB68B3F5E06F52D9FB685B68002B0F
S3150804864002D07B8B012B45D1FB689B6B1A88FB6890
S315080486501B68DA60FB689B6B9A1CFB689A63FB6869
S31508048660DB8F9BB2013B9AB2FB68DA8732E0FB6880
S315080486701B689B6803F00203022B12D1FB689B6BF1
S315080486801A88FB681B68DA60FB689B6B9A1CFB6894
S315080486909A63FB68DB8F9BB2013B9AB2FB68DA8765
S315080486A018E0FAF705FF0246FB69D31A3A689A42B4
S315080486B003D83B68B3F1FF3F02D13B68002B09D1CD
S315080486C0FB68012283F85D20FB68002283F85C209E
S315080486D00323B2E0FB68DB8F9BB2002BC7D183E090
S315080486E0FB685B68002B02D07B8B012B77D1FB6878
S315080486F0DB8F9BB2012B12D9FB689B6B1A88FB682C
S315080487001B68DA60FB689B6B9A1CFB689A63FB68B8
S31508048710DB8F9BB2023B9AB2FB68DA875FE0FB68A1
S315080487209A6BFB681B680C3312781A70FB689B6B90
S315080487305A1CFB689A63FB68DB8F9BB2013B9AB2AF
S31508048740FB68DA874BE0FB681B689B6803F0020347
S31508048750022B2BD1FB68DB8F9BB2012B12D9FB684A
S315080487609B6B1A88FB681B68DA60FB689B6B9A1C10
S31508048770FB689A63FB68DB8F9BB2023B9AB2FB6881
S31508048780DA872CE0FB689A6BFB681B680C33127853
S315080487901A70FB689B6B5A1CFB689A63FB68DB8F31
S315080487A09BB2013B9AB2FB68DA8718E0FAF780FEB7
S315080487B00246FB69D31A3A689A4203D83B68B3F16E
S315080487C0FF3F02D13B68002B09D1FB68012283F8DD
S315080487D05D20FB68002283F85C2003232DE0FB68F8
S315080487E0DB8F9BB2002BAED1FA693968F86800F0C2
S315080487F065FB0346002B02D0FB6820221A66FB6839
S315080488009B68002B0AD100237B61FB681B68DB6825
S315080488107B61FB681B689B687B617B69FB6801223B
S3150804882083F85D20FB68002283F85C20FB681B6ED6
S31508048830002B01D0012300E0002318462037BD464B
S3150804884080BD80B58AB000AFF860B9607A607B8075
S3150804885001237B62FAF72CFE3862FB6893F85D30D5
S31508048860FB77FB685B68BB617B88FB827B88BB8282
S31508048870FB7F012B0CD0BB69B3F5827F06D1FB685D
S315080488809B68002B02D1FB7F042B01D00223F3E162
S31508048890BB68002B05D07B68002B02D07B88002B95
S315080488A001D10123E8E1FB6893F85C30012B01D17F
S315080488B00223E1E1FB68012283F85C20FB6893F854
S315080488C05D30DBB2042B03D0FB68052283F85D20F8
S315080488D0FB6800221A66FB687A681A64FB687A8859
S315080488E0A3F84620FB687A88A3F84420FB68BA688C
S315080488F09A63FB687A88DA87FB687A889A87FB68BA
S315080489000022DA64FB6800221A65FB68DB68B3F5A3
S31508048910E06F02D8BB8A012B08D9FB681B685A6822
S31508048920FB681B6822F480525A6007E0FB681B68E0
S315080489305A68FB681B6842F480525A60FB681B68D5
S315080489401B6803F04003402B07D0FB681B681A68B2
S31508048950FB681B6842F040021A60FB68DB68B3F5E3
S31508048960E06F40F28380FB685B68002B02D0FB8AC9
S31508048970012B6FD1FB689B6B1A88FB681B68DA604E
S31508048980FB689B6B9A1CFB689A63FB68DB8F9BB23C
S31508048990013B9AB2FB68DA875CE0FB681B689B6854
S315080489A003F00203022B1BD1FB68DB8F9BB2002B5F
S315080489B016D07B6A012B13D1FB689B6B1A88FB685C
S315080489C01B68DA60FB689B6B9A1CFB689A63FB68F6
S315080489D0DB8F9BB2013B9AB2FB68DA8700237B6282
S315080489E0FB681B689B6803F00103012B1CD1FB6819
S315080489F0B3F846309BB2002B16D0FB681B68DA68BE
S31508048A00FB681B6C92B21A80FB681B6C9A1CFB6889
S31508048A101A64FB68B3F846309BB2013B9AB2FB680A
S31508048A20A3F8462001237B62FAF742FD02463B6A15
S31508048A30D31A3A6B9A420DD83B6BB3F1FF3F09D070
S31508048A40FB68012283F85D20FB68002283F85C201A
S31508048A50032311E1FB68DB8F9BB2002B9DD1FB68D6
S31508048A60B3F846309BB2002B97D1E5E0FB685B6808
S31508048A70002B03D0FB8A012B40F0D180FB68DB8FE7
S31508048A809BB2012B12D9FB689B6B1A88FB681B687F
S31508048A90DA60FB689B6B9A1CFB689A63FB68DB8F3E
S31508048AA09BB2023B9AB2FB68DA87B8E0FB689A6B1A
S31508048AB0FB681B680C3312781A70FB689B6B5A1C8C
S31508048AC0FB689A63FB68DB8F9BB2013B9AB2FB682F
S31508048AD0DA87A4E0FB681B689B6803F00203022B91
S31508048AE034D1FB68DB8F9BB2002B2FD07B6A012B1A
S31508048AF02CD1FB68DB8F9BB2012B12D9FB689B6BCD
S31508048B001A88FB681B68DA60FB689B6B9A1CFB680F
S31508048B109A63FB68DB8F9BB2023B9AB2FB68DA87DF
S31508048B2012E0FB689A6BFB681B680C3312781A70A0
S31508048B30FB689B6B5A1CFB689A63FB68DB8F9BB2CA
S31508048B40013B9AB2FB68DA8700237B62FB681B68E1
S31508048B509B6803F00103012B48D1FB68B3F8463040
S31508048B609BB2002B42D0FB68B3F846309BB2012B6C
S31508048B7023D9FB681B68DA68FB681B6C92B21A80F7
S31508048B80FB681B6C9A1CFB681A64FB68B3F84630CE
S31508048B909BB2023B9AB2FB68A3F84620FB68B3F87B
S31508048BA046309BB2012B1FD8FB681B685A68FB68C2
S31508048BB01B6842F480525A6016E0FB681B6803F18E
S31508048BC00C02FB681B6C1278D2B21A70FB681B6C19
S31508048BD05A1CFB681A64FB68B3F846309BB2013B1F
S31508048BE09AB2FB68A3F8462001237B62FAF760FC75
S31508048BF002463B6AD31A3A6B9A4203D83B6BB3F1E3
S31508048C00FF3F02D13B6B002B09D1FB68012283F895
S31508048C105D20FB68002283F85C2003232CE0FB68B4
S31508048C20DB8F9BB2002B7FF455AFFB68B3F8463055
S31508048C309BB2002B7FF44EAF3A6A396BF86800F0A2
S31508048C403DF90346002B08D0FB6820221A66FB6808
S31508048C50002283F85C2001230EE0FB68012283F8D6
S31508048C605D20FB68002283F85C20FB681B6E002BE2
S31508048C7001D0012300E0002318462837BD4680BDED
S31508048C8080B588B000AFF860B9603B601346FB71E5
S31508048C90FAF70EFC0246BB6A9B1A3A681344FB6150
S31508048CA0FAF706FCB861394B1B685B011B0DFA69B8
S31508048CB002FB03F37B6154E03B68B3F1FF3F50D0FA
S31508048CC0FAF7F6FB0246BB69D31AFA699A4202D93D
S31508048CD0FB69002B3DD1FB681B685A68FB681B6857
S31508048CE022F0E0025A60FB685B68B3F5827F11D113
S31508048CF0FB689B68B3F5004F04D0FB689B68B3F523
S31508048D00806F07D1FB681B681A68FB681B6822F02A
S31508048D1040021A60FB689B6AB3F5005F0FD1FB68D3
S31508048D201B681A68FB681B6822F400521A60FB6801
S31508048D301B681A68FB681B6842F400521A60FB68D1
S31508048D40012283F85D20FB68002283F85C20032354
S31508048D5017E07B69002B01D10023FB617B69013B8A
S31508048D607B61FB681B689A68BB681340BA689A42B9
S31508048D700CBF01230023DBB21A46FB799A429BD126
S31508048D80002318462037BD4680BD00BF04000020D6
S31508048D9080B58AB000AFF860B9607A603B6000239A
S31508048DA0FB75FAF785FB02463B6B9B1A3A68134434
S31508048DB07B62FAF77DFB3862FB681B680C33FB6140
S31508048DC03D4B1A6813469B001344DA00D31A1B0D4D
S31508048DD07A6A02FB03F3BB6160E0BB68B3F5C06F54
S31508048DE007D17B68002B04D1FB691B78DBB2FB75C2
S31508048DF0FB7D3B68B3F1FF3F50D0FAF759FB0246B7
S31508048E003B6AD31A7A6A9A4202D97B6A002B3DD105
S31508048E10FB681B685A68FB681B6822F0E0025A6004
S31508048E20FB685B68B3F5827F11D1FB689B68B3F571
S31508048E30004F04D0FB689B68B3F5806F07D1FB68C5
S31508048E401B681A68FB681B6822F040021A60FB68F4
S31508048E509B6AB3F5005F0FD1FB681B681A68FB6849
S31508048E601B6822F400521A60FB681B681A68FB68C0
S31508048E701B6842F400521A60FB68012283F85D20DD
S31508048E80FB68002283F85C20032310E0BB69002BEF
S31508048E9001D100237B62BB69013BBB61FB681B688C
S31508048EA09A68BB6813407A689A4296D10023184692
S31508048EB02837BD4680BD00BF0400002080B586B0B3
S31508048EC002AFF860B9607A607B680093BB680022D9
S31508048ED04FF4C051F868FFF75BFF0346002B07D031
S31508048EE0FB681B6E43F02002FB681A66032327E01F
S31508048EF07B680093BB6800228021F868FFF7C0FEF0
S31508048F000346002B07D0FB681B6E43F02002FB6860
S31508048F101A66032314E07B680093BB6800224FF4A7
S31508048F20C061F868FFF734FF0346002B07D0FB68D7
S31508048F301B6E43F02002FB681A66032300E0002335
S31508048F4018461037BD4680BD80B582B000AF78603C
S31508048F507B68002B01D1012349E07B6893F83D30F7
S31508048F60DBB2002B06D17B68002283F83C207868A4
S31508048F70F9F71EFE7B68022283F83D207B681A688F
S31508048F807B6804331946104601F000FA7B6801220F
S31508048F9083F848207B68012283F83E207B680122F7
S31508048FA083F83F207B68012283F840207B680122EE
S31508048FB083F841207B68012283F842207B680122DA
S31508048FC083F843207B68012283F844207B680122C6
S31508048FD083F845207B68012283F846207B680122B2
S31508048FE083F847207B68012283F83D20002318462E
S31508048FF00837BD4680BD80B582B000AF78607B680F
S31508049000002B01D1012349E07B6893F83D30DBB29C
S31508049010002B06D17B68002283F83C20786800F090
S3150804902041F87B68022283F83D207B681A687B68CE
S3150804903004331946104601F0A9F97B68012283F81E
S3150804904048207B68012283F83E207B68012283F846
S315080490503F207B68012283F840207B68012283F83D
S3150804906041207B68012283F842207B68012283F829
S3150804907043207B68012283F844207B68012283F815
S3150804908045207B68012283F846207B68012283F801
S3150804909047207B68012283F83D20002318460837B9
S315080490A0BD4680BD80B483B000AF786000BF0C377E
S315080490B0BD465DF8047B704780B584B000AF786020
S315080490C039603B68002B09D17B6893F83E30DBB2E4
S315080490D0012B14BF01230023DBB23CE03B68042BBD
S315080490E009D17B6893F83F30DBB2012B14BF012307
S315080490F00023DBB22FE03B68082B09D17B6893F881
S315080491004030DBB2012B14BF01230023DBB222E07B
S315080491103B680C2B09D17B6893F84130DBB2012BF1
S3150804912014BF01230023DBB215E03B68102B09D1D9
S315080491307B6893F84230DBB2012B14BF012300236A
S31508049140DBB208E07B6893F84330DBB2012B14BF2B
S3150804915001230023DBB2002B01D00123A6E03B68E0
S31508049160002B04D17B68022283F83E2023E03B6867
S31508049170042B04D17B68022283F83F201BE03B685A
S31508049180082B04D17B68022283F8402013E03B684D
S315080491900C2B04D17B68022283F841200BE03B6840
S315080491A0102B04D17B68022283F8422003E07B68F3
S315080491B0022283F843207B681B6801223968184613
S315080491C001F05EFD7B681B683A4A934218D07B68B7
S315080491D01B68394A934213D07B681B68374A934203
S315080491E00ED07B681B68364A934209D07B681B6895
S315080491F0344A934204D07B681B68334A934201D1AC
S31508049200012300E00023002B07D07B681B685A6CF7
S315080492107B681B6842F400425A647B681B68254ACB
S31508049220934222D07B681B68B3F1804F1DD07B68BC
S315080492301B68264A934218D07B681B68244A9342C3
S3150804924013D07B681B68234A93420ED07B681B683D
S31508049250194A934209D07B681B68184A934204D07A
S315080492607B681B68184A934215D17B681B689A6801
S31508049270194B1340FB60FB68062B15D0FB68B3F546
S31508049280803F11D07B681B681A687B681B6842F0AC
S3150804929001021A6008E07B681B681A687B681B6809
S315080492A042F001021A6000E000BF00231846103796
S315080492B0BD4680BD002C01400034014000400140F9
S315080492C000440140004801400050014000040040A9
S315080492D000080040000C00400700010080B582B079
S315080492E000AF786039607B681B68002239681846C5
S315080492F001F0C6FC7B681B68404A934218D07B6819
S315080493001B683F4A934213D07B681B683D4A9342C5
S315080493100ED07B681B683C4A934209D07B681B685D
S315080493203A4A934204D07B681B68394A934201D16E
S31508049330012300E00023002B17D07B681B681A6AF8
S3150804934041F211131340002B0FD17B681B681A6A6C
S3150804935044F244431340002B07D17B681B685A6CBC
S315080493607B681B6822F400425A647B681B681A6A85
S3150804937041F211131340002B0FD17B681B681A6A3C
S3150804938044F244431340002B07D17B681B681A68D0
S315080493907B681B6822F001021A603B68002B04D123
S315080493A07B68012283F83E2023E03B68042B04D122
S315080493B07B68012283F83F201BE03B68082B04D115
S315080493C07B68012283F8402013E03B680C2B04D108
S315080493D07B68012283F841200BE03B68102B04D1FB
S315080493E07B68012283F8422003E07B68012283F824
S315080493F04320002318460837BD4680BD002C01408B
S315080494000034014000400140004401400048014046
S315080494100050014080B586B000AFF860B9607A6044
S315080494207B800023FB75BB68002B09D1FB6893F886
S315080494303E30DBB2022B0CBF01230023DBB23CE037
S31508049440BB68042B09D1FB6893F83F30DBB2022BC7
S315080494500CBF01230023DBB22FE0BB68082B09D11C
S31508049460FB6893F84030DBB2022B0CBF01230023C0
S31508049470DBB222E0BB680C2B09D1FB6893F84130B8
S31508049480DBB2022B0CBF01230023DBB215E0BB6859
S31508049490102B09D1FB6893F84230DBB2022B0CBFC0
S315080494A001230023DBB208E0FB6893F84330DBB200
S315080494B0022B0CBF01230023DBB2002B01D00223AD
S315080494C0B5E1BB68002B09D1FB6893F83E30DBB2E3
S315080494D0012B0CBF01230023DBB23CE0BB68042B41
S315080494E009D1FB6893F83F30DBB2012B0CBF01238B
S315080494F00023DBB22FE0BB68082B09D1FB6893F87D
S315080495004030DBB2012B0CBF01230023DBB222E07F
S31508049510BB680C2B09D1FB6893F84130DBB2012BED
S315080495200CBF01230023DBB215E0BB68102B09D15D
S31508049530FB6893F84230DBB2012B0CBF01230023EE
S31508049540DBB208E0FB6893F84330DBB2012B0CBFAF
S3150804955001230023DBB2002B34D07B68002B02D016
S315080495607B88002B01D1012361E1BB68002B04D160
S31508049570FB68022283F83E2026E0BB68042B04D14C
S31508049580FB68022283F83F201EE0BB68082B04D13F
S31508049590FB68022283F8402016E0BB680C2B04D132
S315080495A0FB68022283F841200EE0BB68102B04D125
S315080495B0FB68022283F8422006E0FB68022283F84D
S315080495C0432001E0012332E1BB680C2B00F2AE8094
S315080495D001A252F823F000BF0D9604082D9704083B
S315080495E02D9704082D970408559604082D97040802
S315080495F02D9704082D9704089D9604082D970408AA
S315080496002D9704082D970408E5960408FB685B6AF9
S31508049610894ADA62FB685B6A884A1A63FB685B6A8A
S31508049620874A5A63FB68586A7968FB681B68343347
S315080496301A467B88FCF756F80346002B01D001230B
S31508049640F5E0FB681B68DA68FB681B6842F400727D
S31508049650DA606EE0FB689B6A774ADA62FB689B6AA3
S31508049660764A1A63FB689B6A754A5A63FB68986A62
S315080496707968FB681B6838331A467B88FCF732F826
S315080496800346002B01D00123D1E0FB681B68DA6886
S31508049690FB681B6842F48062DA604AE0FB68DB6AAE
S315080496A0654ADA62FB68DB6A644A1A63FB68DB6A42
S315080496B0634A5A63FB68D86A7968FB681B683C3353
S315080496C01A467B88FCF70EF80346002B01D00123C3
S315080496D0ADE0FB681B68DA68FB681B6842F4006245
S315080496E0DA6026E0FB681B6B534ADA62FB681B6B7D
S315080496F0524A1A63FB681B6B514A5A63FB68186B18
S315080497007968FB681B6840331A467B88FBF7EAFFCF
S315080497100346002B01D0012389E0FB681B68DA683D
S31508049720FB681B6842F48052DA6002E00123FB7589
S3150804973000BFFB7D002B79D1FB681B680122B96841
S31508049740184601F09DFAFB681B683E4A934218D0F6
S31508049750FB681B683C4A934213D0FB681B683B4A68
S3150804976093420ED0FB681B68394A934209D0FB68BA
S315080497701B68384A934204D0FB681B68364A9342EE
S3150804978001D1012300E00023002B07D0FB681B68E6
S315080497905A6CFB681B6842F400425A64FB681B68EF
S315080497A0284A934222D0FB681B68B3F1804F1DD028
S315080497B0FB681B68294A934218D0FB681B68284A29
S315080497C0934213D0FB681B68264A93420ED0FB6863
S315080497D01B681D4A934209D0FB681B681B4A9342BF
S315080497E004D0FB681B681C4A934215D1FB681B68A6
S315080497F09A681D4B13403B613B69062B15D03B69A0
S31508049800B3F5803F11D0FB681B681A68FB681B68B0
S3150804981042F001021A6008E0FB681B681A68FB68D4
S315080498201B6842F001021A6000E000BFFB7D18467F
S315080498301837BD4680BD00BF7BA2040823A30408CD
S31508049840E9A10408002C014000340140004001400D
S315080498500044014000480140005001400004004013
S3150804986000080040000C00400700010080B584B0E1
S3150804987000AF786039600023FB733B680C2B55D81E
S3150804988001A252F823F000BFBD9804082D990408D4
S315080498902D9904082D990408D99804082D990408C3
S315080498A02D9904082D990408F59804082D99040897
S315080498B02D9904082D990408119904087B681B68D6
S315080498C0DA687B681B6822F40072DA607B685B6A74
S315080498D01846FBF7DBFF2CE07B681B68DA687B68B5
S315080498E01B6822F48062DA607B689B6A1846FBF779
S315080498F0CDFF1EE07B681B68DA687B681B6822F468
S315080499000062DA607B68DB6A1846FBF7BFFF10E083
S315080499107B681B68DA687B681B6822F48052DA6005
S315080499207B681B6B1846FBF7B1FF02E00123FB7348
S3150804993000BFFB7B002B40F086807B681B680022F7
S315080499403968184601F09CF97B681B68404A9342BB
S3150804995018D07B681B683F4A934213D07B681B6800
S315080499603D4A93420ED07B681B683C4A934209D011
S315080499707B681B683A4A934204D07B681B68394A59
S31508049980934201D1012300E00023002B17D07B6802
S315080499901B681A6A41F211131340002B0FD17B6816
S315080499A01B681A6A44F244431340002B07D17B68A8
S315080499B01B685A6C7B681B6822F400425A647B68ED
S315080499C01B681A6A41F211131340002B0FD17B68E6
S315080499D01B681A6A44F244431340002B07D17B6878
S315080499E01B681A687B681B6822F001021A603B68C8
S315080499F0002B04D17B68012283F83E2023E03B68D0
S31508049A00042B04D17B68012283F83F201BE03B68C2
S31508049A10082B04D17B68012283F8402013E03B68B5
S31508049A200C2B04D17B68012283F841200BE03B68A8
S31508049A30102B04D17B68012283F8422003E07B685B
S31508049A40012283F84320FB7B18461037BD4680BDA8
S31508049A50002C01400034014000400140004401400C
S31508049A60004801400050014080B584B000AF7860DA
S31508049A707B681B68DB68FB607B681B681B69BB60CB
S31508049A80BB6803F00203002B20D0FB6803F0020333
S31508049A90002B1BD07B681B686FF002021A617B6877
S31508049AA001221A777B681B689B6903F00303002B62
S31508049AB003D0786800F066FB05E0786800F058FB88
S31508049AC0786800F069FB7B6800221A77BB6803F0A4
S31508049AD00403002B20D0FB6803F00403002B1BD0DF
S31508049AE07B681B686FF004021A617B6802221A7786
S31508049AF07B681B689B6903F44073002B03D0786862
S31508049B0000F040FB05E0786800F032FB786800F066
S31508049B1043FB7B6800221A77BB6803F00803002B13
S31508049B2020D0FB6803F00803002B1BD07B681B6856
S31508049B306FF008021A617B6804221A777B681B682F
S31508049B40DB6903F00303002B03D0786800F01AFBE3
S31508049B5005E0786800F00CFB786800F01DFB7B686C
S31508049B6000221A77BB6803F01003002B20D0FB6889
S31508049B7003F01003002B1BD07B681B686FF01002E0
S31508049B801A617B6808221A777B681B68DB6903F409
S31508049B904073002B03D0786800F0F4FA05E078687F
S31508049BA000F0E6FA786800F0F7FA7B6800221A777C
S31508049BB0BB6803F00103002B0CD0FB6803F0010318
S31508049BC0002B07D07B681B686FF001021A6178685E
S31508049BD000F0C4FABB6803F08003002B04D1BB6809
S31508049BE003F40053002B0CD0FB6803F08003002B0E
S31508049BF007D07B681B686FF402521A61786801F013
S31508049C00CCFABB6803F48073002B0CD0FB6803F012
S31508049C108003002B07D07B681B686FF480721A6177
S31508049C20786801F0C4FABB6803F04003002B0CD033
S31508049C30FB6803F04003002B07D07B681B686FF0B2
S31508049C4040021A61786800F0BBFABB6803F0200387
S31508049C50002B0CD0FB6803F02003002B07D07B688D
S31508049C601B686FF020021A61786801F08CFABB68E9
S31508049C7003F48013002B0CD0FB6803F48013002B29
S31508049C8007D07B681B686FF480121A61786801F044
S31508049C9098FABB6803F40013002B0CD0FB6803F492
S31508049CA00013002B07D07B681B686FF400121A6137
S31508049CB0786801F090FABB6803F48003002B0CD093
S31508049CC0FB6803F48003002B07D07B681B686FF4DA
S31508049CD080021A61786801F088FABB6803F4000305
S31508049CE0002B0CD0FB6803F40003002B07D07B6819
S31508049CF01B686FF400021A61786801F080FA00BFE5
S31508049D001037BD4680BD000080B586B000AFF86048
S31508049D10B9607A600023FB75FB6893F83C30012B25
S31508049D2001D10223FFE0FB68012283F83C207B680B
S31508049D30142B00F2F08001A252F823F0919D040836
S31508049D40179F0408179F0408179F0408D19D040841
S31508049D50179F0408179F0408179F0408139E0408EE
S31508049D60179F0408179F0408179F0408539E04089E
S31508049D70179F0408179F0408179F0408959E04084C
S31508049D80179F0408179F0408179F0408D59E0408FC
S31508049D90FB681B68B968184600F0ACFBFB681B68CF
S31508049DA09A69FB681B6842F008029A61FB681B689B
S31508049DB09A69FB681B6822F004029A61FB681B68AF
S31508049DC09969BB681A69FB681B680A439A61A5E026
S31508049DD0FB681B68B968184600F026FCFB681B6814
S31508049DE09A69FB681B6842F400629A61FB681B68FF
S31508049DF09A69FB681B6822F480629A61FB681B688F
S31508049E009969BB681B691A02FB681B680A439A614D
S31508049E1084E0FB681B68B968184600F099FCFB687F
S31508049E201B68DA69FB681B6842F00802DA61FB689A
S31508049E301B68DA69FB681B6822F00402DA61FB68AE
S31508049E401B68D969BB681A69FB681B680A43DA6127
S31508049E5064E0FB681B68B968184600F00BFDFB68EC
S31508049E601B68DA69FB681B6842F40062DA61FB68FE
S31508049E701B68DA69FB681B6822F48062DA61FB688E
S31508049E801B68D969BB681B691A02FB681B680A4305
S31508049E90DA6143E0FB681B68B968184600F07EFD82
S31508049EA0FB681B681A6DFB681B6842F008021A6592
S31508049EB0FB681B681A6DFB681B6822F004021A65A6
S31508049EC0FB681B68196DBB681A69FB681B680A433B
S31508049ED01A6523E0FB681B68B968184600F0C8FDD4
S31508049EE0FB681B681A6DFB681B6842F400621A65F6
S31508049EF0FB681B681A6DFB681B6822F480621A6586
S31508049F00FB681B68196DBB681B691A02FB681B682A
S31508049F100A431A6502E00123FB7500BFFB680022A9
S31508049F2083F83C20FB7D18461837BD4680BD00BF24
S31508049F3080B584B000AF786039600023FB737B6812
S31508049F4093F83C30012B01D10223F6E07B68012209
S31508049F5083F83C207B68022283F83D207B681B68D3
S31508049F609B68BB60BB6823F4441323F07703BB6088
S31508049F70BB6823F47F43BB607B681B68BA689A6036
S31508049F803B681B686F4A934200F0C1806D4A93424E
S31508049F9000F2C6806C4A934200F0B9806A4A93423A
S31508049FA000F2BE80694A934200F0B180674A934240
S31508049FB000F2B680664A934200F0A980644A934246
S31508049FC000F2AE80634A934200F0A180614A93424C
S31508049FD000F2A680604A934200F099805E4A934252
S31508049FE000F29E80B3F1101F00F09180B3F1101FA8
S31508049FF000F29680B3F5801F00F08980B3F5801FC0
S3150804A00000F28E80B3F5005F3ED0B3F5005F00F230
S3150804A0108780B3F5805F00F08680B3F5805F7FD8CC
S3150804A020702B1AD0702B7BD8602B50D0602B77D826
S3150804A030502B3CD0502B73D8402B58D0402B6FD87C
S3150804A040302B64D0302B6BD8202B60D0202B67D8CC
S3150804A050002B5CD0102B5AD062E07B6818683B68EA
S3150804A06099683B685A683B68DB6800F0E9FD7B68D9
S3150804A0701B689B68BB60BB6843F07703BB607B685F
S3150804A0801B68BA689A604FE07B6818683B689968E9
S3150804A0903B685A683B68DB6800F0D2FD7B681B683E
S3150804A0A09A687B681B6842F480429A603CE07B6845
S3150804A0B018683B6859683B68DB681A4600F044FD33
S3150804A0C07B681B685021184600F09DFD2CE07B68D0
S3150804A0D018683B6859683B68DB681A4600F063FDF4
S3150804A0E07B681B686021184600F08DFD1CE07B68C0
S3150804A0F018683B6859683B68DB681A4600F024FD13
S3150804A1007B681B684021184600F07DFD0CE07B68DF
S3150804A1101A683B681B681946104600F074FD03E08C
S3150804A1200123FB7300E000BF7B68012283F83D200E
S3150804A1307B68002283F83C20FB7B18461037BD4613
S3150804A14080BD00BF700010006000100050001000B1
S3150804A15040001000300010002000100080B483B0C6
S3150804A16000AF786000BF0C37BD465DF8047B7047C6
S3150804A17080B483B000AF786000BF0C37BD465DF885
S3150804A180047B704780B483B000AF786000BF0C3797
S3150804A190BD465DF8047B704780B483B000AF786031
S3150804A1A000BF0C37BD465DF8047B704780B483B0A6
S3150804A1B000AF786000BF0C37BD465DF8047B704776
S3150804A1C080B483B000AF786000BF0C37BD465DF835
S3150804A1D0047B704780B483B000AF786000BF0C3747
S3150804A1E0BD465DF8047B704780B584B000AF7860DF
S3150804A1F07B689B6AFB60FB685B6A7A689A4207D14C
S3150804A200FB6801221A77FB68012283F83E202AE0BC
S3150804A210FB689B6A7A689A4207D1FB6802221A7716
S3150804A220FB68012283F83F201DE0FB68DB6A7A6835
S3150804A2309A4207D1FB6804221A77FB68012283F83D
S3150804A240402010E0FB681B6B7A689A4207D1FB68CA
S3150804A25008221A77FB68012283F8412003E0FB6889
S3150804A260012283F83D20F868FFF7B4FFFB68002253
S3150804A2701A7700BF1037BD4680BD80B584B000AFDD
S3150804A28078607B689B6AFB60FB685B6A7A689A42BB
S3150804A2900BD1FB6801221A777B68DB69002B36D160
S3150804A2A0FB68012283F83E2031E0FB689B6A7A68E2
S3150804A2B09A420BD1FB6802221A777B68DB69002B6A
S3150804A2C025D1FB68012283F83F2020E0FB68DB6A7E
S3150804A2D07A689A420BD1FB6804221A777B68DB6991
S3150804A2E0002B14D1FB68012283F840200FE0FB6899
S3150804A2F01B6B7A689A420AD1FB6808221A777B682C
S3150804A300DB69002B03D1FB68012283F84120F86836
S3150804A310FFF742FFFB6800221A7700BF1037BD46D5
S3150804A32080BD80B584B000AF78607B689B6AFB60AB
S3150804A330FB685B6A7A689A4203D1FB6801221A773A
S3150804A34019E0FB689B6A7A689A4203D1FB68022281
S3150804A3501A7710E0FB68DB6A7A689A4203D1FB68CD
S3150804A36004221A7707E0FB681B6B7A689A4202D1C3
S3150804A370FB6808221A77F868FFF718FFFB680022BB
S3150804A3801A7700BF1037BD4680BD000080B485B07B
S3150804A39000AF786039607B681B68FB607B684C4A51
S3150804A3A0934217D07B68B3F1804F13D07B68494A30
S3150804A3B093420FD07B68484A93420BD07B68474A3E
S3150804A3C0934207D07B68464A934203D07B68454A42
S3150804A3D0934208D1FB6823F07003FB603B685B6813
S3150804A3E0FA681343FB607B68394A934223D07B6837
S3150804A3F0B3F1804F1FD07B68364A93421BD07B68E3
S3150804A400354A934217D07B68344A934213D07B6803
S3150804A410334A93420FD07B68334A93420BD07B6806
S3150804A420324A934207D07B68314A934203D07B6809
S3150804A4302C4A934208D1FB6823F44073FB603B68BB
S3150804A440DB68FA681343FB60FB6823F080023B6809
S3150804A4505B691343FB607B68FA681A603B689A6811
S3150804A4607B68DA623B681A687B689A627B68184A72
S3150804A470934213D07B681A4A93420FD07B681A4AD0
S3150804A48093420BD07B68194A934207D07B68184AD3
S3150804A490934203D07B68134A934203D13B681A69F3
S3150804A4A07B681A637B6801225A617B681B6903F01F
S3150804A4B00103012B05D17B681B6923F001027B6824
S3150804A4C01A6100BF1437BD465DF8047B704700BFA8
S3150804A4D0002C01400004004000080040000C004025
S3150804A4E0003401400050014000400140004401404E
S3150804A4F00048014080B487B000AF786039607B6853
S3150804A5001B6A7B617B681B6A23F001027B681A62FB
S3150804A5107B685B683B617B689B69FB60FB6823F42B
S3150804A520803323F07003FB60FB6823F00303FB60AE
S3150804A5303B681B68FA681343FB607B6923F00203D4
S3150804A5407B613B689B687A6913437B617B68304A05
S3150804A550934213D07B682F4A93420FD07B682E4AC6
S3150804A56093420BD07B682D4A934207D07B682C4ACA
S3150804A570934203D07B682B4A93420CD17B6923F020
S3150804A58008037B613B68DB687A6913437B617B69F3
S3150804A59023F004037B617B681D4A934213D07B68CE
S3150804A5A01C4A93420FD07B681B4A93420BD07B68A4
S3150804A5B01A4A934207D07B68194A934203D07B68A8
S3150804A5C0184A934211D13B6923F480733B613B6972
S3150804A5D023F400733B613B685B693A6913433B6147
S3150804A5E03B689B693A6913433B617B683A695A60DD
S3150804A5F07B68FA689A613B685A687B685A637B6821
S3150804A6007A691A6200BF1C37BD465DF8047B704739
S3150804A610002C014000340140004001400044014040
S3150804A620004801400050014080B487B000AF78600C
S3150804A63039607B681B6A7B617B681B6A23F010029E
S3150804A6407B681A627B685B683B617B689B69FB6015
S3150804A650FB6823F0807323F4E043FB60FB6823F470
S3150804A6604073FB603B681B681B02FA681343FB6074
S3150804A6707B6923F020037B613B689B681B017A692D
S3150804A68013437B617B682C4A934207D07B682B4A29
S3150804A690934203D07B682A4A93420DD17B6923F0FF
S3150804A6A080037B613B68DB681B017A6913437B6122
S3150804A6B07B6923F040037B617B681F4A934213D06E
S3150804A6C07B681E4A93420FD07B681E4A93420BD07E
S3150804A6D07B681D4A934207D07B681C4A934203D081
S3150804A6E07B68174A934213D13B6923F480633B6121
S3150804A6F03B6923F400633B613B685B699B003A69E9
S3150804A70013433B613B689B699B003A6913433B616E
S3150804A7107B683A695A607B68FA689A613B685A6842
S3150804A7207B689A637B687A691A6200BF1C37BD46E0
S3150804A7305DF8047B704700BF002C014000340140DB
S3150804A74000500140004001400044014000480140D7
S3150804A75080B487B000AF786039607B681B6A7B6118
S3150804A7607B681B6A23F480727B681A627B685B6861
S3150804A7703B617B68DB69FB60FB6823F4803323F069
S3150804A7807003FB60FB6823F00303FB603B681B68EC
S3150804A790FA681343FB607B6923F400737B613B68A7
S3150804A7A09B681B027A6913437B617B682B4A934235
S3150804A7B007D07B682A4A934203D07B68294A934286
S3150804A7C00DD17B6923F400637B613B68DB681B025C
S3150804A7D07A6913437B617B6923F480637B617B68B5
S3150804A7E01E4A934213D07B681D4A93420FD07B6856
S3150804A7F01D4A93420BD07B681C4A934207D07B6858
S3150804A8001B4A934203D07B68164A934213D13B6989
S3150804A81023F480533B613B6923F400533B613B6853
S3150804A8205B691B013A6913433B613B689B691B01DE
S3150804A8303A6913433B617B683A695A607B68FA68EC
S3150804A840DA613B685A687B68DA637B687A691A62F4
S3150804A85000BF1C37BD465DF8047B7047002C0140D9
S3150804A86000340140005001400040014000440140CA
S3150804A8700048014080B487B000AF786039607B68CF
S3150804A8801B6A7B617B681B6A23F480527B681A62A5
S3150804A8907B685B683B617B68DB69FB60FB6823F06C
S3150804A8A0807323F4E043FB60FB6823F44073FB6086
S3150804A8B03B681B681B02FA681343FB607B6923F435
S3150804A8C000537B613B689B681B037A6913437B616E
S3150804A8D07B682C4A934207D07B682B4A934203D061
S3150804A8E07B682A4A93420DD17B6923F400437B6132
S3150804A8F03B68DB681B037A6913437B617B6923F432
S3150804A90080437B617B681F4A934213D07B681E4A47
S3150804A91093420FD07B681E4A93420BD07B681D4A2C
S3150804A920934207D07B681C4A934203D07B68174A34
S3150804A930934213D13B6923F480433B613B6923F477
S3150804A94000433B613B685B699B013A6913433B617E
S3150804A9503B689B699B013A6913433B617B683A6987
S3150804A9605A607B68FA68DA613B685A687B681A64D5
S3150804A9707B687A691A6200BF1C37BD465DF8047B9A
S3150804A980704700BF002C01400034014000500140CC
S3150804A99000400140004401400048014080B487B0AB
S3150804A9A000AF786039607B681B6A3B617B681B6A09
S3150804A9B023F480327B681A627B685B687B617B68F8
S3150804A9C01B6DFB60FB6823F4803323F07003FB6084
S3150804A9D03B681B68FA681343FB603B6923F400333E
S3150804A9E03B613B689B681B043A6913433B617B687C
S3150804A9F0194A934213D07B68184A93420FD07B684E
S3150804AA00174A93420BD07B68164A934207D07B6851
S3150804AA10154A934203D07B68144A934209D17B6949
S3150804AA2023F480337B613B685B691B027A691343B1
S3150804AA307B617B687A695A607B68FA681A653B6841
S3150804AA405A687B689A647B683A691A6200BF1C373D
S3150804AA50BD465DF8047B7047002C01400034014074
S3150804AA6000400140004401400048014000500140B4
S3150804AA7080B487B000AF786039607B681B6A3B6135
S3150804AA807B681B6A23F480127B681A627B685B689E
S3150804AA907B617B681B6DFB60FB6823F0807323F482
S3150804AAA0E043FB603B681B681B02FA681343FB60C0
S3150804AAB03B6923F400133B613B689B681B053A69B1
S3150804AAC013433B617B681A4A934213D07B68194A3D
S3150804AAD093420FD07B68184A93420BD07B68174A77
S3150804AAE0934207D07B68164A934203D07B68154A7B
S3150804AAF0934209D17B6923F480237B613B685B69B4
S3150804AB009B027A6913437B617B687A695A607B681E
S3150804AB10FA681A653B685A687B68DA647B683A6936
S3150804AB201A6200BF1C37BD465DF8047B704700BF38
S3150804AB30002C01400034014000400140004401401B
S3150804AB40004801400050014080B487B000AFF86067
S3150804AB50B9607A60FB681B6A7B61FB681B6A23F031
S3150804AB600102FB681A62FB689B693B613B6923F037
S3150804AB70F0033B617B681B013A6913433B617B69BC
S3150804AB8023F00A037B617A69BB6813437B61FB681C
S3150804AB903A699A61FB687A691A6200BF1C37BD462E
S3150804ABA05DF8047B704780B487B000AFF860B9607D
S3150804ABB07A60FB681B6A7B61FB681B6A23F01002D8
S3150804ABC0FB681A62FB689B693B613B6923F4704323
S3150804ABD03B617B681B033A6913433B617B6923F03A
S3150804ABE0A0037B61BB681B017A6913437B61FB681D
S3150804ABF03A699A61FB687A691A6200BF1C37BD46CE
S3150804AC005DF8047B704780B485B000AF786039601E
S3150804AC107B689B68FB60FB6823F4401323F070038E
S3150804AC20FB603A68FB68134343F00703FB607B68E1
S3150804AC30FA689A6000BF1437BD465DF8047B70470E
S3150804AC4080B487B000AFF860B9607A603B60FB688F
S3150804AC509B687B617B6923F47F437B613B681A02AB
S3150804AC607B681A43BB6813437A6913437B61FB68A1
S3150804AC707A699A6000BF1C37BD465DF8047B704745
S3150804AC8080B487B000AFF860B9607A60BB6803F037
S3150804AC901F03012202FA03F37B61FB681A6A7B69C4
S3150804ACA0DB431A40FB681A62FB681A6ABB6803F03E
S3150804ACB01F03796801FA03F31A43FB681A6200BF93
S3150804ACC01C37BD465DF8047B7047000080B584B028
S3150804ACD000AF786039603B68002B09D17B6893F82C
S3150804ACE04430DBB2012B14BF01230023DBB222E07C
S3150804ACF03B68042B09D17B6893F84530DBB2012BFA
S3150804AD0014BF01230023DBB215E03B68082B09D1E5
S3150804AD107B6893F84630DBB2012B14BF012300236A
S3150804AD20DBB208E07B6893F84730DBB2012B14BF2B
S3150804AD3001230023DBB2002B01D0012373E03B6817
S3150804AD40002B04D17B68022283F8442013E03B6875
S3150804AD50042B04D17B68022283F845200BE03B6868
S3150804AD60082B04D17B68022283F8462003E07B681B
S3150804AD70022283F847207B681B6804223968184630
S3150804AD8000F047FA7B681B685A6C7B681B6842F4B8
S3150804AD9000425A647B681B68254A934222D07B6822
S3150804ADA01B68B3F1804F1DD07B681B68214A934208
S3150804ADB018D07B681B68204A934213D07B681B68AB
S3150804ADC01E4A93420ED07B681B681D4A934209D0DB
S3150804ADD07B681B681B4A934204D07B681B681A4A23
S3150804ADE0934215D17B681B689A68184B1340FB601D
S3150804ADF0FB68062B15D0FB68B3F5803F11D07B683A
S3150804AE001B681A687B681B6842F001021A6008E02E
S3150804AE107B681B681A687B681B6842F001021A6023
S3150804AE2000E000BF002318461037BD4680BD00BFAA
S3150804AE30002C01400004004000080040000C0040BB
S3150804AE400034014000400140005001400700010061
S3150804AE5080B582B000AF786039607B681B680022D1
S3150804AE603968184600F0D5F97B681B681A6A41F2F6
S3150804AE7011131340002B0FD17B681B681A6A44F21E
S3150804AE8044431340002B07D17B681B685A6C7B68C4
S3150804AE901B6822F400425A647B681B681A6A41F2EA
S3150804AEA011131340002B0FD17B681B681A6A44F2EE
S3150804AEB044431340002B07D17B681B681A687B68D8
S3150804AEC01B6822F001021A603B68002B04D17B68D8
S3150804AED0012283F8442013E03B68042B04D17B68E1
S3150804AEE0012283F845200BE03B68082B04D17B68D4
S3150804AEF0012283F8462003E07B68012283F8472071
S3150804AF00002318460837BD4680BD000080B485B0C6
S3150804AF1000AF786039607B6893F83C30012B01D127
S3150804AF20022374E07B68012283F83C207B680222B2
S3150804AF3083F83D207B681B685B68FB607B681B683D
S3150804AF409B68BB607B681B68344A934209D07B685C
S3150804AF501B68334A934204D07B681B68314A934280
S3150804AF6008D1FB6823F47003FB603B685B68FA68E6
S3150804AF701343FB60FB6823F0007323F07003FB6044
S3150804AF803B681B68FA681343FB607B681B68FA68AE
S3150804AF905A607B681B68214A934222D07B681B68E7
S3150804AFA0B3F1804F1DD07B681B681F4A934218D0A3
S3150804AFB07B681B681D4A934213D07B681B681C4A2E
S3150804AFC093420ED07B681B68154A934209D07B6866
S3150804AFD01B68184A934204D07B681B68114A93423B
S3150804AFE00CD1BB6823F08003BB603B689B68BA68D6
S3150804AFF01343BB607B681B68BA689A607B68012246
S3150804B00083F83D207B68002283F83C2000231846F9
S3150804B0101437BD465DF8047B704700BF002C014019
S3150804B020003401400050014000040040000800407C
S3150804B030000C00400040014080B485B000AF786041
S3150804B04039600023FB607B6893F83C30012B01D1FF
S3150804B050022378E07B68012283F83C20FB6823F00E
S3150804B060FF023B68DB681343FB60FB6823F440720A
S3150804B0703B689B681343FB60FB6823F480623B6868
S3150804B0805B681343FB60FB6823F400623B681B6838
S3150804B0901343FB60FB6823F480523B681B69134324
S3150804B0A0FB60FB6823F400523B685B691343FB604F
S3150804B0B0FB6823F480423B681B6B1343FB60FB6805
S3150804B0C023F470223B689B691B041343FB60FB68EB
S3150804B0D023F080523B68DB691343FB607B681B687B
S3150804B0E01C4A934209D07B681B681B4A934204D0C6
S3150804B0F07B681B68194A93421CD1FB6823F47002C7
S3150804B1003B689B6A1B051343FB60FB6823F080724C
S3150804B1103B681B6A1343FB60FB6823F000723B68B9
S3150804B1205B6A1343FB60FB6823F000523B68DB6AE7
S3150804B1301343FB607B681B68FA685A647B680022C1
S3150804B14083F83C20002318461437BD465DF8047B73
S3150804B150704700BF002C01400034014000500140F4
S3150804B16080B483B000AF78607B681B685A6D7B68CF
S3150804B1701B6842F400325A65002318460C37BD464C
S3150804B1805DF8047B704780B483B000AF786000BF75
S3150804B1900C37BD465DF8047B704780B483B000AFB6
S3150804B1A0786000BF0C37BD465DF8047B704780B4F1
S3150804B1B083B000AF786000BF0C37BD465DF8047BEA
S3150804B1C0704780B483B000AF786000BF0C37BD46C3
S3150804B1D05DF8047B704780B483B000AF786000BF25
S3150804B1E00C37BD465DF8047B704780B483B000AF66
S3150804B1F0786000BF0C37BD465DF8047B704780B4A1
S3150804B20083B000AF786000BF0C37BD465DF8047B99
S3150804B210704780B487B000AFF860B9607A60BB68DD
S3150804B22003F00F03042202FA03F37B61FB681A6A2C
S3150804B2307B69DB431A40FB681A62FB681A6ABB68B7
S3150804B24003F00F03796801FA03F31A43FB681A62D9
S3150804B25000BF1C37BD465DF8047B704780B582B0D5
S3150804B26000AF78607B68002B01D1012342E07B683C
S3150804B270D3F88830002B06D17B68002283F8842013
S3150804B2807868F7F731FF7B682422C3F888207B683F
S3150804B2901B681A687B681B6822F001021A607B68BF
S3150804B2A09B6A002B02D0786801F096F8786800F05B
S3150804B2B097FD0346012B01D101231BE07B681B681C
S3150804B2C05A687B681B6822F490425A607B681B683C
S3150804B2D09A687B681B6822F02A029A607B681B6856
S3150804B2E01A687B681B6842F001021A60786801F0E4
S3150804B2F015F9034618460837BD4680BD80B58AB099
S3150804B30002AFF860B9603B601346FB80FB68D3F86C
S3150804B3108830202B7BD1BB68002B02D0FB88002BFE
S3150804B32001D1012374E0FB680022C3F89020FB686E
S3150804B3302122C3F88820F8F7BBF87861FB68FA88F5
S3150804B340A3F85420FB68FA88A3F85620FB689B6880
S3150804B350B3F5805F08D1FB681B69002B04D1002371
S3150804B360FB61BB68BB6103E0BB68FB610023BB618F
S3150804B37030E03B6800937B6900228021F86801F07D
S3150804B38077F90346002B05D0FB682022C3F88820EA
S3150804B39003233DE0FB69002B0BD1BB691B881A46C6
S3150804B3A0FB681B68C2F308029A62BB690233BB6175
S3150804B3B007E0FB691A78FB681B689A62FB69013324
S3150804B3C0FB61FB68B3F856309BB2013B9AB2FB6843
S3150804B3D0A3F85620FB68B3F856309BB2002BC8D1A5
S3150804B3E03B6800937B6900224021F86801F040F924
S3150804B3F00346002B05D0FB682022C3F888200323C4
S3150804B40006E0FB682022C3F88820002300E0022314
S3150804B41018462037BD4680BD80B58AB000AFF860AF
S3150804B420B9601346FB80FB68D3F88830202B67D1B4
S3150804B430BB68002B02D0FB88002B01D1012360E0F6
S3150804B440FB68BA681A65FB68FA88A3F85420FB688F
S3150804B450FA88A3F85620FB680022C3F89020FB68F4
S3150804B4602122C3F88820FB68DB6F002B28D0FB68F1
S3150804B470DB6F264ADA62FB68DB6F254A1A63FB68C8
S3150804B480DB6F244A5A63FB68DB6F00229A63FB6806
S3150804B490D86FFB681B6D1946FB681B6828331A4668
S3150804B4A0FB88FAF71FF90346002B09D0FB6810221C
S3150804B4B0C3F89020FB682022C3F88820012320E0E3
S3150804B4C0FB681B6840221A62FB681B6808337B61A9
S3150804B4D07B6953E8003F3B613B6943F080037B6229
S3150804B4E0FB681B6808337A6A3A62FB61F9693A6A47
S3150804B4F041E80023BB61BB69002BE5D1002300E0CA
S3150804B500022318462837BD4680BD00BFE7C904088C
S3150804B51081CA040807CC040880B58AB000AFF8606D
S3150804B520B9601346FB80FB68D3F88C30202B37D1DF
S3150804B530BB68002B02D0FB88002B01D1012330E025
S3150804B540FB680022DA66FB681B68184A93421FD018
S3150804B550FB681B685B6803F40003002B18D0FB68C0
S3150804B5601B687B617B6953E8003F3B613B6943F099
S3150804B57080637B62FB681B681A467B6A3B62FA61D6
S3150804B580F9693A6A41E80023BB61BB69002BE6D135
S3150804B590FB881A46B968F86801F0D8F8034600E04B
S3150804B5A0022318462837BD4680BD00BF00800040E8
S3150804B5B080B590B000AF78607B68D3F88830FB63B9
S3150804B5C07B68D3F88C30BB637B681B689B6803F085
S3150804B5D08003802B39D1FB6B212B36D17B681B6802
S3150804B5E008333B623B6A53E8003FFB61FB6923F07F
S3150804B5F080037B637B681B6808337A6BFA62BB62D9
S3150804B600B96AFA6A41E800237B627B6A002BE5D1B2
S3150804B6107B68DB6F002B15D07B68DB6F1846FAF75F
S3150804B620DCF80346002B0DD07B68DB6F1846FAF767
S3150804B63043FA0346202B05D17B681022C3F89020D1
S3150804B640032347E0786801F027F97B681B689B6841
S3150804B65003F04003402B3CD1BB6B222B39D17B68CA
S3150804B6601B680833FB60FB6853E8003FBB60BB6894
S3150804B67023F040033B637B681B6808333A6BBA6163
S3150804B6807B617969BA6941E800233B613B69002B10
S3150804B690E5D17B68D3F88030002B17D07B68D3F8C4
S3150804B6A080301846FAF799F80346002B0ED07B68C3
S3150804B6B0D3F880301846FAF7FFF90346202B05D14C
S3150804B6C07B681022C3F89020032303E0786801F00E
S3150804B6D024F9002318464037BD4680BD80B5BAB064
S3150804B6E000AF78607B681B68DB69C7F8E4307B6861
S3150804B6F01B681B68C7F8E0307B681B689B68C7F83B
S3150804B700DC30D7F8E42040F60F031340C7F8D830E6
S3150804B710D7F8D830002B1BD1D7F8E43003F0200330
S3150804B720002B15D0D7F8E03003F02003002B05D101
S3150804B730D7F8DC3003F08053002B09D07B685B6FA5
S3150804B740002B00F000837B685B6F78689847FAE201
S3150804B750D7F8D830002B00F02381D7F8DC208D4B9E
S3150804B7601340002B06D1D7F8E0208B4B1340002B4F
S3150804B77000F01681D7F8E43003F00103002B11D04A
S3150804B780D7F8E03003F48073002B0BD07B681B6872
S3150804B79001221A627B68D3F8903043F001027B6871
S3150804B7A0C3F89020D7F8E43003F00203002B11D035
S3150804B7B0D7F8DC3003F00103002B0BD07B681B6839
S3150804B7C002221A627B68D3F8903043F004027B683D
S3150804B7D0C3F89020D7F8E43003F00403002B11D003
S3150804B7E0D7F8DC3003F00103002B0BD07B681B6809
S3150804B7F004221A627B68D3F8903043F002027B680D
S3150804B800C3F89020D7F8E43003F00803002B17D0C8
S3150804B810D7F8E03003F02003002B05D1D7F8DC2055
S3150804B8205C4B1340002B0BD07B681B6808221A62FA
S3150804B8307B68D3F8903043F008027B68C3F89020FD
S3150804B840D7F8E43003F40063002B12D0D7F8E030BD
S3150804B85003F08063002B0CD07B681B684FF40062EE
S3150804B8601A627B68D3F8903043F020027B68C3F8E9
S3150804B87090207B68D3F89030002B00F06682D7F8C6
S3150804B880E43003F02003002B13D0D7F8E03003F09C
S3150804B8902003002B05D1D7F8DC3003F08053002BA6
S3150804B8A007D07B685B6F002B03D07B685B6F786877
S3150804B8B098477B68D3F89030C7F8D4307B681B6800
S3150804B8C09B6803F04003402B05D0D7F8D43003F027
S3150804B8D02803002B54D0786801F01FF87B681B688E
S3150804B8E09B6803F04003402B46D17B681B680833EA
S3150804B8F0C7F89C30D7F89C3053E8003FC7F898300F
S3150804B900D7F8983023F04003C7F8D0307B681B6813
S3150804B9100833D7F8D020C7F8A820C7F8A430D7F832
S3150804B920A410D7F8A82041E80023C7F8A030D7F810
S3150804B930A030002BD9D17B68D3F88030002B17D0E0
S3150804B9407B68D3F88030154A9A637B68D3F88030CD
S3150804B9501846F9F79BFF0346002B19D07B68D3F8E2
S3150804B96080309B6B7A68D2F88020104698470FE09F
S3150804B970786800F009FA0BE0786800F005FA07E041
S3150804B980786800F001FA7B680022C3F89020DCE1AD
S3150804B99000BFDAE1010000102001000487CC040886
S3150804B9A07B68DB6E012B40F07081D7F8E43003F036
S3150804B9B01003002B00F06981D7F8E03003F0100378
S3150804B9C0002B00F062817B681B6810221A627B6870
S3150804B9D01B689B6803F04003402B40F0D8807B68C3
S3150804B9E0D3F880301B685B68A7F8BE30B7F8BE305A
S3150804B9F0002B00F0AF807B68B3F85C30B7F8BE2044
S3150804BA009A4280F0A7807B68B7F8BE20A3F85E2028
S3150804BA107B68D3F880301B681B6803F02003002B6F
S3150804BA2040F087807B681B68C7F88830D7F8883069
S3150804BA3053E8003FC7F88430D7F8843023F480737A
S3150804BA40C7F8B8307B681B681A46D7F8B830C7F801
S3150804BA509430C7F89020D7F89010D7F8942041E886
S3150804BA600023C7F88C30D7F88C30002BDAD17B68E2
S3150804BA701B6808337B677B6F53E8003F3B673B6F64
S3150804BA8023F00103C7F8B4307B681B680833D7F87A
S3150804BA90B420C7F88020FB67F96FD7F8802041E8FF
S3150804BAA00023BB67BB6F002BE1D17B681B68083397
S3150804BAB03B663B6E53E8003FFB65FB6D23F0400392
S3150804BAC0C7F8B0307B681B680833D7F8B020FA6625
S3150804BAD0BB66B96EFA6E41E800237B667B6E002B63
S3150804BAE0E3D17B682022C3F88C207B680022DA66BF
S3150804BAF07B681B68FB64FB6C53E8003FBB64BB6C48
S3150804BB0023F01003C7F8AC307B681B681A46D7F8CD
S3150804BB10AC30BB657A65796DBA6D41E800233B653F
S3150804BB203B6D002BE4D17B68D3F880301846F9F7CF
S3150804BB3054FE7B6802221A677B68B3F85C207B682C
S3150804BB40B3F85E309BB2D31A9BB21946786800F0F4
S3150804BB5025F9FCE07B68B3F85C30B7F8BE209A4256
S3150804BB6040F0F5807B68D3F880301B681B6803F0C7
S3150804BB702003202B40F0EB807B6802221A677B683F
S3150804BB80B3F85C301946786800F008F9DFE07B689A
S3150804BB90B3F85C207B68B3F85E309BB2D31AA7F877
S3150804BBA0CE307B68B3F85E309BB2002B00F0D180B0
S3150804BBB0B7F8CE30002B00F0CC807B681B68BB63DB
S3150804BBC0BB6B53E8003F7B637B6B23F49073C7F826
S3150804BBD0C8307B681B681A46D7F8C8307B643A6451
S3150804BBE0396C7A6C41E80023FB63FB6B002BE4D1C8
S3150804BBF07B681B6808337B627B6A53E8003F3B62B9
S3150804BC003B6A23F0805323F00103C7F8C4307B68EA
S3150804BC101B680833D7F8C4203A63FB62F96A3A6B9F
S3150804BC2041E80023BB62BB6A002BE1D17B68202272
S3150804BC30C3F88C207B680022DA667B6800225A6780
S3150804BC407B681B683B613B6953E8003FFB60FB6804
S3150804BC5023F01003C7F8C0307B681B681A46D7F868
S3150804BC60C030FB61BA61B969FA6941E800237B61AE
S3150804BC707B69002BE4D17B6802221A67B7F8CE30B9
S3150804BC801946786800F08AF863E0D7F8E43003F4D4
S3150804BC908013002B0ED0D7F8DC3003F48003002B76
S3150804BCA008D07B681B684FF480121A62786801F022
S3150804BCB090F851E0D7F8E43003F08003002B14D051
S3150804BCC0D7F8E03003F08003002B05D1D7F8DC3031
S3150804BCD003F40003002B08D07B689B6F002B3AD033
S3150804BCE07B689B6F7868984735E0D7F8E43003F0AB
S3150804BCF04003002B09D0D7F8E03003F04003002BAB
S3150804BD0003D0786800F0D1FF26E0D7F8E43003F4CE
S3150804BD100003002B09D0D7F8E03003F08043002B4A
S3150804BD2003D0786801F069F816E0D7F8E43003F030
S3150804BD308073002B10D0D7F8E030002B0CDA786823
S3150804BD4001F051F808E000BF06E000BF04E000BFB8
S3150804BD5002E000BF00E000BFE837BD4680BD00BF73
S3150804BD6080B483B000AF786000BF0C37BD465DF879
S3150804BD70047B704780B483B000AF786000BF0C378B
S3150804BD80BD465DF8047B704780B483B000AF786025
S3150804BD9000BF0C37BD465DF8047B704780B483B09A
S3150804BDA000AF78600B467B8000BF0C37BD465DF854
S3150804BDB0047B704780B485B000AF78607B68D3F89D
S3150804BDC08830FB607B68D3F88C30BB60FA68BB6844
S3150804BDD0134318461437BD465DF8047B70470000C4
S3150804BDE02DE9B04F8CB000AF7861002387F82A306C
S3150804BDF07B699A687B691B691A437B695B691A4381
S3150804BE007B69DB691343FB627B691B681A68AA4B67
S3150804BE1013407A691268F96A0B4313607B691B68D5
S3150804BE205B6823F440517B69DA687B691B680A43BB
S3150804BE305A607B699B69FB627B691B689F4A9342CC
S3150804BE4004D07B691B6AFA6A1343FB627B691B6825
S3150804BE509B6823F06E4323F430637A691268F96A9F
S3150804BE600B4393607B691B68DB6A23F00F017B69CC
S3150804BE705A6A7B691B680A43DA627B691B68904ABB
S3150804BE80934225D18F4BD3F8883003F00303032B51
S3150804BE901AD801A252F823F0A9BE0408B9BE0408A8
S3150804BEA0B1BE0408C1BE0408012387F82B3016E185
S3150804BEB0022387F82B3012E1042387F82B300EE18E
S3150804BEC0082387F82B300AE1102387F82B3006E17C
S3150804BED07B691B687C4A934238D17A4BD3F88830FD
S3150804BEE003F00C030C2B2DD801A252F823F000BF43
S3150804BEF025BF040845BF040845BF040845BF040810
S3150804BF0035BF040845BF040845BF040845BF0408EF
S3150804BF102DBF040845BF040845BF040845BF0408E7
S3150804BF203DBF0408002387F82B30D8E0022387F89E
S3150804BF302B30D4E0042387F82B30D0E0082387F885
S3150804BF402B30CCE0102387F82B30C8E07B691B68BC
S3150804BF505E4A934225D15B4BD3F8883003F030030D
S3150804BF60302B16D0302B18D8202B0AD0202B14D8D7
S3150804BF70002B02D0102B08D00FE0002387F82B30B3
S3150804BF80ADE0022387F82B30A9E0042387F82B3089
S3150804BF90A5E0082387F82B30A1E0102387F82B3077
S3150804BFA09DE07B691B684A4A934225D1454BD3F8E1
S3150804BFB0883003F0C003C02B16D0C02B18D8802BAA
S3150804BFC00AD0802B14D8002B02D0402B08D00FE0BF
S3150804BFD0002387F82B3082E0022387F82B307EE093
S3150804BFE0042387F82B307AE0082387F82B3076E089
S3150804BFF0102387F82B3072E07B691B68354A934215
S3150804C0002AD1304BD3F8883003F44073B3F5407F14
S3150804C0101AD0B3F5407F1BD8B3F5007F0CD0B3F51F
S3150804C020007F15D8002B03D0B3F5807F08D00FE026
S3150804C030002387F82B3052E0022387F82B304EE092
S3150804C040042387F82B304AE0082387F82B3046E088
S3150804C050102387F82B3042E07B691B68174A934202
S3150804C0603AD1184BD3F8883003F44063B3F5406FDC
S3150804C0701AD0B3F5406F1BD8B3F5006F0CD0B3F5DF
S3150804C080006F15D8002B03D0B3F5806F08D00FE0E6
S3150804C090002387F82B3022E0022387F82B301EE092
S3150804C0A0042387F82B301AE0082387F82B3016E088
S3150804C0B0102387F82B3012E0F369FFCF0080004085
S3150804C0C00038014000100240004400400048004087
S3150804C0D0004C004000500040102387F82B307B6941
S3150804C0E01B68AE4A934240F0978097F82B30082B8A
S3150804C0F023D801A252F823F01DC104083BC1040841
S3150804C10025C104083BC104082BC104083BC1040823
S3150804C1103BC104083BC1040833C10408FBF71AFBF6
S3150804C120786210E09E4B7B620DE0FBF7A5FA786215
S3150804C13009E04FF400437B6205E000237B62012398
S3150804C14087F82A3000BF7B6A002B00F030817B69B0
S3150804C1505B6A944A32F813301A467B6AB3FBF2F3E5
S3150804C160BB617B695A6813465B001344BA699A42F1
S3150804C17005D37B695B681B03BA699A4203D9012311
S3150804C18087F82A3013E17B6A0022BB60FA607B6970
S3150804C1905B6A844A32F813309BB200223B607A60A9
S3150804C1A0D7E90023D7E90201F4F7D6FD02460B4680
S3150804C1B0104619464FF000024FF000030B0243EAFB
S3150804C1C01063020279694968490800200C46054645
S3150804C1D012EB040843EB05097B695B6800229A465F
S3150804C1E0934652465B4640464946F4F7B5FD024631
S3150804C1F00B4613463B623B6AB3F5407F08D33B6A5A
S3150804C200B3F5801F04D27B691B683A6ADA60CEE00C
S3150804C210012387F82A30CAE07B69DB69B3F5004F46
S3150804C22066D197F82B30082B27D801A252F823F0A9
S3150804C23055C204085DC2040865C204087BC2040822
S3150804C2406BC204087BC204087BC204087BC20408C8
S3150804C25073C20408FBF77EFA786214E0FBF790FAD7
S3150804C260786210E04E4B7B620DE0FBF705FA7862C4
S3150804C27009E04FF400437B6205E000237B62012357
S3150804C28087F82A3000BF7B6A002B00F090807B6910
S3150804C2905B6A444A32F813301A467B6AB3FBF2F3F4
S3150804C2A05A007B695B685B081A447B695B68B2FB66
S3150804C2B0F3F33B623B6A0F2B16D93B6AB3F5803F0F
S3150804C2C012D23B6A9BB223F00F03FB833B6A5B08DB
S3150804C2D09BB203F007039AB2FB8B1343FB837B6978
S3150804C2E01B68FA8BDA6062E0012387F82A305EE07D
S3150804C2F097F82B30082B28D801A252F823F000BF50
S3150804C30025C304082DC3040835C304084BC304080D
S3150804C3103BC304084BC304084BC304084BC30408B3
S3150804C32043C30408FBF716FA786214E0FBF728FA05
S3150804C330786210E01A4B7B620DE0FBF79DF9786290
S3150804C34009E04FF400437B6205E000237B62012386
S3150804C35087F82A3000BF7B6A002B28D07B695B6A82
S3150804C360104A32F813301A467B6AB3FBF2F27B6939
S3150804C3705B685B081A447B695B68B2FBF3F33B6250
S3150804C3803B6A0F2B10D93B6AB3F5803F0CD23B6A44
S3150804C3909AB27B691B68DA6009E000BF0080004036
S3150804C3A00024F4001CF30608012387F82A307B6965
S3150804C3B00122A3F86A207B690122A3F868207B6915
S3150804C3C000225A677B6900229A6797F82A3018462A
S3150804C3D03037BD46BDE8B08F80B483B000AF78600F
S3150804C3E07B689B6A03F00803002B0AD07B681B68EA
S3150804C3F05B6823F400417B689A6B7B681B680A4375
S3150804C4005A607B689B6A03F00103002B0AD07B6899
S3150804C4101B685B6823F400317B68DA6A7B681B68EF
S3150804C4200A435A607B689B6A03F00203002B0AD00E
S3150804C4307B681B685B6823F480317B681A6B7B68AE
S3150804C4401B680A435A607B689B6A03F00403002B43
S3150804C4500AD07B681B685B6823F480217B685A6B67
S3150804C4607B681B680A435A607B689B6A03F010035F
S3150804C470002B0AD07B681B689B6823F480517B6871
S3150804C480DA6B7B681B680A439A607B689B6A03F0CD
S3150804C4902003002B0AD07B681B689B6823F4005191
S3150804C4A07B681A6C7B681B680A439A607B689B6A7C
S3150804C4B003F04003002B1AD07B681B685B6823F4DF
S3150804C4C080117B685A6C7B681B680A435A607B68D0
S3150804C4D05B6CB3F5801F0AD17B681B685B6823F421
S3150804C4E0C0017B689A6C7B681B680A435A607B6840
S3150804C4F09B6A03F08003002B0AD07B681B685B6881
S3150804C50023F400217B68DA6C7B681B680A435A604B
S3150804C51000BF0C37BD465DF8047B704780B598B0FC
S3150804C52002AF78607B680022C3F89020F6F7C0FF54
S3150804C53078657B681B681B6803F00803082B2FD1F2
S3150804C5406FF07E4300937B6D00224FF400117868E8
S3150804C55000F08EF80346002B22D07B681B68BB6369
S3150804C560BB6B53E8003F7B637B6B23F080033B651F
S3150804C5707B681B681A463B6D7B643A64396C7A6C33
S3150804C58041E80023FB63FB6B002BE6D17B68202282
S3150804C590C3F888207B68002283F88420032363E099
S3150804C5A07B681B681B6803F00403042B49D16FF0EE
S3150804C5B07E4300937B6D00224FF48001786800F077
S3150804C5C057F80346002B3CD07B681B687B627B6A62
S3150804C5D053E8003F3B623B6A23F49073FB647B6831
S3150804C5E01B681A46FB6C3B63FA62F96A3A6B41E8C4
S3150804C5F00023BB62BB6A002BE6D17B681B68083341
S3150804C6003B613B6953E8003FFB60FB6823F0010389
S3150804C610BB647B681B680833BA6CFA61BB61B96989
S3150804C620FA6941E800237B617B69002BE5D17B68C5
S3150804C6302022C3F88C207B68002283F884200323F5
S3150804C64012E07B682022C3F888207B682022C3F87E
S3150804C6508C207B680022DA667B6800221A677B686E
S3150804C660002283F88420002318465837BD4680BD27
S3150804C67080B584B000AFF860B9603B601346FB71BF
S3150804C6804FE0BB69B3F1FF3F4BD0F6F711FF024603
S3150804C6903B68D31ABA699A4202D3BB69002B01D103
S3150804C6A003234EE0FB681B681B6803F00403002B96
S3150804C6B037D0BB68802B34D0BB68402B31D0FB689D
S3150804C6C01B68DB6903F00803082B10D1FB681B6899
S3150804C6D008221A62F86800F020F9FB680822C3F8F1
S3150804C6E09020FB68002283F88420012329E0FB6854
S3150804C6F01B68DB6903F40063B3F5006F11D1FB68AB
S3150804C7001B684FF400621A62F86800F006F9FB68C1
S3150804C7102022C3F89020FB68002283F88420032390
S3150804C7200FE0FB681B68DA69BB681340BA689A426B
S3150804C7300CBF01230023DBB21A46FB799A42A0D028
S3150804C740002318461037BD4680BD000080B596B054
S3150804C75000AFF860B9601346FB80FB68BA689A654F
S3150804C760FB68FA88A3F85C20FB680022C3F89020CB
S3150804C770FB682222C3F88C20FB68D3F88030002B90
S3150804C7802DD0FB68D3F88030404ADA62FB68D3F8C8
S3150804C79080303F4A1A63FB68D3F880303D4A5A63AF
S3150804C7A0FB68D3F8803000229A63FB68D3F88000CC
S3150804C7B0FB681B6824331946FB689B6D1A46FB887D
S3150804C7C0F8F790FF0346002B09D0FB681022C3F83C
S3150804C7D09020FB682022C3F88C20012351E0FB68D3
S3150804C7E01B69002B18D0FB681B68FB63FB6B53E8BB
S3150804C7F0003FBB63BB6B43F480737B65FB681B68B4
S3150804C8001A467B6DBB647A64796CBA6C41E800237A
S3150804C8103B643B6C002BE6D1FB681B680833BB62A0
S3150804C820BB6A53E8003F7B627B6A43F001033B65BE
S3150804C830FB681B6808333A6D7A633B63396B7A6B1A
S3150804C84041E80023FB62FB6A002BE5D1FB681B6801
S3150804C85008337B617B6953E8003F3B613B6943F0DE
S3150804C8604003FB64FB681B680833FA6C3A62FB6195
S3150804C870F9693A6A41E80023BB61BB69002BE5D133
S3150804C880002318465837BD4680BD00BF9DCA040814
S3150804C890C9CB040807CC040880B48FB000AF78600D
S3150804C8A07B681B683B623B6A53E8003FFB61FB6994
S3150804C8B023F0C0037B637B681B681A467B6BFB62A9
S3150804C8C0BA62B96AFA6A41E800237B627B6A002B7A
S3150804C8D0E6D17B681B680833FB60FB6853E8003FB6
S3150804C8E0BB60BB6823F400033B637B681B6808339F
S3150804C8F03A6BBA617B617969BA6941E800233B619D
S3150804C9003B69002BE5D17B682022C3F8882000BF49
S3150804C9103C37BD465DF8047B704780B495B000AFDC
S3150804C92078607B681B687B637B6B53E8003F3B63DB
S3150804C9303B6B23F49073FB647B681B681A46FB6C99
S3150804C9403B64FA63F96B3A6C41E80023BB63BB6B3F
S3150804C950002BE6D17B681B6808333B623B6A53E8C5
S3150804C960003FFB61FB6923F0805323F00103BB649A
S3150804C9707B681B680833BA6CFA62BB62B96AFA6ADE
S3150804C98041E800237B627B6A002BE3D17B68DB6E7C
S3150804C990012B18D17B681B68FB60FB6853E8003FD2
S3150804C9A0BB60BB6823F010037B647B681B681A466C
S3150804C9B07B6CBB617A617969BA6941E800233B619A
S3150804C9C03B69002BE6D17B682022C3F88C207B6860
S3150804C9D00022DA667B6800225A6700BF5437BD46D0
S3150804C9E05DF8047B704780B590B000AF78607B68CB
S3150804C9F09B6AFB637B681B681B6803F02003002B98
S3150804CA0037D1FB6B0022A3F85620FB6B1B6808334F
S3150804CA107B627B6A53E8003F3B623B6A23F08003F0
S3150804CA20BB63FB6B1B680833BA6B3A63FB62F96A30
S3150804CA303A6B41E80023BB62BB6A002BE5D1FB6B6A
S3150804CA401B683B613B6953E8003FFB60FB6843F0A6
S3150804CA5040037B63FB6B1B681A467B6BFB61BA61FD
S3150804CA60B969FA6941E800237B617B69002BE6D141
S3150804CA7002E0F86B13F08CFD00BF4037BD4680BD5D
S3150804CA8080B584B000AF78607B689B6AFB60F86801
S3150804CA90FFF766F900BF1037BD4680BD80B59CB068
S3150804CAA000AF78607B689B6AFB667B681B681B68BB
S3150804CAB003F02003002B71D1FB6E0022A3F85E203D
S3150804CAC0FB6E1B68FB64FB6C53E8003FBB64BB6CE2
S3150804CAD023F48073BB66FB6E1B681A46BB6EBB6584
S3150804CAE07A65796DBA6D41E800233B653B6D002B89
S3150804CAF0E6D1FB6E1B680833BB63BB6B53E8003F88
S3150804CB007B637B6B23F001037B66FB6E1B68083330
S3150804CB107A6E7A643B64396C7A6C41E80023FB6369
S3150804CB20FB6B002BE5D1FB6E1B6808337B627B6AC3
S3150804CB3053E8003F3B623B6A23F040033B66FB6EC7
S3150804CB401B6808333A6E3A63FB62F96A3A6B41E842
S3150804CB500023BB62BB6A002BE5D1FB6E2022C3F817
S3150804CB608C20FB6EDB6E012B18D1FB6E1B683B61B8
S3150804CB703B6953E8003FFB60FB6823F01003FB6541
S3150804CB80FB6E1B681A46FB6DFB61BA61B969FA69E3
S3150804CB9041E800237B617B69002BE6D1FB6E00220A
S3150804CBA01A67FB6EDB6E012B07D1FB6EB3F85C309C
S3150804CBB01946F86EFFF7F2F802E0F86E13F0D0FCA7
S3150804CBC000BF7037BD4680BD80B584B000AF7860BD
S3150804CBD07B689B6AFB60FB6801221A67FB68DB6E4D
S3150804CBE0012B09D1FB68B3F85C305B089BB2194684
S3150804CBF0F868FFF7D3F802E0F868FFF7BBF800BF58
S3150804CC001037BD4680BD80B586B000AF78607B68B6
S3150804CC109B6A7B617B69D3F888303B617B69D3F86F
S3150804CC208C30FB607B691B689B6803F08003802B50
S3150804CC3009D13B69212B06D17B690022A3F856202A
S3150804CC407869FFF729FE7B691B689B6803F0400334
S3150804CC50402B09D1FB68222B06D17B690022A3F855
S3150804CC605E207869FFF759FE7B69D3F8903043F064
S3150804CC7010027B69C3F890207869FFF785F800BF2E
S3150804CC801837BD4680BD80B584B000AF78607B6830
S3150804CC909B6AFB60FB680022A3F85E20F868FFF72E
S3150804CCA073F800BF1037BD4680BD80B588B000AFA5
S3150804CCB078607B681B68FB60FB6853E8003FBB60D1
S3150804CCC0BB6823F04003FB617B681B681A46FB6953
S3150804CCD0BB617A617969BA6941E800233B613B69BA
S3150804CCE0002BE6D17B682022C3F888207B680022C3
S3150804CCF09A67786813F04CFC00BF2037BD4680BDA0
S3150804CD0080B586B000AFF860B9607A603B60FB68AE
S3150804CD10002B01D1012358E0FB68D3F88830002B97
S3150804CD2006D1FB68002283F88420F868F6F7DCF954
S3150804CD30FB682422C3F88820FB681B681A68FB680A
S3150804CD401B6822F001021A60FB689B6A002B02D05A
S3150804CD50F868FFF741FBF868FFF742F80346012B2A
S3150804CD6001D1012331E0FB681B689A68FB681B68DC
S3150804CD7042F480429A60FB681B689B6823F400416E
S3150804CD80FB681B68BA680A439A607B685B057B6123
S3150804CD903B681B047A6913437B61FB681B681B6841
S3150804CDA023F07F7323F44033FA68126879690B43D6
S3150804CDB01360FB681B681A68FB681B6842F001026B
S3150804CDC01A60F868FFF7AAFB034618461837BD46E3
S3150804CDD080BD80B483B000AF786000BF0C37BD4611
S3150804CDE05DF8047B704780B483B000AF786000BFF9
S3150804CDF00C37BD465DF8047B704780B483B000AF3A
S3150804CE00786000BF0C37BD465DF8047B704780B474
S3150804CE1085B000AF78607B6893F88430012B01D124
S3150804CE20022327E07B68012283F884207B68242276
S3150804CE30C3F888207B681B681B68FB607B681B68D3
S3150804CE401A687B681B6822F001021A60FB6823F0E3
S3150804CE500053FB607B6800225A667B681B68FA6885
S3150804CE601A607B682022C3F888207B68002283F82E
S3150804CE708420002318461437BD465DF8047B7047A2
S3150804CE8080B584B000AF786039607B6893F88430E5
S3150804CE90012B01D102232DE07B68012283F884202B
S3150804CEA07B682422C3F888207B681B681B68FB60A0
S3150804CEB07B681B681A687B681B6822F001021A6083
S3150804CEC07B681B689B6823F060417B681B683A682B
S3150804CED00A439A60786800F04FF87B681B68FA681A
S3150804CEE01A607B682022C3F888207B68002283F8AE
S3150804CEF08420002318461037BD4680BD80B584B00B
S3150804CF0000AF786039607B6893F88430012B01D1CF
S3150804CF1002232DE07B68012283F884207B6824227F
S3150804CF20C3F888207B681B681B68FB607B681B68E2
S3150804CF301A687B681B6822F001021A607B681B6802
S3150804CF409B6823F060617B681B683A680A439A60A9
S3150804CF50786800F011F87B681B68FA681A607B68C1
S3150804CF602022C3F888207B68002283F884200023C3
S3150804CF7018461037BD4680BD80B485B000AF7860CA
S3150804CF807B685B6E002B08D17B680122A3F86A20B4
S3150804CF907B680122A3F8682031E00823FB73082381
S3150804CFA0BB737B681B689B685B0EDBB203F00703E5
S3150804CFB07B737B681B689B685B0FDBB203F0070314
S3150804CFC03B73BB7B3A7B11498A5C02FB03F33A7BCE
S3150804CFD00F498A5C93FBF2F39AB27B68A3F86A203A
S3150804CFE0FB7B7A7B09498A5C02FB03F37A7B084953
S3150804CFF08A5C93FBF2F39AB27B68A3F8682000BFB5
S3150804D0001437BD465DF8047B704700BF34F3060841
S3150804D0103CF3060880B500AF0749084806F0C6FA87
S3150804D0200346002B02D04FF0FF3303E0044B0122E2
S3150804D0301A700023184680BDD84900201400002021
S3150804D040DC49002080B586B000AF3B46002219466D
S3150804D0501048FAF79DFF07F11403002219460D48F4
S3150804D060FBF779F8FB7D14335A067B7D5B051A4377
S3150804D070BB7D1B041A433B78DB021A437B785B01AE
S3150804D0801343BA785208D2B2134318461837BD4622
S3150804D09080BD00BF3044002080B582B000AF03468F
S3150804D0A0FB71FB79184600F0EBF903461A46044B64
S3150804D0B01A70034B1B78DBB218460837BD4680BD89
S3150804D0C01000002080B582B000AF0346FB71FB79DF
S3150804D0D0184600F0C1FA03461A46044B1A70034B65
S3150804D0E01B78DBB218460837BD4680BD1000002001
S3150804D0F080B584B000AFB9607A603B600346FB73C1
S3150804D100F87B3B687A68B96800F0BCFA03461846A7
S3150804D1101037BD4680BD80B584B000AFB9607A606B
S3150804D1203B600346FB73F87B3B687A68B96800F092
S3150804D1300FFB034618461037BD4680BD80B584B03C
S3150804D14000AF03463A60FB710B46BB71B979FB79AC
S3150804D1503A68184600F078FB0346FB73FB7B1846CF
S3150804D1601037BD4680BD000080B582B000AF786038
S3150804D170F6F79EF90346044A1360044A7B6813606B
S3150804D18000BF0837BD4680BDE0490020E4490020B9
S3150804D19080B500AFF6F78CF90246064B1B68D21A1F
S3150804D1A0054B1B689A4234BF01230023DBB2184699
S3150804D1B080BD00BFE0490020E449002080B586B060
S3150804D1C002AF0346FB7107F10E02F91D32230093E1
S3150804D1D001230548FBF735FB0346FB73BB7B18465F
S3150804D1E01037BD4680BD00BFBC44002090B585B04D
S3150804D1F000AF786039600023FB600AE07A68FB6850
S3150804D200D418FF20FFF7DAFF03462370FB680133BF
S3150804D210FB60FA683B689A42F0D300BF00BF143734
S3150804D220BD4690BD80B582B000AF786039603B6872
S3150804D2309AB24FF0FF3379680348FBF78CF900BFBD
S3150804D2400837BD4680BD00BFBC44002080B586B003
S3150804D25000AF7860F6F72CF978617B683B61FF20AC
S3150804D260FFF7ACFF0346FB73FB7BFF2B07D0F6F7F0
S3150804D2701FF902467B69D31A3A699A42EFD8FB7BAF
S3150804D280FF2B0CBF01230023DBB218461837BD4613
S3150804D29080BD000080B500AF01224FF40061044848
S3150804D2A0F8F750FEFF20FFF789FF00BF80BD00BFD7
S3150804D2B00010004880B500AF00224FF400610A4808
S3150804D2C0F8F740FEFF20FFF779FF4FF4FA70FFF7EF
S3150804D2D0BDFF0346002B01D0012302E0FFF7DAFF66
S3150804D2E00023184680BD00BF0010004880B584B0EE
S3150804D2F000AF78603960C820FFF736FFFF20FFF7D4
S3150804D3005DFF0346FB73FB7BFF2B04D1FFF740FF4E
S3150804D3100346002BF2D1FB7BFE2B01D000230AE047
S3150804D32039687868FFF762FFFF20FFF747FFFF2099
S3150804D330FFF744FF012318461037BD4680BD80B564
S3150804D34084B000AF78600B46FB704FF4FA70FFF7B1
S3150804D3507DFF0346002B01D100231EE0FB78184607
S3150804D360FFF72CFFFB78FD2B16D04FF40071786875
S3150804D370FFF758FFFF20FFF721FFFF20FFF71EFFE7
S3150804D380FF20FFF71BFF0346FB73FB7B03F01F031A
S3150804D390052B01D0002300E0012318461037BD46AB
S3150804D3A080BD80B584B000AF03463960FB7197F938
S3150804D3B00730002B0EDAFB7903F07F03FB7100219B
S3150804D3C03720FFF7EEFF0346BB73BB7B012B01D95E
S3150804D3D0BB7B51E0FB790C2B08D0FFF75BFFFFF70B
S3150804D3E069FF0346002B01D1FF2345E0FB7943F08F
S3150804D3F04003DBB21846FFF7E1FE3B681B0EDBB2BF
S3150804D4001846FFF7DBFE3B681B0CDBB21846FFF732
S3150804D410D5FE3B681B0ADBB21846FFF7CFFE3B680E
S3150804D420DBB21846FFF7CAFE0123FB73FB79002B10
S3150804D43001D19523FB73FB79082B01D18723FB7351
S3150804D440FB7B1846FFF7BAFEFB790C2B02D1FF20AB
S3150804D450FFF7B4FE0A23FB73FF20FFF7AFFE03466C
S3150804D460BB7397F90E30002B05DAFB7B013BFB7384
S3150804D470FB7B002BF0D1BB7B18461037BD4680BD1D
S3150804D48090B585B000AF0346FB71FB79002B01D03C
S3150804D4900123D6E06D4B1B78DBB203F00203002BA5
S3150804D4A003D06A4B1B78DBB2CBE0694B1B681B685D
S3150804D4B023F03802664B1B6842F030021A600A23CE
S3150804D4C0FB7305E0FF20FFF779FEFB7B013BFB734B
S3150804D4D0FB7B002BF6D100237B7300210020FFF78A
S3150804D4E060FF0346012B40F08B804FF47A70FFF7F8
S3150804D4F03BFE4FF4D5710820FFF753FF0346012B73
S3150804D50051D10023FB730DE0FC7BFF20FFF756FE89
S3150804D51003461A4604F110033B4403F8082CFB7B24
S3150804D5200133FB73FB7B032BEED9BB7A012B67D143
S3150804D530FB7AAA2B64D100BFFFF72AFE0346002B09
S3150804D54007D04FF08041A920FFF72BFF0346002B95
S3150804D550F2D1FFF71DFE0346002B51D000213A20D5
S3150804D560FFF71FFF0346002B4AD10023FB730DE088
S3150804D570FC7BFF20FFF722FE03461A4604F110033C
S3150804D5803B4403F8082CFB7B0133FB73FB7B032B1F
S3150804D590EED93B7A03F04003002B01D00C2300E0BC
S3150804D5A004237B732CE00021A920FFF7FAFE034627
S3150804D5B0012B04D802237B73A923BB7303E001233D
S3150804D5C07B730123BB7300BFFFF7E2FD0346002B01
S3150804D5D007D0BB7B00211846FFF7E3FE0346002B62
S3150804D5E0F2D1FFF7D5FD0346002B07D04FF400719F
S3150804D5F01020FFF7D6FE0346002B01D000237B73C9
S3150804D600144A7B7B1370FFF745FE7B7B002B12D0F5
S3150804D6100F4B1B681B6823F038020D4B1B6842F03E
S3150804D62010021A60094B1B78DBB223F00103DAB245
S3150804D630064B1A7002E0054B01221A70034B1B783D
S3150804D640DBB218461437BD4690BD00BF280000203B
S3150804D650BC440020DD49002080B483B000AF0346F3
S3150804D660FB71FB79002B01D0012302E0044B1B78E4
S3150804D670DBB218460C37BD465DF8047B704700BF1D
S3150804D6802800002080B584B000AFB9607A603B609A
S3150804D6900346FB73FB7B002B02D13B68002B01D1AD
S3150804D6A004234DE0284B1B78DBB203F00103002B5F
S3150804D6B001D0032344E0254B1B7803F00803002B11
S3150804D6C002D17B685B027B603B68012B11D17968C8
S3150804D6D01120FFF766FE0346002B29D14FF400718B
S3150804D6E0B868FFF703FE0346002B21D000233B60EE
S3150804D6F01EE079681220FFF754FE0346002B17D163
S3150804D7004FF40071B868FFF7F1FD0346002B0AD001
S3150804D710BB6803F50073BB603B68013B3B603B6831
S3150804D720002BEDD100E000BF00210C20FFF739FEE5
S3150804D730FFF7B0FD3B68002B14BF01230023DBB2BF
S3150804D74018461037BD4680BD28000020DD49002054
S3150804D75080B584B000AFB9607A603B600346FB735A
S3150804D760FB7B002B02D13B68002B01D1042363E029
S3150804D770334B1B78DBB203F00103002B01D00323E0
S3150804D7805AE02F4B1B78DBB203F00403002B01D0BD
S3150804D790022351E02B4B1B7803F00803002B02D11C
S3150804D7A07B685B027B603B68012B10D17968182083
S3150804D7B0FFF7F7FD0346002B36D1FE21B868FFF7BD
S3150804D7C0BEFD0346002B2FD000233B602CE01D4BE7
S3150804D7D01B7803F00603002B03D039689720FFF75C
S3150804D7E0E0FD79681920FFF7DCFD0346002B1BD101
S3150804D7F0FC21B868FFF7A3FD0346002B0AD0BB68D3
S3150804D80003F50073BB603B68013B3B603B68002B38
S3150804D810EED100E000BFFD210020FFF790FD03468E
S3150804D820002B01D101233B60FFF734FD3B68002B35
S3150804D83014BF01230023DBB218461037BD4680BD4A
S3150804D84028000020DD49002080B58CB000AF0346CF
S3150804D8503A60FB710B46BB71FB79002B01D004239C
S3150804D8605AE1AF4B1B78DBB203F00103002B01D05E
S3150804D870032351E1012387F82F30BB79042B00F2E7
S3150804D880368101A252F823F09DD80408B1D80408B9
S3150804D890EFDA04085DD9040853DA0408FFF70AFD29
S3150804D8A00346002B00F02781002387F82F3022E156
S3150804D8B000210920FFF775FD0346002B40F01D8162
S3150804D8C007F10C0310211846FFF710FD0346002B39
S3150804D8D000F013813B7B9B09DBB2012B11D17B7DC5
S3150804D8E01A463B7D1B0213441A46FB7C1B0403F4AD
S3150804D8F07C1313440133FB61FB699A023B681A6083
S3150804D90028E07B7C03F00F03DAB2BB7DDB09DBB2CC
S3150804D9101344DAB27B7D5B00DBB203F00603DBB2A9
S3150804D9201344DBB2023387F82E303B7D9B09DBB206
S3150804D9301A46FB7C9B001A44BB7C9B0203F4406397
S3150804D94013440133FB6197F82E30093BFA699A4070
S3150804D9503B681A60002387F82F30CEE0714B1B789A
S3150804D96003F00403002B31D000218D20FFF719FDA5
S3150804D9700346002B40F0C380FF20FFF71FFC07F186
S3150804D9800C0310211846FFF7B1FC0346002B00F0E0
S3150804D990B680302387F82E3007E0FF20FFF70EFC09
S3150804D9A097F82E30013B87F82E3097F82E30002B47
S3150804D9B0F3D1BB7D1B09DBB21A46102303FA02F224
S3150804D9C03B681A60002387F82F3098E00021092065
S3150804D9D0FFF7E7FC0346002B40F0918007F10C03A0
S3150804D9E010211846FFF782FC0346002B00F08780B7
S3150804D9F04C4B1B7803F00203002B12D0BB7D5B0053
S3150804DA0003F07E03FA7DD209D2B213445A1C7B7EF4
S3150804DA109B09DBB2013B02FA03F31A463B681A6018
S3150804DA2013E0BB7D9B109BB203F01F030133FA7D01
S3150804DA30D20002F01802F97D4909C9B20A44013232
S3150804DA4002FB03F31A463B681A60002387F82F3053
S3150804DA5055E0344B1B7803F00603002B51D007F12D
S3150804DA600C02FB790B211846FFF7EEFE0346002B42
S3150804DA7049D13B7B9B09DBB2002B04D1BB7D03F068
S3150804DA804003002B41D03B683B623B6A1B68BB6280
S3150804DA903B6A5B687B62234B1B7803F00803002B05
S3150804DAA005D1BB6A5B02BB627B6A5B027B62B96AAD
S3150804DAB02020FFF776FC0346002B28D1796A21201B
S3150804DAC0FFF76FFC0346002B21D100212620FFF720
S3150804DAD068FC0346002B1AD147F23050FFF7B6FB11
S3150804DAE00346002B13D0002387F82F300FE00423B6
S3150804DAF087F82F300CE000BF0AE000BF08E000BF3B
S3150804DB0006E000BF04E000BF02E000BF00E000BF7B
S3150804DB10FFF7C0FB97F82F3018463037BD4680BD4F
S3150804DB2028000020DD49002080B400AF00BFBD46B0
S3150804DB305DF8047B7047000080B582B000AF78605A
S3150804DB407B6893F86A31052B1CD17B6893F8693195
S3150804DB5019462C4A0B465B000B449B0013440433BA
S3150804DB601B68002B49D07B6893F869311946254A06
S3150804DB700B465B000B449B00134404331B6878680C
S3150804DB8098473AE07B6893F86931032B1BD87B687E
S3150804DB9093F8693119461B4A0B465B000B449B00F4
S3150804DBA0134408331B68002B0DD07B6893F869313E
S3150804DBB01946144A0B465B000B449B00134408336E
S3150804DBC01B68786898477B6893F86A3119460D4A42
S3150804DBD00B465B000B449B0013441B68002B0CD0BC
S3150804DBE07B6893F86A311946064A0B465B000B4470
S3150804DBF09B0013441B687868984700BF0837BD46DE
S3150804DC0080BD00BF44F3060880B582B000AF7860D3
S3150804DC1002201AF017FB0346002B13D01AF0A8FAB1
S3150804DC20124913481AF06CFA7B6893F86931194655
S3150804DC307B6893F86A311A460E481AF061FA0E4858
S3150804DC401AF05EFA7B6893F869217B6883F8682181
S3150804DC507B6893F86A217B6883F869217B680522C7
S3150804DC6083F86A2100BF0837BD4680BDF8D2060886
S3150804DC70FCD2060804D306081CD3060890B587B058
S3150804DC8004AF78607B68264918461BF0DFF97B6881
S3150804DC9003F12000234BB3F8E03D1C46214BB3F8AF
S3150804DCA0E23D1A461F4BB3F8E43D19461D4BB3F83B
S3150804DCB0E63D02930191009223461B4A20211BF05C
S3150804DCC091F97B68032283F840207B68052283F850
S3150804DCD042207B68032283F844207B680022A3F849
S3150804DCE046207B680022A3F848207B68F022A3F824
S3150804DCF04A207B684FF4A072A3F84C207B68002264
S3150804DD00A3F850207B684FF6FF72A3F84E207B6871
S3150804DD10903318460DF0C0FC00BF0C37BD4690BDC5
S3150804DD2020D30608344C002030D3060880B58EB0BC
S3150804DD3000AF786007F108032E22002118461BF06D
S3150804DD400BFA7B68423318460AF04CFE7A6807F1E8
S3150804DD5008030833114618461BF078F903233B7267
S3150804DD600323BB727B68B3F84C305B089BB2BB8158
S3150804DD707B68B3F84A309B089BB2FB814FF6FF7366
S3150804DD80BB8600237B86022387F8303007F1080315
S3150804DD9018460BF02DF97B6803F1200207F10803F6
S3150804DDA00833114618461BF051F97B68B3F87630E8
S3150804DDB09B089BB21A46520013449BB2FB8107F197
S3150804DDC0080318460BF014F900BF3837BD4680BD62
S3150804DDD080B483B000AF78607B68B3F846207B686C
S3150804DDE0A3F878207B68B3F848207B68A3F87A20E0
S3150804DDF07B68B3F84C305B089AB27B68A3F87C203E
S3150804DE007B68B3F84A207B68A3F87E207B68B3F85E
S3150804DE1046207B68B3F84C305B089BB213449AB22D
S3150804DE207B68A3F880207B68B3F848207B68A3F84E
S3150804DE3082207B68B3F84C305B089AB27B68A3F8F7
S3150804DE4084207B68B3F84A207B68A3F886207B681D
S3150804DE50B3F846207B68A3F888207B68B3F8482083
S3150804DE607B68A3F88A207B68B3F84C207B68A3F800
S3150804DE708C207B68B3F84A207B68A3F88E207B68DD
S3150804DE807A68C3F86C217B68974AC3F8EC2A7B68DE
S3150804DE90012283F8F02A7B68D3F8EC3A202283F827
S3150804DEA01C247B68D3F8EC3A082283F83C247B6864
S3150804DEB0D3F8EC3A0122C3F840247B68D3F8EC3A49
S3150804DEC0002283F84A247B68D3F8EC3A45F2584290
S3150804DED0A3F846247B68D3F8EC3A45F25842A3F8EB
S3150804DEE048247B68D3F8EC3A222283F844247B68D6
S3150804DEF0D3F8EC3A002283F84A247B68D3F8EC3A40
S3150804DF0045F25842A3F846247B68D3F8EC3A45F21E
S3150804DF105842A3F848247B68D3F8EC3A222283F8BB
S3150804DF2044247B687A68C3F8A02B7B6803F580537E
S3150804DF301A466E4BC2F820357B6803F580530222D5
S3150804DF4083F824257B6803F58053D3F820352022EB
S3150804DF5083F81C247B6803F58053D3F820350822FC
S3150804DF6083F83C247B6803F58053D3F820350122D3
S3150804DF70C3F840247B6803F58053D3F82035002280
S3150804DF8083F84A247B6803F58053D3F8203545F291
S3150804DF905842A3F846247B6803F58053D3F8203502
S3150804DFA045F25842A3F848247B6803F58053D3F80E
S3150804DFB02035222283F844247B6803F58053D3F85A
S3150804DFC02035002283F84A247B6803F58053D3F866
S3150804DFD0203545F25842A3F846247B6803F5805356
S3150804DFE0D3F8203545F25842A3F848247B6803F54C
S3150804DFF08053D3F82035222283F844247B6803F51A
S3150804E00080531A467B68C2F8D4357B6803F5805377
S3150804E0101A46374BC2F8543F7B6803F580530322EC
S3150804E02083F8582F7B6803F58053D3F8543F20228E
S3150804E03083F81C247B6803F58053D3F8543F0822DD
S3150804E04083F83C247B6803F58053D3F8543F0122B4
S3150804E050C3F840247B6803F58053D3F8543F002261
S3150804E06083F84A247B6803F58053D3F8543F45F272
S3150804E0705842A3F846247B6803F58053D3F8543FE3
S3150804E08045F25842A3F848247B6803F58053D3F82D
S3150804E090543F222283F844247B6803F58053D3F83B
S3150804E0A0543F002283F84A247B6803F58053D3F847
S3150804E0B0543F45F25842A3F846247B6803F5805337
S3150804E0C0D3F8543F45F25842A3F848247B6803F52D
S3150804E0D08053D3F8543F222283F8442400BF0C37D4
S3150804E0E0BD465DF8047B7047404C0020CC500020A8
S3150804E0F05855002080B582B000AF786001F0F6FA72
S3150804E1007B6893F84030184601F0F6F87868FFF70C
S3150804E1107BFD7868FFF7B2FD7868FFF707FE786835
S3150804E120FFF756FE00BF0837BD4680BD80B483B0EE
S3150804E13000AF78607B68012283F86A2100BF0C3738
S3150804E140BD465DF8047B704780B483B000AF786041
S3150804E15000BF0C37BD465DF8047B704780B582B0B6
S3150804E16000AF78607868FFF74FFD00BF0837BD46F3
S3150804E17080BD80B582B000AF78607B6803F5B6735E
S3150804E180184611F00BF97B6803F53A63184611F043
S3150804E19005F97B6893F87131082B00BF0837BD462B
S3150804E1A080BD80B483B000AF786000BF0C37BD462D
S3150804E1B05DF8047B704780B582B000AF78607868F4
S3150804E1C0FFF722FD00BF0837BD4680BD80B582B083
S3150804E1D000AF78607B6803F5AE531433184611F024
S3150804E1E0DDF800BF0837BD4680BD80B483B000AFF4
S3150804E1F0786000BF0C37BD465DF8047B704780B570
S3150804E20082B000AF78607868FFF7FEFC00BF083775
S3150804E210BD4680BD80B483B000AF786000BF0C37BC
S3150804E220BD465DF8047B704780B483B000AF786060
S3150804E23000BF0C37BD465DF8047B704790B589B0BE
S3150804E24000AF0446084611461A462346FB80034691
S3150804E250BB800B467B8013467B707B88FB6100235F
S3150804E260BB6101237B6101233B617B885B007A697F
S3150804E270D31AFB60B4E097F90130002B0DDAFB6979
S3150804E2809AB2FB88134498B2BB699AB2BB88134402
S3150804E2909BB23A8E194601F0EBF87B7803F04003FB
S3150804E2A0002B0DD0BB699AB2FB88134498B2FB695C
S3150804E2B09AB2BB8813449BB23A8E194601F0D8F831
S3150804E2C07B7803F02003002B0DD0BB699BB2FA8838
S3150804E2D0D31A98B2FB699AB2BB8813449BB23A8E96
S3150804E2E0194601F0C5F87B7803F01003002B0DD00E
S3150804E2F0FB699BB2FA88D31A98B2BB699AB2BB88EF
S3150804E30013449BB23A8E194601F0B2F87B7803F0AF
S3150804E3100803002B0DD0FB699BB2FA88D31A98B26E
S3150804E320BB699BB2BA88D31A9BB23A8E194601F0D6
S3150804E3309FF87B7803F00403002B0DD0BB699BB2CE
S3150804E340FA88D31A98B2FB699BB2BA88D31A9BB2D5
S3150804E3503A8E194601F08CF87B7803F00203002BF9
S3150804E3600DD0BB699AB2FB88134498B2FB699BB279
S3150804E370BA88D31A9BB23A8E194601F079F87B7893
S3150804E38003F00103002B0DD0FB699AB2FB881344F2
S3150804E39098B2BB699BB2BA88D31A9BB23A8E19460D
S3150804E3A001F066F8FB68002B09DCBB690133BB6125
S3150804E3B0FA683B691344FB603B6902333B61FB68BB
S3150804E3C0002B0DDDFB69013BFB617B6902337B6135
S3150804E3D07B885B425A007B691344FA681344FB60E2
S3150804E3E0FA69BB699A42BFF646AF00BF00BF243735
S3150804E3F0BD4690BD2DE9F04395B002AF06460846E2
S3150804E40011461A463346FB810346BB810B467B817C
S3150804E41013467B727B897B6400233B647B6CC3F164
S3150804E4200103FB637B895B000133BB627B89013390
S3150804E4307B62BE6A731E3B62324600239046994647
S3150804E4404FF000024FF000034FEA091343EA18732A
S3150804E4504FEA0812BB6A324652001146184619F0AA
S3150804E46043FF0346FB61796A79604B1EBB610A4622
S3150804E470002314461D464FF000024FF000032B01FB
S3150804E48043EA147322017B6A0A4652001146184667
S3150804E49019F02AFF03467B610023BB6318E00023B7
S3150804E4A07B630EE03246BB6B02FB03F35B00FA693F
S3150804E4B013447A6BB7F86C1023F812107B6B01338C
S3150804E4C07B637A6BBB6A9A42ECDBBB6B0133BB6337
S3150804E4D0BA6BBB6A9A42E2DBABE0FA897B6CD31A65
S3150804E4E03B633EE07A893B6B1A44FB89D31ABB63C8
S3150804E4F0BB6B002B12DA102019F0A4FE0346002B7E
S3150804E5000CD019F035FEA449A44819F0F9FDB96BE5
S3150804E510A34819F0F5FDA34819F0F2FD7B893A6C76
S3150804E52013447B633246BB6B02FB03F35B00FA6955
S3150804E53013447A6BB7F8681023F812107A893B6C7F
S3150804E540D31A7B633246BB6B02FB03F35B00FA699F
S3150804E55013447A6BB7F8681023F812103B6B01332F
S3150804E5603B63FA897B6C13443A6B9A42BADDFA899F
S3150804E5703B6CD31AFB623EE07A89FB6A1A44FB8930
S3150804E580D31ABB63BB6B002B12DA102019F05AFEA0
S3150804E5900346002B0CD019F0EBFD7F497F4819F090
S3150804E5A0AFFDB96B7E4819F0ABFD7E4819F0A8FD9E
S3150804E5B07B897A6C13447B633246BB6B02FB03F399
S3150804E5C05B00FA6913447A6BB7F8681023F81210DB
S3150804E5D07A897B6CD31A7B633246BB6B02FB03F3E3
S3150804E5E05B00FA6913447A6BB7F8681023F81210BB
S3150804E5F0FB6A0133FB62FA893B6C1344FA6A9A4252
S3150804E600BADD3B6C01333B64FB6B002B06DC3B6CCD
S3150804E6105B000133FA6B1344FB630AE07B6C013B32
S3150804E6207B643A6C7B6CD31A5B000133FA6B134434
S3150804E630FB637A6C3B6C9A42BFF64FAF7B7A032B2B
S3150804E64000F23F8101A252F823F000BF5DE60408F8
S3150804E650F3E604088BE7040831E804080023BB63DF
S3150804E66022E000237B6318E03246BB6B02FB03F30C
S3150804E6705B00FA691A4479897B6B19447868BB6B21
S3150804E68000FB03F35B007869034432F811107A6BD4
S3150804E69023F812107B6B01337B637B897A6B9A426E
S3150804E6A0E2DDBB6B0133BB637B89BA6B9A42D8DD67
S3150804E6B0BA897B89D31A9CB27B6A9DB27B6A9EB25D
S3150804E6C07B697A6A91B27A6A92B211FB02F292B2C1
S3150804E6D0F8890192009333462A46214600F0AEFF94
S3150804E6E07A89B989F889002300930323FFF7A6FDDD
S3150804E6F0E7E00023BB6320E000237B6316E0324691
S3150804E700BB6B02FB03F35B00FA691A447968BB6BBB
S3150804E71001FB03F35B0079690B44796B32F811103A
S3150804E7207A6B23F812107B6B01337B637A6B7B6AF3
S3150804E7309A42E4DBBB6B0133BB63BA6B7B6A9A42CE
S3150804E740DADBFA897B89D31A98B2BA897B89D31A10
S3150804E7509CB27B6A9DB27B6A9EB27B697A6A91B2E5
S3150804E7607A6A92B211FB02F292B20192009333468C
S3150804E7702A46214600F062FF7A89B989F889002376
S3150804E78000930C23FFF75AFD9BE00023BB632BE0A1
S3150804E79000237B6321E000BF48D306084CD3060850
S3150804E7A054D306085CD306087A89BB6B13443246ED
S3150804E7B002FB03F35B00FA691A447968BB6B01FB35
S3150804E7C003F35B0079690B44796B32F811107A6BA1
S3150804E7D023F812107B6B01337B637B897A6B9A422D
S3150804E7E0E2DDBB6B0133BB637B89BA6B9A42CFDD2F
S3150804E7F0FA897B89D31A98B27B6A9CB27B6A9DB2E2
S3150804E8007B697A6A91B27A6A92B211FB02F292B27F
S3150804E810B989019200932B46224600F00FFF7A89A4
S3150804E820B989F889002300933023FFF707FD48E0E8
S3150804E8300023BB6324E000237B631AE07A89BB6B5D
S3150804E8401344324602FB03F35B00FA691A447989D6
S3150804E8507B6B19447868BB6B00FB03F35B00786930
S3150804E860034432F811107A6B23F812107B6B0133C8
S3150804E8707B637B897A6B9A42E0DDBB6B0133BB63AE
S3150804E8807B89BA6B9A42D6DD7B6A9CB27B6A9DB257
S3150804E8907B697A6A91B27A6A92B211FB02F292B2EF
S3150804E8A0B989F889019200932B46224600F0C6FEE0
S3150804E8B07A89B989F88900230093C023FFF7BEFC37
S3150804E8C000BFF86919F036FD786919F033FD00BF01
S3150804E8D04C37BD46BDE8F08390B587B000AF044613
S3150804E8E0084611461A462346FB800346BB800B4658
S3150804E8F07B8013463B800023FB820023BB820023D4
S3150804E900FB740023BB744FF00003FB607A88FB8812
S3150804E910D31A07EE903AF8EEE77AC7ED037AD7EDFD
S3150804E920037AF5EEC07AF1EE10FA01D50123FB74E9
S3150804E9304FF00003FB603A88BB88D31A07EE903A77
S3150804E940F8EEE77AC7ED037AD7ED037AF5EEC07ADF
S3150804E950F1EE10FA01D50123BB74FB7C002B04D11C
S3150804E9607A88FB88D31AFB8203E0FA887B88D31A51
S3150804E970FB823B8DFA8AB988F88800F0CAFF3B8D7A
S3150804E980FA8A3988F88800F0C4FFBB7C002B04D1C6
S3150804E9903A88BB88D31ABB8203E0BA883B88D31A61
S3150804E9A0BB823B8DBA8AB988F88801F010F83B8D8A
S3150804E9B0BA8AB988788801F00AF8FB8A002B02D14A
S3150804E9C0BB8A002B05D03A8D39887B88184600F017
S3150804E9D04FFD00BF1C37BD4690BD90B589B002AF48
S3150804E9E00446084611461A462346FB800346BB805E
S3150804E9F00B467B8013463B800023FB820023BB82A5
S3150804EA000023FB740023BB740023BB6000233B82F2
S3150804EA100023FB817A88FB88D31ABB60BB68002B6A
S3150804EA2001DA0123FB740023BB603A88BB88D31A36
S3150804EA30BB60BB68002B01DA0123BB74FB7C002B8B
S3150804EA4006D17A88FB88D31AFB82FB883B8205E0C9
S3150804EA50FA887B88D31AFB827B883B82BB7C002B93
S3150804EA6006D13A88BB88D31ABB82BB88FB8105E0EA
S3150804EA70BA883B88D31ABB823B88FB81BC8AFA8A4C
S3150804EA80F989388A3B8D0093234600F07BFD00BF45
S3150804EA901C37BD4690BD0000F0B5ADF5057D02AF47
S3150804EAA084460E461046194607F50273A3F2012357
S3150804EAB062461A7007F50273A3F5017332461A8083
S3150804EAC007F50273A3F2062302461A8007F50273B2
S3150804EAD0A3F502730A461A80B7F8202213465B0088
S3150804EAE013445B001E46731EC7F8FC3132460023E6
S3150804EAF014461D464FF000024FF000032B0143EA6B
S3150804EB0014732201B7F82032DB001A4633465B0039
S3150804EB101946104619F0E8FB0346C7F8F83107F515
S3150804EB20CA736022002118461AF016FB07F5027309
S3150804EB30A3F5FA7318464FF4C0731A4600211AF05F
S3150804EB400BFB07F50273A3F201231B7887F8F73149
S3150804EB5097F8F7311F2B05D807F50273A3F201239B
S3150804EB6000221A70002387F8033217E097F8F72172
S3150804EB7097F8030297F80312AB4C13465B00134449
S3150804EB805B00234403441A7807F50273A3F5FE735E
S3150804EB905A5497F80332013387F8033297F8033245
S3150804EBA0052BE3D9002387F8063218E2002387F8F1
S3150804EBB007320AE297F8063207F50272A2F5FE72E0
S3150804EBC0D35C1A4697F8073242FA03F303F00103B3
S3150804EBD0002B00F0FC80B7F82032012B12D197F8ED
S3150804EBE00732324602FB03F35B00D7F8F8211344D5
S3150804EBF097F8062207F50271A1F50271098823F828
S3150804EC001210DDE1002387F8053234E0002387F883
S3150804EC10043224E097F80732B7F8202203FB02F2FD
S3150804EC2097F805321344324602FB03F35B00D7F820
S3150804EC30F821134497F80622B7F8201202FB01F1CB
S3150804EC4097F804220A4407F50271A1F502710988A6
S3150804EC5023F8121097F80432013387F8043297F828
S3150804EC6004329BB2B7F820229A42D3D897F80532D1
S3150804EC70013387F8053297F805329BB2B7F8202294
S3150804EC809A42C3D8B7F82032022B74D197F80732C0
S3150804EC90B7F8202203FB02F297F80632B7F82012D7
S3150804ECA001FB03F007F50273A3F5FA7113465B003B
S3150804ECB013449B00034407F50272A2F502721288F4
S3150804ECC021F8132097F80732B7F8202202FB03F33A
S3150804ECD05A1C97F80632B7F8201201FB03F007F519
S3150804ECE00273A3F5FA7113465B0013449B000344AD
S3150804ECF007F50272A2F50272128821F8132097F812
S3150804ED000732B7F8202203FB02F297F80632B7F85F
S3150804ED10201201FB03F3581C07F50273A3F5FA71D5
S3150804ED2013465B0013449B00034407F50272A2F5DD
S3150804ED300272128821F8132097F80732B7F82022AE
S3150804ED4002FB03F35A1C97F80632B7F8201201FBA4
S3150804ED5003F3581C07F50273A3F5FA7113465B000F
S3150804ED6013449B00034407F50272A2F50272128843
S3150804ED7021F8132024E197F806329BB2B7F820222B
S3150804ED8012FB03F39AB207F50273A3F501731B8802
S3150804ED90134498B297F807329BB2B7F8202212FBAD
S3150804EDA003F39AB207F50273A3F206231B881344E6
S3150804EDB099B2B7F82042B7F8202207F50273A3F5EB
S3150804EDC002731B880093234600F0DCFBF8E0B7F8CF
S3150804EDD02032012B20D197F8072297F806121346FA
S3150804EDE05B0013445B000B445B0003F502733B446E
S3150804EDF0B7F8242223F8742C97F80732324602FB14
S3150804EE0003F35B00D7F8F821134497F80622B7F8FA
S3150804EE10241223F81210D3E0002387F8053233E0CE
S3150804EE20002387F8043223E03420002097F80732B9
S3150804EE30B7F8202203FB02F297F805321344324648
S3150804EE4002FB03F35B00D7F8F821134497F806226C
S3150804EE50B7F8201202FB01F197F804220A44B7F81E
S3150804EE60241223F8121097F80432013387F804326F
S3150804EE7097F804329BB2B7F820229A42D6D897F864
S3150804EE800532013387F8053297F805329BB2B7F88D
S3150804EE9020229A42C4D8B7F82032022B68D197F8B0
S3150804EEA00732B7F8202203FB02F297F80632B7F8BE
S3150804EEB0201201FB03F007F50273A3F5FA71134652
S3150804EEC05B0013449B000344B7F8242221F813205B
S3150804EED097F80732B7F8202202FB03F35A1C97F86F
S3150804EEE00632B7F8201201FB03F007F50273A3F5FF
S3150804EEF0FA7113465B0013449B000344B7F82422B3
S3150804EF0021F8132097F80732B7F8202203FB02F2F8
S3150804EF1097F80632B7F8201201FB03F3581C07F5D5
S3150804EF200273A3F5FA7113465B0013449B0003446A
S3150804EF30B7F8242221F8132097F80732B7F82022C5
S3150804EF4002FB03F35A1C97F80632B7F8201201FBA2
S3150804EF5003F3581C07F50273A3F5FA7113465B000D
S3150804EF6013449B000344B7F8242221F8132027E00E
S3150804EF7097F806329BB2B7F8202212FB03F39AB22B
S3150804EF8007F50273A3F501731B88134498B297F81F
S3150804EF9007329BB2B7F8202212FB03F39AB207F59D
S3150804EFA00273A3F206231B88134499B2B7F82042C6
S3150804EFB0B7F82022B7F824320093234600F0E2FA81
S3150804EFC097F80732013387F8073297F80732072B81
S3150804EFD07FF6F0AD97F80632013387F8063297F8CC
S3150804EFE00632052B7FF6E2ADB7F820321A465200F0
S3150804EFF013445B009DB2B7F82032DB009EB2D7F803
S3150804F000F821B7F8203213FB03F39BB219464900DB
S3150804F0100B441B019BB207F50271A1F206210C8869
S3150804F02007F50271A1F50171088801930092334628
S3150804F0302A46214600F002FBD7F8F80119F07AF9B6
S3150804F04000BF07F50377BD46F0BD00BF90B587B08E
S3150804F05002AFBA601A460346FB810B46BB811346C8
S3150804F060FB8016E0BB685A1CBA6018783C8CBA89CF
S3150804F070F989BB8C0193FB8800932346FFF70CFDA3
S3150804F080FB881A46520013445B009AB2FB89134460
S3150804F090FB81BB681B78002BE4D100BF00BF143783
S3150804F0A0BD4690BD90B585B002AF044608461146E4
S3150804F0B01A462346FB800346BB800B467B801346D1
S3150804F0C03B80FA887B8813449AB23B8BD31A9BB24B
S3150804F0D0013B98B2BA883B8B134499B23A8B3B8C62
S3150804F0E00193BB8B00930023FFF784F9FA883B8BC3
S3150804F0F0134498B2BA883B8B134499B23A8B3B8C27
S3150804F1000193BB8B00930123FFF774F9FA883B8BB1
S3150804F110134498B2BA883B8813449AB23B8BD31AE1
S3150804F1209BB2013B99B23A8B3B8C0193BB8B009300
S3150804F1300223FFF75FF9FA887B8813449AB23B8B5C
S3150804F140D31A9BB2013B98B2BA883B8813449AB245
S3150804F1503B8BD31A9BB2013B99B23A8B3B8C0193F6
S3150804F160BB8B00930323FFF745F9FA883B8B1344BB
S3150804F17098B23B8B5B009BB27A88D31A9AB23C88C6
S3150804F180B988BB8B0093234600F0FCF9FA883B8BBD
S3150804F190134498B23B8B5B009BB27A88D31A9AB213
S3150804F1A0B988002300F0B5FBFA883B8B134498B260
S3150804F1B0BA883B8813449BB2013B99B23B8B5B00EC
S3150804F1C09BB27A88D31A9AB2002300F0A2FBBA88B3
S3150804F1D03B8B134499B23B8B5B009BB23A88D31A98
S3150804F1E09CB27A88F888BB8B0093234600F0CAF948
S3150804F1F0BA883B8B134499B23B8B5B009BB23A8823
S3150804F200D31A9AB2F888002300F0E1FBFA887B88BF
S3150804F21013449BB2013B98B2BA883B8B134499B208
S3150804F2203B8B5B009BB23A88D31A9AB2002300F050
S3150804F230CEFB00BF0C37BD4690BD000080B500AFBD
S3150804F24001224FF400410248F6F77CFE00BF80BD58
S3150804F2500010004880B500AF00224FF4004108486A
S3150804F260F6F770FE0A20F4F72FF901224FF400414D
S3150804F2700348F6F767FEC820F4F726F900BF80BDF1
S3150804F2800010004880B582B000AF0346FB71F91D33
S3150804F290012301220348F9F75EF900BF0837BD4682
S3150804F2A080BD00BF5844002080B582B000AF034635
S3150804F2B0FB71002204210548F6F744FEFB7918463B
S3150804F2C0FFF7E0FF00BF0837BD4680BD000C0048C5
S3150804F2D080B582B000AF0346FB71012204210548BC
S3150804F2E0F6F730FEFB791846FFF7CCFF00BF083760
S3150804F2F0BD4680BD000C004880B582B000AF034609
S3150804F300FB713620FFF7D0FFFB79032B1AD801A22D
S3150804F31052F823F025F304082DF3040835F30408FA
S3150804F3203DF30408C020FFF7D3FF0CE0A020FFF745
S3150804F330CFFF08E00020FFF7CBFF04E06020FFF7CB
S3150804F340C7FF00E000BF00BF0837BD4680BD00BF49
S3150804F3502DE9F0438DB000AF03463960FB806B4658
S3150804F3601E460023FB623B685B00B3F5FA7F02D2B4
S3150804F3703B68FB6202E04FF4FA73FB620122042144
S3150804F3803948F6F7DFFDFB881B0A9BB287F823305A
S3150804F390F96A0B46013BFB610023884699464FF000
S3150804F3A000024FF000034FEAC90343EA58734FEAD1
S3150804F3B0C80200230C461D464FF000024FF0000316
S3150804F3C0EB0043EA5473E200CB1DDB08DB00ADEB2C
S3150804F3D0030D6B460033BB610023BB620EE0BA69BA
S3150804F3E0BB6A134497F823201A70BB6A0133FA8858
S3150804F3F0D1B2BA69D154BB6A0233BB62BA6AFB6A30
S3150804F4009A42ECD33B685B007B617A69FB6AB2FB80
S3150804F410F3F33B617B69FA6AB3FBF2F2F96A01FB1F
S3150804F42002F29B1AFB603B69002B10D000237B6217
S3150804F43009E0FB6A9AB26423B9690C48F9F78BF8B0
S3150804F4407B6A01337B627A6A3B699A42F1D3FB6829
S3150804F4509AB26423B9690548F9F77DF8B54600BF39
S3150804F4603437BD46BDE8F083000C004858440020F4
S3150804F47080B586B000AF0346FB800B46BB801346B7
S3150804F4807B803C4B1B889BB2FA889A426ED23A4BD5
S3150804F4901B889BB2BA889A4268D20022042137484C
S3150804F4A0F6F750FD2A20FFF7EDFE01220421334822
S3150804F4B0F6F748FDFB881B0A9BB2DBB23B75FB8853
S3150804F4C0DBB27B75FB8801331B12DBB2BB75FB8889
S3150804F4D0DBB20133DBB2FB7507F114010123042205
S3150804F4E02748F9F738F8002204212448F6F72AFDB4
S3150804F4F02B20FFF7C7FE012204212048F6F722FD38
S3150804F500BB881B0A9BB2DBB23B74BB88DBB27B7439
S3150804F510BB8801331B12DBB2BB74BB88DBB2013375
S3150804F520DBB2FB7407F11001012304221448F9F72E
S3150804F53012F8002204211148F6F704FD2C20FFF7DF
S3150804F540A1FE012204210D48F6F7FCFC7B881B0A60
S3150804F5509BB2DBB23B737B88DBB27B7307F10C018E
S3150804F560012302220648F8F7F6FF00E000BF183721
S3150804F570BD4680BD3626002034260020000C0048EF
S3150804F5805844002090B583B000AF04460846114697
S3150804F5901A462346FB800346BB800B467B801346EC
S3150804F5A03B80244B1B889BB2FA889A423DD2224B55
S3150804F5B01B889BB2BA889A4237D2FA887B88134446
S3150804F5C01C4A128892B2934205DD1A4B1B889AB2DA
S3150804F5D0FB88D31A7B80BA883B881344164A128858
S3150804F5E092B2934205DD144B1B889AB2BB88D31A90
S3150804F5F03B80FA887B8813449BB2013B9CB2BA8849
S3150804F6003B8813449BB2013B9BB2B988F8882246CF
S3150804F61000F033F93B887A8802FB03F31A463B8BDE
S3150804F62011461846FFF794FE00E000BF0C37BD46A6
S3150804F63090BD00BF362600203426002090B585B03C
S3150804F64000AF0446084611461A462346FB8003467D
S3150804F650BB800B467B8013463B80FA887B88134421
S3150804F6609BB2013B9CB2BA883B8813449BB2013BCC
S3150804F6709BB2B988F888224600F0FFF801220421D3
S3150804F6801848F6F75FFC0023FB811BE0FB895B0047
S3150804F6903A6A13441B88BB81FB895B003A6A1344A4
S3150804F6A01B881B021AB2BB891B0A9BB21BB21343E3
S3150804F6B019B2FB895B003A6A13448AB21A80FB8939
S3150804F6C00133FB81FA89BB8C9A42DFD3BB8C5B007E
S3150804F6D09AB26423396A0448F8F73DFF00BF143721
S3150804F6E0BD4690BD000C00485844002080B500AFC4
S3150804F6F0FFF7A4FD0120F3F7E7FEFFF7ABFD0A20A9
S3150804F700F3F7E2FEFFF79AFD7820F3F7DDFE3A20D9
S3150804F710FFF7CAFD5520FFF7DBFDB220FFF7C4FD4E
S3150804F7200C20FFF7D5FD0C20FFF7D2FD0020FFF7CC
S3150804F730CFFD3320FFF7CCFD3320FFF7C9FDB720F3
S3150804F740FFF7B2FD3520FFF7C3FDBB20FFF7ACFD7D
S3150804F7501920FFF7BDFDC020FFF7A6FD2C20FFF7F3
S3150804F760B7FDC220FFF7A0FD0120FFF7B1FDC320B6
S3150804F770FFF79AFD1220FFF7ABFDC420FFF794FDAF
S3150804F7802020FFF7A5FDC620FFF78EFD0F20FFF703
S3150804F7909FFDD020FFF788FDA420FFF799FDA1203F
S3150804F7A0FFF796FDE020FFF77FFDD020FFF790FDD9
S3150804F7B00420FFF78DFD0D20FFF78AFD1120FFF7C2
S3150804F7C087FD1320FFF784FD2B20FFF781FD3F20DB
S3150804F7D0FFF77EFD5420FFF77BFD4C20FFF778FDED
S3150804F7E01820FFF775FD0D20FFF772FD0B20FFF7B4
S3150804F7F06FFD1F20FFF76CFD2320FFF769FDE1204D
S3150804F800FFF752FDF020FFF763FD0720FFF760FDC1
S3150804F8100A20FFF75DFD0D20FFF75AFD0B20FFF7C1
S3150804F82057FD0720FFF754FD2820FFF751FD332025
S3150804F830FFF74EFD3E20FFF74BFD3620FFF748FD48
S3150804F8401420FFF745FD1420FFF742FD2920FFF792
S3150804F8503FFD3220FFF73CFD2120FFF725FD11204F
S3150804F860FFF722FD7820F3F72FFE1320FFF71CFD80
S3150804F8702920FFF719FD00BF80BD90B583B000AFFE
S3150804F8800446084611461A462346FB800346BB80AF
S3150804F8900B467B8013463B802A20FFF705FDFB8831
S3150804F8A01B0A9BB2DBB21846FFF712FDFB88DBB2D4
S3150804F8B01846FFF70DFD7B881B0A9BB2DBB2184678
S3150804F8C0FFF706FD7B88DBB21846FFF701FD2B2000
S3150804F8D0FFF7EAFCBB881B0A9BB2DBB21846FFF7A4
S3150804F8E0F7FCBB88DBB21846FFF7F2FC3B881B0A19
S3150804F8F09BB2DBB21846FFF7EBFC3B88DBB2184633
S3150804F900FFF7E6FC2C20FFF7CFFC00BF0C37BD46FB
S3150804F91090BDB0B5ADF5267D02AF05460C4610463A
S3150804F920194607F52473A3F28A232A461A8007F58B
S3150804F9302473A3F5237322461A8007F52473A3F2C6
S3150804F9408E2302461A8007F52473A3F524730A4600
S3150804F9501A800023A7F88E320023A7F88E3211E006
S3150804F960B7F88E2207F52473A3F5217307F52471D6
S3150804F970A1F52471098823F81210B7F88E320133D9
S3150804F980A7F88E32B7F88E32B3F5A07FE8D307F519
S3150804F9902473A3F28E231A8807F52473A3F5237315
S3150804F9A0198807F52473A3F28A23188807F524739C
S3150804F9B0A3F28E231B88019307F10C0300930123FA
S3150804F9C0FFF73CFE00BF07F52477BD46B0BDB0B5CA
S3150804F9D0ADF5267D02AF05460C461046194607F5D1
S3150804F9E02473A3F28A232A461A8007F52473A3F5F7
S3150804F9F0237322461A8007F52473A3F28E2302463C
S3150804FA001A8007F52473A3F524730A461A8000237B
S3150804FA10A7F88E320023A7F88E3211E0B7F88E22A3
S3150804FA2007F52473A3F5217307F52471A1F5247149
S3150804FA30098823F81210B7F88E320133A7F88E32E4
S3150804FA4007F52473A3F28E23B7F88E221B889A42ED
S3150804FA50E4D307F52473A3F28E231A8807F52473CF
S3150804FA60A3F52373198807F52473A3F28A23188840
S3150804FA7007F52473A3F28E231B88019307F10C035D
S3150804FA80009313460122FFF7D9FD00BF07F5247733
S3150804FA90BD46B0BD80B584B000AF0346FB71FB79A3
S3150804FAA0084A9B0013445B685B68FA7905490A446B
S3150804FAB0127A104698470346FB73FB7B18461037A1
S3150804FAC0BD4680BD104C002080B584B000AF034607
S3150804FAD0FB710023FB73FB790D4AD35C002B11D110
S3150804FAE0FB790B4A0121D154FB79094A9B0013443B
S3150804FAF05B681B68FA7906490A44127A10469847DD
S3150804FB000346FB73FB7B18461037BD4680BD00BF12
S3150804FB10104C002090B587B000AFB9607A603B609E
S3150804FB200346FB73FB7B0A4A9B0013445B689C6889
S3150804FB30FB7B074A1344187A3B687A68B968A04776
S3150804FB400346FB75FB7D18461C37BD4690BD00BFB2
S3150804FB50104C002090B587B000AFB9607A603B605E
S3150804FB600346FB73FB7B0A4A9B0013445B68DC6809
S3150804FB70FB7B074A1344187A3B687A68B968A04736
S3150804FB800346FB75FB7D18461C37BD4690BD00BF72
S3150804FB90104C002080B584B000AF03463A60FB7170
S3150804FBA00B46BB71FB79094A9B0013445B681B69C6
S3150804FBB0FA7906490A44107AB9793A68984703469D
S3150804FBC0FB73FB7B18461037BD4680BD104C0020DE
S3150804FBD080B485B000AF78607B6801331B78FB81FD
S3150804FBE0FB891B021AB27B681B781BB213431BB230
S3150804FBF0FB81FB8918461437BD465DF8047B7047BC
S3150804FC0080B485B000AF78607B6803331B78FB60EB
S3150804FC10FB681B027A68023212781343FB60FB689E
S3150804FC201B027A68013212781343FB60FB681B02D5
S3150804FC307A6812781343FB60FB6818461437BD4686
S3150804FC405DF8047B704780B483B000AF78600B46D8
S3150804FC507B807B685A1C7A607A88D2B21A707B8851
S3150804FC601B0A7B807B685A1C7A607A88D2B21A701F
S3150804FC7000BF0C37BD465DF8047B704780B483B07B
S3150804FC8000AF786039607B685A1C7A603A68D2B2E9
S3150804FC901A703B681B0A3B607B685A1C7A603A6890
S3150804FCA0D2B21A703B681B0A3B607B685A1C7A609E
S3150804FCB03A68D2B21A703B681B0A3B607B685A1CC6
S3150804FCC07A603A68D2B21A7000BF0C37BD465DF83E
S3150804FCD0047B704780B487B000AFF860B9607A6077
S3150804FCE0FB687B61BB683B617B68002B0DD03A6976
S3150804FCF0531C3B617B69591C796112781A707B68BD
S3150804FD00013B7B607B68002BF1D100BF1C37BD46E5
S3150804FD105DF8047B704780B487B000AFF860B960BB
S3150804FD207A60FB687B617B695A1C7A61BA68D2B2CD
S3150804FD301A707B68013B7B607B68002BF3D100BF9C
S3150804FD4000BF1C37BD465DF8047B704780B489B094
S3150804FD5000AFF860B9607A60FB68FB61BB68BB6199
S3150804FD6000237B61FB695A1CFA611B781946BB6937
S3150804FD705A1CBA611B78CB1A7B617B68013B7B6092
S3150804FD807B68002B02D07B69002BEBD07B69184675
S3150804FD902437BD465DF8047B704780B483B000AF52
S3150804FDA07860396002E07B6801337B607B681B7886
S3150804FDB0002B05D07B681B781A463B689342F2D120
S3150804FDC07B681B7818460C37BD465DF8047B70477C
S3150804FDD080B485B000AF786039600023BB60BB6827
S3150804FDE0FB6029E0274AFB681B0113441B68002BA8
S3150804FDF01DD0244AFB681B0113441A687B681B68D8
S3150804FE009A4216D11F4AFB681B01134404331A6825
S3150804FE107B689B689A420CD11A4AFB681B011344F7
S3150804FE2008331A687B685B699A4202D107E00123A2
S3150804FE30BB60FB680133FB60FB68012BD2D9FB6806
S3150804FE40022B09D1BB68002B02D13B68022B01D1D6
S3150804FE50002310E012230EE03B68002B08D1094A60
S3150804FE60FB681B0113440C331B88B3F5807F01D14F
S3150804FE70102300E0002318461437BD465DF8047BBA
S3150804FE80704700BFF049002080B483B000AF002358
S3150804FE907B6002E07B6801337B607B68012B06D8B4
S3150804FEA0094A7B681B0113441B68002BF2D17B6843
S3150804FEB0022B14BF01230023DBB218460C37BD46B8
S3150804FEC05DF8047B704700BFF049002080B485B014
S3150804FED000AF786039600023FB601FE0414AFB6885
S3150804FEE01B0113441A687B681B689A4213D13D4A5E
S3150804FEF0FB681B01134404331A687B689B689A429F
S3150804FF0009D1384AFB681B01134408331A687B680D
S3150804FF105B699A4206D0FB680133FB60FB68012BD8
S3150804FF20DCD900E000BFFB68022B32D10023FB605A
S3150804FF3002E0FB680133FB60FB68012B06D8294AFB
S3150804FF40FB681B0113441B68002BF2D1FB68022BC8
S3150804FF5001D1002340E07B681A682249FB681B012B
S3150804FF600B441A607B689A681E49FB681B010B449C
S3150804FF7004331A607B685A691A49FB681B010B44E7
S3150804FF8008331A60174AFB681B0113440C33002212
S3150804FF901A803B68002B09D0124AFB681B011344DC
S3150804FFA00C331B88002B01D0002315E03B68002B7B
S3150804FFB008D10C4AFB681B0113440C331B88013314
S3150804FFC09AB201E04FF480720649FB681B010B44A0
S3150804FFD00C331A80FB68013318461437BD465DF89E
S3150804FFE0047B7047F049002080B485B000AF786080
S3150804FFF07B68013B7B607B68012B25D8174A7B68A5
S315080500001B0113440C331B88FB81FB89B3F5807FE1
S3150805001001D10023FB81FB89002B02D0FB89013B1B
S31508050020FB810E4A7B681B0113440C33FA891A8037
S31508050030FB89002B05D1094A7B681B01134400225D
S315080500401A6000237B7301E002237B737B7B1846CA
S315080500501437BD465DF8047B704700BFF04900209C
S3150805006080B485B000AF78600023FB6010E00D4AC8
S31508050070FB681B0113441B687A689A4205D1094A2D
S31508050080FB681B01134400221A60FB680133FB60F9
S31508050090FB68012BEBD900BF00BF1437BD465DF8D9
S315080500A0047B7047F049002080B586B000AF7860BC
S315080500B00023FB737B68DB78002B34D07B681B6BCE
S315080500C07B617B6858787B6803F1340101237A697B
S315080500D0FFF740FD0346002B02D00123FB7322E000
S315080500E07B680022DA707B685B6A7A69D21A7B6854
S315080500F0DB699A4217D27B689B783B6110E07B687F
S31508050100DB697A6913447B617B6858787B6803F1F8
S31508050110340101237A69FFF71DFD3B69013B3B6104
S315080501203B69012BEBD8FB7B18461837BD4680BDC6
S3150805013080B584B000AF786039600023FB737B68AF
S315080501401B6B3A689A421BD07868FFF7ADFF0346E2
S31508050150FB73FB7B002B13D17B6858787B6803F10F
S31508050160340101233A68FFF7D5FC0346002B04D072
S315080501704FF0FF333B600123FB737B683A681A63CC
S31508050180FB7B18461037BD4680BD000080B584B098
S3150805019000AF78607868FFF787FF0346FB73FB7B3C
S315080501A0002B58D17B681B78032B48D17B681B79B4
S315080501B0012B44D17B6834334FF40072002118466D
S315080501C0FFF7A9FD7B68343303F5FF734AF6552116
S315080501D01846FFF738FD7B68343321491846FFF77B
S315080501E04DFD7B68343303F5F2731E491846FFF750
S315080501F045FD7B68343303F5F4727B685B691946FC
S315080502001046FFF73BFD7B68343303F5F6727B68CA
S315080502101B6919461046FFF731FD7B681B6A5A1C90
S315080502207B681A637B6858787B6803F134017B68B9
S315080502301A6B0123FFF78EFC7B6800221A717B680F
S315080502405B78002200211846FFF7A4FC0346002B1D
S3150805025001D00123FB73FB7B18461037BD4680BDCD
S31508050260525261417272416180B483B000AF7860C1
S3150805027039603B68023B3B607B689B69023B3A6891
S315080502809A4201D3002308E07B685B891A463B68D6
S3150805029003FB02F27B68DB6A134418460C37BD4636
S315080502A05DF8047B704780B586B000AF7860396025
S315080502B07B681B683B613B68012B04D93B699B69D5
S315080502C03A689A4202D301237B618FE04FF0FF33E8
S315080502D07B613B691B78032B62D0032B7CDC012BE6
S315080502E002D0022B42D077E03B68FB60FB685B08CF
S315080502F0FA681344FB603B695A6AFB685B0A134450
S3150805030019463869FFF714FF0346002B67D1FB68C2
S315080503105A1CFA60C3F308033A69134493F8343050
S31508050320BB603B695A6AFB685B0A13441946386918
S31508050330FFF7FEFE0346002B53D1FB68C3F30803FC
S315080503403A69134493F834301B021A46BB681343BB
S31508050350BB603B6803F00103002B02D0BB681B0991
S3150805036002E0BB68C3F30B037B613FE03B695A6A4E
S315080503703B681B0A134419463869FFF7D9FE034635
S31508050380002B30D13B6903F134023B685B0003F46B
S31508050390FF7313441846FFF71BFC03467B6125E0EC
S315080503A03B695A6A3B68DB09134419463869FFF7FE
S315080503B0BFFE0346002B18D13B6903F134023B689F
S315080503C09B0003F4FE7313441846FFF719FC03460E
S315080503D023F070437B6109E001237B6106E000BFDA
S315080503E004E000BF02E000BF00E000BF7B691846D5
S315080503F01837BD4680BD90B589B000AFF860B960BD
S315080504007A600223FB77BB68012B40F2D980FB682B
S315080504109B69BA689A4280F0D380FB681B78032BE0
S3150805042000F09680032B00F3CB80012B02D0022B1C
S315080504306ED0C5E0BB68BB61BB695B08BA69134486
S31508050440BB61FB685A6ABB695B0A13441946F868B7
S31508050450FFF76EFE0346FB77FB7F002B40F0A9806E
S31508050460FB6803F13402BB69591CB961C3F3080378
S3150805047013447B61BB6803F00103002B0DD07B6930
S315080504801B785BB203F00F035AB27B68DBB21B011C
S315080504905BB213435BB2DBB201E07B68DBB27A6918
S315080504A01370FB680122DA70FB685A6ABB695B0A36
S315080504B013441946F868FFF73BFE0346FB77FB7FAF
S315080504C0002B78D1FB6803F13402BB69C3F3080333
S315080504D013447B61BB6803F00103002B03D07B68DB
S315080504E01B09DBB20EE07B691B785BB223F00F03B1
S315080504F05AB27B681B0A5BB203F00F035BB2134360
S315080505005BB2DBB27A691370FB680122DA7057E0D1
S31508050510FB685A6ABB681B0A13441946F868FFF74D
S3150805052007FE0346FB77FB7F002B46D1FB6803F1E5
S315080505303402BB685B0003F4FF7313447A6892B20E
S3150805054011461846FFF77FFBFB680122DA7037E08C
S31508050550FB685A6ABB68DB0913441946F868FFF74E
S31508050560E7FD0346FB77FB7F002B28D17B6823F045
S315080505707044FB6803F13402BB689B0003F4FE7301
S3150805058013441846FFF73CFB034603F07043234321
S315080505907B60FB6803F13402BB689B0003F4FE73BA
S315080505A0134479681846FFF769FBFB680122DA7078
S315080505B006E000BF04E000BF02E000BF00E000BFA0
S315080505C0FB7F18462437BD4690BD80B588B000AF79
S315080505D0F860B9607A600023FB77FB681B68BB6126
S315080505E0BB68012B04D9BB699B69BA689A4201D3D2
S315080505F002234BE07B68002B0CD04FF0FF3279685D
S31508050600B869FFF7F8FE0346FB77FB7F002B01D099
S31508050610FB7F3BE0B968F868FFF745FE78617B69BB
S31508050620002B31D07B69012B01D102232EE07B6992
S31508050630B3F1FF3F01D1012328E00022B968B86963
S31508050640FFF7D9FE0346FB77FB7F002B01D0FB7F1F
S315080506501CE0BB695A69BB699B69023B9A420BD286
S31508050660BB695B695A1CBB695A61BB691B7943F04F
S315080506700103DAB2BB691A717B69BB60BB699B6901
S31508050680BA689A42C6D300E000BF00231846203749
S31508050690BD4680BD80B588B000AF786039607B6897
S315080506A01B683B613B68002B0DD13B691B69BB6128
S315080506B0BB69002B04D03B699B69BA699A421BD36F
S315080506C00123BB6118E039687868FFF7ECFDF86027
S315080506D0FB68012B01D8012370E0FB68B3F1FF3FE6
S315080506E001D1FB686AE03B699B69FA689A4201D2BF
S315080506F0FB6863E03B68BB61BB69FB61FB6901336A
S31508050700FB613B699B69FA699A4207D30223FB6138
S31508050710FA69BB699A4201D900234FE0F9697868F5
S31508050720FFF7C1FDF860FB68002B0ED0FB68012BAF
S3150805073003D0FB68B3F1FF3F01D1FB683EE0FA69D8
S31508050740BB699A42DAD1002338E000BF4FF0FF3281
S31508050750F9693869FFF74FFE0346FB75FB7D002BE4
S3150805076009D13B68002B06D0FA6939683869FFF75D
S3150805077042FE0346FB75FB7D002B16D13B69FA69DC
S315080507801A613B695A693B699B69023B9A4204D8D7
S315080507903B695B695A1E3B695A613B691B7943F09C
S315080507A00103DAB23B691A7107E0FB7D012B02D119
S315080507B04FF0FF3300E00123FB61FB69184620373C
S315080507C0BD4680BD80B487B000AF786039607B6868
S315080507D01B68FB607B68DB6A04333B613B685B0A25
S315080507E0FA685289B3FBF2F37B613B691A1D3A61D4
S315080507F01B68BB60BB68002B01D1002310E07A6932
S31508050800BB689A4207D37A69BB68D31A7B613B6989
S3150805081004333B61E9E700BF3B691A687B69134402
S3150805082018461C37BD465DF8047B704780B586B00B
S3150805083000AF786039607B681B683B613B68B3F538
S31508050840001F04D23B6803F01F03002B01D00223C7
S3150805085063E07B683A685A617B689B687B617B695C
S31508050860002B06D13B691B78022B02D93B699B6A8B
S315080508707B617B69002B0CD13B685B093A69128958
S31508050880934201D3022348E03B699A6A7B68DA6199
S3150805089029E03B695B895B02FB6019E07B6879693E
S315080508A01846FFF700FD78617B69B3F1FF3F01D173
S315080508B0012332E07B69012B04D93B699B697A6977
S315080508C09A4201D3022328E03A68FB68D31A3B60AB
S315080508D03A68FB689A42E1D279693869FFF7C4FC38
S315080508E002467B68DA617B687A699A617B68DB69A7
S315080508F0002B01D1022310E07B68DA693B685B0AA5
S315080509001A447B68DA613B6903F134023B68C3F331
S3150805091008031A447B681A62002318461837BD4629
S3150805092080BD80B586B000AF786039607B681B6886
S31508050930FB607B685B692033BB607B68DB69002BE2
S3150805094003D0BB68B3F5001F01D30423AAE0BB682F
S31508050950C3F30803002B40F098807B68DB695A1CB3
S315080509607B68DA617B689B69002B0BD1BB685B09E1
S31508050970FA6812899342C0F088807B680022DA619A
S3150805098004238FE0BB685B0AFA685289013A13406B
S31508050990002B7AD17A687B689B6919461046FFF75A
S315080509A082FC78617B69012B01D802237AE07B6991
S315080509B0B3F1FF3F01D1012374E0FB689B697A69AE
S315080509C09A4258D33B68002B04D17B680022DA612A
S315080509D0042367E07A687B689B6919461046FFF722
S315080509E059FE78617B69002B01D107235AE07B699B
S315080509F0012B01D1022355E07B69B3F1FF3F01D1F4
S31508050A0001234FE0F868FFF74FFB0346002B01D09B
S31508050A10012347E0FB6834334FF40072002118467A
S31508050A20FFF779F900233B617969F868FFF71CFC3C
S31508050A300246FB681A6312E0FB680122DA70F86859
S31508050A40FFF732FB0346002B01D001232AE03B6959
S31508050A5001333B61FB681B6B5A1CFB681A63FB6811
S31508050A605B891A463B699342E6D3FB681A6B3B6971
S31508050A70D21AFB681A637B687A699A617969F86894
S31508050A80FFF7F2FB02467B68DA617B68BA685A614A
S31508050A90FB6803F13402BB68C3F308031A447B6891
S31508050AA01A62002318461837BD4680BD80B586B03C
S31508050AB000AF786039607B681B68FB600021786841
S31508050AC0FFF7B4FE0346FB75FB7D002B2BD10023F0
S31508050AD03B617B68DB691946F868FFF729FB03461E
S31508050AE0FB75FB7D002B1DD17B681B6A1B78E52BE7
S31508050AF004D07B681B6A1B78002B07D13B69013339
S31508050B003B613A693B689A4202D10CE000233B6196
S31508050B1001217868FFF705FF0346FB75FB7D002B6A
S31508050B20D7D000E000BFFB7D042B01D10723FB7559
S31508050B30FB7D18461837BD4680BD80B584B000AF25
S31508050B40786039603B681A331846FFF741F803465B
S31508050B50FB607B681B78032B09D13B681433184661
S31508050B60FFF736F803461B04FA681343FB60FB6870
S31508050B7018461037BD4680BD80B584B000AFF8600D
S31508050B80B9607A60BB681A337A6892B21146184614
S31508050B90FFF759F8FB681B78032B09D1BB6803F1E6
S31508050BA014027B681B0C9BB219461046FFF74BF8D7
S31508050BB000BF1037BD4680BD90B587B000AF7860D9
S31508050BC039603B681A331846FFF702F80346002BC7
S31508050BD001D0002359E03B681B7803F03F035A1EF2
S31508050BE013465B0013449B0013447B610123FB8179
S31508050BF000233B6133E0274A3B6913441B781A46B1
S31508050C003B6813441846FEF7E3FF0346BB81FB8999
S31508050C10002B1AD07B69FE2B12D8BB89184602F021
S31508050C2011FD03461C467B695A1C7A615B007A6886
S31508050C3013441B88184602F005FD03469C4201D05D
S31508050C40002322E0BB89FB8106E0BB894FF6FF72CC
S31508050C50934201D0002318E03B6901333B613B69A8
S31508050C600C2BC8D93B681B7803F04003002B0BD027
S31508050C70FB89002B08D07B695B007A6813441B88BF
S31508050C80002B01D0002300E0012318461C37BD467A
S31508050C9090BD00BFF4F3060880B586B000AF78604E
S31508050CA039603B681A331846FEF792FF0346002B50
S31508050CB001D000234DE03B681B7823F040035A1EFC
S31508050CC013465B0013449B0013447B610123FB8198
S31508050CD000233B6128E0214A3B6913441B781A46E1
S31508050CE03B6813441846FEF773FF0346BB81FB8929
S31508050CF0002B0FD07B69FE2B01D9002329E0BB8980
S31508050D00FB817B695A1C7A615B007A681344FA8908
S31508050D101A8006E0BB894FF6FF72934201D000237D
S31508050D2017E03B6901333B613B690C2BD3D93B681B
S31508050D301B7803F04003002B0AD07B69FE2B01D9EB
S31508050D40002306E07B695B007A68134400221A8053
S31508050D50012318461837BD4680BD00BFF4F30608BB
S31508050D6080B588B000AFF860B96011461A460B46DB
S31508050D70FB711346BB71BB680D33BA791A70BB682C
S31508050D800B330F221A70BB680C3300221A70BB6826
S31508050D901A3300211846FEF756FFFB795A1E1346E5
S31508050DA05B0013449B001344FB610023FB8200236D
S31508050DB0BB61FB8A4FF6FF72934207D0FB695A1C43
S31508050DC0FA615B00FA6813441B88FB82174ABB69FC
S31508050DD013441B781A46BB681344FA8A1146184603
S31508050DE0FEF731FFFB8A002B02D14FF6FF73FB8214
S31508050DF0BB690133BB61BB690C2BDAD9FB8A4FF694
S31508050E00FF72934206D0FB695B00FA6813441B8898
S31508050E10002B03D1FB7943F04003FB71BB68FA79D4
S31508050E201A7000BF2037BD4680BD00BFF4F306081B
S31508050E3080B58CB000AFF860B9607A603B600B226C
S31508050E40B968F868FEF746FF3B68052B2BD93B685A
S31508050E50FB6122E07B689A1C7A601B887B840023E9
S31508050E60BB6217E0FB695A007B8C03F00103134448
S31508050E70FB617B8C5B087B84FB6903F48033002B61
S31508050E8005D0FB6983F4883383F02103FB61BB6ACC
S31508050E900133BB62BB6A0F2BE4D97B681B88002B21
S31508050EA0D8D1FB693B600723BB623B68DBB203F01D
S31508050EB00F03DBB2303387F82F3097F82F30392BED
S31508050EC004D997F82F30073387F82F30BB6A5A1E8F
S31508050ED0BA6230333B4497F82F2003F81C2C3B683D
S31508050EE01B093B603B68002BDFD107F11402BB6A7F
S31508050EF013447E221A7000237B6202E07B6A013363
S31508050F007B627A6ABB6A9A4205D2FA687B6A134497
S31508050F101B78202BF2D1BB6A072B07D8BB6A5A1C4C
S31508050F20BA6230333B4413F81C1C00E020217B6A67
S31508050F305A1C7A62FA6813440A461A707B6A072BA2
S31508050F40E9D900BF00BF3037BD4680BD80B485B03E
S31508050F5000AF78600023FB730B23BB60FB7BDAB21B
S31508050F605208DB011343DAB27B68591C79601B7892
S31508050F701344FB73BB68013BBB60BB68002BEDD113
S31508050F80FB7B18461437BD465DF8047B704780B56C
S31508050F9086B000AF786039600423FB757B681B68EB
S31508050FA03B61FF237B75FF233B7581E07B68DB6926
S31508050FB019463869FFF7BCF80346FB75FB7D002B18
S31508050FC07CD17B681B6A1B78BB75BB7D002B02D160
S31508050FD00423FB7577E07B681B6A0B331B7803F0E4
S31508050FE03F03FB737B68FA7B9A71BB7DE52B0ED0B5
S31508050FF0BB7D2E2B0BD0FB7B23F02003082B0CBFC8
S3150805100001230023DBB21A463B68934202D0FF232D
S315080510107B7544E0FB7B0F2B2FD1BB7D03F040038B
S31508051020002B0DD07B681B6A5B7B3B75BB7D23F06C
S315080510304003BB75BB7D7B757B685A697B681A63FC
S31508051040BA7D7B7D9A4215D17B681B6A0D331B7861
S315080510503A7D9A420ED13B69DA687B681B6A19465E
S315080510601046FFF719FE0346002B03D07B7D013B8F
S31508051070DBB200E0FF237B7511E07B7D002B09D1F0
S315080510807B681B6A1846FFF761FF03461A463B7DD0
S31508051090934215D07B684FF0FF321A6310E00021A2
S315080510A07868FFF73EFC0346FB75FB7D002B09D1E7
S315080510B07B68DB69002B7FF479AF04E000BF02E0AB
S315080510C000BF00E000BFFB7D002B02D07B68002235
S315080510D0DA61FB7D18461837BD4680BD80B586B0F2
S315080510E000AF78607B681B683B6100217868FFF76D
S315080510F09DFB0346FB75FB7D002B01D0FB7DA9E017
S31508051100FF233B753B7D7B757B684FF0FF321A6382
S315080511107B68DB6919463869FFF70AF80346FB75E4
S31508051120FB7D002B40F090807B681B6A1B78BB759E
S31508051130BB7D002B02D10423FB758AE07B681B6AFD
S315080511400B331B7803F03F03FB737B68FA7B9A71B5
S31508051150BB7DE52B07D0FB7B03F00803002B09D0E5
S31508051160FB7B0F2B06D0FF237B757B684FF0FF3281
S315080511701A635EE0FB7B0F2B36D17B6893F82F301D
S3150805118003F04003002B54D1BB7D03F04003002B2D
S315080511900DD07B681B6A5B7B3B75BB7D23F04003E3
S315080511A0BB75BB7D7B757B685A697B681A63BA7D97
S315080511B07B7D9A4215D17B681B6A0D331B783A7D70
S315080511C09A420ED13B69DA687B681B6A194610464E
S315080511D0FFF7F2FC0346002B03D07B7D013BDBB210
S315080511E000E0FF237B7524E07B7D002B09D17B6816
S315080511F01B6A1846FFF7AAFE03461A463B7D934225
S3150805120024D07B6893F82F3003F00103002B0AD10D
S315080512107B68186A7B6824330B221946FEF796FD08
S315080512200346002B14D0FF237B757B684FF0FF32EE
S315080512301A6300217868FFF774FB0346FB75FB7D87
S31508051240002B3FF465AF04E000BF02E000BF00E0F5
S3150805125000BFFB7D18461837BD4680BD80B58CB0E6
S3150805126000AF78607B681B68FB617B6893F82F3055
S3150805127003F0A003002B01D00623E0E000237B62E0
S3150805128002E07B6A01337B62FB69DA687B6A5B008D
S3150805129013441B88002BF4D17B6803F1240107F15D
S315080512A00C030C221846FEF715FDFB7D03F001031A
S315080512B0002B32D07B68402283F82F200123BB629E
S315080512C016E07B6803F12400FB69DA6807F10C016F
S315080512D0BB6AFFF7ADFD7868FFF700FF034687F899
S315080512E02F3097F82F30002B06D1BB6A0133BB6226
S315080512F0BB6A632BE5D900E000BFBB6A642B01D145
S3150805130007239CE097F82F30042B02D097F82F3047
S3150805131095E0FA7D7B6883F82F20FB7D03F00203B1
S31508051320002B07D07B6A0C33474AA2FB03239B088D
S31508051330013300E001233B62396A7868FFF7B6FB9B
S31508051340034687F82F3097F82F30002B48D13B6A8C
S31508051350013B3B623B6A002B42D07B685A693B6A74
S315080513605B01D31A19467868FFF760FA034687F8CA
S315080513702F3097F82F30002B32D17B682433184647
S31508051380FFF7E4FD0346FB767B68DB691946F869D2
S31508051390FEF7CEFE034687F82F3097F82F30002B39
S315080513A01DD1FB69D8687B68196A3B6ADAB2FB7E88
S315080513B0FFF7D6FCFB690122DA7000217868FFF78A
S315080513C0B0FA034687F82F3097F82F30002B07D148
S315080513D03B6A013B3B623B6A002BD5D100E000BF67
S315080513E097F82F30002B28D17B68DB691946F869F1
S315080513F0FEF79EFE034687F82F3097F82F30002B09
S315080514001BD17B681B6A202200211846FEF783FC40
S315080514107B68186A7B6824330B221946FEF75AFC43
S315080514207B6893F82F207B681B6A0C3302F0180239
S31508051430D2B21A70FB690122DA7097F82F3018466E
S315080514403037BD4680BD00BF4FECC44E80B586B06B
S3150805145000AF78607B681B683B617B685B69FB60EE
S315080514607B681B6BB3F1FF3F07D07B681B6B19467F
S315080514707868FFF7DBF9034600E00023FB75FB7D7B
S31508051480002B28D17B68DB6919463869FEF750FEBB
S315080514900346FB75FB7D002B15D17B681B6AE52288
S315080514A01A703B690122DA707B685B69FA689A42A9
S315080514B00BD900217868FFF734FA0346FB75FB7DDF
S315080514C0002BDFD002E000BF00E000BFFB7D042B48
S315080514D001D10223FB75FB7D18461837BD4680BD2D
S315080514E080B588B000AF786039607B681B683B615A
S315080514F03B6800229A757B68DB69002B00F0C9807A
S315080515007B681B6BB3F1FF3F32D00023BB61BB6918
S31508051510FB611BE0FB890021184602F057F80346D4
S31508051520FB81FB89002B02D10023FB611AE0FB69CD
S31508051530FE2B02D90023FB6114E0FB695A1CFA61EC
S31508051540FA89D1B23A6813440A469A753B69DA6844
S31508051550BB69591CB9615B0013441B88FB81FB8970
S31508051560002BD7D13A68FB691344163300221A7043
S315080515700023BB61BB69FB613A68FB6913441633F3
S315080515801B78BB814CE07B681A6AFB69591CF961B3
S3150805159013441B78FB75FB7D202B00D140E0FB7DB2
S315080515A0052B01D1E523FB75FB69092B0FD1BB89F2
S315080515B0002B05D13A68BB69134416332E221A70D7
S315080515C0BB695A1CBA613A6813442E225A723A689C
S315080515D0BB6913440933FA7D1A70BB89002B1CD1E4
S315080515E0FB7D402B13D9FB7D5A2B10D87B681B6ACC
S315080515F00C331B781A46FB69082B01D9102300E022
S3150805160008231340002B02D0FB7D2033FB753A686F
S31508051610BB6913441633FA7D1A70BB690133BB617E
S31508051620FB690A2BAFD9BB89002B0DD13A68BB6973
S315080516301344163300221A707B681B6A0C331B7811
S31508051640002B01D10023BB613A68BB6913440933F2
S3150805165000221A707B681B6ADA7A3B681A727B68FD
S315080516601B6A1C331846FEF7CBFA02463B681A6016
S315080516707B681B6A16331846FEF7C2FAB860BB685C
S315080516809AB23B68DA80BB681B0C9AB23B689A80AB
S3150805169000E000BF2037BD4680BD000080B58AB092
S315080516A000AF786039603B681B683B617B681B68DF
S315080516B0DB68FB6000237B617B69BB61BB695A1CE0
S315080516C0BA613A6913441B78BB84BB8C1F2B40D976
S315080516D0BB8C2F2B06D0BB8C5C2B10D102E0BB69CB
S315080516E00133BB613A69BB6913441B782F2BF6D0C6
S315080516F03A69BB6913441B785C2BF0D02AE07B69F1
S31508051700FE2B01D906237DE1BB8CDBB2BB84BB8CE2
S315080517100121184601F05AFF0346BB84BB8C002BF2
S3150805172001D106236EE1BB8C7F2B09D8BB8C1946E4
S315080517308D48FEF732FB0346002B01D0062361E1EF
S315080517407B695A1C7A615B00FA681344BA8C1A805D
S31508051750B4E700BF3A69BB691A443B681A60BB8C93
S315080517601F2B01D8042300E0002387F8273011E052
S315080517707B6903F10043013B5B00FA6813441B8848
S31508051780BB84BB8C202B02D0BB8C2E2B06D17B6948
S31508051790013B7B617B69002BEAD100E000BF7B69D1
S315080517A05B00FA68134400221A807B69002B01D175
S315080517B0062327E17B6824330B2220211846FEF7EA
S315080517C0AAFA0023BB6102E0BB690133BB61BB69A9
S315080517D05B00FA6813441B88202BF5D0BB695B00B0
S315080517E0FA6813441B882E2BEED0BB69002B09D04B
S315080517F097F8273043F0030387F8273002E07B691B
S31508051800013B7B617B69002B09D07B6903F10043AA
S31508051810013B5B00FA6813441B882E2BEFD1002386
S3150805182087F8263000233B620823FB61BB695A1CEF
S31508051830BA615B00FA6813441B88BB84BB8C002B12
S3150805184000F09080BB8C202B06D0BB8C2E2B0AD1A2
S31508051850BA697B699A4206D097F8273043F003039D
S3150805186087F827307DE03A6AFB699A4203D2BA6956
S315080518707B699A4223D1FB690B2B06D197F827304A
S3150805188043F0030387F8273075E0BA697B699A42FE
S3150805189005D097F8273043F0030387F82730BA6948
S315080518A07B699A4266D87B69BB6108233B620B2331
S315080518B0FB6197F826309B0087F8263051E0BB8CEC
S315080518C07F2B14D9BB8C0021184601F07FFE0346F1
S315080518D0BB84BB8C002B04D0BB8C803B234AD35CD2
S315080518E0BB8497F8273043F0020387F82730BB8C6B
S315080518F0002B07D0BB8C19461D48FEF74EFA034642
S31508051900002B08D05F23BB8497F8273043F00303E1
S3150805191087F827301BE0BB8C402B09D9BB8C5A2B83
S3150805192006D897F8263043F0020387F826300EE0E6
S31508051930BB8C602B0BD9BB8C7A2B08D897F826302D
S3150805194043F0010387F82630BB8C203BBB843B6AF2
S315080519505A1C3A62BA8CD1B27A6813440A4683F895
S31508051960242063E700BF06E06CD3060874F306086F
S3150805197078D3060800BF7B6893F82430E52B03D196
S315080519807B68052283F82420FB69082B04D197F880
S3150805199026309B0087F8263097F8263003F00C0387
S315080519A00C2B05D097F8263003F00303032B05D136
S315080519B097F8273043F0020387F8273097F827303A
S315080519C003F00203002B17D197F8263003F003031B
S315080519D0012B05D197F8273043F0100387F82730F0
S315080519E097F8263003F00C03042B05D197F8273012
S315080519F043F0080387F827307B6897F8272083F88C
S31508051A002F20002318462837BD4680BD80B586B0E9
S31508051A1000AF786039607B683B613B691B68FB6092
S31508051A2002E03B6801333B603B681B782F2BF8D0F7
S31508051A303B681B785C2BF4D03B6900229A603B68AF
S31508051A401B781F2B0AD87B68802283F82F20002154
S31508051A507868FEF7EBFE0346FB7543E03B461946F9
S31508051A607868FFF71BFE0346FB75FB7D002B34D113
S31508051A707868FFF733FB0346FB757B6893F82F30C9
S31508051A80FB72FB7D002B0AD0FB7D042B27D1FB7A45
S31508051A9003F00403002B22D10523FB751FE0FB7A0F
S31508051AA003F00403002B1CD13B699B7903F0100353
S31508051AB0002B02D10523FB7514E0FB6803F13402FC
S31508051AC07B685B69C3F3080313441946F868FFF78F
S31508051AD034F802463B699A60C0E700BF02E000BFDA
S31508051AE000E000BFFB7D18461837BD4680BD80B4AB
S31508051AF087B000AF78604FF0FF333B617B681B68A2
S31508051B00002B31D07B681B687B6102E07B6901335A
S31508051B107B617B691B781F2B03D97B691B783A2B5D
S31508051B20F4D17B691B783A2B1CD17B681B68FB6053
S31508051B30FB685A1CFA601B78303BBB60BB68092BEF
S31508051B400ED8FA687B699A420AD1BB68002B07D179
S31508051B50BB683B617B6901337B617B687A691A607F
S31508051B603B6902E000233B613B6918461C37BD46C5
S31508051B705DF8047B7047000080B582B000AF7860D9
S31508051B8039607B680022DA707B684FF0FF321A638A
S31508051B9039687868FEF7CCFA0346002B01D004238A
S31508051BA038E07B68343303F5FF731846FEF710F8FB
S31508051BB003461A464AF655239A4201D0032329E0D5
S31508051BC07B6893F83430E92B09D07B6893F8343071
S31508051BD0EB2B1ED17B6893F83630902B19D17B6891
S31508051BE0343336331846FEF70BF8034623F07F439E
S31508051BF00A4A934201D100230CE07B6834335233F9
S31508051C001846FDF7FDFF0346054A934201D1002311
S31508051C1000E0022318460837BD4680BD46415400F4
S31508051C204641543380B596B000AFF860B96013469F
S31508051C30FB71BB6800221A60F868FFF758FFF8635E
S31508051C40FB6B002B01DA0B2330E2A14AFB6B52F83A
S31508051C502330BB63BB6B002B01D10C2326E2BB6883
S31508051C60BA6B1A60FB7923F00103FB71BB6B1B7812
S31508051C70002B1AD0BB6B5B781846FDF70BFF03469E
S31508051C8087F8373097F8373003F00103002B0CD166
S31508051C90FB79002B07D097F8373003F00403002BA0
S31508051CA001D00A2302E2002300E2BB6B00221A7068
S31508051CB0FB6BDAB2BB6B5A70BB6B5B781846FDF7E4
S31508051CC003FF034687F8373097F8373003F00103E3
S31508051CD0002B01D00323E9E1FB79002B07D097F800
S31508051CE0373003F00403002B01D00A23DEE1002375
S31508051CF03B65396DB86BFFF73FFF034687F85730E5
S31508051D0097F85730022B49D100233B641EE0BB6B7D
S31508051D1003F134023B6C1B0103F5DF7313443B6384
S31508051D203B6B04331B78002B06D03B6B08331846F0
S31508051D30FDF766FF024600E000223B6C9B00583320
S31508051D403B4443F8442C3B6C01333B643B6C032B07
S31508051D50DDD900233B643B6C002B02D03B6C013B71
S31508051D603B643B6C9B0058333B4453F8443C3B650A
S31508051D703B6D002B05D0396DB86BFFF7FDFE0346A5
S31508051D8000E0032387F8573097F85730012B05D914
S31508051D903B6C01333B643B6C032BE2D997F8573010
S31508051DA0042B01D1012381E197F85730012B01D97D
S31508051DB00D237BE1BB6B34330B331846FDF708FF60
S31508051DC00346B3F5007F01D00D236FE1BB6B3433B2
S31508051DD016331846FDF7FCFE0346FB64FB6C002B21
S31508051DE006D1BB6B343324331846FDF709FFF8646F
S31508051DF0BB6BFA6CDA61BB6B93F84420BB6B9A70C4
S31508051E00BB6B9B78012B05D0BB6B9B78022B01D04E
S31508051E100D234BE1BB6B9B781A46FB6C02FB03F360
S31508051E20FB64BB6B93F841309AB2BB6B5A81BB6BAB
S31508051E305B89002B08D0BB6B5B891A46BB6B5B8934
S31508051E40013B1340002B01D00D232FE1BB6B343327
S31508051E5011331846FDF7BCFE03461A46BB6B1A81B5
S31508051E60BB6B1B8903F00F039BB2002B01D00D2317
S31508051E701CE1BB6B343313331846FDF7A9FE03463D
S31508051E80BB64BB6C002B06D1BB6B343320331846B9
S31508051E90FDF7B6FEB864BB6B34330E331846FDF74B
S31508051EA097FE0346FB85FB8D002B01D10D23FDE02F
S31508051EB0FA8DFB6C1344BA6B1289120992B2134454
S31508051EC0BB62BA6CBB6A9A4204D20D23EEE000BF28
S31508051ED0E8490020BA6CBB6AD31ABA6B5289B3FBB8
S31508051EE0F2F37B627B6A002B01D10D23DEE0032327
S31508051EF087F857307B6A4FF6F572934202D8022364
S31508051F0087F857307B6A40F6F572934202D8012363
S31508051F1087F857307B6A9A1CBB6B9A61BB6B3A6D1F
S31508051F201A62FA8D3B6D1A44BB6B5A623A6DBB6AE7
S31508051F301A44BB6BDA6297F85730032B1ED1BB6B75
S31508051F4034332A331846FDF743FE0346002B01D0E2
S31508051F500D23ABE0BB6B1B89002B01D00D23A5E038
S31508051F60BB6B34332C331846FDF74AFE0246BB6B6A
S31508051F709A62BB6B9B699B007B641FE0BB6B1B89E5
S31508051F80002B01D10D2391E0BB6B5A6AFB6C1A44F1
S31508051F90BB6B9A6297F85730022B03D1BB6B9B69CB
S31508051FA05B000AE0BB6B9A6913465B0013445A0843
S31508051FB0BB6B9B6903F0010313447B64BB6BDA694E
S31508051FC07B6C03F2FF135B0A9A4201D20D236DE07F
S31508051FD0BB6B4FF0FF325A61BB6B5A69BB6B1A6113
S31508051FE0BB6B80221A7197F85730032B49D1BB6B07
S31508051FF0343330331846FDF7EBFD0346012B40D144
S315080520003B6D01331946B86BFEF792F80346002B6C
S3150805201037D1BB6B00221A71BB6B343303F5FF73DB
S315080520201846FDF7D5FD03461A464AF655239A423C
S3150805203027D1BB6B34331846FDF7E2FD03461D4A27
S3150805204093421ED1BB6B343303F5F2731846FDF77D
S31508052050D7FD0346184A934213D1BB6B343303F5B0
S31508052060F4731846FDF7CCFD0246BB6B5A61BB6B8C
S31508052070343303F5F6731846FDF7C2FD0246BB6B06
S315080520801A61BB6B97F857201A700C4B1B880133DE
S315080520909AB20A4B1A80094B1A88BB6BDA80BB6B56
S315080520A0074ADA60B86BFDF7DBFF00231846583791
S315080520B0BD4680BD5252614172724161EC490020AC
S315080520C0104A002080B584B000AF786039600923CE
S315080520D0FB737B68002B1CD07B681B68002B18D00C
S315080520E07B681B681B78002B13D07B689A887B68EE
S315080520F01B68DB889A420CD17B681B685B78184697
S31508052100FDF7C8FC034603F00103002B01D10023A4
S31508052110FB73FB7B002B02D17B681B6800E0002361
S315080521203A681360FB7B18461037BD4680BD00002C
S3150805213080B588B000AFF860B9601346FB71BB6817
S315080521403B6107F110031846FFF7D1FCF861FB69F7
S31508052150002B01DA0B232BE0174AFB6952F82330CB
S31508052160BB61BB69002B05D0B869FDF779FFBB696B
S3150805217000221A70FB68002B02D0FB6800221A7031
S31508052180FA680D49FB6941F82320FB68002B02D044
S31508052190FB79012B01D000230AE007F10C0107F1B1
S315080521A0080300221846FFF73DFD0346FB75FB7D30
S315080521B018462037BD4680BDE849002080B59AB047
S315080521C000AFF860B9601346FB71FB68002B01D1B7
S315080521D00923ADE1FB7903F03F03FB71FA7907F1B2
S315080521E0140107F108031846FFF71CFD034687F88F
S315080521F0673097F86730002B40F091817B69BB61A2
S31508052200BA6807F1180311461846FFF7FFFB034698
S3150805221087F8673097F86730002B1AD197F8473053
S315080522205BB2002B03DA062387F8673011E0FB79E2
S3150805223023F00103002B14BF01230023DBB21A4642
S3150805224007F1180311461846FDF7C2FD034687F838
S315080522506730FB7903F01C03002B7FD097F86730AE
S31508052260002B17D097F86730042B0ED1FDF70CFE17
S315080522700346002B06D007F118031846FEF7EEFFAE
S31508052280034600E0122387F86730FB7943F0080315
S31508052290FB7110E0BB7F03F01103002B03D0072366
S315080522A087F8673007E0FB7903F00403002B02D0B3
S315080522B0082387F8673097F86730002B68D1FB79CC
S315080522C003F00803002B63D0FAF7BCFEB865BB6BB1
S315080522D00E33B96D1846FDF7D1FCBB6B1633B96DD0
S315080522E01846FDF7CBFCBB6B0B3320221A707B69AE
S315080522F0BA6B11461846FEF720FC78657B69B96BFB
S3150805230000221846FEF738FCBB6B1C33002118461D
S31508052310FDF7B4FC7B690122DA707B6D002B37D09B
S315080523207B691B6BBB6507F118030022796D184697
S31508052330FEF74BF9034687F8673097F86730002BA1
S3150805234026D17B69B96D1846FDF7F2FE034687F86F
S3150805235067307B697A6D013A1A6119E097F8673033
S31508052360002B15D1BB7F03F01003002B03D00423E4
S3150805237087F867300CE0FB7903F00203002B07D0DA
S31508052380BB7F03F00103002B02D0072387F86730CC
S3150805239097F86730002B28D1FB7903F00803002B43
S315080523A003D0FB7943F04003FB717B691A6BFB6825
S315080523B05A62BA6BFB689A62FB7923F00103002B14
S315080523C014BF01230023DBB21A4607F11803114689
S315080523D01846FDF77BFD0246FB681A61FB681B6913
S315080523E0002B02D1022387F8673097F86730002B50
S315080523F040F095807B69BA6B11461846FEF79DFB3A
S315080524000246FB689A60BB6B1C331846FDF7F8FB5A
S315080524100246FB68DA60FB680022DA627A69FB68BD
S315080524201A607B69DA88FB689A80FB68FA791A75F7
S31508052430FB6800225A75FB6800221A62FB680022AF
S315080524409A61FB6830334FF4007200211846FDF790
S3150805245062FCFB7903F02003002B60D0FB68DB6880
S31508052460002B5CD0FB68DA68FB689A617B695B8937
S315080524705B023B65FB689B683B66FB68DB68FB653F
S3150805248016E0FB68396E1846FDF70DFF38663B6E94
S31508052490012B02D8022387F867303B6EB3F1FF3F5D
S315080524A002D1012387F86730FA6D3B6DD31AFB65B0
S315080524B097F86730002B03D1FA6D3B6D9A42E0D841
S315080524C0FB683A6EDA6197F86730002B27D1FB6D02
S315080524D0C3F30803002B22D07B69396E1846FDF72E
S315080524E0C3FEF864FB6C002B03D1022387F867301B
S315080524F015E0FB6D5A0AFB6C1A44FB681A627B6980
S315080525005878FB6803F13001FB681A6A0123FDF761
S3150805251001FB0346002B02D0012387F8673097F89D
S315080525206730002B02D0FB6800221A6097F86730DF
S3150805253018466837BD4680BD80B58EB000AFF860D1
S31508052540B9607A603B60BB687B623B6800221A60AB
S31508052550FB6807F1140211461846FFF7B3FD034653
S3150805256087F8373097F83730002B07D1FB685B7D3E
S3150805257087F8373097F83730002B02D097F8373079
S3150805258015E1FB681B7D03F00103002B01D1072329
S315080525900DE1FB68DA68FB689B69D31A3B627A68C2
S315080525A03B6A9A4240F2FE803B6A7B60FAE0FB682A
S315080525B09B69C3F30803002B40F0C680FB689B693B
S315080525C05B0A7A695289013A1340FB61FB69002B5C
S315080525D02FD1FB689B69002B03D1FB689B683B637E
S315080525E013E0FB68DB6A002B07D0FB689B69194675
S315080525F0F868FEF7E7F8386307E0FA68FB68DB6909
S3150805260019461046FDF74FFE38633B6B012B04D878
S31508052610FB6802225A750223C9E03B6BB3F1FF3FFB
S3150805262004D1FB6801225A750123C0E0FB683A6BA1
S31508052630DA617A69FB68DB6919461046FDF714FE07
S31508052640B861BB69002B04D1FB6802225A750223BF
S31508052650ADE0BA69FB691344BB617B685B0ABB627B
S31508052660BB6A002B39D0FA69BB6A13447A69528961
S31508052670934205D97B695B891A46FB69D31ABB62FE
S315080526807B695878BB6ABA69796AFDF743FA0346DE
S31508052690002B04D0FB6801225A75012387E0FB68E5
S315080526A01B7D5BB2002B14DAFB681A6ABB69D31A61
S315080526B0BA6A9A420DD9FB681A6ABB69D31A5B02CC
S315080526C07A6AD018FB6830334FF400721946FDF75D
S315080526D001FBBB6A5B02FB6250E0FB681B6ABA69D1
S315080526E09A422ED0FB681B7D5BB2002B18DA7B69F4
S315080526F05878FB6803F13001FB681A6A0123FDF770
S3150805270029FA0346002B04D0FB6801225A750123D2
S315080527104DE0FB681B7D03F07F03DAB2FB681A758B
S315080527207B695878FB6803F130010123BA69FDF71F
S31508052730F1F90346002B04D0FB6801225A750123DB
S3150805274035E0FB68BA691A62FB689B69C3F3080337
S31508052750C3F50073FB62FA6A7B689A4201D97B68FE
S31508052760FB62FB6803F13002FB689B69C3F3080348
S315080527701344FA6A1946786AFDF7ACFA7A6AFB6A67
S3150805278013447B62FB689A69FB6A1A44FB689A617B
S315080527903B681A68FB6A1A443B681A607A68FB6ADA
S315080527A0D31A7B607B68002B7FF401AF002318469C
S315080527B03837BD4680BD80B58CB000AFF860B960C6
S315080527C07A603B60BB68FB613B6800221A60FB6860
S315080527D007F1100211461846FFF774FC034687F8F9
S315080527E02F3097F82F30002B07D1FB685B7D87F8CC
S315080527F02F3097F82F30002B02D097F82F304BE162
S31508052800FB681B7D03F00203002B01D1072343E177
S31508052810FB689A697B681A44FB689B699A4280F04B
S315080528202D81FB689B69DB437B6027E1FB689B6918
S31508052830C3F30803002B40F0E380FB689B695B0A3A
S315080528403A695289013A1340BB61BB69002B43D1EA
S31508052850FB689B69002B0CD1FB689B68BB62BB6A4E
S31508052860002B1AD1FB6800211846FDF713FFB8623D
S3150805287013E0FB68DB6A002B07D0FB689B691946E2
S31508052880F868FDF79FFFB86207E0FA68FB68DB6939
S3150805289019461046FDF7FEFEB862BB6A002B00F026
S315080528A0F280BB6A012B04D1FB6802225A75022302
S315080528B0F2E0BB6AB3F1FF3F04D1FB6801225A7502
S315080528C00123E9E0FB68BA6ADA61FB689B68002BB5
S315080528D002D1FB68BA6A9A60FB681B7D5BB2002B5E
S315080528E018DA3B695878FB6803F13001FB681A6A00
S315080528F00123FDF72FF90346002B04D0FB680122B7
S315080529005A750123C8E0FB681B7D03F07F03DAB21D
S31508052910FB681A753A69FB68DB6919461046FDF7BF
S31508052920A3FC78617B69002B04D1FB6802225A75E2
S315080529300223B1E07A69BB6913447B617B685B0A4C
S315080529403B623B6A002B3CD0BA693B6A13443A6939
S315080529505289934205D93B695B891A46BB69D31ADD
S315080529603B623B6958783B6A7A69F969FDF7F2F87B
S315080529700346002B04D0FB6801225A7501238BE018
S31508052980FB681A6A7B69D31A3A6A9A4215D9FB68AB
S3150805299003F13000FB681A6A7B69D31A5B02FA6988
S315080529A013444FF400721946FDF794F9FB681B7D2D
S315080529B003F07F03DAB2FB681A753B6A5B027B6232
S315080529C03FE0FB681B6A7A699A4216D0FB689A69E2
S315080529D0FB68DB689A4210D23B695878FB6803F1B5
S315080529E0300101237A69FDF795F80346002B04D0D3
S315080529F0FB6801225A7501234EE0FB687A691A625B
S31508052A00FB689B69C3F30803C3F500737B627A6A9F
S31508052A107B689A4201D97B687B62FB6803F13002C1
S31508052A20FB689B69C3F3080313447A6AF969184670
S31508052A30FDF750F9FB681B7D63F07F03DAB2FB6887
S31508052A401A75FA697B6A1344FB61FB689A697B6A9E
S31508052A501A44FB689A61FB68DA68FB689B699A42BF
S31508052A6038BF1A46FB68DA603B681A687B6A1A44F7
S31508052A703B681A607A687B6AD31A7B607B68002B89
S31508052A807FF4D4AE00E000BFFB681B7D43F040032E
S31508052A90DAB2FB681A75002318463037BD4680BD7D
S31508052AA080B586B000AF78607B6807F108021146E5
S31508052AB01846FFF707FB0346FB75FB7D002B68D118
S31508052AC07B681B7D03F04003002B62D07B681B7D6A
S31508052AD05BB2002B15DABB6858787B6803F13001C1
S31508052AE07B681A6A0123FDF735F80346002B01D0E2
S31508052AF001234FE07B681B7D03F07F03DAB27B6811
S31508052B001A75FAF79FFA3861BA687B685B6A1946D7
S31508052B101046FDF70DFB0346FB75FB7D002B38D1EB
S31508052B207B689B6AFB60FB680B331A78FB680B337B
S31508052B3042F02002D2B21A707B6818687B689B68D7
S31508052B401A46F968FEF718F8FB6803F11C027B6854
S31508052B50DB6819461046FDF791F8FB68163339699F
S31508052B601846FDF78BF8FB68123300211846FDF762
S31508052B706AF8BB680122DA70BB681846FDF706FBDA
S31508052B800346FB757B681B7D23F04003DAB27B6839
S31508052B901A75FB7D18461837BD4680BD80B584B0C5
S31508052BA000AF78607868FFF77BFF0346FB73FB7B0E
S31508052BB0002B18D17B6807F1080211461846FFF75E
S31508052BC081FA0346FB73FB7B002B0CD17B681B69DB
S31508052BD01846FDF709FA0346FB73FB7B002B02D162
S31508052BE07B6800221A60FB7B18461037BD4680BDF8
S31508052BF080B590B000AF786039607B6807F1080248
S31508052C0011461846FFF75EFA034687F83F3097F8E8
S31508052C103F30002B03D17B685B7D87F83F3097F8FB
S31508052C203F30002B02D097F83F30E6E17B68DB6A38
S31508052C30002B00F0D1803B68B3F1FF3F5AD17B6882
S31508052C40DB6A7B627B6A1A1D7A621B687B610223D3
S31508052C50BB627B689B683B633B6B002B3AD03B6B3F
S31508052C603B610023FB62BB6A0233BB623B6BFB60BD
S31508052C70FB6A0133FB627B68396B1846FDF713FB64
S31508052C8038633B6B012B04D87B6802225A750223ED
S31508052C90B3E13B6BB3F1FF3F04D17B6801225A755B
S31508052CA00123AAE1FB6801333A6B9A42DED0BA6A78
S31508052CB07B699A4209D87B6A1A1D7A62FA6A1A608A
S31508052CC07B6A1A1D7A623A691A60BB689B693A6B10
S31508052CD09A42C4D37B68DB6ABA6A1A60BA6A7B69A0
S31508052CE09A4203D87B6A00221A6084E1112387F881
S31508052CF03F3080E17B68DB683A689A4202D97B688F
S31508052D00DB683B607B683A689A613B68002B00F094
S31508052D1072813B68013B19467868FDF753FD024603
S31508052D207B68DA61BA687B68DB6919461046FDF780
S31508052D309BFAB861BB69002B04D17B6802225A75D8
S31508052D4002235AE13B68013B5B0ABA685289013A94
S31508052D501340BA691344BB617B689B69C3F30803CF
S31508052D60002B00F048817B681B6ABA699A4200F015
S31508052D7042817B681B7D5BB2002B18DABB685878E5
S31508052D807B6803F130017B681A6A0123FCF7E2FECA
S31508052D900346002B04D07B6801225A7501232CE1D2
S31508052DA07B681B7D03F07F03DAB27B681A75BB68FF
S31508052DB058787B6803F130010123BA69FCF7AAFE46
S31508052DC00346002B04D07B6801225A75012314E1BA
S31508052DD07B68BA691A620EE17B68DB683A689A42CB
S31508052DE008D97B681B7D03F00203002B02D17B689B
S31508052DF0DB683B607B689B693B6200237B637B687A
S31508052E007A6B9A613B68002B00F0A780BB685B89E3
S31508052E105B02FB613B6A002B1BD03B685A1EFB69AC
S31508052E20B2FBF3F23B6A591EFB69B1FBF3F39A420F
S31508052E300FD33B6A5A1EFB695B421A407B689A6147
S31508052E407B689B693A68D31A3B607B68DB69BB6319
S31508052E5022E07B689B68BB63BB6B002B19D17B683B
S31508052E6000211846FDF716FCB863BB6B012B04D188
S31508052E707B6802225A750223BFE0BB6BB3F1FF3F9D
S31508052E8004D17B6801225A750123B6E07B68BA6BC3
S31508052E909A607B68BA6BDA61BB6B002B5DD03AE04A
S31508052EA03A68FB69D31A3B607B689A69FB691A44D9
S31508052EB07B689A617B681B7D03F00203002B0BD0A8
S31508052EC07B68B96B1846FDF7E5FBB863BB6B002B4A
S31508052ED008D100233B6022E07B68B96B1846FDF7ED
S31508052EE0E2F9B863BB6BB3F1FF3F04D17B680122F6
S31508052EF05A75012381E0BB6B012B04D9BB689B6915
S31508052F00BA6B9A4204D37B6802225A75022374E087
S31508052F107B68BA6BDA613A68FB699A42C0D87B68FE
S31508052F209A693B681A447B689A613B68C3F3080348
S31508052F30002B12D0BB68B96B1846FDF795F978636F
S31508052F407B6B002B04D17B6802225A75022354E059
S31508052F503B685B0A7A6B13447B637B689A697B6873
S31508052F60DB689A420AD97B689A697B68DA607B6866
S31508052F701B7D43F04003DAB27B681A757B689B694B
S31508052F80C3F30803002B36D07B681B6A7A6B9A4213
S31508052F9031D07B681B7D5BB2002B18DABB68587885
S31508052FA07B6803F130017B681A6A0123FCF7D2FDB9
S31508052FB00346002B04D07B6801225A7501231CE0C1
S31508052FC07B681B7D03F07F03DAB27B681A75BB68DD
S31508052FD058787B6803F1300101237A6BFCF79AFD73
S31508052FE00346002B04D07B6801225A75012304E0A9
S31508052FF07B687A6B1A6297F83F3018464037BD46A4
S3150805300080BD80B586B000AF786039607B68002BD7
S3150805301001D1092364E07B683B6107F10C013B4656
S3150805302000221846FEF7FEFD0346FB75FB7D002BC1
S315080530304FD1FA683B691A603B6819467868FEF706
S31508053040E5FC0346FB75FB7D002B3DD17B6893F8B4
S315080530502F305BB2002B12DB3B699B7903F010031B
S31508053060002B0AD0FA687B681B6A19461046FDF7D5
S3150805307064FD02463B699A6001E00523FB75FB7D05
S31508053080002B21D1FB68DA883B699A80002178688C
S31508053090FDF7CCFB0346FB75FB7D002B14D13B697D
S315080530A09B68002B0DD000217868FCF70FFF0246B8
S315080530B03B691A613B691B69002B05D11223FB7510
S315080530C002E03B6900221A61FB7D042B01D1052329
S315080530D0FB75FB7D002B02D03B6900221A60FB7D40
S315080530E018461837BD4680BD80B584B000AF7860F0
S315080530F07B6807F1080211461846FEF7E3FF034603
S31508053100FB73FB7B002B10D17B681B69002B06D054
S315080531107B681B691846FCF767FF0346FB73FB7B51
S31508053120002B02D17B6800221A60FB7B18461037F4
S31508053130BD4680BD80B584B000AF786039607B68D0
S3150805314007F1080211461846FEF7BCFF0346FB734E
S31508053150FB7B002B26D13B68002B06D1002178681E
S31508053160FDF764FB0346FB731CE000217868FDF751
S315080531700EFF0346FB73FB7B042B01D10023FB7370
S31508053180FB7B002B0ED139687868FEF7A9F9002173
S315080531907868FDF7C6FB0346FB73FB7B042B01D159
S315080531A00023FB73FB7B18461037BD4680BD80B5EB
S315080531B0A0B000AF78600023BB6707F10C013B1D83
S315080531C002221846FEF72EFD034687F87F30FB6870
S315080531D07B6497F87F30002B40F08E807A6807F17C
S315080531E0440311461846FEF711FC034687F87F3057
S315080531F097F87F30002B08D107F1440302211846BA
S31508053200FCF7E6FD034687F87F3097F87F30002BF5
S3150805321072D197F873305BB2002B03DA062387F869
S315080532207F3008E097F84A3003F00103002B02D0F7
S31508053230072387F87F3097F87F30002B34D1FB6852
S315080532407A6E11461846FDF778FCB86797F84A303E
S3150805325003F01003002B27D0FB683B61BB6FBB61EE
S3150805326007F1100300211846FDF7E0FA034687F82B
S315080532707F3097F87F30002B16D107F11003002110
S315080532801846FDF784FE034687F87F3097F87F30A2
S31508053290002B02D1072387F87F3097F87F30042B58
S315080532A002D1002387F87F3097F87F30002B23D18A
S315080532B007F144031846FEF7C9F8034687F87F3031
S315080532C097F87F30002B0CD1BB6F002B09D007F17F
S315080532D044030022B96F1846FDF777F9034687F8C0
S315080532E07F3097F87F30002B06D1FB681846FCF728
S315080532F04DFF034687F87F3097F87F3018468037A5
S31508053300BD4680BD80B598B000AF786007F10C0161
S315080533103B1D02221846FEF785FC034687F85F30F3
S31508053320FB683B6197F85F30002B40F0EC807A68C4
S3150805333007F1100311461846FEF768FB034687F89A
S315080533405F3097F85F30002B02D1082387F85F3086
S3150805335097F85F30042B40F0D68007F1100300215B
S315080533601846FDF797F9F864FB685B895B02FB610C
S31508053370002387F85F30FB6C002B02D1072387F8FB
S315080533805F30FB6C012B02D1022387F85F30FB6C9B
S31508053390B3F1FF3F02D1012387F85F3097F85F3015
S315080533A0002B06D1FB681846FCF77EFE034687F810
S315080533B05F30F9F747FEB86497F85F30002B6AD196
S315080533C0FB68F96C1846FCF74FFF7865FB683433DC
S315080533D07B644FF400720021786CFCF79CFC0B2289
S315080533E02021786CFCF797FC7B6C2E221A707B6C77
S315080533F00B3310221A707B6C1633B96C1846FCF71A
S315080534003DFCFB68FA6C796C1846FDF7B5FB7B6CD9
S3150805341020332022796C1846FCF75CFC7B6C21333B
S315080534202E221A70BB693B65FB681B78032B06D1F0
S31508053430FB689B6A3A6D9A4201D100233B65F86899
S315080534407B6C20333A6D1946FDF796FBFB685B895D
S31508053450BB651BE07B6D5A1C7A65FA681363FB68C6
S315080534600122DA70FB681846FCF71EFE034687F844
S315080534705F3097F85F30002B0CD14FF400720021AE
S31508053480786CFCF748FCBB6D013BBB65BB6D002B37
S31508053490E0D100E000BF97F85F30002B07D107F1B0
S315080534A010031846FDF7DAFE034687F85F3097F8E6
S315080534B05F30002B20D13B6B7B647B6C1633B96C74
S315080534C01846FCF7DBFBFB68FA6C796C1846FDF7C2
S315080534D053FB7B6C0B3310221A70FB680122DA70DA
S315080534E097F85F30002B0ED1FB681846FCF74EFEA1
S315080534F0034687F85F3006E007F110030022F96CEA
S315080535001846FDF762F897F85F3018466037BD46E6
S3150805351080BD000080B487B000AFF860B960134677
S31508053520FB710123FB750023BB751F4B5B7ADBB269
S31508053530002B31D11C4B5B7ADBB21A461A4B00219C
S315080535409954194B5B7ADBB2174A9B001344FA6800
S315080535505A60154B5B7ADBB21A46134B1344FA7954
S315080535601A72114B5B7ADBB25A1CD1B20E4A5172EA
S31508053570BB75BB7D3033DAB2BB681A70BB680133DD
S315080535803A221A70BB6802332F221A70BB680333B6
S3150805359000221A700023FB75FB7D18461C37BD46AD
S315080535A05DF8047B704700BF104C002080B582B0DB
S315080535B000AF78603960002239687868FFF7AAFF96
S315080535C0034618460837BD4680BD000080B485B059
S315080535D000AF03463960FB80FB887F2B02D8FB8842
S315080535E0FB8125E03B68002B0BD0FB88FF2B05D814
S315080535F0FB88803B124A32F8133000E00023FB8132
S3150805360016E00023FB8109E0FB890D4A32F81330E1
S31508053610FA889A4206D0FB890133FB81FB897F2B01
S31508053620F2D900E000BFFB8980339BB2DBB2FB8190
S31508053630FB8918461437BD465DF8047B704700BFFD
S3150805364004F4060880B487B000AF0346FB80FB8800
S31508053650B3F5805F01D23E4B00E03E4B7B617B694B
S315080536609A1C7A611B887B827B8A002B68D0FA882C
S315080536707B8A9A4264D37B699A1C7A611B883B824A
S315080536803B8A1B0AFB813B8ADBB23B82FA88798A2D
S315080536903B8A0B449A4249DAFB89082B4FD801A283
S315080536A052F823F0C9360508DB360508F13605084C
S315080536B0F9360508013705080937050811370508D4
S315080536C01937050821370508FA887B8AD31A5B0056
S315080536D07A6913441B88FB8027E0FA887B8AD31A04
S315080536E09BB203F001039BB2FA88D31AFB801CE050
S315080536F0FB88103BFB8018E0FB88203BFB8014E029
S31508053700FB88303BFB8010E0FB881A3BFB800CE00E
S31508053710FB880833FB8008E0FB88503BFB8004E008
S31508053720FB88A3F5E353FB8000BF08E0FB89002B64
S3150805373095D13B8A5B007A6913447B618FE700BFA5
S31508053740FB8818461C37BD465DF8047B704700BFE5
S3150805375004F50608F8F6060880B48FB000AF786059
S315080537607B681A897B681B681B8A9A4201D30023E2
S3150805377056E17B681B681A687B685B899B0013445E
S315080537801B68FB62FB6A1B0ADAB27B689A75FB6AD9
S3150805379003F00303022B5AD0022B00F29480002B68
S315080537A002D0012B1FD08EE07B6801229A82FB6A24
S315080537B09B089BB203F03F039AB27B681A82FB6AA1
S315080537C01B0E5BB203F00F0387F83330FB6A1B0C3D
S315080537D0DBB27B63FB6A1B0F9BB203F00F039AB23E
S315080537E07B685A82B4E07B681B681A687B685B89C4
S315080537F001339B0013441B68FB61FB6A1B0C9BB2D8
S31508053800C3F30B039AB27B689A82FB6A9B089BB241
S3150805381003F03F039AB2FB691B0F9BB29B019BB250
S3150805382013439AB27B681A82FB6A1B0F5BB203F0D5
S315080538300F0387F83330FB699BB27B63FB691B0C67
S315080538409BB2C3F30B039AB27B685A8280E07B6806
S315080538501B681A687B685B8901339B0013441B68E0
S31508053860BB627B681B681A687B685B8902339B00A9
S3150805387013441B687B627B681B681A687B685B89CF
S3150805388003339B0013441B683B62FB6A1B0C9AB205
S315080538907B689A82FB6A9B089BB203F03F039AB240
S315080538A0BB6A1B0A9BB29B019BB213439AB27B6800
S315080538B01A82BB6A87F833307B6A7B633B6A9AB29E
S315080538C07B685A8244E07B681B681A687B685B8953
S315080538D001339B0013441B68BB617B681B681A6828
S315080538E07B685B8902339B0013441B687B617B6895
S315080538F01B681A687B685B8903339B0013441B683E
S315080539003B617B681B681A687B685B8904339B0087
S3150805391013441B68FB60FB689AB27B689A82FB6A4C
S315080539209B089BB203F03F039AB2BB691B0A9BB27D
S315080539309B019BB213439AB27B681A82BB6987F8C7
S3150805394033307B697B633B699AB27B685A8200BFD1
S315080539507B685B68002B06D17B6800229A617B68C9
S3150805396000221A6241E07B685A687B6B1A447B68B9
S315080539709A6197F93330002B08D07B689A6997F9CD
S3150805398033305B421A447B681A621AE07B689B7D72
S3150805399003F03003202B11D17B689B7D03F0C00310
S315080539A0002B05D07B689B7D03F0C003802B05D1D2
S315080539B07B6803F114027B681A6202E07B680022C1
S315080539C01A627B689B7D03F0C003802B09D17B684F
S315080539D09B69002B05D07B689B691A687B68DA6149
S315080539E003E07B689A697B68DA617B689B7D03F0EF
S315080539F00F03082B05D07B689B7D03F00F03092B66
S31508053A000AD17B681B685A687B68DB899B00134467
S31508053A101A687B685A6202E07B6800225A620123AB
S31508053A2018463C37BD465DF8047B704780B485B0BB
S31508053A3000AF78607B681B8901339AB27B681A8167
S31508053A407B681A897B681B681B8A9A420CD37B6834
S31508053A5000221A817B6800225A817B680022DA8156
S31508053A607B6800229A813CE07B681B681A687B683C
S31508053A705B899B0013441B68FB60FB681B0AFB728A
S31508053A80FB6803F00303012202FA03F33B817B6813
S31508053A905A893B8913449AB27B685A817B689A8905
S31508053AA0FB7A03F03003002B0CBF01230023DBB29E
S31508053AB09BB213449AB27B689A817B68DA89FB7A4A
S31508053AC003F00F03082B04D0FB7A03F00F03092B29
S31508053AD001D1012300E000239BB213449AB27B6807
S31508053AE0DA8100BF1437BD465DF8047B704780B59B
S31508053AF084B000AFF860B9607A6028220021F868BA
S31508053B0015F02AFBFB68BA681A60FB687A685A607A
S31508053B10F868FFF721FE034618461037BD4680BDEF
S31508053B2080B586B000AF786039603B681B689B68CE
S31508053B303B613B691B681B68FB60FB681B0A03F056
S31508053B40C003802B09D13B6804331A46396978685E
S31508053B50FFF7CDFF0346FB7508E03B685B681A4629
S31508053B6039697868FFF7C3FF0346FB753B6803F1B8
S31508053B700C027B681A62FB7D18461837BD4680BD60
S31508053B8080B582B000AF78607868FFF74FFF786830
S31508053B90FFF7E2FD7B681B89002B14BF0123002371
S31508053BA0DBB218460837BD4680BD80B584B000AF80
S31508053BB0786039607B681B8A1A463B68934201D14F
S31508053BC0012344E07B681B689B8A1A463B68934237
S31508053BD001D900233BE07B681B89FB817B681B8A2F
S31508053BE01A463B68934204D27B681B681A8A7B6827
S31508053BF01A817868FFF71AFF7B681B681A687B685D
S31508053C005B899B0013441B68BB60BB689A083B68C5
S31508053C10534003F03F03002B10D17868FFF79CFD4E
S31508053C207B681B8A1A463B68934207D17B689B7D4E
S31508053C3003F00F030A2B01D0012308E07B681B89D3
S31508053C40FA899A42D5D17868FFF786FD0023184682
S31508053C501037BD4680BD80B584B000AF78607B68F7
S31508053C609B7D03F00F030A2B01D1012322E07B6814
S31508053C701B89FB817868FFF7D9FE7B681B681A687C
S31508053C807B685B899B0013441B68BB60BB681B0A82
S31508053C9003F00F030A2B04D17868FFF75DFD034689
S31508053CA008E07B681B89FA899A42E3D17868FFF7A9
S31508053CB053FD002318461037BD4680BD80B485B030
S31508053CC000AF78607B68FB60FB6818461437BD460D
S31508053CD05DF8047B704780B584B000AFF860B960BD
S31508053CE07A607868FFF7EAFF03461A46B968F868FE
S31508053CF0FFF7FDFE034618461037BD4680BD80B55D
S31508053D0082B000AF786039603868FFF7D7FF034699
S31508053D1019467868FFF704FF034618460837BD466F
S31508053D2080BD80B586B000AFF860B9607A607B68FB
S31508053D305B8A082B25D17B68DB697B617B69002B50
S31508053D401FD0FB68002B0CD07B691B68002B08D09D
S31508053D507B691B687A6904327968F8689847034667
S31508053D6010E0BB68002B0CD07B691B68002B08D0BC
S31508053D707B691B687A6904327968B8689847034687
S31508053D8000E0012318461837BD4680BD80B586B0C4
S31508053D9000AFF860B9607A60FB685B687B61FB68B1
S31508053DA05A687B681A44FB685A60BB68002B04D0BE
S31508053DB07A687969B86816F0C1FA0123184618377A
S31508053DC0BD4680BD80B588B000AFF860B9607A6039
S31508053DD07B68002B01D101235FE0BB68002B23D14B
S31508053DE0FB681B682F4A93421ED011E007F11003A2
S31508053DF010221946F868FFF7E5FF034683F0010325
S31508053E00DBB2002B01D0002347E07B68103B7B60C3
S31508053E107B68102BEAD807F110037A681946F86803
S31508053E20FFF7D0FF034638E0FB689B687A689A4235
S31508053E300BD9FB68DB68002B02D0FB68DB6800E062
S31508053E40194BFA68D360002327E0FB681B687A6874
S31508053E50B968F8689847034683F00103DBB2002B77
S31508053E600BD0FB68DB68002B02D0FB68DB6800E03B
S31508053E700E4BFA68D36000230FE0FB689B687A68E7
S31508053E809A4203D9FB6800229A6005E0FB689A689E
S31508053E907B68D21AFB689A60012318462037BD4607
S31508053EA080BD00BF8D3D0508B4D30608C4D30608F2
S31508053EB080B582B000AF786039607B689B68002B57
S31508053EC00BD17B68DB68002B02D07B68DB6800E0DA
S31508053ED0134B7A68D36000231DE07B681B680122B3
S31508053EE0396878689847034683F00103DBB2002BE7
S31508053EF00BD07B68DB68002B02D07B68DB6800E0AB
S31508053F00084B7A68D360002305E07B689B685A1ED0
S31508053F107B689A60012318460837BD4680BD00BFF1
S31508053F20B4D30608C4D3060890B48AB000AFF860BF
S31508053F30B9607A600A4BBB61BB687B617B69FB61CB
S31508053F407B683B6200237B62FB681C4607F1180306
S31508053F500FCB84E80F00F8682837BD4690BC704734
S31508053F608D3D050880B588B000AFF860B9607A6000
S31508053F7007F115031946F868FFF79AFF034683F014
S31508053F800103DBB2002B0BD0FB689B68002B05D120
S31508053F907B68002B02D07B6801221A70002384E017
S31508053FA07B7D5BB2002B02DB7B7DFB6179E007231A
S31508053FB0BB617B7D03F07F03FB6107F1150319469A
S31508053FC0F868FFF775FF034683F00103DBB2002B9C
S31508053FD001D0002369E0BB691F2B2FD9BB693E2B8E
S31508053FE001D8FF2300E00123FB757B7D03F07F03E2
S31508053FF0002B06D0FB69002B05DA7B7DFA7D9A42F4
S3150805400001D1012300E00023BB75BB7D03F0010345
S31508054010BB75BB693F2B05D8BB7D83F00103DBB2B6
S31508054020002B37D0FB68DB68002B02D0FB68DB6802
S3150805403000E0204BFA68D360002336E0BB691C2BE9
S315080540401FD17B7D03F07003002B10D07B7D03F019
S315080540507803782B0BD0FB68DB68002B02D0FB684E
S31508054060DB6800E0134BFA68D36000231DE07B7D0F
S3150805407003F00F02BB6902FA03F3FA691343FB61FE
S3150805408008E07B7D03F07F02BB6902FA03F3FA6950
S315080540901343FB61BB690733BB617B7D5BB2002BB1
S315080540A08BDBBB68FA691A60012318462037BD46BB
S315080540B080BD00BFD0D3060880B582B000AF786052
S315080540C03960002239687868FFF74CFF03461846B9
S315080540D00837BD4680BD00002DE9B04F8AB000AF50
S315080540E0F860B96000237B624FF000024FF00003C9
S315080540F0C7E9062307F117031946F868FFF7D8FE37
S31508054100034683F00103DBB2002B01D0002341E00F
S315080541107B6A3E2B10D9FB7D03F0FE03002B0BD0E3
S31508054120FB68DB68002B02D0FB68DB6800E01C4BEC
S31508054130FA68D36000232DE0FB7DDBB200223B60E5
S315080541407A603B6803F07F084FF000097B6AA3F1A4
S315080541502001C3F1200209FA03F508FA01F10D4316
S3150805416028FA02F2154308FA03F4D7E9062342EAC0
S31508054170040A43EA050BC7E906AB7B6A07337B6284
S31508054180FB7D5BB2002BB5DBB968D7E90623C1E928
S315080541900023012318462837BD46BDE8B08F00BF62
S315080541A0D0D3060880B584B000AF786007F10F0351
S315080541B0012219467868FFF705FE034683F00103D1
S315080541C0DBB2002B01D0002304E0FB7B5BB2002B9E
S315080541D0ECDB012318461037BD4680BD80B584B093
S315080541E000AF786007F10C0319467868FFF764FF96
S315080541F0034683F00103DBB2002B01D0002306E05A
S31508054200FB681A4600217868FFF7DCFD0346184661
S315080542101037BD4680BD80B586B000AFF860B96079
S315080542207A603B603B6800221A70BB6800221A70E8
S315080542307B6800221A6007F114033A681946F8687C
S31508054240FFF790FE034683F00103DBB2002B01D08E
S3150805425000230BE07B69DA087B681A607B69DBB2A9
S3150805426003F00703DAB2BB681A7001231846183734
S31508054270BD4680BD80B582B000AF78600B46FB7041
S31508054280FB78052B26D801A252F823F0A542050886
S31508054290AF420508BD420508D5420508D5420508B9
S315080542A0C74205087868FFF77DFF03461DE0082223
S315080542B000217868FFF786FD034616E07868FFF75C
S315080542C08DFF034611E0042200217868FFF77AFD81
S315080542D003460AE07B68DB68002B02D07B68DB684F
S315080542E000E0044B7A68D360002318460837BD46B4
S315080542F080BD00BFE0D3060880B586B000AFF8607C
S315080543007A603B600B46FB723B681B687B61FB7AF0
S31508054310052B3FD0052B47DC002B02D0012B2FD0D0
S3150805432042E03B6800221A603B681B685A1C3B68DA
S315080543301A603B681B687A699A420BD2FB68DB6888
S31508054340002B02D0FB68DB6800E01F4BFA68D360D8
S31508054350002334E001227968F868FFF733FD034640
S3150805436083F00103DBB2002B01D0002327E07B682D
S315080543705A1C7A601B785BB2002BD5DB01231EE03D
S315080543803B6808221A6008227968F868FFF71AFD5B
S31508054390034614E03B6804221A6004227968F86823
S315080543A0FFF710FD03460AE0FB68DB68002B02D021
S315080543B0FB68DB6800E0054BFA68D36000231846FE
S315080543C01837BD4680BD00BFD0D30608E0D306081A
S315080543D090B585B000AF7860396007F10C031946CA
S315080543E07868FFF769FE034683F00103DBB2002B05
S315080543F001D0002320E03A687B6814460FCB84E891
S315080544000F003B689A68FB689A420BD27B68DB68A3
S31508054410002B02D07B68DB6800E0094B7A68D3601D
S31508054420002309E0FA683B689A607B689A68FB6826
S31508054430D21A7B689A60012318461437BD4690BD83
S31508054440F4D3060880B582B000AF786039603B685A
S315080544509B68002B0ED03B689B681A460021386876
S31508054460FFF7B0FC034683F00103DBB2002B01D04E
S31508054470002308E03B685A687B685A603B68DA6837
S315080544807B68DA60012318460837BD4680BD0000FB
S3150805449080B584B000AFF8600B467A60FB727B681E
S315080544A09B7D03F00F030B2B00F2D48001A252F873
S315080544B023F000BFE5440508154505081545050813
S315080544C0154505084545050879450508AD45050811
S315080544D0D745050801460508014605085546050850
S315080544E02B460508FB7A002B0ED0FB7AFF2B0BD043
S315080544F0FB68DB68002B02D0FB68DB6800E05D4BD8
S31508054500FA68D3600023B0E07968F86800F0F6FE2B
S315080545100346AAE0FB7A002B0ED0FB7AFF2B0BD0BD
S31508054520FB68DB68002B02D0FB68DB6800E0514BB3
S31508054530FA68D360002398E07968F86800F0EEFE1B
S31508054540034692E0FB7A052B0ED0FB7AFF2B0BD0A0
S31508054550FB68DB68002B02D0FB68DB6800E0454B8F
S31508054560FA68D360002380E07B68DB691946F8683A
S3150805457000F08AFE034678E0FB7A012B0ED0FB7A1B
S31508054580FF2B0BD0FB68DB68002B02D0FB68DB68CA
S3150805459000E0384BFA68D360002366E07B68DB6980
S315080545A01946F86800F08CFE03465EE0FB7A022B96
S315080545B00BD0FB68DB68002B02D0FB68DB6800E0E4
S315080545C02C4BFA68D36000234FE07968F86800F049
S315080545D0D1FF034649E0FB7A022B0BD0FB68DB6863
S315080545E0002B02D0FB68DB6800E0224BFA68D36033
S315080545F000233AE07968F86801F030F8034634E0B4
S31508054600FB7A022B0BD0FB68DB68002B02D0FB6814
S31508054610DB6800E0174BFA68D360002325E0796864
S31508054620F86801F097F803461FE0FB7A022B0BD0D2
S31508054630FB68DB68002B02D0FB68DB6800E00D4BE6
S31508054640FA68D360002310E07968F86801F00CF978
S3150805465003460AE0FB68DB68002B02D0FB68DB68CB
S3150805466000E0054BFA68D360002318461037BD46A7
S3150805467080BD00BF0CD406081CD4060880B596B0C4
S3150805468000AFF8600B467A60FB727B689B7D03F08A
S315080546903003302B00F0C280302B00F21A81202B14
S315080546A01FD0202B00F21581002B02D0102B08D025
S315080546B00FE1FB7A7A681946F868FFF7E9FE0346BB
S315080546C012E17B681B6A002B03D07B681B6A0122F3
S315080546D01A70FB7A7A681946F868FFF7D9FE034611
S315080546E002E1FB7A022B6CD17B689B7D03F00F03F5
S315080546F0052B66D8012387F857307B681B6A3B6507
S315080547007B689B697A68528A11463A6D128801FB5D
S3150805471002F21A447B68DA6107F13C031946F86820
S31508054720FFF756FE034683F00103DBB2002B1FD0C5
S315080547300023D9E007F13C037A68FF211846FFF7FD
S31508054740A7FE034683F00103DBB2002B03D0002343
S3150805475087F8573015E03B6D1B8801339AB23B6DD8
S315080547601A807B68DB697A68528A1A447B68DA613B
S315080547707B6C002B05D03B6D1A887B689B8A9A4211
S31508054780D8D37B6C002B0BD0FB68DB68002B02D0DB
S31508054790FB68DB6800E0564BFA68D3600023A3E0A4
S315080547A007F13C031946F868FFF74CFE034683F004
S315080547B00103DBB2002B01D0002395E097F85730AB
S315080547C092E07B681B6AFB647B689B697A68528AF8
S315080547D01146FA6C128801FB02F21A447B68DA6103
S315080547E0FB6C1B885A1C91B2FA6C11807A68928AFE
S315080547F093420BD3FB68DB68002B02D0FB68DB68AA
S3150805480000E03B4BFA68D36000236DE0FB7A7A68D3
S315080548101946F868FFF73CFE034665E07B689B7D0D
S3150805482003F00F03082B05D07B689B7D03F00F0368
S31508054830092B41D17B681B6A1A887B681B8A9A42B1
S315080548403AD07B68D8697B685B8A1A46002114F0DA
S3150805485083FC7B685B6A9B68002B0AD17B685B6A6D
S31508054860DB68002B05D17B685B6A5B681B68002BD8
S3150805487022D07B68596A7B68DA6907F114031846FA
S31508054880FFF735F90346002B16D007F1140318462A
S3150805489000F04DFA034683F00103DBB2002B0BD07B
S315080548A0FB68DB68002B02D0FB68DB6800E0114B70
S315080548B0FA68D360002317E07B681B6A7A68128A50
S315080548C01A80FB7A7A681946F868FFF7E1FD034608
S315080548D00AE0FB68DB68002B02D0FB68DB6800E0B2
S315080548E0054BFA68D360002318465837BD4680BD80
S315080548F030D4060840D406081CD4060880B485B00A
S3150805490000AFF8600B467A60FB72FB68DB68002B24
S3150805491002D0FB68DB6800E0044BFA68D360002325
S3150805492018461437BD465DF8047B704758D4060803
S3150805493090B59BB000AFF8610B467A61FB767B694B
S315080549401B68DB68002B06D1FB7E1946F869FFF75D
S3150805495091FC034670E0FB7E022B45D107F1540313
S315080549601946F869FFF734FD034683F00103DBB200
S31508054970002B01D000235FE0FB6D7B667B691B6816
S31508054980DB6807F154007A6900219847034683F0E6
S315080549900103DBB2002B10D0FB69DB68002B02D0C4
S315080549A0FB69DB6805E03B6E002B01D03B6E00E03A
S315080549B0234BFA69D36000233EE0FB6D002B03D039
S315080549C0FB6D7A6E9A42D7D807F154031946F869EA
S315080549D0FFF738FD034683F00103DBB2002B01D050
S315080549E0002329E0012327E020233B6407F1400340
S315080549F007F12002F97EF869FFF77EFC034683F086
S31508054A000103DBB2002B01D0002315E03A6C3B46C7
S31508054A1007F120011846FFF787FA07F144043B46D4
S31508054A200FCB84E80F007B691B68DB6807F1440038
S31508054A307A6900219847034618466C37BD4690BDE6
S31508054A406CD4060880B584B000AFF8600B467A606A
S31508054A50FB727B689B7D03F0C003802B0ED0802BF1
S31508054A601CD8002B02D0402B10D017E0FB7A7A68A9
S31508054A701946F868FFF702FE03461AE0FB7A7A68D4
S31508054A801946F868FFF73AFF034612E0FB7A7A6893
S31508054A901946F868FFF74CFF03460AE0FB68DB682A
S31508054AA0002B02D0FB68DB6800E0044BFA68D3608C
S31508054AB0002318461037BD4680BD00BF1CD406081E
S31508054AC080B58EB000AFF860B9607A60FB7007F103
S31508054AD01003B9681846FFF723F8034683F0010360
S31508054AE0DBB2002B0BD0FB68DB68002B02D0FB681A
S31508054AF0DB6800E00E4BFA68D360002314E03B8CB4
S31508054B001A467B68934202D17B69002B01D10123A2
S31508054B100AE0BB6801221A7307F11002FB781946E9
S31508054B20F868FFF78FFF034618463837BD4680BD38
S31508054B307CD4060890B587B000AFF860B9603B60CD
S31508054B401346FB71FB689B683B6122E03B681B6863
S31508054B501B68002B0AD03B681B681C68FB79BA687A
S31508054B603968F868A0470346FB7507E0FB79BA6814
S31508054B703968F868FFF7A4FF0346FB75FB7D83F0E4
S31508054B800103DBB2002B01D000230BE03B689B68D1
S31508054B903B603B68002B04D0FB689B683A699A42E0
S31508054BA0D4D0012318461C37BD4690BD80B58EB0B6
S31508054BB000AF78607B689B7D87F8323097F832308E
S31508054BC003F00F030A2B24D17B68DB691B687B631B
S31508054BD01BE007F10803796B1846FEF7A1FF0346A4
S31508054BE0002B0FD07B6B00221A7307F108031846B2
S31508054BF000F09DF8034683F00103DBB2002B01D0D4
S31508054C00002390E07B6B9B687B637B6B002BE0D175
S31508054C1088E097F8323003F0C003002B66D10123EC
S31508054C2087F8333097F8323003F03003102B08D164
S31508054C307B681B6A002B04D07B681B6A00221A70E6
S31508054C4012E097F8323003F03003202B05D097F899
S31508054C50323003F03003302B06D17B681B6A0022FD
S31508054C601A80002387F8333097F83330002B59D04C
S31508054C707B689B7D03F00F03082B05D07B689B7D1E
S31508054C8003F00F03092B28D17B685B6A9B68002B09
S31508054C900AD17B685B6ADB68002B05D17B685B6A92
S31508054CA05B681B68002B18D07B68596A7B68DA69CC
S31508054CB007F108031846FEF71AFF0346002B30D0FE
S31508054CC007F10803184600F032F8034683F0010396
S31508054CD0DBB2002B25D0002325E07B68D8697B68E5
S31508054CE05B8A1A46002114F037FA1BE097F832302A
S31508054CF003F0C003802B15D17B689B6900221A60D7
S31508054D0097F8323003F03003202B05D097F8323068
S31508054D1003F03003302B05D17B681B6A00221A8005
S31508054D2000E000BF012318463837BD4680BD90B55B
S31508054D308DB000AF786107F1200300221A605A602A
S31508054D409A60DA600023FB610023FB767B691B68A2
S31508054D509B68002B20D07B691B6899683B464FF0FA
S31508054D60FF321846FFF7E0F807F120043B460FCB5C
S31508054D7084E80F0007F11A0307F11C0207F11B0166
S31508054D8007F12000FFF747FA034683F00103DBB274
S31508054D90002B01D0002343E07869FFF707FF034698
S31508054DA083F00103DBB2002B01D0002338E0FB6951
S31508054DB0002B2ED07B691B8A1A46FB699A4228D195
S31508054DC0F97E07F120037A691846FFF73BFE034685
S31508054DD083F00103DBB2002B01D0002320E007F1A5
S31508054DE01A0307F11C0207F11B0107F12000FFF75B
S31508054DF012FA034683F00103DBB2002B01D0002328
S31508054E000EE07B691B6A002B03D07B691B6A0022AF
S31508054E101A707869FEF7B4FE0346002BBCD1012348
S31508054E2018463437BD4690BD80B59AB000AFF860D0
S31508054E30B9607A603B6000237B6600233B664FF6C4
S31508054E40FF73A7F85E300023A7F84A300023A7F8B2
S31508054E505C3000233B6400237B644FF0FF337B659E
S31508054E6007F118037A68B9681846FEF740FE03463F
S31508054E70002B00F002813B6803F00103002B40F08C
S31508054E80FC8007F118031846FFF751FF034683F020
S31508054E900103DBB2002B00F0F080FB68DB68002B12
S31508054EA002D0FB68DB6800E0994BFA68D3600023FB
S31508054EB06DE107F1120307F1140207F11301F8680A
S31508054EC0FFF7A9F9034683F00103DBB2002B05D0EA
S31508054ED0BB7C002B40F0D780002358E17B69002B6B
S31508054EE011D13B6803F00403002B40F0CE80FB6824
S31508054EF0DB68002B02D0FB68DB6800E0854BFA68A7
S31508054F00D360002343E17A6907F118031146184669
S31508054F10FEF74BFE034683F00103DBB2002B05D1F2
S31508054F2097F82E3003F00F030A2B3CD17B6E002B26
S31508054F3012D107F118031846FEF78DFE0346002B16
S31508054F4004D07B6B1B683B663B8D7B663B6E002BF3
S31508054F5002D14FF0FF337B667B697A6E9A4215D884
S31508054F60FB689B68FB647969FA7C3B6EF868FFF712
S31508054F70E1FD034683F00103DBB2002B01D00023D4
S31508054F8005E1FB689B68FA6C9A4273D1FB7C194666
S31508054F90F868FFF76FF9034683F00103DBB2002BC8
S31508054FA06AD00023F3E097F82E3003F03003202B60
S31508054FB02ED1BA6B07F1180314339A4228D13B8CC4
S31508054FC0B7F85E209A4220D0B7F85E304FF6FF72E2
S31508054FD0934211D0B7F84A30B7F85C209A420BD0FD
S31508054FE0FB68DB68002B02D0FB68DB6800E04A4BF0
S31508054FF0FA68D3600023CAE03B8CA7F85E30002325
S31508055000A7F84A30BB8DA7F85C3007F14A03BB639E
S3150805501097F82E3003F03003002B1CD1BB8C3F2BA1
S3150805502019D8BB8C03F01F03012202FA03F33B656B
S31508055030BB8C5B099BB29B0068333B4453F8282C11
S31508055040BB8C5B099BB219463B6D1A438B006833CB
S315080550503B4443F8282CFB7C07F118021946F868E7
S31508055060FFF7F0FC034683F00103DBB2002B04D0FF
S3150805507000238CE000BF00E000BFFB689B68002B9F
S315080550807FF417AF02E000BF00E000BFB7F85E3057
S315080550904FF6FF72934211D0B7F84A30B7F85C203D
S315080550A09A420BD0FB68DB68002B02D0FB68DB68ED
S315080550B000E0194BFA68D360002368E0BB695B8A90
S315080550C0A7F85A30B7F85A30002B5FD0B7F85A30D8
S315080550D0402B02D94023A7F85A300023A7F85830A1
S315080550E023E0B7F858309B0068333B4453F8283C0F
S315080550F07A6D9A4214D0FB68DB68002B02D0FB68F0
S31508055100DB6800E0054BFA68D36000233FE000BF83
S3150805511040D4060890D406089CD40608C0D40608C8
S31508055120B7F858300133A7F85830B7F85A305B093D
S315080551309BB2B7F858209A42D3D3B7F85A3003F03A
S315080551401F03002B22D0B7F85A305B099BB29B0088
S3150805515068333B4453F8282CB7F85A30DBB203F0CA
S315080551601F03DBB2C3F12003DBB219467B6DCB40C7
S315080551709A420BD0FB68DB68002B02D0FB68DB681C
S3150805518000E0054BFA68D360002300E001231846C2
S315080551906837BD4680BD00BFC0D4060880B586B051
S315080551A000AFF860B9607A6000237A68B968F8686C
S315080551B0FFF73AFE0346FB75FB7D18461837BD46CD
S315080551C080BD80B584B000AF7860396007F10C03FF
S315080551D019467868FEF770FF034683F00103DBB2CC
S315080551E0002B01D0002308E0FB68002B14BF012320
S315080551F00023DAB23B681A70012318461037BD46F4
S3150805520080BD2DE9B04384B000AF7860396007F1F9
S31508055210080319467868FEF75FFF034683F001031E
S31508055220DBB2002B01D0002329E0D7E9022302F0DF
S315080552300104002554EA050313D0D7E902014FF006
S3150805524000024FF00003420842EAC1724B086FEAB2
S3150805525002086FEA030942464B463968C1E9002345
S315080552600CE0D7E902014FF000024FF000034208AF
S3150805527042EAC1724B083968C1E900230123184679
S315080552801037BD46BDE8B08380B584B000AF7860F9
S31508055290396007F10C03042219467868FEF792FD72
S315080552A0034683F00103DBB2002B01D0002303E09C
S315080552B0FA683B681A60012318461037BD4680BD53
S315080552C080B584B000AF7860396007F10803082215
S315080552D019467868FEF776FD034683F00103DBB2C7
S315080552E0002B01D0002305E0D7E902233968C1E977
S315080552F00023012318461037BD4680BD80B582B008
S3150805530000AF786039603B68DB6919467868FFF74E
S3150805531058FF034618460837BD4680BD2DE9B04FE8
S3150805532094B000AF786239623B6A9B7D03F00F0340
S31508055330022B79D107F138031946786AFEF7CCFEB0
S31508055340034683F00103DBB2002B01D0002307E1F6
S315080553503B6A5B8A082B0AD13B6AD969D7E90E23CA
S31508055360C1E90023D1E90023C7E9122346E03B6AD0
S315080553705B8A042B0ED1D7E90E013B6ADB69024627
S315080553801A601B6800223B617A61D7E90434C7E9CC
S31508055390123433E03B6A5B8A022B0FD1D7E90E013B
S315080553A03B6ADB6982B21A801B889BB20022BB6006
S315080553B0FA60D7E90234C7E912341FE03B6A5B8A0B
S315080553C0012B0FD1D7E90E013B6ADB69C2B21A7008
S315080553D01B78DBB200223B607A60D7E90034C7E95F
S315080553E012340BE07B6ADB68002B02D07B6ADB682C
S315080553F000E05E4B7A6AD3600023B1E0D7E90E2355
S31508055400D7E91201994208BF90420BD07B6ADB683F
S31508055410002B02D07B6ADB6800E0554B7A6AD360BD
S3150805542000239DE001239BE03B6A9B7D03F00F0368
S31508055430032B0DD107F128031946786AFFF7E1FE14
S31508055440034683F00103DBB2002B22D0002387E055
S3150805545007F130031946786AFEF73EFE034683F0E0
S315080554600103DBB2002B01D0002379E03B6A5B8A96
S31508055470082B04D1D7E90C23C7E90A2309E0D7E99C
S315080554800C231346DA17BB61FA61D7E90623C7E980
S315080554900A233B6A5B8A082B0AD13B6AD969D7E98D
S315080554A00A23C1E90023D1E90023C7E9102342E00D
S315080554B03B6A5B8A042B0CD1D7E90A013B6ADB698F
S315080554C002461A601B68DA179A469346C7E910AB6F
S315080554D031E03B6A5B8A022B0ED1D7E90A013B6AA2
S315080554E0DB6902B21A80B3F900301BB2DA1798469F
S315080554F09146C7E910891EE03B6A5B8A012B0ED1E6
S31508055500D7E90A013B6ADB6942B21A7093F900309A
S315080555105BB2DA171C461546C7E910450BE07B6AE8
S31508055520DB68002B02D07B6ADB6800E00F4B7A6AE2
S31508055530D360002314E0D7E90A23D7E91001994275
S3150805554008BF90420BD07B6ADB68002B02D07B6ACA
S31508055550DB6800E0064B7A6AD360002300E0012386
S3150805556018465037BD46BDE8B08F00BFD8D40608E3
S31508055570ECD4060880B586B000AF7860396007F1C7
S315080555800C0319467868FEF797FD034683F0010371
S31508055590DBB2002B01D0002355E0FB68B3F5803F4D
S315080555A00BD37B68DB68002B02D07B68DB6800E0E1
S315080555B0274B7A68D360002345E0FB6802337B6195
S315080555C0FB687A699A420BD27B68DB68002B02D0A6
S315080555D07B68DB6800E01F4B7A68D360002332E0FE
S315080555E03B689B7D03F0C003802B0BD17B68DB688A
S315080555F0002B02D07B68DB6800E0174B7A68D3601E
S31508055600002320E03B685B8A1A467B6993420BD9DF
S315080556107B68DB68002B02D07B68DB6800E00C4BF7
S315080556207A68D36000230EE03B68DB693B61FB685B
S315080556309AB23B691A803B690233FA681946786853
S31508055640FEF7C0FB034618461837BD4680BD00BFA2
S3150805565000D5060810D5060858D4060880B586B0BC
S3150805566000AF786039603B68DB697B6107F10C033D
S3150805567019467868FEF720FD034683F00103DBB279
S31508055680002B01D000235AE0FB68B3F1FF3F0BD18D
S315080556907B68DB68002B02D07B68DB6800E02A4B59
S315080556A07A68D36000234AE0FB6801333B61FB68EF
S315080556B03A699A420BD27B68DB68002B02D07B6875
S315080556C0DB6800E0204B7A68D360002337E03B6847
S315080556D09B7D03F0C003802B0BD17B68DB68002B11
S315080556E002D07B68DB6800E0184B7A68D360002334
S315080556F025E03B685B8A1A463B6993420BD97B686A
S31508055700DB68002B02D07B68DB6800E0104B7A6803
S31508055710D360002313E0FB687A69134400221A70E4
S31508055720FB681A4679697868FEF74CFB034683F0E9
S315080557300103DBB2002B01D0002300E00123184644
S315080557401837BD4680BD00BF10D5060858D40608CB
S3150805575020D5060880B58AB000AF78603960012380
S3150805576087F82730002387F8263007F10C031946F2
S315080557707868FEF72DFE034683F00103DBB2002B9E
S3150805578001D0002369E03B685B6A002B0BD17B6877
S31508055790DB68002B02D07B68DB6800E0314B7A6852
S315080557A0D360002359E03B689B7D03F00F03092B63
S315080557B01CD13B681B6A002B18D03B681B6A083B43
S315080557C0FB61FB691B68002B10D0FB691B68FA692E
S315080557D0043207F10C0039689847034687F82730DD
S315080557E07B69002B02D1012387F8263097F82730E5
S315080557F0002B22D097F8263083F00103DBB2002B65
S315080558001BD000233B623B689B7D03F0C003002B3E
S3150805581007D13B689B7D03F03003202B01D001237C
S315080558203B623B68596A3B68DA6907F10C003B6AD3
S31508055830FFF7FAFA034687F8273007F10C031946E6
S315080558407868FEF7FFFD034683F00103DBB2002BFC
S3150805585001D0002301E097F8273018462837BD46BA
S3150805586080BD00BF30D5060880B584B000AF786026
S31508055870396007F10C0319467868FEF71DFC0346DF
S3150805588083F00103DBB2002B01D0002337E0FB6868
S31508055890B3F5803F0BD37B68DB68002B02D07B68AA
S315080558A0DB6800E0184B7A68D360002327E0FB68BD
S315080558B0002B09D13B68D8693B685B8A1A460021E3
S315080558C013F04AFC01231AE03B685B8A1A46FB6813
S315080558D09A420BD07B68DB68002B02D07B68DB68B5
S315080558E000E00A4B7A68D360002308E03B68D9696B
S315080558F03B685B8A1A467868FEF764FA03461846D3
S315080559001037BD4680BD00BF00D506084CD506082C
S3150805591080B586B000AFF860B9607A60FB685B68E9
S315080559207B617A697B681A44FB685A607A68B96844
S31508055930786914F003FD012318461837BD4680BD5E
S31508055940B0B48BB000AFF860B9607A600B4B7B6179
S31508055950BB68BB617B68FB6100233B6200237B62F6
S31508055960FB681D4607F114040FCC0FC523682B6089
S31508055970F8682C37BD46B0BC704700BF11590508F5
S3150805598080B584B000AFF860B9607A607B68002B93
S3150805599037D0FB681B68002B33D0FB68DA687B6851
S315080559A01A44FB68DB689A4207D3FB68DA687B68A2
S315080559B01A44FB689B689A420BD9FB681B69002B3E
S315080559C002D0FB681B6900E0134BFA6813610023D4
S315080559D01EE0FB681B687A68B968F8689847034645
S315080559E083F00103DBB2002B0BD0FB681B69002B88
S315080559F002D0FB681B6900E0084BFA6813610023AF
S31508055A0006E0FB68DA687B681A44FB68DA600123F6
S31508055A1018461037BD4680BD70D506087CD50608DC
S31508055A2080B485B000AF78607B68BB600023FB60F7
S31508055A300AE0BA68FB6813441B78002B01D00123DA
S31508055A4006E0FB680133FB60FB68002BF1D00023F9
S31508055A5018461437BD465DF8047B7047B0B58CB05B
S31508055A6000AF786039603B681B6A1B88BB84BB8CB2
S31508055A70002B01D101233DE13B689B7D03F0C00363
S31508055A80802B10D03B689B8ABA8C9A420BD97B68C7
S31508055A901B69002B02D07B681B6900E0974B7A6867
S31508055AA01361002326E13B689B7D03F00F03052B55
S31508055AB000F2B3803B681B8A1A460221786800F013
S31508055AC002FD034683F00103DBB2002B01D0002358
S31508055AD010E13B689B7D03F00F03042B03D1BB8CB8
S31508055AE09B00BB6247E03B689B7D03F00F03052BD4
S31508055AF003D1BB8CDB00BB623DE007F1080300223E
S31508055B001A605A609A60DA601A613B68DB69FB615C
S31508055B100023FB8526E007F108033968184600F0D7
S31508055B2013FE034683F00103DBB2002B10D07B6816
S31508055B301B69002B02D07B681B6905E0BB69002B36
S31508055B4001D0BB6900E06E4B7A6813610023D1E08A
S31508055B503B68DB693A68528A1A443B68DA61FB8D09
S31508055B600133FB85FA8DBB8C9A42D4D33B68FA6917
S31508055B70DA617B69BB62BB6A00221C46154622466A
S31508055B802B46786800F01CFC034683F00103DBB25C
S31508055B90002B01D00023ADE07B681B68002B06D1DE
S31508055BA0BA6A00217868FFF7EBFE0346A2E00023F0
S31508055BB0FB852DE03B689B7D03F00F03042B05D081
S31508055BC03B689B7D03F00F03052B0BD13968786875
S31508055BD000F07CFE034683F00103DBB2002B0DD0F3
S31508055BE0002387E03968786800F0AEFD034683F040
S31508055BF00103DBB2002B01D000237BE03B68DB69A0
S31508055C003A68528A1A443B68DA61FB8D0133FB858B
S31508055C10FA8DBB8C9A42CDD36BE00023FB8564E0F5
S31508055C203B689B7D03F0C003802B47D13B689B7D72
S31508055C3003F00F03072B05D03B689B7D03F00F0385
S31508055C40062B3BD13B68DB693B623B68DB691A6817
S31508055C503B68DA613B68DB69002B1CD139687868D3
S31508055C6000F05AFC0346002B0BD04FF000024FF00C
S31508055C700003786800F0A4FB0346002B01D0012336
S31508055C8000E0002387F8273097F8273003F001034B
S31508055C9087F8273006E03968786800F051F9034631
S31508055CA087F827303B683A6ADA6197F8273083F030
S31508055CB00103DBB2002B0DD000231BE03968786899
S31508055CC000F03EF9034683F00103DBB2002B02D050
S31508055CD000230FE000BF3B68DB693A68528A1A441D
S31508055CE03B68DA61FB8D0133FB85FA8DBB8C9A42DD
S31508055CF096D3012318463037BD46B0BD88D5060864
S31508055D00A0D5060880B592B000AF78607B689B7D04
S31508055D1087F8453097F8453003F0C003002B40F067
S31508055D20C98097F8453003F03003002B01D10023CD
S31508055D3000E197F8453003F03003202B08D17B683E
S31508055D401B6A1B88002B0CBF01230023DBB2F1E07D
S31508055D5097F8453003F03003302B08D17B681B6A6A
S31508055D601B88002B0CBF01230023DBB2E2E097F862
S31508055D70453003F03003102B15D17B681B6A002BC1
S31508055D8011D07B681B6A1846FFF74AFE0346002BA7
S31508055D9014BF01230023DBB283F00103DBB203F052
S31508055DA00103DBB2C6E07B681B689B68002B01D044
S31508055DB00023BFE097F8453003F00F03052B1CD8E1
S31508055DC07B68DB697B630023A7F846300DE0B7F8E7
S31508055DD046307A6B13441B78002B01D00023A9E0C3
S31508055DE0B7F846300133A7F846307B685B8AB7F8BB
S31508055DF046209A42EBD301239CE097F8453003F0F9
S31508055E000F03062B0AD17B68DB69BB63BB6B1B8853
S31508055E10002B0CBF01230023DBB28BE097F8453036
S31508055E2003F00F03072B08D17B68DB691B78002B6A
S31508055E300CBF01230023DBB27CE097F8453003F05D
S31508055E400F030B2B07D17B685B8A002B0CBF01233D
S31508055E500023DBB26EE097F8453003F00F03082BF5
S31508055E6005D097F8453003F00F03092B61D17B68F8
S31508055E70596A7B68DA6907F10C031846FDF737FE98
S31508055E800346002B14D007F10C031846FFF73AFF13
S31508055E90034683F00103DBB2002B01D0002349E05A
S31508055EA007F10C031846FDF76BFE0346002BEAD1EE
S31508055EB001233FE097F8453003F0C003802B07D14F
S31508055EC07B68DB69002B0CBF01230023DBB231E0BD
S31508055ED097F8453003F0C003402B2AD197F845308B
S31508055EE003F00F030A2B0AD17B68DB691B68FB6382
S31508055EF0FB6B002B0CBF01230023DBB21AE07B6882
S31508055F001B68DB680D4A93420AD17B68DB693B64EB
S31508055F103B6C1B68002B0CBF01230023DBB209E091
S31508055F207B681B68DB68002B0CBF01230023DBB2EB
S31508055F3000E0002318464837BD4680BD233D0508C1
S31508055F4080B582B000AF786039603B68DB69002BA5
S31508055F5001D1012361E03968786800F0DDFA034666
S31508055F6083F00103DBB2002B01D0002355E03B6823
S31508055F709B7D03F00F030B2B44D801A252F823F09F
S31508055F80B15F0508BD5F0508BD5F0508BD5F050866
S31508055F90C95F0508C95F0508D55F0508E15F0508F6
S31508055FA0ED5F0508ED5F050805600508F95F050855
S31508055FB03968786800F0AEFB03462EE039687868DC
S31508055FC000F0C2FB034628E03968786800F07EFCD5
S31508055FD0034622E03968786800F0A6FC03461CE00B
S31508055FE03968786800F0DEFC034616E03968786893
S31508055FF000F036FD034610E03968786800F076FD4E
S3150805600003460AE07B681B69002B02D07B681B697F
S3150805601000E0044B7A681361002318460837BD4625
S3150805602080BD00BFA8D5060880B582B000AF7860E8
S3150805603039603B681B68DB68002B18D03B681B6812
S31508056040DB683A68796800209847034683F00103B8
S31508056050DBB2002B0BD07B681B69002B02D07B6853
S315080560601B6900E0044B7A681361002300E00123ED
S3150805607018460837BD4680BDBCD5060880B582B02A
S3150805608000AF786039603B689B7D03F03003302BA1
S3150805609008D13B681B6A1A883B681B8A9A4226D030
S315080560A0012359E03B689B7D03F03003102B1ED175
S315080560B03B681B6A002B0CD03B681B6A1846FFF722
S315080560C0AFFC034683F00103DBB2002B0FD0012397
S315080560D042E03B689B7D03F0C003002B07D1386877
S315080560E0FFF710FE0346002B01D0012334E03B6879
S315080560F0DB69002B13D13B689B7D03F03003002B2E
S315080561000BD17B681B69002B02D07B681B6900E0F5
S31508056110134B7A68136100231EE001231CE03B68D4
S315080561209B7D03F0C003402B05D139687868FFF7D6
S315080561307BFF034610E03B689B7D03F03003202B6D
S3150805614005D139687868FFF789FC034604E039689C
S315080561507868FFF7F5FE034618460837BD4680BD3D
S31508056160CCD5060880B58CB000AF7860396007F1E4
S31508056170080339681846FDF7C2FD034683F001038F
S31508056180DBB2002B0BD07B681B69002B02D07B6822
S315080561901B6900E0074B7A681361002306E007F1DF
S315080561A0080319467868FFF769FF03461846303726
S315080561B0BD4680BDE4D5060880B584B000AF7860D5
S315080561C039603B68DB691B68FB601EE0FB681B687A
S315080561D05B68002B08D0FB681B685B68F9687868FC
S315080561E098470346FB7205E0F9687868FFF7BAFF32
S315080561F00346FB72FB7A83F00103DBB2002B01D061
S31508056200002306E0FB689B68FB60FB68002BDDD175
S31508056210012318461037BD4680BD80B58EB000AF40
S31508056220F860B9607A6007F110037A68B9681846A4
S31508056230FDF751FD034683F00103DBB2002B01D0C0
S3150805624001232AE097F8263003F00F030A2B0DD110
S3150805625007F110031946F868FFF7AEFF034683F002
S315080562600103DBB2002B0FD0002316E007F110035C
S315080562701946F868FFF702FF034683F00103DBB208
S31508056280002B01D0002308E007F110031846FDF797
S3150805629077FC0346002BD5D1012318463837BD466A
S315080562A080BD80B58AB000AFF860B9607A6007F13D
S315080562B0140300221A605A609A60DA601A6107F1B7
S315080562C014037A68B9681846FFF7A7FF034683F0EB
S315080562D00103DBB2002B01D0002303E03A6AFB6811
S315080562E01A60012318462837BD4680BD80B588B093
S315080562F000AFF860B9607A600023FB61BB68DBB262
S3150805630003F07F03FB76BB68DB09BB6013E0FB7E06
S3150805631063F07F03FB76FB695A1CFA6120333B441D
S31508056320FA7E03F8102CBB68DBB203F07F03FB7615
S31508056330BB68DB09BB60FB69032B05D8BB68002B6B
S31508056340E5D17B68002BE2D17B68002B24D07B68DE
S31508056350DBB21B01DBB203F07003DAB2FB7E134333
S31508056360FB767B68DB087B6013E0FB7E63F07F03C7
S31508056370FB76FB695A1CFA6120333B44FA7E03F81F
S31508056380102C7B68DBB203F07F03FB767B68DB09A1
S315080563907B607B68002BE8D1FB695A1CFA612033C0
S315080563A03B44FA7E03F8102C07F11003FA691946DF
S315080563B0F868FFF7E5FA034618462037BD4680BD57
S315080563C090B587B000AFF860C7E90023D7E9002381
S315080563D0802A73F100030AD23B78FB7507F1170388
S315080563E001221946F868FFF7CBFA03460FE03C6821
S315080563F0D7E900014FF000024FF000030A00002319
S3150805640013461A462146F868FFF770FF03461846ED
S315080564101C37BD4690BD2DE9B04F8AB000AF7861EF
S31508056420C7E902234FF0FF326FF00043C7E9062399
S31508056430D7E90223002B15DAD7E90201D7E906239E
S3150805644000EA020401EA030523193B6045EB050347
S315080564507B60D7E900236FEA020A6FEA030BC7E9EF
S3150805646008AB07E0D7E9022312EB020843EB030959
S31508056470C7E90889D7E908237869FFF7A1FF03461D
S3150805648018462837BD46BDE8B08F80B582B000AF3F
S3150805649078603960042239687868FFF771FA034627
S315080564A018460837BD4680BD80B582B000AF78600E
S315080564B03960082239687868FFF762FA034618468C
S315080564C00837BD4680BD2DE9B04F88B000AF786165
S315080564D00B46FA60FB74FB6800229A4693464FEA18
S315080564E05A754FEACA04FB7C00229846914644EA47
S315080564F008033B6045EA09037B60D7E90034C7E929
S315080565000634D7E906237869FFF75AFF034618467E
S315080565102037BD46BDE8B08F80B584B000AF78603A
S3150805652039603B689B7D03F00F030B2B26D801A228
S3150805653052F823F065650508656505086565050866
S31508056540656505086B6505087165050877650508B8
S315080565507765050877650508776505087D6505087E
S31508056560776505080023FB7314E00523FB7311E023
S315080565700123FB730EE00223FB730BE07B681B69A3
S31508056580002B02D07B681B6900E0094B7A6813610A
S31508056590002308E03B681B8A1A46FB7B1946786880
S315080565A0FFF791FF034618461037BD4680BD00BF65
S315080565B0A8D50608B0B584B000AFF860B9607A60AA
S315080565C07B6800221C46154622462B46F868FFF7C7
S315080565D0F7FE034683F00103DBB2002B01D0002347
S315080565E005E07A68B968F868FFF7CAF903461846F0
S315080565F01037BD46B0BD0000B0B58CB000AFF86029
S31508056600B9607A6007F1140300221A605A609A6025
S31508056610DA601A6107F114037A68B9681846FFF74C
S31508056620FCFD034683F00103DBB2002B04D07A6A2E
S31508056630FB681A61002365E03B6AFB62FB6A002278
S315080566401C46154622462B46F868FFF7B9FE03464B
S3150805665083F00103DBB2002B01D0002352E0FB686F
S315080566601B68002B06D1FA6A0021F868FFF788F936
S31508056670034647E0FB68DA68FB6A1A44FB689B68C9
S315080566809A420BD9FB681B69002B02D0FB681B696C
S3150805669000E01E4BFA681361002333E0FB681B68AC
S315080566A07B61FB685B68BB61FB6AFB6100233B6238
S315080566B000237B6207F114037A68B9681846FFF761
S315080566C0ACFD034687F82B30FB68DA683B6A1A4443
S315080566D0FB68DA60BA69FB685A607A6AFB681A6108
S315080566E03B6AFA6A9A420BD0FB681B69002B02D0F3
S315080566F0FB681B6900E0064BFA681361002301E095
S3150805670097F82B3018463037BD46B0BD70D5060804
S31508056710F8D50608B0B584B000AF786039603B682F
S31508056720DB691846FFF77CF90346FB60FB68002220
S315080567301C46154622462B467868FFF741FE034652
S3150805674018461037BD46B0BD2DE9B04F8CB000AF21
S31508056750F861B961BB699B7D03F00F03022B52D122
S315080567604FF000024FF00003C7E90A23BB695B8AAD
S31508056770012B0BD1BB69DB691B78DBB200223B61B8
S315080567807A61D7E90434C7E90A3435E0BB695B8A17
S31508056790022B0BD1BB69DB691B889BB20022BB6048
S315080567A0FA60D7E90234C7E90A3425E0BB695B8A8A
S315080567B0042B0AD1BB69DB691B6800223B607A603A
S315080567C0D7E90034C7E90A3416E0BB695B8A082BA2
S315080567D006D1BB69DB69D3E90023C7E90A230BE0C0
S315080567E0FB691B69002B02D0FB691B6900E0364B68
S315080567F0FA691361002361E0D7E90A23F869FFF707
S31508056800DFFD03465AE04FF000024FF00003C7E9E3
S315080568100823BB695B8A012B0AD1BB69DB6993F936
S3150805682000305BB2DA179A469346C7E908AB32E0F9
S31508056830BB695B8A022B0AD1BB69DB69B3F90030F0
S315080568401BB2DA1798469146C7E9088923E0BB695A
S315080568505B8A042B08D1BB69DB691B68DA171C46FA
S315080568601546C7E9084516E0BB695B8A082B06D1B4
S31508056870BB69DB69D3E90023C7E908230BE0FB6994
S315080568801B69002B02D0FB691B6900E00E4BFA69F0
S315080568901361002312E0BB699B7D03F00F03032BED
S315080568A006D1D7E90823F869FFF7B5FD034605E0DC
S315080568B0D7E90823F869FFF783FD034618463037F5
S315080568C0BD46BDE8B08F00BF0CD6060880B582B0B8
S315080568D000AF786039603B685B8A042B07D13B6853
S315080568E0DB6919467868FFF7D0FD034616E03B686D
S315080568F05B8A082B07D13B68DB6919467868FFF779
S31508056900D3FD03460AE07B681B69002B02D07B682A
S315080569101B6900E0034B7A6813610023184608379C
S31508056920BD4680BD0CD6060880B584B000AF786034
S3150805693039600023FB603B68DB69FB60FB68002B5D
S3150805694006D1002200217868FFF734FE034622E0C7
S315080569503B689B7D03F0C003002B13D1FB681B889E
S315080569601A463B685B8A023B9A420BD97B681B69C8
S31508056970002B02D07B681B6900E0094B7A68136116
S31508056980002308E0FB68991CFB681B881A4678688B
S31508056990FFF710FE034618461037BD4680BD00BFF3
S315080569A020D6060880B586B000AF78603960002322
S315080569B07B613B685B8A3B613B68DB69BB603B681F
S315080569C09B7D03F0C003802B03D14FF0FF333B615A
S315080569D011E03B69002B0BD17B681B69002B02D0A4
S315080569E07B681B6900E01C4B7A68136100232FE05E
S315080569F03B69013B3B61BB68002B02D100237B61E8
S31508056A0020E0BB68FB6005E07B6901337B61FB68B9
S31508056A100133FB607A693B699A4203D2FB681B78A6
S31508056A20002BF1D1FB681B78002B0BD07B681B6903
S31508056A30002B02D07B681B6900E0084B7A68136156
S31508056A40002305E07A69B9687868FFF7B3FD034658
S31508056A5018461837BD4680BD34D6060848D60608F2
S31508056A6080B584B000AF786039603B685B6A002BF7
S31508056A700BD17B681B69002B02D07B681B6900E07C
S31508056A80194B7A681361002329E03B689B7D03F05F
S31508056A900F03092B1AD13B681B6A002B16D03B68D6
S31508056AA01B6A083BFB60FB681B68002B0ED0FB685E
S31508056AB01B68FA680432396878689847034683F08C
S31508056AC00103DBB2002B01D0002308E03B68596AB5
S31508056AD03B68DB691A467868FFF78EFD0346184654
S31508056AE01037BD4680BD00BF5CD6060880B582B0A6
S31508056AF000AF786039603B68D9693B685B8A1A4696
S31508056B007868FFF757FD034618460837BD4680BD22
S31508056B1080B584B000AF0346FB80FB88082B49D1B6
S31508056B20FB8819462B48EFF7F5F90346FB73FB7BFC
S31508056B30012B37D1284800F04BFB034603F07703B2
S31508056B40BB73BB7B03F04003002B02D0234B062205
S31508056B501A70BB7B03F02003002B02D0204B0622BC
S31508056B601A70BB7B03F01003002B02D01D4B0622BF
S31508056B701A70BB7B03F00403002B02D01A4B0622BE
S31508056B801A70BB7B03F00203002B02D0174B0622B3
S31508056B901A70BB7B03F00103002B0BD0144B06229E
S31508056BA01A7007E00C4B9B680B4A91890022184618
S31508056BB0EFF7C8F90A4B1B78012B07D10B4B1B7846
S31508056BC0012B03D10A210B480CF0A6F900BF103793
S31508056BD0BD4680BD000800481C4C002054AB00206B
S31508056BE074AB002064AB00205CAB00207CAB0020B6
S31508056BF06CAB002084AB002080B584B000AF78600C
S31508056C0039600823FB737B683A681A607B684E22ED
S31508056C101A7107F10C031946786800F027F8034638
S31508056C20002B18D07B6848221A7108E07B681B7907
S31508056C300133DAB27B681A71FB7B013BFB73FB7B7D
S31508056C40002B08D007F10C031946786800F00EF8F2
S31508056C500346002BEAD1FB7B002B01D0002300E07D
S31508056C60012318461037BD4680BD000080B586B09D
S31508056C7002AF786039600023FB737B681B68002BBD
S31508056C8037D07B6818687B681B799BB25B0099B21D
S31508056C9007F10C0241F2883300930223EFF736FB1E
S31508056CA00346FB73FB7B002B0BD13B7B1B021AB2FE
S31508056CB07B7B1BB213431BB29AB23B681A8000232F
S31508056CC02AE0102011F0BEFA0346002B0FD011F06A
S31508056CD04FFA1349134811F013FAF97B7B681B79A8
S31508056CE01A46114811F00CFA104811F009FA012351
S31508056CF012E0102011F0A6FA0346002B0BD011F06E
S31508056D0037FA0749074811F0FBF9094811F0F8F968
S31508056D10064811F0F5F9032318461037BD4680BD18
S31508056D2078D6060880D6060888D60608B0D6060890
S31508056D30B4D6060880B586B002AF78600B467B8068
S31508056D400023FB730023BB8107F10A0319467868FC
S31508056D5000F030F90346FB73FB7B002B01D0FB7B68
S31508056D609DE07B88B3F5805F01D3022397E07B8995
S31508056D707A889A4201D1002391E03B7A6FF387130B
S31508056D803B727B685B7903F00303DAB23B7A62F3FD
S31508056D9005133B727B88DBB27B737B681B7A0C2BEE
S31508056DA00AD17B881B0A9BB203F00F03DAB23B7A3A
S31508056DB062F303033B7211E07B681B7A0A2B0DD13C
S31508056DC07B889B099BB203F00F03DAB23B7A62F321
S31508056DD003033B727B889B00DBB27B733B7A3B7371
S31508056DE07B681B68002B45D07B6818687B681B7910
S31508056DF09BB25B0099B207F10C023223009302237A
S31508056E00EFF76CF90346002B14D00123FB7310200A
S31508056E1011F018FA0346002B40D011F0A9F92249BA
S31508056E20224811F06DF9224811F06AF9214811F046
S31508056E3067F933E007F10A031946786800F0BAF8E6
S31508056E407B897A889A4229D0102011F0FBF90346E6
S31508056E50002B23D011F08CF91349144811F050F979
S31508056E607B887A891946144811F04AF9114811F0B0
S31508056E7047F913E00123FB73102011F0E3F90346E4
S31508056E80002B0BD011F074F90749084811F038F9A9
S31508056E900A4811F035F9074811F032F9FB7B18460F
S31508056EA01037BD4680BD00BFC8D60608D0D6060829
S31508056EB0D8D60608ECD60608F0D6060810D706086A
S31508056EC080B586B002AF78600023FB7300233B7359
S31508056ED000233B723B7B032262F302033B737B6809
S31508056EE0DB7903F00303DAB23B7B62F3C4033B7336
S31508056EF07B685B7903F00303DAB23B7B62F34613DF
S31508056F003B737B689B7903F00103DAB23B7B62F33B
S31508056F10C7133B733B7B3B727B681B68002B25D0ED
S31508056F207B6818687B681B799BB25B0099B207F189
S31508056F300802322300930123EFF7D0F80346002B06
S31508056F4028D00123FB73102011F07CF90346002B8A
S31508056F5020D011F00DF91249124811F0D1F812484E
S31508056F6011F0CEF8114811F0CBF813E00123FB73A5
S31508056F70102011F067F90346002B0BD011F0F8F82D
S31508056F800749084811F0BCF8094811F0B9F8074847
S31508056F9011F0B6F8FB7B18461037BD4680BD00BF15
S31508056FA0C8D60608D0D60608D8D60608ECD60608E2
S31508056FB010D706082DE9F04389B002AF7860396025
S31508056FC06B461E460023FB757B681B7A082B01D189
S31508056FD0022100E003214B1E3B610A460023904629
S31508056FE099464FF000024FF000034FEAC90343EAFA
S31508056FF058734FEAC8020A46002314461D464FF041
S3150805700000024FF00003EB0043EA5473E2000B4617
S315080570100733DB08DB00ADEB030D02AB0033FB6082
S315080570207B681B68002B4DD07B6818687B681B79C5
S315080570309BB25B009CB28BB232220092FA6821465B
S31508057040EFF764F90346002B14D00123FB751020CE
S3150805705011F0F8F80346002B48D011F089F82749AE
S31508057060274811F04DF8274811F04AF8264811F037
S3150805707047F83BE07B681B7A082B05D1FB685B78EC
S315080570809AB23B681A8031E07B681B7A0A2B0AD1CB
S31508057090FB685B781B02FA68927813439B119AB2D0
S315080570A03B681A8022E07B681B7A0C2B1ED1FB688D
S315080570B05B781B02FA68927813431B119AB23B68F0
S315080570C01A8013E00123FB75102011F0BBF803465F
S315080570D0002B0BD011F04CF80849094811F010F8A7
S315080570E00A4811F00DF8084811F00AF8FB7DB5466F
S315080570F018461C37BD46BDE8F08300BFC8D6060846
S31508057100D0D6060824D70608ECD6060810D70608EA
S3150805711080B584B000AF786039600823FB737B6857
S315080571203A681A607B6861221A7107F10C031946D9
S315080571307868FFF73FFF0346002B18D07B68602267
S315080571401A7108E07B681B790133DAB27B681A7114
S31508057150FB7B013BFB73FB7B002B08D007F10C037C
S3150805716019467868FFF726FF0346002BEAD1FB7B0D
S31508057170002B04D07868FFF7A3FE034600E0012339
S3150805718018461037BD4680BD80B483B000AF786019
S315080571907B680C4A9A607B684FF480729A817B6893
S315080571A0094A1A607B6880229A807B68074A1A61B1
S315080571B07B6810229A8200BF0C37BD465DF8047BB2
S315080571C0704700BF00080048001000480004004842
S315080571D080B586B000AF78600023FB757B68986834
S315080571E07B689B8900221946EEF7ACFE7B68186911
S315080571F07B689B8A01221946EEF7A4FE0120ECF767
S3150805720063F97B6818697B689B8A00221946EEF73D
S3150805721099FE0220ECF758F97B6898687B689B8984
S3150805722001221946EEF78EFE00233B612DE001206B
S31508057230ECF74AF97B6818697B689B8A0122194627
S31508057240EEF780FE0120ECF73FF97B681A687B6844
S315080572509B8819461046EEF75DFE0346FB73FB7BD6
S31508057260002B07D101223B6902FA03F3DAB2FB7D4B
S315080572701343FB757B6818697B689B8A0022194648
S31508057280EEF760FE3B6901333B613B69072BCEDDB3
S31508057290FB7D18461837BD4680BD000080B584B00D
S315080572A000AF786039600023FB733B68002B02D07A
S315080572B07B68002B02D10423FB7302E07B683A68DE
S315080572C01A607B6853221A71FB7B002B08D17B68F1
S315080572D005331A461021786800F0CCF80346FB7387
S315080572E0FB7B002B1ED17B685B7923F07F03DBB222
S315080572F0002B17D07A6853796FF3C71353717A68D9
S31508057300537943F0400353717A6853796FF34513FC
S3150805731053717B685B791A461021786800F032F953
S315080573200346FB73FB7B002B66D17B685B7923F0F1
S315080573307F03DBB2002B4DD17B6808331A46002143
S31508057340786800F097F803461A46FB7B1343FB73E8
S315080573507B6809331A460121786800F08BF80346DD
S315080573601A46FB7B1343FB737A68537943F080030C
S3150805737053717B685B791A461021786800F002F923
S3150805738003461A46FB7B1343FB737B6805331A468C
S315080573901021786800F06EF803461A46FB7B1343FE
S315080573A0FB737B6806331A460021786800F062F895
S315080573B003461A46FB7B1343FB737B6806331A465B
S315080573C00121786800F056F803461A46FB7B1343F5
S315080573D0FB7311E0082010F035FF0346002B0BD090
S315080573E010F0C6FE1F49204810F08AFE1F4810F007
S315080573F087FE1F4810F084FEFB7B002B05D1FF2175
S31508057400786800F023FA0346FB73FB7B002B05D14E
S31508057410FF21786800F035FA0346FB73FB7B002BE2
S3150805742005D1FE21786800F075F90346FB73FB7BE9
S31508057430002B05D1FE21786800F087F90346FB7312
S31508057440FB7B002B08D17B6805331A461021786823
S3150805745000F010F80346FB73FB7B18461037BD464C
S3150805746080BD00BF38D7060840D7060848D706089E
S3150805747060D7060880B588B002AFF8600B467A6013
S31508057480FB720023BB75FB7A7B750023FB75FB68CE
S315080574901B68002B51D0FB681868FB681B799BB2E3
S315080574A05B0099B207F11502322300930123EEF723
S315080574B015FE0346002B2BD1FB681868FB681B795C
S315080574C09BB25B0099B207F116023223009301239A
S315080574D0EEF71CFF0346002B05D1BA7D7B681A70AB
S315080574E00023FB753DE0102010F0ACFE0346002B8B
S315080574F00BD010F03DFE1D491D4810F001FE1D4834
S3150805750010F0FEFD1C4810F0FBFD0123FB7528E075
S31508057510102010F097FE0346002B0BD010F028FE1E
S315080575201249134810F0ECFD144810F0E9FD12480D
S3150805753010F0E6FD0123FB7513E0102010F082FE1E
S315080575400346002B0BD010F013FE0849084810F027
S31508057550D7FD0B4810F0D4FD074810F0D1FD0423DC
S31508057560FB75FB7D18461837BD4680BD38D7060816
S3150805757040D7060864D7060860D7060874D70608EC
S3150805758084D7060880B586B002AF78600B46FB70CF
S315080575901346BB70FB783B73BB787B730023FB7381
S315080575A07B681B68002B28D07B6818687B681B7965
S315080575B09BB25B0099B207F10C02322300930223B2
S315080575C0EEF78CFD0346002B02D10023FB7328E05A
S315080575D0102010F037FE0346002B0BD010F0C8FD1F
S315080575E01249134810F08CFD124810F089FD12480F
S315080575F010F086FD0123FB7313E0102010F022FE20
S315080576000346002B0BD010F0B3FD0849084810F0C7
S3150805761077FD0A4810F074FD074810F071FD04233C
S31508057620FB73FB7B18461037BD4680BD38D7060861
S3150805763040D7060874D7060860D7060884D706080B
S3150805764080B584B000AF78600B46FB701346BB70F7
S315080576500023FB730023BB73FB78002B02D00023A2
S31508057660BB7301E00123BB737B6805331A461021FA
S315080576707868FFF7FFFE0346FB73FB7B002B3CD1BF
S315080576807B685B7923F07F03DBB2002B12D17A681E
S31508057690537943F0800353717B685B791A46102149
S315080576A07868FFF76FFF7B6805331A4610217868F7
S315080576B0FFF7E0FE7B685B7923F07F03DBB2002BDF
S315080576C013D1102010F0BEFD0346002B0BD010F089
S315080576D04FFD0C490C4810F013FD0C4810F010FD31
S315080576E00B4810F00DFD082308E0BA78BB7B194650
S315080576F07868FFF747FF0346FB73FB7B1846103789
S31508057700BD4680BD38D7060840D7060898D7060867
S3150805771060D7060880B584B000AF78600B46FB7065
S315080577200023FB73FB781A4601217868FFF788FF63
S315080577300346FB73FB7B002B02D17B68FA789A71AB
S31508057740FB7B18461037BD4680BD80B584B000AFB3
S3150805775078600B46FB700023FB73FB781A460021FD
S315080577607868FFF76DFF0346FB73FB7B002B02D199
S315080577707B68FA78DA71FB7B18461037BD4680BDFB
S3150805778080B584B000AF78600B46FB701346BB70B6
S315080577900023FB730023BB7300237B73FB78002B45
S315080577A002D00023BB7301E00123BB737B68053355
S315080577B01A4610217868FFF75DFE0346FB73FB7BC7
S315080577C0002B26D17B685B7923F07F03DBB2002B80
S315080577D016D07A6853796FF3C71353717B685B794B
S315080577E01A4610217868FFF7CDFE0346FB737B68BA
S315080577F005331A4610217868FFF73CFE0346FB73E6
S315080578007B685B7923F07F03DBB2002B01D0082365
S3150805781018E007F10D02BB7B19467868FFF72AFEC3
S315080578200346FB737B7BBA789A420AD0BA78BB7B48
S3150805783019467868FFF7A6FE0346FB731420EBF78F
S3150805784043FEFB7B18461037BD4680BD80B584B020
S3150805785000AF78600B46FB700023FB73FB781A466E
S3150805786001217868FFF78CFF0346FB73FB7B002B2A
S3150805787002D17B68FA781A72FB7B18461037BD4623
S3150805788080BD80B584B000AF78600B46FB700023D9
S31508057890FB73FB781A4600217868FFF771FF0346E4
S315080578A0FB73FB7B002B02D17B68FA785A72FB7B4C
S315080578B018461037BD4680BD80B400AFBFF34F8F5D
S315080578C000BF064BDB6803F4E0620449044B134327
S315080578D0CB60BFF34F8F00BF00BFFDE700ED00E0AB
S315080578E00400FA0580B58CB000AF78603960396850
S315080578F000200A460346C7E9082307F12003184668
S3150805790011F02EFEF862012010F09CFC0346002BB0
S315080579100FD010F02DFC3C493C4810F0F1FB10F057
S3150805792085FB034619463A4810F0EAFB394810F034
S31508057930E7FBFB6A002B01D1002360E0FB6A5B6964
S31508057940DBB2643BDBB2FB77FB6A1B69DBB201334F
S31508057950DBB27B77FB6ADB68DBB2BB77FB6A9B69C5
S31508057960002B03D0FB6A9B69DBB200E007233B7754
S31508057970FB6A9B68DBB23B72FB6A5B68DBB27B72B0
S31508057980FB6A1B68DBB2BB7200237B610023BB6104
S3150805799007F11C03002219461F48F0F755FB034655
S315080579A087F82B3097F82B30002B01D0002326E0DB
S315080579B007F10803002219461748F0F74CFA03465B
S315080579C087F82B3097F82B30002B01D0002316E0CB
S315080579D0012010F037FC0346002B0FD010F0C8FB2A
S315080579E00E490A4810F08CFB10F020FB0346194691
S315080579F0074810F085FB074810F082FB0123184657
S31508057A003037BD4680BD00BFB0D70608BCD70608C7
S31508057A10C4D70608D0D7060830440020D4D70608A8
S31508057A2080B582B000AF78600B46FB70FB7883F0B3
S31508057A300103DBB2002B17D000224FF480711A48D8
S31508057A40EEF780FA042010F0FDFB0346002B0BD059
S31508057A5010F08EFB1549164810F052FB154810F024
S31508057A604FFB154810F04CFBFB78002B17D001226D
S31508057A704FF480710C48EEF765FA042010F0E2FB26
S31508057A800346002B0BD010F073FB0849084810F085
S31508057A9037FB0A4810F034FB074810F031FB00BFE6
S31508057AA00837BD4680BD00BF000C0048E0D706086C
S31508057AB0BCD706082CD80608D0D7060844D8060821
S31508057AC080B582B000AF7860022010F0BBFB034694
S31508057AD0002B11D010F04CFB1149124810F010FB81
S31508057AE07B685B7919467B689B791A460E4810F0C0
S31508057AF007FB0E4810F004FB7B685A797B681A71F8
S31508057B007B689A797B685A717B6804229A71EBF7C8
S31508057B10CFFC02467B689A6000BF0837BD4680BD24
S31508057B20E0D70608BCD706085CD80608D0D70608E5
S31508057B3080B582B000AF78607868FFF7C1FF7B68CB
S31508057B400022A3F8E02D7B680022A3F8E22D7B68C6
S31508057B500222A3F8E42D7B680022A3F8E62D7B68AC
S31508057B604FF00042C3F8B82D7B6803F6B453314A83
S31508057B703149324807F000FD034683F00103DBB2BD
S31508057B80002B07D07B6803F6B4532A4A2A492B48A3
S31508057B9007F060FD7B680C33194629480FF076FC1B
S31508057BA07B6803F59363194626480FF06FFC7B68D7
S31508057BB003F62413194624480FF068FC7B6800224F
S31508057BC083F8C0207B68012283F84C257B6802224E
S31508057BD083F8D8297B6893F8DC3D002B03D01B4B2B
S31508057BE001229A7002E0194B03229A707B68D3F832
S31508057BF0B83D002B16D1102010F024FB0346002BA8
S31508057C000BD010F0B5FA1249124810F079FA124855
S31508057C1010F076FA114810F073FA7B684FF00042B7
S31508057C20C3F8B82D7B68002283F8B12D00BF083745
S31508057C30BD4680BD6400070874D8060884D80608BA
S31508057C40242D0020FC2E0020D430002084AB0020F3
S31508057C50E0D70608BCD7060890D80608D0D7060880
S31508057C6080B582B000AF78600121786800F05CF9CC
S31508057C7000BF0837BD4680BD80B582B000AF7860C5
S31508057C800E480DF047FD022010F0DCFA0346002BDE
S31508057C900FD010F06DFA0A490A4810F031FA10F0BB
S31508057CA0C5F903461946084810F02AFA074810F098
S31508057CB027FA00BF0837BD4680BD00BF1C2900202E
S31508057CC0E0D70608BCD70608C4D80608D0D70608DC
S31508057CD080B582B000AF78607868FFF7F1FE044B8F
S31508057CE0012283F86A2100BF0837BD4680BD00BF5B
S31508057CF02C00002080B582B000AF78607B681B7BBE
S31508057D00002B05D17B680C3318460AF05FFB11E09A
S31508057D10102010F097FA0346002B0BD010F028FA1E
S31508057D201549164810F0ECF9154810F0E9F9154803
S31508057D3010F0E6F97B6893F89834002B06D17B6832
S31508057D4003F5936318460AF041FB11E0102010F07D
S31508057D5079FA0346002B0BD010F00AFA06490748AC
S31508057D6010F0CEF9084810F0CBF9064810F0C8F916
S31508057D7000BF0837BD4680BDE0D70608BCD706084C
S31508057D80DCD80608D0D70608FCD8060880B483B020
S31508057D9000AF786000BF0C37BD465DF8047B7047B9
S31508057DA080B582B000AF78607868FFF789FE0D4B1D
S31508057DB0022283F86A21042010F044FA0346002BB0
S31508057DC00BD010F0D5F90849084810F099F9084874
S31508057DD010F096F9074810F093F900BF0837BD4625
S31508057DE080BD00BF2C000020E0D70608BCD70608D2
S31508057DF01CD90608D0D7060880B582B000AF7860CA
S31508057E007B6893F82439012B06D17B6803F624137E
S31508057E1018460AF0DBFA11E0102010F013FA0346AB
S31508057E20002B0BD010F0A4F90649074810F068F99D
S31508057E30064810F065F9064810F062F900BF0837DC
S31508057E40BD4680BDE0D70608BCD706086CD9060826
S31508057E50D0D7060880B483B000AF786000BF0C376A
S31508057E60BD465DF8047B704780B582B000AF786083
S31508057E707B689B79042B1AD17B685B791946294A55
S31508057E800B465B000B449B00134404331B68002B0D
S31508057E9043D07B685B791946224A0B465B000B443F
S31508057EA09B00134404331B687868984735E07B685C
S31508057EB05B79022B19D87B685B791946194A0B46F3
S31508057EC05B000B449B00134408331B68002B0CD03E
S31508057ED07B685B791946134A0B465B000B449B0086
S31508057EE0134408331B68786898477B689B79194655
S31508057EF00C4A0B465B000B449B0013441B68002B7E
S31508057F000BD07B689B791946064A0B465B000B44E2
S31508057F109B0013441B687868984700BF0837BD4619
S31508057F2080BD00BF2801070880B584B000AF78601A
S31508057F300B46FB700023FB73FB78022B03D87B6883
S31508057F40FA789A7115E00123FB73082010F07AF97F
S31508057F500346002B0DD010F00BF91449144810F000
S31508057F60CFF8FB781946134810F0CAF8124810F0EE
S31508057F70C7F8012010F066F90346002B10D010F05B
S31508057F80F7F80A490A4810F0BBF87B6803F6BC53AC
S31508057F90FA781946094810F0B3F8074810F0B0F80A
S31508057FA0FB7B18461037BD4680BD00BFE0D70608DF
S31508057FB0BCD7060888D90608D0D70608A4D906085E
S31508057FC080B582B000AF786039607B685A797B687E
S31508057FD083F8F02D38687B6803F6B4532C221946C6
S31508057FE012F0ACF93B6803F12C007B6803F55E6378
S31508057FF01822194612F0A2F900BF0837BD4680BDFA
S31508058000B0B582B000AF786039603B681B78072B3E
S3150805801000F2F48001A252F823F000BF3D8005085E
S31508058020A38005086D800508938005082581050840
S3150805803089810508C1810508C5810508012010F053
S3150805804001F90346002B00F0EF8010F091F88249FC
S31508058050824810F055F87B6803F6BC5319468048E4
S3150805806010F04EF87F4810F04BF8DDE03B685B688A
S31508058070DAB27B6883F8DC2D7B6893F8DC3D002B48
S3150805808003D0794B01229A70D9E0774B03229A706F
S31508058090D5E03B685B68DBB219467868FFF744FFAD
S315080580A0CDE03B685B68012202FA03F31A467B6852
S315080580B0C3F8B82D7B68D3F8B83D002B1AD108202C
S315080580C010F0C0F80346002B0FD010F051F862499E
S315080580D0624810F015F87B68D3F8B83D1946634829
S315080580E010F00EF85F4810F00BF87B684FF0004269
S315080580F0C3F8B82D042010F0A5F80346002B00F0A8
S31508058100958010F035F8544954480FF0F9FF7B6807
S31508058110D3F8B83D194656480FF0F2FF51480FF007
S31508058120EFFF83E07B6803F6BC543B6803F108055B
S315080581303B6808331846E8F7D3F803461F2B06D8D5
S315080581403B6808331846E8F7CBF8034600E01F23D3
S315080581501A462946204612F0F1F8012010F072F861
S315080581600346002B64D010F003F83B493B480FF053
S31508058170C7FF7B6803F6BC5319463E480FF0C0FF98
S3150805818038480FF0BDFF53E03B685B6819467868C9
S31508058190FFF7A8FB012010F055F80346002B49D038
S315080581A00FF0E6FF2C492D480FF0AAFF3B685B68E0
S315080581B0194631480FF0A4FF2A480FF0A1FF39E008
S315080581C0FFF77AFB3B685A687B68C3F8B42D042029
S315080581D010F038F80346002B2ED00FF0C9FF1E49BC
S315080581E01E480FF08DFF7B68D3F8B43D1946234822
S315080581F00FF086FF1B480FF083FF1DE0082010F0DF
S3150805820021F80346002B19D00FF0B2FF124913487F
S315080582100FF076FF3B681B78194619480FF070FF73
S3150805822010480FF06DFF09E000BF08E000BF06E043
S3150805823000BF04E000BF02E000BF00E000BF7B68A6
S3150805824003F6B4530F4A1049104807F003FA00BF5E
S315080582500837BD46B0BD00BFE0D70608BCD7060837
S31508058260C4D90608D0D7060884AB0020D4D9060891
S31508058270E8D9060804DA06081CDA060834DA060810
S3150805828048DA06086400070874D8060884D8060874
S3150805829080B582B000AF78607B685B78052B7B6814
S315080582A05A787B681A707B689A787B685A707B68F7
S315080582B007229A70EBF7FCF803461A467B685A605C
S315080582C000BF0837BD4680BD80B582B000AF78606F
S315080582D07868FFF7DDFF00BF0837BD4680BD80B566
S315080582E082B000AF7860EBF7E3F802467B685B6817
S315080582F0D31AB3F57A7F02D97B6803229A7000BF31
S315080583000837BD4680BD80B483B000AF786000BF2E
S315080583100C37BD465DF8047B704780B582B000AF63
S3150805832078607868FFF7B4FF7B680833184607F066
S3150805833063FA7B686033184607F05EFA7B680022A5
S315080583401A657B689B681B68DA6A7B685A657B6869
S3150805835003F108027B689B681B68DB6A5B0819469C
S31508058360104607F05BFB7B689B681B68DA6A7B68C7
S31508058370C3F8A8207B689B681B68DA6A7B68C3F81C
S31508058380AC207B6860330021184607F047FB7B68FD
S315080583900833184607F060FA0320EBF795F87B686B
S315080583A06033184607F058FA00BF0837BD4680BD42
S315080583B080B483B000AF786000BF0C37BD465DF862
S315080583C0047B704780B582B000AF786000224FF411
S315080583D080710A48EDF7B6FD7B680833184607F03D
S315080583E00BFA0120EBF770F87B686033184607F03F
S315080583F003FA00BF0837BD4680BD00BF0010004818
S3150805840080B582B000AF78607868FFF741FF7B6872
S315080584100833184607F0F0F97B686033184607F005
S31508058420EBF97B6808330021184607F0F7FA7B68ED
S3150805843003F160027B681B6E1B68DB6A5B081946DD
S31508058440104607F0EBFA7B686033184607F004FA1E
S315080584500A20EBF739F87B680833184607F0FCF964
S3150805846000BF0837BD4680BD80B483B000AF7860CD
S3150805847000BF0C37BD465DF8047B704780B483B0F2
S3150805848000AF786000BF0C37BD465DF8047B7047C2
S3150805849080B582B000AF78607868FFF7F9FE7B682B
S315080584A09B681B68DA6A13469B0013445B001A46E9
S315080584B0464BA3FB02235A097B681A657B689B68AA
S315080584C01B68DA6A13465B0013445B019B1A3F4A2D
S315080584D0A2FB03235A097B685A657B681B6E1B68D2
S315080584E0DA6A13469B001344384AA2FB03235A0942
S315080584F07B68C3F8A8207B681B6E1B68DB6A5A2253
S3150805850002FB03F3314AA2FB03235A097B68C3F826
S31508058510AC207B680833184607F06EF97B6860332C
S31508058520184607F069F97B689B681B68DA6A13467B
S315080585301B019B1A254AA2FB03235A097B68DA65A0
S315080585407B681B6E1B68DA6A13469B0013445B003F
S315080585501A461E4BA3FB02235A097B68C3F8B420A7
S315080585607B6803F108007B689B681B68DA6A134613
S315080585701B019B1A154AA2FB03235B09194607F03B
S315080585804DFA7B6803F160007B681B6E1B68DA6A27
S3150805859013469B0013445B001A460C4BA3FB0223A8
S315080585A05B09194607F03AFA7B686033184607F0FF
S315080585B053F90A20EAF788FF7B680833184607F057
S315080585C04BF900BF0837BD4680BD00BF1F85EB5177
S315080585D080B582B000AF7860EAF76AFF02467B6825
S315080585E0D3F8C030D31A642B27D9EAF761FF0246B8
S315080585F07B68C3F8C0207B689A6D7B68DB6D9A42F9
S3150805860009D07B6803F108027B68DB6D19461046BD
S3150805861007F004FA11E07B68D3F8B0207B68D3F835
S31508058620B4309A4209D07B6803F160027B68D3F8B7
S31508058630B4301946104607F0F1F900BF0837BD46AC
S3150805864080BD80B483B000AF786000BF0C37BD46E7
S315080586505DF8047B7047000080B586B000AF78608A
S315080586607B689B6D642203FB02F27B689B681B682B
S31508058670DB6AB2FBF3F37B617B68D3F8B03064221F
S3150805868003FB02F27B681B6E1B68DB6AB2FBF3F31E
S315080586903B617B68D3F8BC301B6842F227329342AC
S315080586A019DC10200FF0CEFD0346002B10D00FF075
S315080586B05FFD484948480FF023FD7B68D3F8BC3071
S315080586C01B68194645480FF01BFD45480FF018FD70
S315080586D04FF4005379E07B68D3F8BC301B681A461B
S315080586E07B6903FB02F23B69C3F16403B2FBF3F34F
S315080586F0FB60FB683B4A934215D910200FF0A2FD93
S315080587000346002B0CD00FF033FD324932480FF0E3
S31508058710F7FCF96834480FF0F3FC31480FF0F0FC24
S315080587204FF4004351E0FB68002B19D03B6905332C
S315080587307A699A4214D210200FF084FD0346002B5D
S315080587400BD00FF015FD234923480FF0D9FC274810
S315080587500FF0D6FC22480FF0D3FC4FF4803334E0F3
S315080587603B69052B07D97B68D3F8B0305A1E7B6859
S31508058770C3F8B4201DE07B690A2B05D97B689B6D78
S315080587805A1E7B68DA6514E010200FF05BFD034678
S31508058790002B0BD00FF0ECFC0E490F480FF0B0FC80
S315080587A013480FF0ADFC0E480FF0AAFC4FF4003342
S315080587B00BE07B68D3F8B4207B68D3F8AC309A42D3
S315080587C002D27B68D3F8B430002318461837BD465D
S315080587D080BD00BFA4DA0608ACDA0608B4DA0608CE
S315080587E0D8DA0608D0010100DCDA0608F8DA060840
S315080587F010DB060880B586B000AF78600B46FB70BF
S315080588007B689B6D642203FB02F27B689B681B6889
S31508058810DB6AB2FBF3F37B617B68D3F8B03064227D
S3150805882003FB02F27B681B6E1B68DB6AB2FBF3F37C
S315080588303B617B68D3F8BC301B6842F2273293420A
S3150805884019DC10200FF0FEFC0346002B10D00FF0A4
S315080588508FFC394939480FF053FC7B68D3F8BC308F
S315080588601B68194636480FF04BFC36480FF048FC8E
S315080588704FF400535BE07B68D3F8BC301B681A4697
S315080588807B6903FB02F23B69C3F16403B2FBF3F3AD
S31508058890FB60FB682C4A934215D910200FF0D2FCD1
S315080588A00346002B0CD00FF063FC234923480FF031
S315080588B027FCF96825480FF023FC22480FF020FC11
S315080588C04FF4004333E0FB78C3F15F031A467B692F
S315080588D0934206D27B689A6DFB781A447B68DA65FB
S315080588E024E0FB78C3F15A031A463B69934208D23A
S315080588F07B68D3F8B020FB781A447B68C3F8B420A4
S3150805890014E010200FF09EFC0346002B0BD00FF049
S315080589102FFC094909480FF0F3FB0D480FF0F0FB4A
S3150805892008480FF0EDFB4FF4003300E00023184626
S315080589301837BD4680BD00BFA4DA0608ACDA0608B6
S31508058940B4DA0608D8DA0608D0010100DCDA060822
S3150805895010DB060880B582B000AF78607B689B7827
S31508058960072B12D17B685B781D4A1B011344043318
S315080589701B68002B2FD07B685B78194A1B011344AB
S3150805898004331B687868984725E07B685B78052B70
S3150805899011D87B685B78124A1B01134408331B6898
S315080589A0002B08D07B685B780D4A1B0113440833F6
S315080589B01B68786898477B689B78094A1B011344A6
S315080589C01B68002B07D07B689B78054A1B01134457
S315080589D01B687868984700BF0837BD4680BD00BF45
S315080589E04C01070890B585B002AF78607B681B789F
S315080589F0052B13D008200FF025FC0346002B0BD0BA
S31508058A000FF0B6FB2B492C480FF07AFB2B480FF0D5
S31508058A1077FB2B480FF074FB012346E07B689B78B0
S31508058A2003F00103002B01D100233EE07B689A88F9
S31508058A30244B1A807B68DA88234B1A80214B1888C1
S31508058A40214B19887B685A891E4B1B8813449BB290
S31508058A50013B9CB27B681A891B4B1B8813449BB246
S31508058A60013B9AB27B689B89009313462246F5F724
S31508058A70B4FF144B1888144B19887B685A89114B0F
S31508058A801B8813449BB2013B9CB27B681A890E4B23
S31508058A901B8813449BB2013B9AB27B68DB8900931A
S31508058AA013462246F5F718FF002318460C37BD4628
S31508058AB090BD00BF2CDB060834DB06083CDB060840
S31508058AC04CDB06082C5A00202E5A0020B0B592B069
S31508058AD002AF78600023FB870023BB8707F10C03E9
S31508058AE02E220021184610F037FB05233B737B68B9
S31508058AF09B78BB737B681B78002B01D00123CCE0E0
S31508058B007B689B7803F00103002B01D10023C4E0A1
S31508058B107B689C887B6808331846E7F7E1FB0246BD
S31508058B207B689B7C03FB02F213465B0013445B00E0
S31508058B305B089BB2E31AFB877B68DA887B689B7CB4
S31508058B409BB2DB009BB2D31ABB87FB8F033B9BB259
S31508058B503B82BB8F033B9BB27B827B689B7C9BB22C
S31508058B60DB009BB206339BB2BB827B68083318468B
S31508058B70E7F7B6FB02467B689B7C02FB03F30133EA
S31508058B809BB21A46520013445B009BB2FB824FF612
S31508058B90FF737B837B68DB8A3B837B689B7803F063
S31508058BA02103212B1DD17B689B8A3B8307F10C0387
S31508058BB01846FFF717FF7B6803F108047B689B7C5B
S31508058BC09DB27B68DB8A7A68928AB98FF88F01929B
S31508058BD000932B462246F6F739FA7B6804225A7023
S31508058BE05AE07B689B7803F00503052B3AD17B6829
S31508058BF05B78022B20D07B68DB8A3B837B68DB8A24
S31508058C007B8307F10C031846FFF7ECFE7B6803F137
S31508058C1008047B689B7C9DB27B689B8A7A68D28AA6
S31508058C20B98FF88F019200932B462246F6F70EFA6E
S31508058C307B6802225A702FE07B6803F108047B687B
S31508058C409B7C9DB27B68DB8A7A68928AB98FF88F96
S31508058C50019200932B462246F6F7F8F97B6803221C
S31508058C605A7019E007F10C031846FFF7BBFE7B6837
S31508058C7003F108047B689B7C9DB27B689B8A7A68AE
S31508058C80D28AB98FF88F019200932B462246F6F7BA
S31508058C90DDF97B6801225A70002318464037BD4620
S31508058CA0B0BD90B591B000AF78600023FB8700236F
S31508058CB0BB8707F10C032E220021184610F04CFA43
S31508058CC005233B730123BB737B681B78002B01D0F7
S31508058CD001234DE07B689C887B6808331846E7F7CF
S31508058CE0FFFA02467B689B7C03FB02F213465B0090
S31508058CF013445B005B089BB2E31AFB877B68DA883B
S31508058D007B689B7C9BB2DB009BB2D31ABB87FB8F28
S31508058D10033B9BB23B82BB8F033B9BB27B827B6843
S31508058D209B7C9BB2DB009BB206339BB2BB827B68FE
S31508058D3008331846E7F7D4FA02467B689B7C02FB9C
S31508058D4003F301339BB21A46520013445B009BB2E8
S31508058D50FB824FF6FF737B834FF6FF733B8307F161
S31508058D600C031846FFF73EFE7B6800225A7000235F
S31508058D7018464437BD4690BD90B589B004AF7860AE
S31508058D807B689B887B817B68DB883B817B681B7856
S31508058D90042B01D001235EE07B689B7803F0010371
S31508058DA0002B01D1002356E07B689B7803F0050369
S31508058DB0052B17D17B685B78032B09D17B689B8BC1
S31508058DC0FB817B689B8BBB817B6802225A700FE00F
S31508058DD07B68DB8AFB817B689B8BBB817B6803226F
S31508058DE05A7005E07B68DB8AFB817B689B8BBB81B8
S31508058DF07B89203B98B23B890A3B99B2BB8902938A
S31508058E00FB8901930523009314234022F6F74AF9B3
S31508058E103B89043B3B817B680A331846E7F760FACA
S31508058E20024613465B0013445B005B089BB27A89CE
S31508058E30D31A9BB2013B7B817B6803F10A047B68E5
S31508058E405B8B39897889FA89019200930123224631
S31508058E50F6F7FCF8002318461437BD4690BDB0B59D
S31508058E6086B002AF78607B689B88FB817B68DB8868
S31508058E70BB817B681B78032B01D001238BE07B68BC
S31508058E809B7803F00103002B01D1002383E07B685F
S31508058E909B7803F00503052B31D17B685B78032B9B
S31508058EA016D17B6803F108047B6893F828309DB2D0
S31508058EB07B689B8D7A68928DB989F88901920093AA
S31508058EC02B462246F6F7C2F87B6802225A7061E0FD
S31508058ED07B6803F108047B6893F828309DB27B68A4
S31508058EE05B8D7A68928DB989F889019200932B462C
S31508058EF02246F6F7ABF87B6803225A704AE07B6888
S31508058F009B7803F02103212B2ED17B685B78042BF4
S31508058F1016D07B6803F108047B6893F828309DB260
S31508058F207B689B8D7A68528DB989F8890192009379
S31508058F302B462246F6F78AF87B6804225A7029E0FA
S31508058F407B6803F108047B6893F828309DB27B6833
S31508058F509B8D7A68528DB989F889019200932B46BB
S31508058F602246F6F773F815E07B6803F108047B6873
S31508058F7093F828309DB27B685B8D7A68928DB9899E
S31508058F80F889019200932B462246F6F75FF87B6827
S31508058F9001225A70002318461037BD46B0BD90B554
S31508058FA087B002AF78607B689B88FB817B68DB8826
S31508058FB0BB817B681B78032B01D0012314E07B68F2
S31508058FC003F108027B6893F828309BB2B989F889BA
S31508058FD04FF6FF7401944FF6FF740094F6F736F8CA
S31508058FE07B6800225A70002318461437BD4690BD83
S31508058FF090B585B000AF78607B689B88FB817B68F8
S31508059000DB88BB817B689C887B6808331846E7F74D
S3150805901067F902467B6893F8283003FB02F2134684
S315080590205B0013445B005B089BB2E31A9AB27B6844
S315080590309A807868FFF713FF7B68FA899A807B68B8
S31508059040BA89DA80002318461437BD4690BD000054
S3150805905080B582B000AF78607B685B79082B29D824
S315080590607B685B79082B25D802200FF0EBF80346B9
S31508059070002B3CD00FF07CF8244925480FF040F822
S315080590807B68D3F880395B6A1B7818467B685B79F9
S315080590901A46204B53F822207B689B7919461D4BA7
S315080590A053F8213001461C480FF02AF81B480FF0E3
S315080590B027F81CE002200FF0C5F80346002B16D04A
S315080590C00FF056F8114912480FF01AF87B68D3F8CD
S315080590D080395B6A1B7819467B685B791A467B6813
S315080590E09B790F480FF00CF80C480FF009F87B68C8
S315080590F05A797B681A717B689A797B685A717B6895
S315080591000A229A7100BF0837BD4680BD9CDB060852
S31508059110A4DB060838260020ACDB0608D0DB0608E3
S31508059120D4DB060880B582B000AF786039603B6845
S3150805913093F83E32212B08D13B68012283F83E225B
S315080591403B68212283F8102230E03B6893F81032F9
S31508059150212B1AD13B68012283F810227B6893F8E4
S315080591602C34012B08D13B68012283F83E223B6843
S31508059170212283F86C2219E03B68212283F83E22D6
S315080591803B68002283F86C2210E03B6893F86C3242
S31508059190212B0BD13B68012283F86C223B680122FF
S315080591A083F810223B68212283F83E22202178681D
S315080591B000F0B0FE00BF0837BD4680BD80B483B059
S315080591C000AF78607B681B781A464FF4616303FB2A
S315080591D002F27B685B7819460B461B015B1A9B00F6
S315080591E013447A689278134418460C37BD465DF8D9
S315080591F0047B704780B58EB000AF786039607B68B0
S315080592005B6A9B6DFB62FB6A03F5E073BB6207F15C
S315080592100803002219465448EEF7BAFE07F11C035F
S31508059220002219465048EEF796FFBB6A032283F8D3
S315080592308C20FB6AD3F880392C331846FFF7BEFF16
S31508059240786207F108031846FFF7B8FF38623A6AE5
S315080592507B6A9A4204D33A6A7B6AD31A7B6307E028
S315080592603A6A7B6AD31A03F5A83303F5C0737B6399
S315080592707B6B3E4AA2FB0323DA0AFB6AD3F88039DD
S31508059280D2B283F860207A6B384BA3FB0213DB0A4C
S315080592904FF4616101FB03F3D31A354AA2FB032395
S315080592A05A09FB6AD3F88039D2B283F86120796BFB
S315080592B02F4BA3FB01235A0913461B019B1A9B0037
S315080592C0CA1AFB6AD3F88039D2B283F862207B685A
S315080592D05B7A032B03D07B685B7A022B2BD1FB6A5F
S315080592E0D3F880399B6D7A6B13447B637B6B1F4A76
S315080592F0A2FB0323DB0A87F833307A6B1B4BA3FBE8
S315080593000213DB0A4FF4616101FB03F3D31A184A0A
S31508059310A2FB03235B0987F83230796B144BA3FB51
S3150805932001235A0913461B019B1A9B00CA1A1346A1
S3150805933087F8313008E0002387F83330002387F8AB
S315080593403230002387F831303B6897F833201A7096
S315080593503B6897F832205A703B6897F831209A701F
S3150805936000BF3837BD4680BD30440020C5B3A2913D
S315080593708988888890B52DED028B8FB002AF786005
S3150805938039604FF00003FB620023BB6007F10C034D
S3150805939000221A605A609A60DA601A611A753B6883
S315080593A09B6DD3F880397B627B6803F108023B68BD
S315080593B0093319461046E6F733FF0346002B35D021
S315080593C03B681B78032B14D0032B19DC012B02D021
S315080593D0022B07D014E07B680833B54918460FF009
S315080593E035FE13E07B680833B24918460FF02EFEA2
S315080593F00CE07B680833B04918460FF027FE05E0F0
S315080594007B680833AD4918460FF020FE3B689B6D0F
S3150805941093F88439032B05D17B680833A649184682
S315080594200FF014FE3B68012283F85C203B685B7DE0
S31508059430052B65D801A252F823F000BF55940508F7
S315080594409194050877940508B3940508CD940508FD
S31508059450E79405087B68032283F830207B684FF676
S31508059460FF72A3F844207B683833954A9549184610
S315080594700FF0ECFD59E07B6840F27D52A3F84420D5
S315080594807B683833904A8F4918460FF0DFFD4CE064
S315080594907B68032283F830207B684FF6FF72A3F8B2
S315080594A044207B683833894A864918460FF0CEFD2D
S315080594B03BE07B6849F26A62A3F844207B68383347
S315080594C0834A804918460FF0C1FD2EE07B6849F2AC
S315080594D06A62A3F844207B6838337E4A7949184678
S315080594E00FF0B4FD21E07B684FF6E712A3F8442098
S315080594F07B683833784A734918460FF0A7FD14E098
S3150805950008200EF09FFE0346002B0ED00EF030FE07
S31508059510724973480EF0F4FD3B685B7D1946714840
S315080595200EF0EEFD70480EF0EBFD3B685A7D3B6884
S3150805953083F85D207B68002283F824213B681B7825
S31508059540032B0FD169480AF0D0F9044668480AF092
S31508059550CCF90346234407EE903AF8EE677AC7ED49
S315080595600B7A08E038680AF0C0F907EE900AF8EEB3
S31508059570677AC7ED0B7A7B68D3ED457A97ED0B7A53
S31508059580B4EE677AF1EE10FA47D0D7ED0B7A9FED70
S31508059590597AF4EEC77AF1EE10FA14DB97ED0B7AE1
S315080595A0DFED556AC7EE267AC7ED0B7AF86AE7F74F
S315080595B003F802460B4607F1080050490091504941
S315080595C00FF044FD0BE0F86AE6F7F6FF02460B4690
S315080595D007F108004B4900914B490FF037FD7B68A9
S315080595E0032283F85E207B6803F1640407F1080308
S315080595F01846E6F775FE024607F108030093134673
S31508059600424A0C2120460FF0EDFC7B68FA6AC3F83E
S3150805961014217B68012283F824217B68002283F8BC
S3150805962025213B681B78032B0FD130480AF008FA29
S3150805963004462F480AF004FA0346234407EE903AEF
S31508059640F8EEE77AC7ED0B7A08E038680AF0F8F914
S3150805965007EE900AF8EEE77AC7ED0B7AD7ED0B7A9F
S31508059660FDEEE77A17EE903A002BB8BF5B4207EE98
S31508059670903AF8EEE77A9FED207AF4EEC77AF1EE9E
S3150805968010FA47DB97ED0B7ADFED1B6AC7EE267AEC
S31508059690C7ED0B7AF86AE6F78FFF02460B4607F120
S315080596A008001B49009118490FF0D0FC3EE000BFA1
S315080596B0F8DB060800DC060808DC060810DC0608E0
S315080596C018DC060824DC06082CDC060838DC06083F
S315080596D044DC060850DC06085CDC06089CDB060844
S315080596E0A4DB060860DC0608D0DB060894AB002078
S315080596F018AC002000C0794400007A4488DC0608C6
S315080597007CDC060898DC06088CDC06089CDC060862
S31508059710A4DC0608F86AE6F74FFF02460B4607F18A
S3150805972008006B4900916B490FF090FC7B68032292
S3150805973083F88C207B6803F1920407F10803184621
S31508059740E6F7CEFD024607F10803634920460FF002
S315080597507DFC7B68FA6AC3F818217B68012283F8C1
S3150805976025217B68002283F826213B681B78032B75
S315080597700ED15A480AF0E0F9B0EE408A58480AF080
S31508059780DBF9F0EE407A78EE277AC7ED0B7A04E036
S3150805979038680AF0D1F987ED0B0AD7ED0B7AFDEE95
S315080597A0E77A17EE903A002BB8BF5B42B3F57A7F96
S315080597B014DB97ED0B7ADFED4B6AC7EE267AC7ED14
S315080597C00B7AF86AE6F7F8FE02460B4607F1080033
S315080597D04549009145490FF039FC0BE0F86AE6F76B
S315080597E0EBFE02460B4607F1080041490091394947
S315080597F00FF02CFC7B68032283F8BA207B6803F1FB
S31508059800C00407F108031846E6F76AFD024607F19C
S315080598100803314920460FF019FC7B68FA6AC3F834
S315080598201C217B68012283F826217B68002283F8A0
S3150805983027213B681B78032B0ED128480AF07CF8AC
S31508059840B0EE408A26480AF077F8F0EE407A78EEC8
S31508059850277AC7ED0A7A04E038680AF06DF887EDC5
S315080598600A0A7B68D3ED487A97ED0A7AB4EE677AE1
S31508059870F1EE10FA26D0B86AE6F79EFE02460B46C2
S3150805988007F108001B4900911B490FF0DFFB7B68B0
S31508059890032283F8E8207B6803F1EE0407F1080341
S315080598A01846E6F71DFD024607F108030A4920464C
S315080598B00FF0CCFB7B68BA6AC3F820217B680122C6
S315080598C083F8272100BF3437BD46BDEC028B90BD12
S315080598D0A8DC06088CDC06089CDC060894AB002088
S315080598E018AC002000007A44B8DC0608ACDC06088B
S315080598F0BCDC0608CCDC0608C0DC060880B5B4B0B6
S3150805990000AF78600B46FB707B68D3F8803903F2A5
S315080599101C43C7F8C4307B6803F5A873C7F8C0307D
S315080599207B6893F88439032B07D17B68D3F880398C
S315080599305B6A1B78012B40F0E8827B6893F88439CB
S31508059940032B0ED0032B10DC012B02D0022B04D0DF
S315080599500BE0444BC7F8CC301CE0434BC7F8CC307A
S3150805996018E0424BC7F8CC3014E008200EF06AFC24
S315080599700346002B0BD00EF0FBFB3D493D480EF088
S31508059980BFFB3D480EF0BCFB3C480EF0B9FB374B18
S31508059990C7F8CC30D7F8CC307A689A657B683C33FB
S315080599A0D7F8CC101846FFF7E5FCD7F8C4305A6A3D
S315080599B0D7F8CC305B689A4214D0D7F8CC305B68B8
S315080599C0002B09D07B6803F5B670D7F8CC305B68F1
S315080599D01A462B490FF03AFBD7F8CC305A68D7F810
S315080599E0C4305A62FB7803F00103002B04D07B6868
S315080599F00C331846FEF7F6FFFB7803F00203002B37
S31508059A0021D0D7F8CC3093F85C30002B09D07B6889
S31508059A103C331846FFF723FAD7F8CC30002283F8EB
S31508059A205C207B6803F5FB73D7F8C42011461846F6
S31508059A30E6F7F6FB0346002B05D07B6803F5F773B7
S31508059A401846FFF7D5FAFB7803F00C030C2B04D15F
S31508059A507B686A331846FFF78FF90023C7F8C830BD
S31508059A6048E000BF94AB002018AC00209CAC002051
S31508059A709CDB0608A4DB0608D0DC0608D0DB06084E
S31508059A80F4DC0608D7F8C8302E2202FB03F3D033D8
S31508059A903B44C83B03221A70D7F8C8302E2202FB6E
S31508059AA003F3D0333B44C63B03221A70D7F8C830B4
S31508059AB02E2202FB03F3D0333B44A03B01221A7046
S31508059AC0D7F8C8302E2202FB03F3D0333B449C3B20
S31508059AD04FF6FF721A80D7F8C8302E2202FB03F319
S31508059AE0D0333B449E3B1F221A80D7F8C830013332
S31508059AF0C7F8C830D7F8C830032BC3DDFB7803F0A1
S31508059B001003002B00F08581D7F8C0301B7C002B8D
S31508059B1067D00023C7F8C8307B68B3F89C10D7F818
S31508059B20C8302E2202FB03F3D0333B44C43B0A4616
S31508059B301A807B68B3F89E30023B99B2D7F8C830CD
S31508059B402E2202FB03F3D0333B44C23B0A461A8056
S31508059B5007F10802D7F8C8302E2101FB03F30833AD
S31508059B601344D14918460FF071FA07F10802D7F8D8
S31508059B70C8302E2101FB03F313441846FFF76FF986
S31508059B8007F10802D7F8C8302E2101FB03F308337D
S31508059B901344C64918460FF059FA07F10802D7F8CB
S31508059BA0C8302E2101FB03F313441846FFF757F96E
S31508059BB07B68B3F89E3008339AB27B68A3F89E2073
S31508059BC07B6898331846FFF74AF97B68B3F89E30E1
S31508059BD0083B9AB27B68A3F89E20D7F8C0300022C6
S31508059BE01A74D7F8C0305B7C002B4FD00123C7F811
S31508059BF0C8307B68B3F8CA10D7F8C8302E2202FBDE
S31508059C0003F3D0333B44C43B0A461A807B68B3F852
S31508059C10CC30063399B2D7F8C8302E2202FB03F3A7
S31508059C20D0333B44C23B0A461A8007F10802D7F8E7
S31508059C30C8302E2101FB03F3083313449C49184603
S31508059C400FF004FA07F10802D7F8C8302E2101FBF0
S31508059C5003F313441846FFF702F97B68B3F8CC30CB
S31508059C6010339AB27B68A3F8CC207B68C6331846AE
S31508059C70FFF7F5F87B68B3F8CC30103B9AB27B68EA
S31508059C80A3F8CC20D7F8C03000225A74D7F8C030CC
S31508059C909B7C002B4FD00223C7F8C8307B68B3F8E6
S31508059CA0F810D7F8C8302E2202FB03F3D0333B440D
S31508059CB0C43B0A461A807B68B3F8FA300E3399B264
S31508059CC0D7F8C8302E2202FB03F3D0333B44C23BF8
S31508059CD00A461A8007F10802D7F8C8302E2101FB73
S31508059CE003F308331344734918460FF0AFF907F120
S31508059CF00802D7F8C8302E2101FB03F3134418468A
S31508059D00FFF7ADF87B68B3F8FA3018339AB27B6873
S31508059D10A3F8FA207B68F4331846FFF7A0F87B68A2
S31508059D20B3F8FA30183B9AB27B68A3F8FA20D7F845
S31508059D30C03000229A74D7F8C030DB7C002B68D077
S31508059D400323C7F8C8307B68B3F82611D7F8C83097
S31508059D502E2202FB03F3D0333B44C43B0A461A8042
S31508059D607B68B3F82831163399B2D7F8C8302E224E
S31508059D7002FB03F3D0333B44C23B0A461A8007F17C
S31508059D800802D7F8C8302E2101FB03F3083313441C
S31508059D90454918460FF05AF907F10802D7F8C830A9
S31508059DA02E2101FB03F313441846FFF758F807F16C
S31508059DB00802D7F8C8302E2101FB03F308331344EC
S31508059DC03D4918460FF042F907F10802D7F8C83099
S31508059DD02E2101FB03F313441846FFF740F87B6869
S31508059DE0B3F8283120339AB27B68A3F828217B6813
S31508059DF003F591731846FFF732F87B68B3F82831EF
S31508059E00203B9AB27B68A3F82821D7F8C0300022F0
S31508059E10DA74FB7803F04003002B15D0D7F8C43065
S31508059E205A6A7B68D3F880395B689A420CD07B6896
S31508059E3003F5B2731846FFF7DBF87B68D3F8803964
S31508059E405A68D7F8C4305A62FB7803F02003002B0A
S31508059E505CD0D7F8C43003F152027B6803F5CD739D
S31508059E6019461046E6F7DCF90346002B26D1D7F83E
S31508059E70C430B3F850207B68B3F8A8319A421DD18F
S31508059E80D7F8C430B3F84E207B68B3F8A6319A42A2
S31508059E9014D1D7F8C43093F84C207B6893F89431DD
S31508059EA09A4233D00AE000BF00DD060810DD060831
S31508059EB01CDD060828DD060834DD06087B6803F57B
S31508059EC0C9731846FEF702FED7F8C43003F15202E5
S31508059ED07B6803F5CD731946104610F027FA7B689B
S31508059EE0B3F8A821D7F8C430A3F850207B68B3F88F
S31508059EF0A621D7F8C430A3F84E207B6893F8942199
S31508059F00D7F8C43083F84C2000E000BFD037BD46EB
S31508059F1080BD00BF80B5D0B002AF07F59C73A3F529
S31508059F209A7318600A4607F59C73A3F235131A70D7
S31508059F3007F59C73A3F59A731B6803F5E073C7F8D1
S31508059F40283107F59C73A3F59A731B68D3F88039EE
S31508059F5003F21C43C7F82431D7F8283103F5E6730D
S31508059F60C7F8203107F59C73A3F59A731B68D3F8D0
S31508059F7080395B6AC7F81C31002387F82F3107F546
S31508059F809C73A3F59A731B6893F88439032B0BD135
S31508059F9007F59C73A3F59A731B68D3F880395B6A32
S31508059FA01B78012B41F03F80D7F81C3107F59C72C9
S31508059FB0A2F59A7212689A6507F59C73A3F59A73C2
S31508059FC01B6803F51E73D7F81C111846FFF7D2F957
S31508059FD0D7F8283103229A7007F59C73A3F59A7367
S31508059FE01B68D3F88039002B4CD007F59C73A3F56D
S31508059FF09A731B68D3F88039C7F8183107F59C7327
S3150805A000A3F59A731B68D3F8803907F10802114638
S3150805A010184608F0A1FD07F108031B78002B2BD07D
S3150805A020D7F82831363307F1080211461846E6F7F8
S3150805A030F7F80346002B59D0D7F82831363307F1F8
S3150805A0400802CE4918460FF001F8D7F8283101223B
S3150805A05083F85620D7F82831032283F830200123C0
S3150805A06087F82F31D7F82401D7F8283136331A4619
S3150805A070C2490EF0EBFF39E0D7F82831002283F8FC
S3150805A080302033E007F59C73A3F59A731B68D3F85C
S3150805A090803901225A60D7F824315A6A07F59C7324
S3150805A0A0A3F59A731B68D3F880395B689A4200F062
S3150805A0B0BC8708200EF0C6F80346002B00F0B587C6
S3150805A0C00EF056F8AE49AF480EF01AF807F59C7328
S3150805A0D0A3F59A731B6893F884391946AA480EF0AE
S3150805A0E00FF8AA480EF00CF800F09FBF07F59C7309
S3150805A0F0A3F59A731B68D3F8803907F1E40211466C
S3150805A1001846FFF777F8D7F8283103F1920097F83C
S3150805A110E430194697F8E53097F8E620019200935A
S3150805A1200B469B4A09210EF05DFF07F59C73A3F5BF
S3150805A1309A731B68D3F880395B7A062B22D1D7F830
S3150805A140283103F5F4731B78002B40F07A81D7F88C
S3150805A15028314FF6FF72A3F80C22D7F828314FF4A9
S3150805A160FC62A3F80A22D7F82831032283F8E221EC
S3150805A170D7F8283103F5F473864A202118460EF0D8
S3150805A18031FF5EE107F59C73A3F59A731B68D3F84F
S3150805A19080395B7A052B1AD1D7F828314FF6FF7225
S3150805A1A0A3F80C22D7F828314FF47842A3F80A22E7
S3150805A1B0D7F82831032283F8E221D7F8283103F5A1
S3150805A1C0F473754A202118460EF00CFF39E107F598
S3150805A1D09C73A3F59A731B68D3F880395B6803F0FB
S3150805A1E00053002B1AD0D7F828314FF6FF72A3F87B
S3150805A1F00C22D7F828314FF4FC62A3F80A22D7F8BF
S3150805A2002831032283F8E221D7F8283103F5F473B8
S3150805A210624A202118460EF0E5FE12E1002387F86A
S3150805A2202E3107F59C73A3F59A731B68D3F8803905
S3150805A2305B6A07F128021146184609F064F807F51E
S3150805A2409C73A3F59A731B6893F88439012B07D178
S3150805A25007F59C73A3F588731B7887F82E3129E0D3
S3150805A26007F59C73A3F59A731B6893F88439022B33
S3150805A27007D107F59C73A3F588731B7887F82E31E4
S3150805A28018E007F59C73A3F588731B78002B06D190
S3150805A29007F59C73A3F588735B78002B01D001231A
S3150805A2A000E0002387F82E3197F82E3103F00103D5
S3150805A2B087F82E3197F82E3183F00103DBB2002B90
S3150805A2C00AD007F59C73A3F59A731B68D3F88039EA
S3150805A2D04FF480125A6011E007F59C73A3F59A733B
S3150805A2E01B68D3F880395A6807F59C73A3F59A73E2
S3150805A2F01B68D3F8803922F480125A6007F59C73D7
S3150805A300A3F59A731B68D3F880395B6803F4801341
S3150805A310002B15D0D7F828314FF6FF72A3F80C2273
S3150805A320D7F828314FF47842A3F80A22D7F8283106
S3150805A33003F5F4731A4A202118460EF053FE80E0F9
S3150805A3400023C7F8343113E007F59C73A3F59A7310
S3150805A3501B68D3F88029D7F83431134403F581638C
S3150805A3601B78202B1ED1D7F834310133C7F8343181
S3150805A370D7F83431132BE7DD15E000BF44DD0608B1
S3150805A3809CDB0608A4DB060848DD0608D0DB0608BC
S3150805A3906CDD06087CDD060888DD060894DD0608FA
S3150805A3A0A4DD060800BFD7F83431132B23DCD7F80C
S3150805A3B028314FF6FF72A3F80C22D7F82831002268
S3150805A3C0A3F80A22D7F8283103F5F4731B78002B6E
S3150805A3D037D1D7F8283103F5F47007F59C73A3F53B
S3150805A3E09A731B68D3F8803903F581631A462021C9
S3150805A3F00EF0F8FD25E00023C7F834310EE0D7F84E
S3150805A4002821D7F83431134403F5F4731B78202B28
S3150805A41009D1D7F834310133C7F83431D7F834318F
S3150805A420132BECDD00E000BFD7F83431122B08DC1E
S3150805A430D7F8283103F5F4731422202118460EF0AF
S3150805A4408BFE07F59C73A3F59A731B68A14A93427D
S3150805A4504BD107F59C73A3F59A731B68D3F8803916
S3150805A4605B68002B41D007F59C73A3F59A731B68A7
S3150805A47093F885391946984A4FF4EC7301FB03F3AB
S3150805A48013441B78012B30D107F59C73A3F59A73F2
S3150805A4901B68D3F88039DB685A1C904B03F5805343
S3150805A4A0D3F82035DB68013319461046E5F7B8FEBB
S3150805A4B00346002B19D1D7F82831B3F80C22874B58
S3150805A4C0A3F86C2FD7F82831B3F80A22834BA3F8DB
S3150805A4D06A2F824B032283F8422FD7F8283103F5D2
S3150805A4E0F47319467E480EF0B1FD07F59C73A3F57E
S3150805A4F09A731B68D3F880395B7A062B62D801A252
S3150805A50052F823F095A5050895A5050821A505087A
S3150805A510ADA50508ADA5050847A5050895A505082A
S3150805A520D7F82831F0336F4918460EF08FFDD7F85E
S3150805A53028314FF6E072A3F8FC20D7F81C31002223
S3150805A54083F85D203FE0D7F82831032283F8E82011
S3150805A55007F59C73A3F59A731B68D3F880395B686E
S3150805A56003F00053002B07D0D7F82831F0335E499E
S3150805A57018460EF06BFD06E0D7F82831F0335B492F
S3150805A58018460EF063FDD7F828314FF47842A3F83C
S3150805A590FC2018E0D7F82831032283F8E820D7F8F5
S3150805A5A028314FF6FF72A3F8FC200CE0D7F82831BE
S3150805A5B0032283F8E820D7F8283149F26A62A3F816
S3150805A5C0FC2000E000BFD7F8180107F011FC034688
S3150805A5D0002B16D0D7F82831032283F85E20D7F842
S3150805A5E0283103F16400D7F81831DB691B785A1C42
S3150805A5F0D7F8183193F8203001333D490EF026FD7A
S3150805A60004E0D7F82831002283F85E2007F59C7305
S3150805A610A3F59A731B68D3F88039184607F009FC21
S3150805A6200346002B6CD0D7F8283103F51173314949
S3150805A63018460EF00BFDD7F8283103F216232E49D6
S3150805A64018460EF003FDD7F8283103F272232B4975
S3150805A65018460EF0FBFCD7F8283193F86C32002B18
S3150805A66004D1D7F82831012283F86C2207F59C73A3
S3150805A670A3F59A731B68D3F87C39002B00F0C380C1
S3150805A68007F59C73A3F59A731B68D3F88039002BD5
S3150805A69000F0B98007F59C73A3F59A731B68D3F880
S3150805A6A08039DB691A78D7F8183193F820309A4239
S3150805A6B040F0A98007F59C73A3F59A731B6803F503
S3150805A6C0E073C7F81031D7F81031002283F86C22E9
S3150805A6D099E000BF98010020242D00202C000020B9
S3150805A6E0740F0020BCDD0608C4DD0608CCDD0608A7
S3150805A6F0D4DD0608E0DD0608E8DD0608F0DD06080F
S3150805A70007F59C73A3F59A731B68D3F88039184621
S3150805A71007F06EFB0346002B58D0D7F8283103F50A
S3150805A72011737C4918460EF091FCD7F8283103F2C7
S3150805A7301623794918460EF089FCD7F8283103F20D
S3150805A7407223764918460EF081FCD7F8283193F816
S3150805A7501032212B0AD0D7F8283193F86C32002B02
S3150805A76004D1D7F82831012283F86C2207F59C73A2
S3150805A770A3F59A731B68D3F87C39002B43D007F5E4
S3150805A7809C73A3F59A731B68D3F88039002B3AD0C6
S3150805A79007F59C73A3F59A731B68D3F88039DB69AB
S3150805A7A01A78D7F8183193F820309A422BD107F53D
S3150805A7B09C73A3F59A731B6803F5E073C7F8143100
S3150805A7C0D7F81431002283F86C221CE0D7F8283113
S3150805A7D003F51173524918460EF038FCD7F8283197
S3150805A7E003F216234F4918460EF030FCD7F82831E0
S3150805A7F0002283F86C22D7F8283103F272234A49D6
S3150805A80018460EF023FCD7F828314FF6FF72A3F841
S3150805A8102422D7F828314FF6FF72A3F85222D7F823
S3150805A82028314FF6FF72A3F8802207F59C73A3F229
S3150805A83035131B7803F00103002B18D0D7F82831F8
S3150805A8401846FEF7CFF8012387F82F31D7F81C31BC
S3150805A850012283F85C20D7F8203101221A74D7F82B
S3150805A860203101225A74D7F8203101229A7407F546
S3150805A8709C73A3F235131B7803F00203002B22D031
S3150805A880D7F81C3193F85C30002B03D1274B1B787E
S3150805A890002B0AD0D7F82831B8331846FEF7DFFA61
S3150805A8A0D7F81C31002283F85C2097F82F31002B46
S3150805A8B003D11E4B1B78002B05D0D7F828312E332C
S3150805A8C01846FEF795FB07F59C73A3F235131B7817
S3150805A8D003F00C030C2B18D1D7F82831E6331846A4
S3150805A8E0FEF74AFAD7F8283193F85E30002B06D0DA
S3150805A8F0D7F828315C331846FEF7B1FA05E0D7F8DC
S3150805A90028315C331846FEF74AFB0023C7F8303171
S3150805A91054E000BFBCDD0608E8DD0608F0DD0608DC
S3150805A920F8DD060800DE060808DE0608305A0020A7
S3150805A93007F59C73A3F58672D7F830312E2101FBEE
S3150805A94003F3134403221A7007F59C73A3F586725D
S3150805A950D7F830312E2101FB03F3134402330322C2
S3150805A9601A7007F59C73A3F58672D7F830312E2130
S3150805A97001FB03F31344283301221A7007F59C7368
S3150805A980A3F58672D7F830312E2101FB03F313445C
S3150805A9902C334FF6FF721A8007F59C73A3F586725A
S3150805A9A0D7F830312E2101FB03F313442A331F222E
S3150805A9B01A80D7F830310133C7F83031D7F8303136
S3150805A9C0032BB5DD07F59C73A3F235131B7803F046
S3150805A9D01003002B00F0E081D7F828318A33184692
S3150805A9E0FEF706FBD7F820311B7C002B03D1DF4B7E
S3150805A9F01B78002B5DD00023C7F83031D7F82831EE
S3150805AA00B3F8180107F59C73A3F58672D7F83031A4
S3150805AA102E2101FB03F31344043302461A80D7F8A3
S3150805AA202831B3F81A31023B98B207F59C73A3F59A
S3150805AA308672D7F830312E2101FB03F3134406330A
S3150805AA4002461A8007F12C02D7F830312E2101FB70
S3150805AA5003F308331344C64918460EF0F7FA07F107
S3150805AA602C02D7F830312E2101FB03F3134418467F
S3150805AA70FEF7F5F9D7F82831B3F81A3108339AB23B
S3150805AA80D7F82831A3F81A21D7F8283103F58A7398
S3150805AA901846FEF7E4F9D7F82831B3F81A31083B12
S3150805AAA09AB2D7F82831A3F81A21D7F82031002207
S3150805AAB01A74D7F820315B7C002B03D1AB4B1B7876
S3150805AAC0002B76D00123C7F83031D7F82831B3F8EB
S3150805AAD0460107F59C73A3F58672D7F830312E2102
S3150805AAE001FB03F31344043302461A80D7F82831C9
S3150805AAF0B3F84831063398B207F59C73A3F5867201
S3150805AB00D7F830312E2101FB03F3134406330246E9
S3150805AB101A8007F12C02D7F830312E2101FB03F3F1
S3150805AB2008331344934918460EF090FA07F12C0298
S3150805AB30D7F830312E2101FB03F313441846FEF7E7
S3150805AB408EF9D7F82831B3F8483110339AB2D7F8C1
S3150805AB502831A3F8482107F59C73A3F59A731B6852
S3150805AB6093F82A2A07F59C73A3F59A731B6893F835
S3150805AB7084399A4208D007F59C73A3F59A731B681E
S3150805AB8093F88439032B06D1D7F8283103F5A17331
S3150805AB901846FEF764F9D7F82831B3F84831103B5B
S3150805ABA09AB2D7F82831A3F84821D7F820310022D8
S3150805ABB05A74D7F820319B7C002B03D16B4B1B7835
S3150805ABC0002B76D00223C7F83031D7F82831B3F8E9
S3150805ABD0740107F59C73A3F58672D7F830312E21D3
S3150805ABE001FB03F31344043302461A80D7F82831C8
S3150805ABF0B3F876310E3398B207F59C73A3F58672CA
S3150805AC00D7F830312E2101FB03F3134406330246E8
S3150805AC101A8007F12C02D7F830312E2101FB03F3F0
S3150805AC2008331344544918460EF010FA07F12C0256
S3150805AC30D7F830312E2101FB03F313441846FEF7E6
S3150805AC400EF9D7F82831B3F8763118339AB2D7F80A
S3150805AC502831A3F8762107F59C73A3F59A731B6823
S3150805AC6093F82A2A07F59C73A3F59A731B6893F834
S3150805AC7084399A4208D007F59C73A3F59A731B681D
S3150805AC8093F88439032B06D1D7F8283103F5B87319
S3150805AC901846FEF7E4F8D7F82831B3F87631183BA5
S3150805ACA09AB2D7F82831A3F87621D7F820310022A9
S3150805ACB09A74D7F82031DB7C002B03D12B4B1B78F4
S3150805ACC0002B69D00323C7F83031D7F82831B3F8F4
S3150805ACD0A20107F59C73A3F58672D7F830312E21A4
S3150805ACE001FB03F31344043302461A80D7F82831C7
S3150805ACF0B3F8A431163398B207F59C73A3F5867293
S3150805AD00D7F830312E2101FB03F3134406330246E7
S3150805AD101A8007F12C02D7F830312E2101FB03F3EF
S3150805AD2008331344154918460EF090F907F12C0215
S3150805AD30D7F830312E2101FB03F313441846FEF7E5
S3150805AD408EF8D7F82831B3F8A43120339AB2D7F854
S3150805AD502831A3F8A421D7F8283103F5CF73184667
S3150805AD60FEF77DF8D7F828310AE000BF305A0020EB
S3150805AD7010DD06081CDD060828DD060834DD06088C
S3150805AD80B3F8A431203B9AB2D7F82831A3F8A42101
S3150805AD90D7F820310022DA7407F59C73A3F2351328
S3150805ADA01B7803F04003002B0DD0D7F8283103F59F
S3150805ADB0F4731B78002B06D0D7F8283103F5F07302
S3150805ADC01846FEF74CF807F59C73A3F235131B785E
S3150805ADD003F02003002B00F01A81D7F8243103F17C
S3150805ADE02E02D7F8283103F2162319461046E5F739
S3150805ADF017FA0346002B1FD1D7F824319A8DD7F8B1
S3150805AE002831B3F824329A4216D1D7F824315A8D07
S3150805AE10D7F82831B3F822329A420DD1D7F824311A
S3150805AE2093F82820D7F8283193F810329A4203D197
S3150805AE30804B1B78002B28D0D7F8283103F20E2330
S3150805AE401846FDF743FED7F8243103F12E02D7F845
S3150805AE50283103F21623194610460FF067FAD7F874
S3150805AE602831B3F82422D7F824319A85D7F828311A
S3150805AE70B3F82222D7F824315A85D7F8283193F81A
S3150805AE801022D7F8243183F82820D7F8243103F17E
S3150805AE904002D7F8283103F5117319461046E5F728
S3150805AEA0BFF90346002B1FD1D7F82431DA8FD7F817
S3150805AEB02831B3F852329A4216D1D7F824319A8FE7
S3150805AEC0D7F82831B3F850329A420DD1D7F824313C
S3150805AED093F83A20D7F8283193F83E329A4203D1A7
S3150805AEE0544B1B78002B28D0D7F8283103F50F7358
S3150805AEF01846FDF7EBFDD7F8243103F14002D7F8DC
S3150805AF00283103F51173194610460FF00FFAD7F8CD
S3150805AF102831B3F85222D7F82431DA87D7F82831F9
S3150805AF20B3F85022D7F824319A87D7F8283193F8F9
S3150805AF303E22D7F8243183F83A20D7F8243103F18D
S3150805AF406402D7F8283103F2722319461046E5F745
S3150805AF5067F90346002B21D1D7F82431B3F86220C7
S3150805AF60D7F82831B3F880329A4217D1D7F8243161
S3150805AF70B3F86020D7F82831B3F87E329A420DD156
S3150805AF80D7F8243193F85E20D7F8283193F86C3230
S3150805AF909A4203D1274B1B78002B38D0D7F828318E
S3150805AFA093F86C32002B07D0D7F8283103F26A23B9
S3150805AFB01846FDF78BFD06E0D7F8283103F26A2314
S3150805AFC01846FDF76EFED7F8243103F16402D7F863
S3150805AFD0283103F27223194610460FF0A7F9D7F858
S3150805AFE02831B3F88022D7F82431A3F86220D7F898
S3150805AFF02831B3F87E22D7F82431A3F86020D7F88C
S3150805B000283193F86C22D7F8243183F85E2007F5A2
S3150805B0109C73A3F59A731B68D3F880395A68D7F8D1
S3150805B02024315A6202E000BF00E000BF07F59C77AD
S3150805B030BD4680BD305A002080B582B000AF786025
S3150805B0407B6893F88439012B04D1FF210F48FEF755
S3150805B05061FF16E07B6893F88439022B04D1FF213A
S3150805B0600B48FEF757FF0CE07B6893F88439032BEA
S3150805B07007D1FF210548FEF74DFFFF210448FEF7D6
S3150805B08049FF00BF0837BD4680BD00BF98010020AF
S3150805B090CC0B002080B485B000AF78607B68D3F808
S3150805B0A08039FB607B68D3F87C39002B24D07B6814
S3150805B0B0D3F88039002B1FD07B68D3F88039DB6934
S3150805B0C01B780133FA6892F82020934214D17B68DD
S3150805B0D003F5E073BB60BB6893F86C32212B0BD183
S3150805B0E0BB68212283F83E22BB68012283F8102219
S3150805B0F0BB68002283F86C22012318461437BD461F
S3150805B1005DF8047B7047000080B584B000AF7860B1
S3150805B1107B6893F8853919469F4A4FF4EC7301FB0A
S3150805B12003F313441B78012B0CBF01230023FB7380
S3150805B1307B6893F8FD33042B40F098807B68D3F839
S3150805B1408039184606F075FE0346002B10D0FB7BA2
S3150805B150002B06D0914BD3F8EC3A184607F03EF883
S3150805B16079E07B68D3F88039184607F037F872E036
S3150805B1707B68D3F88039184606F03AFE0346002B55
S3150805B18006D07B68D3F88039184607F0DFF862E001
S3150805B190FB7B002B3CD0814BD3F8E83A7F4AC2F8B3
S3150805B1A0983B7E4B93F8F12A7C4B83F89C2B7B4B7B
S3150805B1B0D3F8EC3A00229A657B68D3F87C39774A46
S3150805B1C0C2F8E83A7B6893F88529744B83F8F12A1F
S3150805B1D0724B93F8F13A1A464FF4EC7302FB03F3F4
S3150805B1E06D4A13446D4AD2F8EC2A114618460CF0F6
S3150805B1F04DF96A4BD3F8EC3A684A92F8F12A83F87E
S3150805B200B420664BD3F8EC3A184606F0E7FF0AE091
S3150805B2107B68D3F8803900229A657B68D3F880392C
S3150805B220184606F0DBFF7B68D3F8803928330022F9
S3150805B23019465B48ECF78FFF7B68D3F880392C33C2
S3150805B240002219465648ECF7A3FE7B68D3F88039E1
S3150805B250012283F80222FB7B002B03D05148FFF716
S3150805B26019FF90E07868FFF715FF8CE07B6893F87F
S3150805B270CF33042B4CD17B68D3F88039184606F0B2
S3150805B280B7FD0346002B41D0FB7B002B2ED0434B45
S3150805B290D3F8983B414AC2F8E83A404B93F89C2BB9
S3150805B2A03E4B83F8F12A3D4B93F8F13A1A464FF48B
S3150805B2B0EC7302FB03F3384A1344384AD2F8EC2AEE
S3150805B2C0114618460CF0E2F8344BD3F8EC3A334AF3
S3150805B2D092F8F12A83F8B420304BD3F8EC3A18469D
S3150805B2E006F0BEFD2F48FFF7D5FE08E07B68D3F8C4
S3150805B2F08039184606F0B4FD7868FFF7CBFE7B68FB
S3150805B300D3F880395B6A01225A753CE001233FE090
S3150805B3107B6893F82B34042B35D17B68D3F88039B1
S3150805B320184606F065FD0346002B16D0FB7B002B59
S3150805B33009D01A4BD3F8EC3A184606F037FF1948E0
S3150805B340FFF7A8FE1FE07B68D3F88039184606F094
S3150805B3502DFF7868FFF79EFE15E07B68D3F88039E0
S3150805B360184606F066FD0346002B0AD0FB7B002B24
S3150805B37003D00C48FFF78EFE05E07868FFF78AFECE
S3150805B38001E0012304E02C217868FEF7C3FD0023BC
S3150805B39018461037BD4680BD242D00202C000020F8
S3150805B3A0304400209801002080B590B000AF786041
S3150805B3B00B46FB700023FB637B6803229A70FB78B8
S3150805B3C003F00103002B03D07B681846FDF70AFB3B
S3150805B3D0FB7803F00203002B04D07B682E3318464E
S3150805B3E0FDF706FE03233B730323BB73012387F887
S3150805B3F034304FF6FF733B870023FB86FB7803F053
S3150805B4002003002B7BD000237B870023FB636DE09D
S3150805B4107A68FB6B2E2101FB03F3134460331B8803
S3150805B4203B827A68FB6B2E2101FB03F313446233D7
S3150805B4301B8811339BB27B8207F10C03083332490B
S3150805B44018460DF003FE07F10C031846FDF707FD30
S3150805B4507A68FB6B2E2101FB03F3134462331A88C2
S3150805B4607B8F134498B27A68FB6B2E2101FB03F395
S3150805B4701344623302461A80FB6B2E2202FB03F342
S3150805B48058337A68134404331846FDF7E8FC7A6896
S3150805B490FB6B2E2101FB03F3134462331A887B8F5A
S3150805B4A0D31A98B27A68FB6B2E2101FB03F3134472
S3150805B4B0623302461A80FB6B052B14DC7B6893F90D
S3150805B4C0CE311A46FB6B93420DD107F10C030833AF
S3150805B4D00E4918460DF0BAFD07F10C031846FDF797
S3150805B4E0BEFC0C237B87FB6B0133FB63FB6B062BCF
S3150805B4F08EDD7B6803F5CF731846FDF7E7FA00BFBF
S3150805B5004037BD4680BD00BF00DD06083CDE06089F
S3150805B51080B582B000AF78607868FDF799FD7B68DD
S3150805B52093F88439032B20D0032B37DC012B02D063
S3150805B530022B0DD032E07B68394AC3F864297B684B
S3150805B540384AC3F868297B68374AC3F86C293BE04B
S3150805B5507B68364AC3F864297B68354AC3F868297F
S3150805B5607B68344AC3F86C292EE07B682C4AC3F8F5
S3150805B57064297B682B4AC3F868297B682A4AC3F875
S3150805B5806C297B68294AC3F870297B68284AC3F859
S3150805B59074297B68274AC3F8782915E008200CF032
S3150805B5A051FE0346002B0FD00CF0E2FD2249234835
S3150805B5B00CF0A6FD7B6893F88439194620480CF0EB
S3150805B5C09FFD20480CF09CFD7B68002283F8242605
S3150805B5D07B68002283F825267B680A2283F82626B7
S3150805B5E07B68032283F8F8257B68002283F885297A
S3150805B5F07B6893F885391A464FF4EC7302FB03F317
S3150805B600114A1A447B68C3F87C297B6893F8842910
S3150805B6107B6883F82A2A00BF0837BD4680BD00BF68
S3150805B62054AB002064AB002074AB00205CAB002053
S3150805B6306CAB00207CAB00209CDB0608A4DB060867
S3150805B64048DD0608D0DB0608242D002080B582B023
S3150805B65000AF78607B68D3F88039184606F0A0FEF7
S3150805B6600346002B03D07B6802229A7102E07B68A9
S3150805B67001229A717B68012283F8872900BF08375A
S3150805B680BD4680BD80B483B000AF786000BF0C3777
S3150805B690BD465DF8047B704780B582B000AF78601B
S3150805B6A07B6803221A707B684FF6FF725A807B689F
S3150805B6B003221A717B6803225A717B684FF6FF725B
S3150805B6C0DA807B6800221A817B6815229A727B6864
S3150805B6D003221A737B6803225A737B6800221A822F
S3150805B6E07B684FF6FF72DA817B6803229A747B685A
S3150805B6F00222DA747B680022DA827B684FF6FF72CB
S3150805B7009A827B6803221A767B6802225A767B68B8
S3150805B71000229A837B684FF6FF725A837B68032259
S3150805B7209A777B680222DA777B6800225A847B68D7
S3150805B7304FF6FF721A847B68212283F824207B68DA
S3150805B740022283F825207B684FF6FF72DA847B6828
S3150805B75000221A857B682A33084A094918460DF0D6
S3150805B76075FC7B68032283F834207B68012283F8FD
S3150805B770352000BF0837BD4680BD00BF58DE060820
S3150805B78044DD060880B588B000AF78607B681B681D
S3150805B790FB61FB699033BB617B6893F88439FB755C
S3150805B7A0FB7D013B0F33DB00FA6913443B61072335
S3150805B7B0FB607868FDF74CFC7B6805221A733B69C4
S3150805B7C01A887B681A823B695A887B685A827B681D
S3150805B7D003229A733B699A887B68DA823B69DA8819
S3150805B7E07B689A827B684FF6FF721A837B6800220C
S3150805B7F05A837B68032283F83C203B691B880533FB
S3150805B8009AB27B68A3F840207B680522A3F84220F4
S3150805B8107B68032283F83E207B68032283F864202D
S3150805B8207B684FF6FF72A3F868207B680022A3F8A9
S3150805B83066207B68042283F86A203B6919883B6978
S3150805B8409B88A3F10A0213465B0013449B00134425
S3150805B850002B00DA0F331B119BB20B449AB27B6897
S3150805B860A3F86E207B680F22A3F870207B68152243
S3150805B87083F86C207B684FF6FF72A3F886207B68F1
S3150805B880032283F898203B691B8805339AB27B689F
S3150805B890A3F89C20FB689BB2C3F155039AB27B6853
S3150805B8A0A3F89E207B68032283F89A207B680222E8
S3150805B8B083F8C0207B680022A3F8C2207B684FF670
S3150805B8C0FF72A3F8C4207B68032283F8C6203B6968
S3150805B8D01B8805339AB27B68A3F8CA20FB689BB216
S3150805B8E0C3F169039AB27B68A3F8CC207B68032267
S3150805B8F083F8C8207B68022283F8EE207B6802223B
S3150805B90083F8EE207B680022A3F8F0207B684FF6C3
S3150805B910FF72A3F8F2207B68032283F8F4203B69BB
S3150805B9201B8805339AB27B68A3F8F820FB689BB297
S3150805B930C3F17D039AB27B68A3F8FA207B680322D4
S3150805B94083F8F6207B68022283F81C217B6800228F
S3150805B950A3F81E217B684FF6FF72A3F820217B68A2
S3150805B960032283F822213B691B8805339AB27B6833
S3150805B970A3F82621FB689BB2C3F191039AB27B68AB
S3150805B980A3F828217B68032283F824217B680222F1
S3150805B99083F84A217B680022A3F84C217B684FF679
S3150805B9A0FF72A3F84E217B68002283F892213B6932
S3150805B9B01A883B699B8813449BB2283B9AB27B68D5
S3150805B9C0A3F896217B68E922A3F89821BB6993F821
S3150805B9D024207B6883F89421BB6993F825207B6826
S3150805B9E083F8A421BB69DA8C7B68A3F8A821BB690F
S3150805B9F01A8D7B68A3F8A6217B6803F5CD72BB690A
S3150805BA002A33194610460DF021FB7B68032283F875
S3150805BA1064213B691B880D339AB27B68A3F86821B4
S3150805BA207B68BB22A3F86A217B68032283F8662113
S3150805BA307B68012283F88C217B68314AC3F850213B
S3150805BA407B682F4AC3F854217B682D4AC3F85821C9
S3150805BA507B682B4AC3F85C217B68D3F880390022BA
S3150805BA6083F81C247B68D3F88039082283F83C249C
S3150805BA707B68D3F880390122C3F840247B68D3F85C
S3150805BA808039002283F86E247B68D3F8803945F21D
S3150805BA905842A3F86A247B68D3F8803945F2584298
S3150805BAA0A3F86C247B68D3F88039222283F86824A6
S3150805BAB07B68D3F88039002283F85C247B68D3F841
S3150805BAC0803945F25842A3F858247B68D3F880395B
S3150805BAD045F25842A3F85A247B68D3F880392222BE
S3150805BAE083F85624FF217868FDF708FFE7F7E0FC99
S3150805BAF002467B689A6000BF2037BD4680BD00BFF9
S3150805BB00000080BF80B584B000AF78607B6893F885
S3150805BB106C30152B02D14FF4967301E04FF47A7306
S3150805BB20FB607B68D3F86C39184607F0BAF8034604
S3150805BB30002B08D17B68D3F87839184607F0B1F891
S3150805BB400346002B06D07B6803229A717B68002280
S3150805BB5083F82C24E7F7ACFC02467B689B68D31A66
S3150805BB60FA689A4208D8E7F7A3FC02467B689A6002
S3150805BB707C217868FDF7C2FE00BF1037BD4680BD3B
S3150805BB8080B582B000AF78607B68D3F8643918460B
S3150805BB9007F076F87B68D3F86839184607F070F821
S3150805BBA07B68D3F86C39184607F06AF87B68D3F8CA
S3150805BBB07039184607F064F87B68D3F8743918465F
S3150805BBC007F05EF87B68D3F87839184607F058F811
S3150805BBD0064B01221A707868FFF72EFA034B0022E6
S3150805BBE01A7000BF0837BD4680BD00BF305A002011
S3150805BBF080B489B000AF78607B681B68FB617B6899
S3150805BC0093F88439FB76FB7E013B0F33DB00FA6933
S3150805BC1013447B6107233B610023FB737B68B3F8F9
S3150805BC20C4217B691B889A4206D07B691A887B687A
S3150805BC30A3F8C4210123FB737B68B3F8C6217B6986
S3150805BC405B889A4206D07B695A887B68A3F8C62121
S3150805BC500123FB737B68B3F8CA217B699B889A42E3
S3150805BC6006D07B699A887B68A3F8CA210123FB73EA
S3150805BC707B68B3F8C8217B69DB889A4206D07B695D
S3150805BC80DA887B68A3F8C8210123FB730123FB73B4
S3150805BC907B691A887B699B880A3BD90F0B445B101D
S3150805BCA09BB213449BB204339AB27B68A3F8F2217C
S3150805BCB07B691A887B699B880A3BD90F0B445B10FD
S3150805BCC09BB213449AB27B68A3F84E227B691B88FC
S3150805BCD005339AB27B68A3F820227B691B8805334E
S3150805BCE09AB27B68A3F87C227B6919887B699B884D
S3150805BCF0A3F10A0213465B0013449B001344002B69
S3150805BD0000DA0F331B119BB20B449AB27B68A3F872
S3150805BD10AA227B691B8805339AB27B68A3F8D822C1
S3150805BD207B691B8805339AB27B68A3F806237B696A
S3150805BD301B8805339AB27B68A3F834237B691B886D
S3150805BD4005339AB27B68A3F862237B691B8823337C
S3150805BD509AB27B68A3F8D2237B691A887B699B8884
S3150805BD6013449BB2283B9AB27B68A3F800247B69E7
S3150805BD701A887B699B8813449BB2283B9AB27B68D1
S3150805BD80A3F82E247B691B880D339AB27B68A3F822
S3150805BD90A423FB7B18462437BD465DF8047B70470C
S3150805BDA080B586B000AF78607B681B687B617B6869
S3150805BDB093F88439FB74FB7C013B0F33DB007A6906
S3150805BDC01344FB600723BB607868FDF741F97B6878
S3150805BDD0052283F8C021FB681A887B68A3F8C42165
S3150805BDE0FB685A887B68A3F8C6217B68032283F813
S3150805BDF0C221FB689A887B68A3F8CA21FB68DA889A
S3150805BE007B68A3F8C8217B684FF6FF72A3F8CC2197
S3150805BE107B680022A3F8CE217B68032283F8EE21EE
S3150805BE20FB681A88FB689B880A3BD90F0B445B108D
S3150805BE309BB213449BB204339AB27B68A3F8F221EA
S3150805BE407B682722A3F8F4217B68032283F8F0216F
S3150805BE507B68002283F8F6217B68022283F816227E
S3150805BE607B684FF6FF72A3F81A227B680022A3F8AF
S3150805BE7018227B68032283F84A22FB681A88FB681E
S3150805BE809B880A3BD90F0B445B109BB213449AB2A5
S3150805BE907B68A3F84E22BB689BB2C3F141039AB2ED
S3150805BEA07B68A3F850227B68032283F84C227B68BB
S3150805BEB0022283F872227B684FF6FF72A3F8762270
S3150805BEC07B680022A3F874227B68032283F81C2268
S3150805BED0FB681B8805339AB27B68A3F820227B6822
S3150805BEE0C722A3F822227B68032283F81E227B68D1
S3150805BEF0012283F844227B684FF6FF72A3F848228D
S3150805BF007B680022A3F846227B68032283F87822F9
S3150805BF10FB681B8805339AB27B68A3F87C227B6885
S3150805BF200522A3F87E227B68032283F87A227B689A
S3150805BF30032283F8A0227B684FF6FF72A3F8A42292
S3150805BF407B680022A3F8A2227B68042283F8A6222E
S3150805BF50FB681988FB689B88A3F10A0213465B00F0
S3150805BF6013449B001344002B00DA0F331B119BB2B5
S3150805BF700B449AB27B68A3F8AA227B680F22A3F81A
S3150805BF80AC227B68152283F8A8227B684FF6FF72D8
S3150805BF90A3F8C2227B68032283F8D422FB681B8890
S3150805BFA005339AB27B68A3F8D822BB689BB2C3F15E
S3150805BFB055039AB27B68A3F8DA227B68032283F8CD
S3150805BFC0D6227B68022283F8FC227B680022A3F826
S3150805BFD0FE227B684FF6FF72A3F800237B680322CF
S3150805BFE083F80223FB681B8805339AB27B68A3F896
S3150805BFF00623BB689BB2C3F169039AB27B68A3F8AB
S3150805C00008237B68032283F804237B68022283F8C6
S3150805C0102A237B68022283F82A237B680022A3F851
S3150805C0202C237B684FF6FF72A3F82E237B68032221
S3150805C03083F83023FB681B8805339AB27B68A3F817
S3150805C0403423BB689BB2C3F17D039AB27B68A3F818
S3150805C05036237B68032283F832237B68022283F81A
S3150805C06058237B680022A3F85A237B684FF6FF728C
S3150805C070A3F85C237B68032283F85E23FB681B8889
S3150805C08005339AB27B68A3F86223BB689BB2C3F1F2
S3150805C09091039AB27B68A3F864237B68032283F825
S3150805C0A060237B68022283F886237B680022A3F82F
S3150805C0B088237B684FF6FF72A3F88A237B680022DC
S3150805C0C083F8CE23FB681B8823339AB27B68A3F8CB
S3150805C0D0D2237B68E922A3F8D4237B68032283F855
S3150805C0E0D0237B68022283F8E0237B68002283F845
S3150805C0F0FC23FB681A88FB689B8813449BB2283B7C
S3150805C1009AB27B68A3F800247B68E922A3F802247F
S3150805C1107B68212283F8FE237B68022283F80E2496
S3150805C1207B68002283F82A24FB681A88FB689B88A3
S3150805C13013449BB2283B9AB27B68A3F82E247B68E6
S3150805C140D322A3F830247B68012283F82C247B6844
S3150805C150022283F83C247B68032283F8A023FB6824
S3150805C1601B880D339AB27B68A3F8A4237B68BB2288
S3150805C170A3F8A6237B68032283F8A2237B680122FA
S3150805C18083F8C823FF217868FDF7C4FE7B68D3F8D2
S3150805C1906439184606F074FD7B68D3F8683918467D
S3150805C1A006F06EFD7B68D3F86C39184606F068FD0F
S3150805C1B07B68D3F87039184606F062FD7B68D3F8B4
S3150805C1C07439184606F05CFD7B68D3F87839184645
S3150805C1D006F056FD7B68394AC3F88C237B68374ACF
S3150805C1E0C3F890237B68354AC3F894237B68334A9A
S3150805C1F0C3F898237B68D3F88039002283F81C2472
S3150805C2007B68D3F88039082283F83C247B68D3F801
S3150805C21080390122C3F840247B68D3F88039002287
S3150805C22083F84A247B68D3F8803945F25842A3F83F
S3150805C23046247B68D3F8803945F25842A3F8482442
S3150805C2407B68D3F88039222283F844247B68D3F89F
S3150805C2508039002283F85C247B68D3F8803945F257
S3150805C2605842A3F858247B68D3F8803945F25842D2
S3150805C270A3F85A247B68D3F88039222283F85624F2
S3150805C2807B68D3F88039002283F880247B68D3F845
S3150805C290803945F25842A3F87C247B68D3F880395F
S3150805C2A045F25842A3F87E247B68D3F880392222C2
S3150805C2B083F87A2400BF1837BD4680BD000080BFC5
S3150805C2C080B584B000AF78600023FB607B6893F87F
S3150805C2D08439032B40F0A4807B68D3F880395B6AE0
S3150805C2E01B78022B40F09C80A64BFB607B68D3F835
S3150805C2F06439184606F0D5FC0346002B1AD17B6827
S3150805C300D3F86839184606F0CCFC0346002B11D13C
S3150805C3107B68D3F87039184606F0C3FC0346002B2C
S3150805C32008D17B68D3F87439184606F0BAFC034673
S3150805C330002B3FD0FB68D3F864097B68D3F86439CA
S3150805C340082219460DF0FAFFFB68D3F870097B68D1
S3150805C350D3F87039082219460DF0F0FFFB68D3F8B3
S3150805C36068097B68D3F86839082219460DF0E6FF8F
S3150805C370FB68D3F874097B68D3F87439082219461B
S3150805C3800DF0DCFF7B68D3F86439184606F078FCAF
S3150805C3907B68D3F87039184606F072FC7B68D3F8C3
S3150805C3A06839184606F06CFC7B68D3F87439184664
S3150805C3B006F066FC7B68D3F86C39184606F071FCFE
S3150805C3C00346002B08D17B68D3F87839184606F05A
S3150805C3D068FC0346002B1FD0FB68D3F86C097B68FD
S3150805C3E0D3F86C39082219460DF0A8FFFB68D3F86F
S3150805C3F078097B68D3F87839082219460DF09EFF27
S3150805C4007B68D3F86C39184606F03AFC7B68D3F88E
S3150805C4107839184606F034FCF868FFF751FFAEE0A0
S3150805C4207B6893F8A832152B02D14FF4967301E071
S3150805C4304FF47A73BB607B68D3F86439184606F0FF
S3150805C44030FC0346002B1AD17B68D3F868391846A1
S3150805C45006F027FC0346002B11D17B68D3F8703903
S3150805C460184606F01EFC0346002B08D17B68D3F850
S3150805C4707439184606F015FC0346002B1ED07B6852
S3150805C48003F5E07319467868FCF74CFE7B68D3F824
S3150805C4906439184606F0F4FB7B68D3F868391846FC
S3150805C4A006F0EEFB7B68D3F87039184606F0E8FB0C
S3150805C4B07B68D3F87439184606F0E2FB7B68D3F82F
S3150805C4C06C39184606F0EDFB0346002B08D17B6848
S3150805C4D0D3F87839184606F0E4FB0346002B1DD039
S3150805C4E07868FEF711FE0346002B07D07B68032202
S3150805C4F09A717B68002283F82C240FE07B68D3F8B1
S3150805C5006C39184606F0BCFB7B68D3F878391846AB
S3150805C51006F0B6FB20217868FDF7FCFC7B6893F8E6
S3150805C5202A2A7B6893F884399A4216D07868FFF7E1
S3150805C5305FFB0346002B09D0134B01221A70FF2116
S3150805C5407868FDF7E7FC104B00221A707B6893F8AC
S3150805C55084297B6883F82A2A11E0E6F7A9FF0246AB
S3150805C5607B689B68D31ABA689A4208D8E6F7A0FF8B
S3150805C57002467B689A607C217868FDF7CBFC103704
S3150805C580BD4680BD98010020305A002080B582B08E
S3150805C59000AF78607B68D3F86439184606F070FBF7
S3150805C5A07B68D3F86839184606F06AFB7B68D3F8C2
S3150805C5B06C39184606F064FB7B68D3F8703918465B
S3150805C5C006F05EFB7B68D3F87439184606F058FB07
S3150805C5D07B68D3F87839184606F052FB7B68002243
S3150805C5E083F82C24064B01221A707868FEF724FD79
S3150805C5F0034B00221A7000BF0837BD4680BD00BF31
S3150805C600305A002080B588B000AF78607B681B6813
S3150805C610BB617B6893F88439FB75FB7D013B0F335A
S3150805C620DB00BA6913443B617868FCF711FD7B6842
S3150805C630052283F858243B691A887B68A3F85C2485
S3150805C6403B695A887B68A3F85E247B68032283F8CE
S3150805C6505A243B699A887B68A3F862243B69DA8879
S3150805C6607B68A3F860247B684FF6FF72A3F86424F9
S3150805C6707B680022A3F866247B68032283F8862450
S3150805C6803B699B885B089AB23B691B8813449AB237
S3150805C6907B68A3F88A247B680F22A3F88C247B6819
S3150805C6A0032283F888247B68022283F8AE247B68F4
S3150805C6B04FF6FF72A3F8B2247B680022A3F8B024CC
S3150805C6C07B6803F28E43694918460CF0BFFC7B6804
S3150805C6D0002283F8F6253B691B8823339AB27B68C3
S3150805C6E0A3F8FA257B68E922A3F8FC257B680222CC
S3150805C6F083F808267B684FF6FF72A3F80C267B6835
S3150805C7000022A3F80A267B6803F2FE535849184601
S3150805C7100CF09CFC0023FB6199E07A68FB692E21E5
S3150805C72001FB03F3134403F2B44303221A703B696E
S3150805C7301B88053398B27A68FB692E2101FB03F33A
S3150805C740134403F5976302461A80FB6902339BB2C5
S3150805C7501A46920013449B009BB2053398B27A6831
S3150805C760FB692E2101FB03F3134403F2BA43024680
S3150805C7701A807B6893F924361A46FB691A443D4B99
S3150805C78083FB02139910D317C91A0B469B000B4452
S3150805C7905B00D31AFB60FB692E2202FB03F303F544
S3150805C7A096637A68134403F10C00FB684FF4EC7240
S3150805C7B002FB03F3304A13440133FA682F490CF098
S3150805C7C045FC7A68FB692E2101FB03F3134403F53F
S3150805C7D0996300221A707B6893F8F835212B0AD0DD
S3150805C7E07B6893F925361A46FB68934201D12123BE
S3150805C7F002E0032300E003237968FA692E2000FB8B
S3150805C80002F20A4402F2B64213707A68FB692E21CF
S3150805C81001FB03F3134403F2DC4302221A707A6818
S3150805C820FB692E2101FB03F3134403F59C634FF6BD
S3150805C830FF721A807A68FB692E2101FB03F31344FC
S3150805C84003F2DE4300221A80FB690133FB61FB69AB
S3150805C850062B7FF762AF7B6803F58B63FF211846C6
S3150805C860FEF7A2FD00BF2037BD4680BD60DE06087F
S3150805C87000DE060867666666242D00206CDE060857
S3150805C88080B586B000AF78600023FB740023FB6093
S3150805C8907B6893F82536BB747B6893F824367B74D6
S3150805C8A07B68D3F86439184606F0FBF90346002B6E
S3150805C8B008D17B68D3F87039184606F0F2F90346AD
S3150805C8C0002B71D07B68D3F86439184606F0D8F979
S3150805C8D07B68D3F87039184606F0D2F997F91230FD
S3150805C8E0002B09DC7B6893F8F835212B04D07B6887
S3150805C8F0212283F8F82554E097F91230DBB2013B7B
S3150805C900DBB2BB7497F9122097F911309A420DDDFF
S3150805C91097F9122097F91130D31A062B1BDD97F9CB
S3150805C9201130DBB2013BDBB27B7414E097F91120B9
S3150805C93097F912309A420EDD97F9112097F91230B8
S3150805C940D31AC3F10A03062B05DD97F91130DBB2B5
S3150805C950013BDBB27B7497F9123003F10A02BE4B31
S3150805C96083FB02139910D317C91A0B469B000B4470
S3150805C9705B00D11A0B46BB7497F9113003F10A020D
S3150805C980B54B83FB02139910D317C91A0B469B009F
S3150805C9900B445B00D11A0B467B747B68012283F82E
S3150805C9A0F8250123FB74E0E07B68D3F86839184657
S3150805C9B006F077F90346002B08D17B68D3F8743956
S3150805C9C0184606F06EF90346002B71D07B68D3F836
S3150805C9D06839184606F054F97B68D3F87439184649
S3150805C9E006F04EF997F91230092B09D17B6893F8A9
S3150805C9F0F835212B04D07B68212283F8F82554E0E5
S3150805CA0097F91230DBB20133DBB2BB7497F9122002
S3150805CA1097F911309A420DDD97F9122097F91130D9
S3150805CA20D31A062B1BDD97F91130DBB20133DBB2BE
S3150805CA307B7414E097F9112097F912309A420EDDA6
S3150805CA4097F9112097F91230D31AC3F10A03062B61
S3150805CA5005DD97F91130DBB20133DBB27B7497F943
S3150805CA60123003F10A027C4B83FB02139910D31784
S3150805CA70C91A0B469B000B445B00D11A0B46BB74BF
S3150805CA8097F9113003F10A02734B83FB02139910C8
S3150805CA90D317C91A0B469B000B445B00D11A0B46E4
S3150805CAA07B747B68012283F8F8250123FB745CE017
S3150805CAB07B68D3F86C39184606F0F3F80346002B5D
S3150805CAC008D17B68D3F87839184606F0EAF803469C
S3150805CAD0002B4AD07B68D3F86C39184606F0D0F88F
S3150805CAE07B68D3F87839184606F0CAF87B6893F850
S3150805CAF0F835212B27D17B68D3F88039184605F0F8
S3150805CB004FFC0346002B03D07B6802229A712CE062
S3150805CB107B68D3F88039002B11D07B68D3F87C392C
S3150805CB20002B0CD07B68D3F87C391B78002B14BFF7
S3150805CB3001230023DAB27B68D3F880391A707B683B
S3150805CB4001229A7111E0BA7C7B6883F8852997F9E1
S3150805CB5012304FF4EC7202FB03F3404A1A447B6821
S3150805CB60C3F87C297B6804229A71FB7C002B67D065
S3150805CB7097F91230092B5CDC7B680A2283F826268E
S3150805CB8000237B6152E097F911207B691A44324BE1
S3150805CB9083FB02139910D317C91A0B469B000B443E
S3150805CBA05B00D31ABB607B692E2202FB03F303F5F0
S3150805CBB096637A68134403F10C00BB684FF4EC726C
S3150805CBC002FB03F3254A13440133BA6824490CF0DA
S3150805CBD03DFA7A687B692E2101FB03F3134403F5B5
S3150805CBE0996300221A707B6893F8F835212B08D0CB
S3150805CBF097F91230BA689A4201D1212302E0032334
S3150805CC0000E0032379687A692E2000FB02F20A44BC
S3150805CC1002F2B6421370BB68092B04D17B695AB276
S3150805CC207B6883F826267B6901337B617B69062B3E
S3150805CC30A9DD7B6803F58B63FF211846FEF7B4FB70
S3150805CC407B68BA7C83F825267B687A7C83F8242654
S3150805CC5000BF1837BD4680BD67666666242D002069
S3150805CC6074DE060880B582B000AF78607B68D3F8B5
S3150805CC706439184606F004F87B68D3F870391846FF
S3150805CC8005F0FEFF7B68D3F86839184605F0F8FF06
S3150805CC907B68D3F87439184605F0F2FF7B68D3F834
S3150805CCA06C39184605F0ECFF7B68D3F878391846D1
S3150805CCB005F0E6FF00BF0837BD4680BD80B584B0E0
S3150805CCC000AF78600B46FB70FB7803F00103002B79
S3150805CCD003D07B681846FBF785FEFB7803F002034D
S3150805CCE0002B18D07B682E331846FCF781F90023EC
S3150805CCF0FB600DE0FB682E2202FB03F358337A68C6
S3150805CD00134404331846FCF7AAF8FB680133FB609D
S3150805CD10FB680B2BEEDDFB7803F02003002B11D007
S3150805CD207B6803F2B2231846FBF7D0FE7B6803F54A
S3150805CD3038731846FBF7CAFE7B6803F20E331846A6
S3150805CD40FBF7C4FE00BF1037BD4680BD80B588B069
S3150805CD5000AF78607B681B68BB617B6893F884398C
S3150805CD60FB75FB7D013B0F33DB00BA6913443B6159
S3150805CD700023FB610023FB607868FCF769F97B688B
S3150805CD80052283F828263B691A887B68A3F82C268A
S3150805CD903B695A887B68A3F82E267B68032283F8A5
S3150805CDA02A263B699A887B68A3F832263B69DA887E
S3150805CDB07B68A3F830267B684FF6FF72A3F83426FE
S3150805CDC07B680022A3F836267B68032283F8562655
S3150805CDD03B699B885B089AB23B691B8813449AB2E0
S3150805CDE07B68A3F85A267B681322A3F85C267B681A
S3150805CDF0032283F858267B68022283F87E267B68F9
S3150805CE004FF6FF72A3F882267B680022A3F88026D0
S3150805CE107B68012283F87E267B68D3F87C39002B4C
S3150805CE200AD07B6803F25E607B68D3F87C390133E8
S3150805CE301A462F490CF00AF90023FB617DE07A684A
S3150805CE40FB692E2101FB03F3134403F284630322D2
S3150805CE501A703B6918887A68FB692E2101FB03F36A
S3150805CE60134403F5D16302461A80FB6903F00103EF
S3150805CE70002B11D1FB69DA0F13445B101A461346CA
S3150805CE805B00134404339BB21A46920013445B00B5
S3150805CE909BB205339BB210E0FB69DA0F13445B10AE
S3150805CEA01A4613465B00134405339BB21A4692008D
S3150805CEB013445B009BB205339BB27968FA692E2049
S3150805CEC000FB02F20A4402F28A6213807A68FB6959
S3150805CED02E2101FB03F3134403F2866303221A701A
S3150805CEE0FB6903F00103002B04D1012003E000BF11
S3150805CEF044DD060802207A68FB692E2101FB03F347
S3150805CF00134403F2AC6302461A707A68FB692E214C
S3150805CF1001FB03F3134403F5D6634FF6FF721A8034
S3150805CF207A68FB692E2101FB03F3134403F2AE630A
S3150805CF3000221A80FB690133FB61FB690A2B7FF71F
S3150805CF407EAF0023FB600023FB617A68FB692E210F
S3150805CF5001FB03F3134403F2AC6301221A707A68E2
S3150805CF60FB692E2101FB03F3134403F2AE631F226B
S3150805CF701A80FB692E2203FB02F2FB68134403F5AC
S3150805CF80D0637A6813440C33A34918460CF05EF847
S3150805CF90FB690133FB617A68FB692E2101FB03F303
S3150805CFA0134403F2AC6301221A707A68FB692E21D1
S3150805CFB001FB03F3134403F5D1631B880C3398B2BD
S3150805CFC07A68FB692E2101FB03F3134403F5D16344
S3150805CFD002461A807A68FB692E2101FB03F313447E
S3150805CFE003F28A631B88043398B27A68FB692E2193
S3150805CFF001FB03F3134403F28A6302461A80FB69AD
S3150805D0002E2203FB02F2FB68134403F5D0637A6804
S3150805D010134403F10C007B68D3F87C3945331A466B
S3150805D0207E490CF013F8FB690133FB617A68FB69E5
S3150805D0302E2101FB03F3134403F2AC6301221A7094
S3150805D0407A68FB692E2101FB03F3134403F2AE63E9
S3150805D0501F221A80FB692E2203FB02F2FB68134482
S3150805D06003F5D0637A6813440C336D4918460BF0FB
S3150805D070EDFFFB690133FB617A68FB692E2101FB2C
S3150805D08003F3134403F2AC6301221A707A68FB6949
S3150805D0902E2101FB03F3134403F5D1631B880C33D7
S3150805D0A098B27A68FB692E2101FB03F3134403F54D
S3150805D0B0D16302461A807A68FB692E2101FB03F3C0
S3150805D0C0134403F28A631B88043398B27A68FB69AA
S3150805D0D02E2101FB03F3134403F28A6302461A80E1
S3150805D0E0FB692E2203FB02F2FB68134403F5D063A2
S3150805D0F07A68134403F10C007B68D3F87C39253329
S3150805D1001A4646490BF0A2FFFB690133FB617A68AB
S3150805D110FB692E2101FB03F3134403F2AC630122D9
S3150805D1201A707A68FB692E2101FB03F3134403F28F
S3150805D130AE631F221A80FB692E2203FB02F2FB68E7
S3150805D140134403F5D0637A6813440C3335491846F6
S3150805D1500BF07CFFFB690133FB617A68FB692E21BD
S3150805D16001FB03F3134403F2AC6301221A707A68D0
S3150805D170FB692E2101FB03F3134403F5D1631B88D1
S3150805D1800C3398B27A68FB692E2101FB03F3134425
S3150805D19003F5D16302461A807A68FB692E2101FBDD
S3150805D1A003F3134403F28A631B88043398B27A6837
S3150805D1B0FB692E2101FB03F3134403F28A63024636
S3150805D1C01A807B68D3F87C3993F82430012B02D072
S3150805D1D0022B10D02CE0FB692E2203FB02F2FB681A
S3150805D1E0134403F5D0637A6813440C330E4918467D
S3150805D1F00BF02CFF2CE0FB692E2203FB02F2FB68E1
S3150805D200134403F5D0637A6813440C330749184663
S3150805D2100BF01CFF1CE000BF80DE060890DE060842
S3150805D22098DE0608A8DE0608BCDE0608C8DE060877
S3150805D230FB692E2203FB02F2FB68134403F5D06350
S3150805D2407A6813440C33BA4918460BF0FFFE00BF3B
S3150805D250FB690133FB617A68FB692E2101FB03F340
S3150805D260134403F2AC6301221A70FB692E2203FBF1
S3150805D27002F2FB68134403F5D0637A6813440C334A
S3150805D280AC4918460BF0E2FE7A68FB692E2101FBCC
S3150805D29003F3134403F2AE631F221A80FB690133B5
S3150805D2A0FB617A68FB692E2101FB03F3134403F23C
S3150805D2B0AC6302221A70FB692E2203FB02F2FB6895
S3150805D2C0134403F5D0637A68134403F10C007B68AD
S3150805D2D0D3F87C3993F865301A467B68D3F87C39D8
S3150805D2E093F8663094490BF0B1FEFB690133FB618F
S3150805D2F07A68FB692E2101FB03F3134403F2AC6339
S3150805D30001221A707A68FB692E2101FB03F313447F
S3150805D31003F2AE631F221A80FB692E2203FB02F273
S3150805D320FB68134403F5D0637A6813440C338349C1
S3150805D33018460BF08BFEFB690133FB617A68FB69BE
S3150805D3402E2101FB03F3134403F2AC6302221A7080
S3150805D350FB692E2203FB02F2FB68134403F5D0632F
S3150805D3607A68134403F10C007B68D3F87C3993F883
S3150805D37021301A4672490BF069FEFB690133FB61D8
S3150805D3807A68FB692E2101FB03F3134403F2AC63A8
S3150805D39001221A70FB69033B7A682E2101FB03F308
S3150805D3A0134403F5D1631B88603398B27A68FB6921
S3150805D3B02E2101FB03F3134403F5D16302461A80B4
S3150805D3C0FB69033B7A682E2101FB03F3134403F239
S3150805D3D08A631B88043398B27A68FB692E2101FB98
S3150805D3E003F3134403F28A6302461A80FB692E2265
S3150805D3F003FB02F2FB68134403F5D0637A6813440A
S3150805D40003F10C007B68D3F87C391B78002B01D116
S3150805D4104C4B00E04C4B1A464C490BF017FE7B6803
S3150805D420002283F8DA283B691B8823339AB27B687E
S3150805D430A3F8DE287B68E922A3F8E0287B680122A1
S3150805D44083F8DC287B68022283F8EC287B684FF68C
S3150805D450FF72A3F8F0287B680022A3F8EE287B68FC
S3150805D46003F6E2033A4918460BF0F0FD7B680022FD
S3150805D47083F808293B691A883B699B8813449BB23C
S3150805D480283B9AB27B68A3F80C297B68D322A3F8B4
S3150805D4900E297B68212283F80A297B68022283F8EC
S3150805D4A01A297B684FF6FF72A3F81E297B680022A6
S3150805D4B0A3F81C297B6803F51163264918460BF062
S3150805D4C0C5FD7B68002283F836293B691A883B69BE
S3150805D4D09B8813449BB2283B9AB27B68A3F83A29E2
S3150805D4E07B68E922A3F83C297B68012283F8382959
S3150805D4F07B68022283F848297B684FF6FF72A3F8F2
S3150805D5004C297B680022A3F84A297B6803F63E1353
S3150805D510114918460BF09AFD7B6803F5C563FF218B
S3150805D5201846FFF7CBFB00BF2037BD4680BD00BFB9
S3150805D530D4DE0608E0DE0608F8DE060804DF060877
S3150805D54014DF06081CDF060824DF060844DD06087E
S3150805D55000DE06082CDF060858DE060880B582B008
S3150805D56000AF78607B68D3F86439184605F099FBEF
S3150805D5700346002B1AD17B68D3F86839184605F097
S3150805D58090FB0346002B11D17B68D3F870391846F2
S3150805D59005F087FB0346002B08D17B68D3F8743959
S3150805D5A0184605F07EFB0346002B53D07B6893F897
S3150805D5B0DC38212B0CD17B68012283F8DC287B68B3
S3150805D5C0212283F80A297B68012283F8382922E073
S3150805D5D07B6893F80A39212B0CD17B68012283F8DD
S3150805D5E0DC287B68012283F80A297B68212283F8CF
S3150805D5F0382910E07B6893F83839212B0BD17B68DD
S3150805D600212283F8DC287B68012283F80A297B68AE
S3150805D610012283F838297B6803F5C5632021184656
S3150805D620FFF74CFB7B68D3F86439184605F028FBE9
S3150805D6307B68D3F86839184605F022FB7B68D3F86A
S3150805D6407039184605F01CFB7B68D3F874391846FB
S3150805D65005F016FB7B68D3F86C39184605F021FBEF
S3150805D6600346002B08D17B68D3F87839184605F0A8
S3150805D67018FB0346002B69D07B6893F8DC38212B09
S3150805D68007D17B6803229A717B68002283F82C24CC
S3150805D69049E07B6893F80A39212B07D17B6805226F
S3150805D6A09A717B68002283F886293CE07B6893F8A3
S3150805D6B03839212B37D17B6893F92536DAB27B6859
S3150805D6C083F885297B6893F885391A464FF4EC73F0
S3150805D6D002FB03F31F4A1A447B68D3F880391946B7
S3150805D6E0104609F0D3FE0346002B11D010200AF088
S3150805D6F0A9FD0346002B0BD00AF03AFD1649174833
S3150805D7000AF0FEFC16480AF0FBFC16480AF0F8FC77
S3150805D7107B68D3F880397A6892F8852983F8B42026
S3150805D7207B6802229A717B68D3F86C39184605F02E
S3150805D730A7FA7B68D3F87839184605F0A1FA7B6805
S3150805D74003F5C56320211846FFF7B8FA00BF083761
S3150805D750BD4680BD242D00209CDB0608A4DB0608F3
S3150805D76034DF0608D0DB060880B582B000AF7860DE
S3150805D7707B68D3F86439184605F082FA7B68D3F8CE
S3150805D7806839184605F07CFA7B68D3F86C3918466B
S3150805D79005F076FA7B68D3F87039184605F070FAFD
S3150805D7A07B68D3F87439184605F06AFA7B68D3F8A6
S3150805D7B07839184605F064FA00BF0837BD4680BDB6
S3150805D7C090B5E5B000AF07F5C873A3F5C67318603D
S3150805D7D007F5C873A3F5C6731B681B68C7F88431B4
S3150805D7E007F5C873A3F5C6731B6893F8843987F8D4
S3150805D7F0833197F88331013B0F33DB00D7F8842152
S3150805D8001344C7F87C310023C7F88C310023C7F8C1
S3150805D810783107F5C873A3F5C6731868FBF718FCBE
S3150805D82007F5C873A3F5C6731B68052283F828266A
S3150805D830D7F87C311A8807F5C873A3F5C6731B682C
S3150805D840A3F82C26D7F87C315A8807F5C873A3F5AB
S3150805D850C6731B68A3F82E2607F5C873A3F5C67302
S3150805D8601B68032283F82A26D7F87C319A8807F598
S3150805D870C873A3F5C6731B68A3F83226D7F87C3197
S3150805D880DA8807F5C873A3F5C6731B68A3F83026A7
S3150805D89007F5C873A3F5C6731B684FF6FF72A3F899
S3150805D8A0342607F5C873A3F5C6731B680022A3F8C3
S3150805D8B0362607F5C873A3F5C6731B68032283F8CE
S3150805D8C05626D7F87C319B885B089AB2D7F87C31FF
S3150805D8D01B8813449AB207F5C873A3F5C6731B6864
S3150805D8E0A3F85A2607F5C873A3F5C6731B680F224E
S3150805D8F0A3F85C2607F5C873A3F5C6731B68032248
S3150805D90083F8582607F5C873A3F5C6731B6802225C
S3150805D91083F87E2607F5C873A3F5C6731B684FF605
S3150805D920FF72A3F8822607F5C873A3F5C6731B68A5
S3150805D9300022A3F8802607F5C873A3F5C6731B68E6
S3150805D940D3F87C39002B5AD007F5C873A3F5C673E7
S3150805D9501B68D3F87C2907F5C873A3F5C6731B6836
S3150805D96093F8863919460B46DB000B449B0013448E
S3150805D9706C331B78002B0BD107F5C873A3F5C67353
S3150805D9801B6803F25E63A14918460BF05FFB36E098
S3150805D99007F5C873A3F5C6731B68D3F87C2907F57D
S3150805D9A0C873A3F5C6731B6893F8863919460B46DB
S3150805D9B0DB000B449B0013446C331B78012B0BD1FE
S3150805D9C007F5C873A3F5C6731B6803F25E6390492A
S3150805D9D018460BF03BFB12E007F5C873A3F5C673AB
S3150805D9E01B6803F25E6007F5C873A3F5C6731B6863
S3150805D9F093F8863901331A4686490BF027FB002327
S3150805DA00C7F8883113E007F5C873A3F5C6731A680E
S3150805DA10D7F888312E2101FB03F3134403F28663F5
S3150805DA2000221A70D7F888310133C7F88831D7F834
S3150805DA3088310B2BE7DD0023C7F88C31B9E007F5EC
S3150805DA40C873A3F5C6731A68D7F88C312E2101FB5E
S3150805DA5003F3134403F2846303221A70D7F87C315F
S3150805DA60188807F5C873A3F5C6731A68D7F88C31ED
S3150805DA702E2101FB03F3134403F5D16302461A80ED
S3150805DA80D7F88C3103F00103002B12D1D7F88C3166
S3150805DA90DA0F13445B101A4613465B001344043326
S3150805DAA09BB21A46920013445B009BB2013B9BB29C
S3150805DAB011E0D7F88C31DA0F13445B101A46134672
S3150805DAC05B00134405339BB21A46920013445B0068
S3150805DAD09BB2013B9BB207F5C872A2F5C6721168DF
S3150805DAE0D7F88C212E2000FB02F20A4402F28A623C
S3150805DAF0138007F5C873A3F5C6731A68D7F88C316A
S3150805DB002E2101FB03F3134403F2866303221A70DD
S3150805DB10D7F88C3103F00103002B01D1012000E071
S3150805DB20022007F5C873A3F5C6731A68D7F88C31AA
S3150805DB302E2101FB03F3134403F2AC6302461A7064
S3150805DB4007F5C873A3F5C6731A68D7F88C312E215D
S3150805DB5001FB03F3134403F5D6634FF6FF721A80E8
S3150805DB6007F5C873A3F5C6731A68D7F88C312E213D
S3150805DB7001FB03F3134403F2AE6300221A8007F58B
S3150805DB80C873A3F5C672D7F88C312E2103FB01F1AC
S3150805DB90D7F878310B4403F5D063126813440C3370
S3150805DBA01D4918460BF052FAD7F88C310133C7F8D8
S3150805DBB08C31D7F88C310B2B7FF741AF07F5C87336
S3150805DBC0A3F5C6731B6893F88639C7F8743107F544
S3150805DBD0C873A3F5C6731B68D3F87C19D7F87421DF
S3150805DBE01346DB0013449B000B446C331B78032B4D
S3150805DBF000F2DC8601A252F823F000BF1DDC0508F9
S3150805DC0071E20508D1E70508C9E8050848DF0608E9
S3150805DC1050DF06085CDF060800DD06080023C7F89E
S3150805DC2078310023C7F88C3107F5C873A3F5C67391
S3150805DC301A68D7F88C312E2101FB03F3134403F236
S3150805DC40AC6301221A7007F5C873A3F5C6731A687B
S3150805DC50D7F88C312E2101FB03F3134403F2AE6387
S3150805DC601F221A8007F5C873A3F5C672D7F88C3133
S3150805DC702E2103FB01F1D7F878310B4403F5D06360
S3150805DC80126813440C33DB4918460BF0DFF9D7F84D
S3150805DC908C310133C7F88C3107F5C873A3F5C673FC
S3150805DCA01A68D7F88C312E2101FB03F3134403F2C6
S3150805DCB0AC6302221A7007F5C873A3F5C672D7F8BE
S3150805DCC08C312E2103FB01F1D7F878310B4403F586
S3150805DCD0D0631268134403F10C0007F5C873A3F55E
S3150805DCE0C6731B68D3F87C19D7F874211346DB006D
S3150805DCF013449B000B4474331B681A46BE490BF044
S3150805DD00A5F9D7F88C310133C7F88C3107F5C873EF
S3150805DD10A3F5C6731A68D7F88C312E2101FB03F3D0
S3150805DD20134403F2AC6301221A7007F5C873A3F509
S3150805DD30C6731A68D7F88C312E2101FB03F31344F1
S3150805DD4003F2AE631F221A8007F5C873A3F5C672D8
S3150805DD50D7F88C312E2103FB01F1D7F878310B441E
S3150805DD6003F5D063126813440C33A44918460BF01F
S3150805DD706DF9D7F88C310133C7F88C3107F5C873B7
S3150805DD80A3F5C6731A68D7F88C312E2101FB03F360
S3150805DD90134403F2AC6302221A7007F5C873A3F598
S3150805DDA0C672D7F88C312E2103FB01F1D7F87831E5
S3150805DDB00B4403F5D0631268134403F10C0407F505
S3150805DDC0C873A3F5C6731B68D3F87C19D7F87421ED
S3150805DDD01346DB0013449B000B4480331B68184627
S3150805DDE0E2F7EAFB02460B46854920460BF02EF973
S3150805DDF0D7F88C310133C7F88C3107F5C873A3F505
S3150805DE00C6731A68D7F88C312E2101FB03F3134420
S3150805DE1003F2AC6301221A7007F5C873A3F5C67336
S3150805DE201A68D7F88C312E2101FB03F3134403F244
S3150805DE30AE631F221A8007F5C873A3F5C672D7F80D
S3150805DE408C312E2103FB01F1D7F878310B4403F504
S3150805DE50D063126813440C336A4918460BF0F6F872
S3150805DE60D7F88C310133C7F88C3107F5C873A3F594
S3150805DE70C6731A68D7F88C312E2101FB03F31344B0
S3150805DE8003F2AC6302221A7007F5C873A3F5C672C6
S3150805DE90D7F88C312E2103FB01F1D7F878310B44DD
S3150805DEA003F5D0631268134403F10C0007F5C8732C
S3150805DEB0A3F5C6731B68D3F87C19D7F874211346DE
S3150805DEC0DB0013449B000B4488331B681A464A49F2
S3150805DED00BF0BCF8D7F88C310133C7F88C3107F548
S3150805DEE0C873A3F5C6731A68D7F88C312E2101FBBA
S3150805DEF003F3134403F2AC6301221A7007F5C873DA
S3150805DF00A3F5C6731A68D7F88C312E2101FB03F3DE
S3150805DF10134403F2AE631F221A8007F5C873A3F5E7
S3150805DF20C672D7F88C312E2103FB01F1D7F8783163
S3150805DF300B4403F5D063126813440C33324918466B
S3150805DF400BF084F8D7F88C310133C7F88C3107F50F
S3150805DF50C873A3F5C6731A68D7F88C312E2101FB49
S3150805DF6003F3134403F2AC6302221A7007F5C87368
S3150805DF70A3F5C6731B68D3F87C19D7F8742113461D
S3150805DF80DB0013449B000B448C33D3ED007A9FEDDD
S3150805DF901F7AF4EEC77AF1EE10FA3BD507F5C87382
S3150805DFA0A3F5C672D7F88C312E2103FB01F1D7F8F4
S3150805DFB078310B4403F5D0631268134403F10C0456
S3150805DFC007F5C873A3F5C6731B68D3F87C19D7F884
S3150805DFD074211346DB0013449B000B448C331B68E2
S3150805DFE01846E2F7E9FA02460B46094920460BF0B8
S3150805DFF02DF824E064DF060878DF060880DF0608C2
S3150805E00094DF06089CDF0608B0DF06080000004D09
S3150805E010C4DF060807F5C873A3F5C672D7F88C31A9
S3150805E0202E2103FB01F1D7F878310B4403F5D063AC
S3150805E030126813440C33884918460BF007F8D7F8C5
S3150805E0408C310133C7F88C3107F5C873A3F5C67348
S3150805E0501A68D7F88C312E2101FB03F3134403F212
S3150805E060AC6301221A7007F5C873A3F5C672D7F80B
S3150805E0708C312E2103FB01F1D7F878310B4403F5D2
S3150805E080D063126813440C33744918460AF0DEFF48
S3150805E09007F5C873A3F5C6731A68D7F88C312E2108
S3150805E0A001FB03F3134403F2AE631F221A80D7F864
S3150805E0B08C310133C7F88C3107F5C873A3F5C673D8
S3150805E0C01A68D7F88C312E2101FB03F3134403F2A2
S3150805E0D0AC6302221A7007F5C873A3F5C672D7F89A
S3150805E0E08C312E2103FB01F1D7F878310B4403F562
S3150805E0F0D0631268134403F10C0407F5C873A3F536
S3150805E100C6731B68D3F87C19D7F874211346DB0048
S3150805E11013449B000B4478331B6807EE903AF8EED8
S3150805E120E77A9FED4F7AC7EE876A16EE900AE2F709
S3150805E13043FA02460B464B4920460AF087FFD7F8AD
S3150805E1408C310133C7F88C3107F5C873A3F5C67347
S3150805E1501A68D7F88C312E2101FB03F3134403F211
S3150805E160AC6301221A7007F5C873A3F5C6731A6856
S3150805E170D7F88C312E2101FB03F3134403F2AE6362
S3150805E1801F221A8007F5C873A3F5C672D7F88C310E
S3150805E1902E2103FB01F1D7F878310B4403F5D0633B
S3150805E1A0126813440C33304918460AF04FFFD7F85E
S3150805E1B08C310133C7F88C3107F5C873A3F5C673D7
S3150805E1C01A68D7F88C312E2101FB03F3134403F59E
S3150805E1D0D1631B880C3398B207F5C873A3F5C673C4
S3150805E1E01A68D7F88C312E2101FB03F3134403F57E
S3150805E1F0D16302461A8007F5C873A3F5C6731A686C
S3150805E200D7F88C312E2101FB03F3134403F2AC63D3
S3150805E21001221A7007F5C873A3F5C672D7F88C31AB
S3150805E2202E2103FB01F1D7F878310B4403F5D063AA
S3150805E2301268134403F10C00D7F874315A1C07F514
S3150805E240C873A3F5C6731B68D3F87C3993F82130D0
S3150805E25006490AF0FBFEA9E3D0DF0608D8DF06085B
S3150805E26000007A44ECDF0608F8DF060804E006082D
S3150805E2700023C7F878310023C7F88C3107F5C8732A
S3150805E280A3F5C6731A68D7F88C312E2101FB03F35B
S3150805E290134403F2AC6301221A7007F5C873A3F594
S3150805E2A0C6731A68D7F88C312E2101FB03F313447C
S3150805E2B003F2AE631F221A8007F5C873A3F5C67263
S3150805E2C0D7F88C312E2103FB01F1D7F878310B44A9
S3150805E2D003F5D063126813440C33E24918460AF06D
S3150805E2E0B5FED7F88C310133C7F88C3107F5C873F5
S3150805E2F0A3F5C6731A68D7F88C312E2101FB03F3EB
S3150805E300134403F2AC6302221A7007F5C873A3F522
S3150805E310C672D7F88C312E2103FB01F1D7F878316F
S3150805E3200B4403F5D0631268134403F10C0007F593
S3150805E330C873A3F5C6731B68D3F87C19D7F8742177
S3150805E3401346DB0013449B000B4478331B681A46B7
S3150805E350C5490AF07BFED7F88C310133C7F88C31ED
S3150805E36007F5C873A3F5C6731A68D7F88C312E2135
S3150805E37001FB03F3134403F2AC6301221A7007F594
S3150805E380C873A3F5C6731A68D7F88C312E2101FB15
S3150805E39003F3134403F2AE631F221A8007F5C87305
S3150805E3A0A3F5C672D7F88C312E2103FB01F1D7F8F0
S3150805E3B078310B4403F5D063126813440C33AB4923
S3150805E3C018460AF043FED7F88C310133C7F88C3165
S3150805E3D007F5C873A3F5C6731A68D7F88C312E21C5
S3150805E3E001FB03F3134403F2AC6302221A7007F523
S3150805E3F0C873A3F5C672D7F88C312E2103FB01F134
S3150805E400D7F878310B4403F5D0631268134403F142
S3150805E4100C0407F5C873A3F5C6731B68D3F87C19EE
S3150805E420D7F874211346DB0013449B000B4480334D
S3150805E4301B681846E2F7C0F802460B468C49204683
S3150805E4400AF004FED7F88C310133C7F88C3107F585
S3150805E450C873A3F5C6731A68D7F88C312E2101FB44
S3150805E46003F3134403F2AC6301221A7007F5C87364
S3150805E470A3F5C6731A68D7F88C312E2101FB03F369
S3150805E480134403F2AE631F221A8007F5C873A3F572
S3150805E490C672D7F88C312E2103FB01F1D7F87831EE
S3150805E4A00B4403F5D063126813440C3371491846B7
S3150805E4B00AF0CCFDD7F88C310133C7F88C3107F54E
S3150805E4C0C873A3F5C6731A68D7F88C312E2101FBD4
S3150805E4D003F3134403F2AC6302221A7007F5C873F3
S3150805E4E0A3F5C672D7F88C312E2103FB01F1D7F8AF
S3150805E4F078310B4403F5D0631268134403F10C0411
S3150805E50007F5C873A3F5C6731B68D3F87C19D7F83E
S3150805E51074211346DB0013449B000B4488331B68A0
S3150805E52007EE903AF8EEE77A9FED537AC7EE876AD3
S3150805E53016EE900AE2F740F802460B464F49204682
S3150805E5400AF084FDD7F88C310133C7F88C3107F505
S3150805E550C873A3F5C6731A68D7F88C312E2101FB43
S3150805E56003F3134403F2AC6301221A7007F5C87363
S3150805E570A3F5C6731A68D7F88C312E2101FB03F368
S3150805E580134403F2AE631F221A8007F5C873A3F571
S3150805E590C672D7F88C312E2103FB01F1D7F87831ED
S3150805E5A00B4403F5D063126813440C3334491846F3
S3150805E5B00AF04CFDD7F88C310133C7F88C3107F5CD
S3150805E5C0C873A3F5C6731A68D7F88C312E2101FBD3
S3150805E5D003F3134403F2AC6302221A7007F5C873F2
S3150805E5E0A3F5C6731B68D3F87C19D7F874211346A7
S3150805E5F0DB0013449B000B448C33D3ED007A9FED67
S3150805E600217AF4EEC77AF1EE10FA3FD507F5C87305
S3150805E610A3F5C672D7F88C312E2103FB01F1D7F87D
S3150805E62078310B4403F5D0631268134403F10C04DF
S3150805E63007F5C873A3F5C6731B68D3F87C19D7F80D
S3150805E64074211346DB0013449B000B448C331B686B
S3150805E6501846E1F7B1FF02460B460B4920460AF074
S3150805E660F5FC28E010E0060828E0060880DF06081D
S3150805E67094DF060834E0060800007A4448E00608F0
S3150805E68054E006080000004DC4DF060807F5C87300
S3150805E690A3F5C672D7F88C312E2103FB01F1D7F8FD
S3150805E6A078310B4403F5D063126813440C3381495A
S3150805E6B018460AF0CBFCD7F88C310133C7F88C31EC
S3150805E6C007F5C873A3F5C6731A68D7F88C312E21D2
S3150805E6D001FB03F3134403F2AC6301221A7007F531
S3150805E6E0C873A3F5C6731A68D7F88C312E2101FBB2
S3150805E6F003F3134403F2AE631F221A8007F5C873A2
S3150805E700A3F5C672D7F88C312E2103FB01F1D7F88C
S3150805E71078310B4403F5D063126813440C33664904
S3150805E72018460AF093FCD7F88C310133C7F88C31B3
S3150805E73007F5C873A3F5C6731A68D7F88C312E2161
S3150805E74001FB03F3134403F5D1631B880C3398B215
S3150805E75007F5C873A3F5C6731A68D7F88C312E2141
S3150805E76001FB03F3134403F5D16302461A8007F543
S3150805E770C873A3F5C6731A68D7F88C312E2101FB21
S3150805E78003F3134403F2AC6301221A7007F5C87341
S3150805E790A3F5C672D7F88C312E2103FB01F1D7F8FC
S3150805E7A078310B4403F5D0631268134403F10C0062
S3150805E7B0D7F874315A1C07F5C873A3F5C6731B68D1
S3150805E7C0D3F87C3993F821303C490AF03FFCEDE053
S3150805E7D00023C7F878310023C7F88C3107F5C873C5
S3150805E7E0A3F5C6731A68D7F88C312E2101FB03F3F6
S3150805E7F0134403F2AC6301221A7007F5C873A3F52F
S3150805E800C6731A68D7F88C312E2101FB03F3134416
S3150805E81003F2AE631F221A8007F5C873A3F5C672FD
S3150805E820D7F88C312E2103FB01F1D7F878310B4443
S3150805E83003F5D063126813440C33214918460AF0C8
S3150805E84005FCD7F88C310133C7F88C3107F5C87341
S3150805E850A3F5C6731A68D7F88C312E2101FB03F385
S3150805E860134403F2AC6301221A7007F5C873A3F5BE
S3150805E870C6731A68D7F88C312E2101FB03F31344A6
S3150805E88003F2AE631F221A8007F5C873A3F5C6728D
S3150805E890D7F88C312E2103FB01F1D7F878310B44D3
S3150805E8A003F5D063126813440C33064918460AF073
S3150805E8B0CDFB7BE0D0DF0608F8DF060804E006088E
S3150805E8C068E0060878E006080023C7F878310023CB
S3150805E8D0C7F88C3107F5C873A3F5C6731A68D7F850
S3150805E8E08C312E2101FB03F3134403F2AC63012299
S3150805E8F01A7007F5C873A3F5C6731A68D7F88C3165
S3150805E9002E2101FB03F3134403F2AE631F221A807B
S3150805E91007F5C873A3F5C672D7F88C312E2103FB04
S3150805E92001F1D7F878310B4403F5D063126813441F
S3150805E9300C33A94918460AF089FBD7F88C310133F7
S3150805E940C7F88C3107F5C873A3F5C6731A68D7F8DF
S3150805E9508C312E2101FB03F3134403F2AC63012228
S3150805E9601A7007F5C873A3F5C6731A68D7F88C31F4
S3150805E9702E2101FB03F3134403F2AE631F221A800B
S3150805E98007F5C873A3F5C672D7F88C312E2103FB94
S3150805E99001F1D7F878310B4403F5D06312681344AF
S3150805E9A00C338E4918460AF051FB00BF07F5C873A4
S3150805E9B0A3F5C6731B68002283F8DA28D7F87C31D5
S3150805E9C01B8823339AB207F5C873A3F5C6731B6864
S3150805E9D0A3F8DE2807F5C873A3F5C6731B68E922ED
S3150805E9E0A3F8E02807F5C873A3F5C6731B680122C3
S3150805E9F083F8DC2807F5C873A3F5C6731B680222D6
S3150805EA0083F8EC2807F5C873A3F5C6731B684FF694
S3150805EA10FF72A3F8F02807F5C873A3F5C6731B6834
S3150805EA200022A3F8EE2807F5C873A3F5C6731B6875
S3150805EA3003F6E2036A4918460AF008FB07F5C873A0
S3150805EA40A3F5C6731B6893F88639013307F5C872AB
S3150805EA50A2F5C6721268D2F87C2992F8212093424B
S3150805EA604DDA07F5C873A3F5C6731B68002283F844
S3150805EA700829D7F87C311A88D7F87C319B8813443E
S3150805EA809BB2283B9AB207F5C873A3F5C6731B68EC
S3150805EA90A3F80C2907F5C873A3F5C6731B68D32213
S3150805EAA0A3F80E2907F5C873A3F5C6731B682122B3
S3150805EAB083F80A2907F5C873A3F5C6731B680222E6
S3150805EAC083F81A2907F5C873A3F5C6731B684FF6A5
S3150805EAD0FF72A3F81E2907F5C873A3F5C6731B6845
S3150805EAE00022A3F81C2907F5C873A3F5C6731B6886
S3150805EAF003F511633B4918460AF0A8FA0FE007F52E
S3150805EB00C873A3F5C6731B68002283F80A2907F597
S3150805EB10C873A3F5C6731B68212283F8DC2807F595
S3150805EB20C873A3F5C6731B68002283F83629D7F878
S3150805EB307C311A88D7F87C319B8813449BB2283BCD
S3150805EB409AB207F5C873A3F5C6731B68A3F83A29DD
S3150805EB5007F5C873A3F5C6731B68E922A3F83C290C
S3150805EB6007F5C873A3F5C6731B68012283F8382908
S3150805EB7007F5C873A3F5C6731B68022283F84829E7
S3150805EB8007F5C873A3F5C6731B684FF6FF72A3F896
S3150805EB904C2907F5C873A3F5C6731B680022A3F8A5
S3150805EBA04A2907F5C873A3F5C6731B6803F63E130A
S3150805EBB00D4918460AF04AFA07F5C873A3F5C67348
S3150805EBC01B6803F5C563FF211846FEF777F800BFEE
S3150805EBD007F5CA77BD4690BD94E00608A4E0060881
S3150805EBE000DE06082CDF060858DE060880B582B062
S3150805EBF000AF78607B68D3F86439184604F051F895
S3150805EC000346002B1BD17B68D3F86839184604F0F0
S3150805EC1048F80346002B12D17B68D3F87039184695
S3150805EC2004F03FF80346002B09D17B68D3F87439FD
S3150805EC30184604F036F80346002B00F083807B68F7
S3150805EC4093F8863901337A68D2F87C2992F8212017
S3150805EC50934235DA7B6893F8DC38212B0CD17B682F
S3150805EC60012283F8DC287B68212283F80A297B6838
S3150805EC70012283F8382946E07B6893F80A39212B5F
S3150805EC800CD17B68012283F8DC287B68012283F88E
S3150805EC900A297B68212283F8382934E07B6893F8AA
S3150805ECA03839212B2FD17B68212283F8DC287B680C
S3150805ECB0012283F80A297B68012283F8382922E08C
S3150805ECC07B6893F8DC38212B0CD17B68012283F805
S3150805ECD0DC287B68212283F838297B68002283F89B
S3150805ECE00A2910E07B6893F83839212B0BD17B6804
S3150805ECF0212283F8DC287B68012283F838297B687A
S3150805ED00002283F80A297B68D3F86439184603F084
S3150805ED10B7FF7B68D3F86839184603F0B1FF7B68F7
S3150805ED20D3F87039184603F0ABFF7B68D3F8743906
S3150805ED30184603F0A5FF7B6803F5C5632021184629
S3150805ED40FDF7BCFF7B68D3F86C39184603F0A9FFB5
S3150805ED500346002B09D17B68D3F87839184603F0A2
S3150805ED60A0FF0346002B00F0EF807B68D3F87C39BB
S3150805ED70002B00F089807B68D3F88039002B00F0DA
S3150805ED8083807B68D3F88039DB691B7801337A6819
S3150805ED90D2F87C2992F82120934275DA7B6893F894
S3150805EDA00A39212B23D17B6893F886390133DAB2E0
S3150805EDB07B6883F886297B6805229A717B6893F8B0
S3150805EDC0863901337A68D2F87C2992F8212093424C
S3150805EDD040F0B9807B68212283F8DC287B6800220D
S3150805EDE083F80A297B68012283F83829ABE07B6812
S3150805EDF093F8DC38212B07D17B6804229A717B6846
S3150805EE00002283F886299EE07B6893F83839212BFA
S3150805EE1040F099807B6893F885391A464FF4EC7368
S3150805EE2002FB03F34A4A1A447B68D3F88039194624
S3150805EE30104608F02BFB0346002B11D0102009F0CD
S3150805EE4001FA0346002B0BD009F092F941494248CD
S3150805EE5009F056F9414809F053F9414809F050F9BE
S3150805EE607B68D3F880397A6892F8852983F8B420BF
S3150805EE707B6802229A717B680022C3F87C297B6825
S3150805EE80002283F886295EE07B6893F8DC38212B17
S3150805EE9007D17B6804229A717B68002283F8862944
S3150805EEA03DE07B6893F83839212B38D17B6893F890
S3150805EEB085391A464FF4EC7302FB03F3244A1A44C0
S3150805EEC07B68D3F880391946104608F0DFFA0346F9
S3150805EED0002B11D0102009F0B5F90346002B0BD0ED
S3150805EEE009F046F91B491C4809F00AF91B4809F0B7
S3150805EEF007F91B4809F004F97B68D3F880397A685D
S3150805EF0092F8852983F8B4207B6802229A717B6872
S3150805EF100022C3F87C297B68002283F886297B684A
S3150805EF20D3F86C39184603F0ABFE7B68D3F8783905
S3150805EF30184603F0A5FE7B6803F5C5632021184628
S3150805EF40FDF7BCFE00E000BF00BF0837BD4680BD23
S3150805EF50242D00209CDB0608A4DB060834DF0608FA
S3150805EF60D0DB060880B582B000AF78607B68D3F839
S3150805EF706439184603F084FE7B68D3F86839184661
S3150805EF8003F07EFE7B68D3F86C39184603F078FEE5
S3150805EF907B68D3F87039184603F072FE7B68D3F898
S3150805EFA07439184603F06CFE7B68D3F87839184629
S3150805EFB003F066FE00BF0837BD4680BD80B586B03E
S3150805EFC000AF78607B681B687B617B6893F884393A
S3150805EFD0FB74FB7C013B0F33DB007A691344FB604A
S3150805EFE07868FAF735F87B68052283F82826FB68DA
S3150805EFF01A887B68A3F82C26FB685A887B68A3F8C9
S3150805F0002E267B68032283F82A26FB689A887B685E
S3150805F010A3F83226FB68DA887B68A3F830267B686E
S3150805F0204FF6FF72A3F834267B680022A3F8362626
S3150805F0307B68002283F8DA28FB681B8823339AB293
S3150805F0407B68A3F8DE287B68E922A3F8E0287B68B5
S3150805F050212283F8DC287B68022283F8EC287B6862
S3150805F0604FF6FF72A3F8F0287B680022A3F8EE286E
S3150805F0707B68002283F80829FB681A88FB689B8841
S3150805F08013449BB2283B9AB27B68A3F80C297B6884
S3150805F090D322A3F80E297B68032283F80A297B68FD
S3150805F0A0022283F81A297B684FF6FF72A3F81E29F0
S3150805F0B07B680022A3F81C297B6803F6E2031D4931
S3150805F0C0184609F0C3FF7B68002283F83629FB68D2
S3150805F0D01A88FB689B8813449BB2283B9AB27B68BF
S3150805F0E0A3F83A297B68E922A3F83C297B682122FB
S3150805F0F083F838297B68022283F848297B684FF606
S3150805F100FF72A3F84C297B680022A3F84A297B6875
S3150805F11003F63E130849184609F098FF7B6803F578
S3150805F120C56320211846FDF7C9FD00BF1837BD463A
S3150805F13080BD00BF00DE060858DE060880B582B029
S3150805F14000AF78607B68D3F86439184603F0A9FDE3
S3150805F1500346002B1AD17B68D3F86839184603F09D
S3150805F160A0FD0346002B11D17B68D3F870391846E4
S3150805F17003F097FD0346002B08D17B68D3F874394D
S3150805F180184603F08EFD0346002B06D07B6803F56B
S3150805F190C56320211846FDF791FD7B68D3F86C39C0
S3150805F1A0184603F07EFD0346002B08D17B68D3F885
S3150805F1B07839184603F075FD0346002B1AD07B6887
S3150805F1C093F8DC38212B02D17B6804229A717B6877
S3150805F1D0D3F86C39184603F053FD7B68D3F87839AC
S3150805F1E0184603F04DFD7B6803F5C56320211846CF
S3150805F1F0FDF764FD00BF0837BD4680BD80B582B002
S3150805F20000AF78607B68D3F86439184603F038FD93
S3150805F2107B68D3F86839184603F032FD7B68D3F85E
S3150805F2206C39184603F02CFD7B68D3F870391846F7
S3150805F23003F026FD7B68D3F87439184603F020FDDC
S3150805F2407B68D3F87839184603F01AFD00BF0837E6
S3150805F250BD4680BD80B582B000AF78607868F9F79D
S3150805F260F7FE00BF0837BD4680BD000080B582B0F1
S3150805F27000AF7860022008F0E5FF0346002B0ED0A4
S3150805F28008F076FF1B491C4808F03AFF7B68DB79CE
S3150805F29019461A4808F034FF194808F031FF7B6803
S3150805F2A0DB79052B1ED801A252F823F0E5F20508ED
S3150805F2B0C5F20508CDF20508D5F20508EDF20508EB
S3150805F2C0DDF205087B6802229A710BE07B6802224B
S3150805F2D09A7107E07B6802229A7103E07B6802222D
S3150805F2E09A7100BF7B680622DA7100E000BF08370D
S3150805F2F0BD4680BD9CDB0608A4DB0608B8E0060803
S3150805F300D0DB060880B483B000AF786000BF0C3741
S3150805F310BD465DF8047B704780B582B000AF78605E
S3150805F3207868F9F795FE00BF0837BD4680BD80B4F5
S3150805F33083B000AF786000BF0C37BD465DF8047B27
S3150805F340704780B582B000AF78607B68D3F86439BA
S3150805F350184603F095FC7B68D3F86839184603F018
S3150805F3608FFC7B68D3F86C39184603F089FC7B68F3
S3150805F370D3F87039184603F083FC7B68D3F87439DB
S3150805F380184603F07DFC7B68D3F87839184603F0F0
S3150805F39077FC00BF0837BD4680BD000080B582B042
S3150805F3A000AF78607B689B790A2B1AD17B685B79F5
S3150805F3B01946294A0B465B000B449B001344043344
S3150805F3C01B68002B43D07B685B791946224A0B4696
S3150805F3D05B000B449B00134404331B687868984705
S3150805F3E035E07B685B79082B19D87B685B79194604
S3150805F3F0194A0B465B000B449B00134408331B68EC
S3150805F400002B0CD07B685B791946134A0B465B00C3
S3150805F4100B449B00134408331B68786898477B6838
S3150805F4209B7919460C4A0B465B000B449B00134413
S3150805F4301B68002B0BD07B689B791946064A0B4639
S3150805F4405B000B449B0013441B687868984700BF0C
S3150805F4500837BD4680BD00BFAC01070880B483B038
S3150805F46000AF78600B46FB701346BB707B68FA786D
S3150805F4709A717B68BA78DA7100BF0C37BD465DF8B4
S3150805F480047B704780B582B000AF78607B68D3F897
S3150805F4908039184602F084FF0346002B11D07B6895
S3150805F4A0D3F880399B7A062B06D17B6803F5E0737A
S3150805F4B019467868F9F736FE20217868FAF72AFD9D
S3150805F4C000BF00BF0837BD4680BD80B584B000AF14
S3150805F4D078607B68D3F88039FB60FB68002B13D00E
S3150805F4E0F86802F085FC0346002B0DD0FB68DB693E
S3150805F4F01B781A467B68D3F87C3993F82130013B8B
S3150805F5009A4201D1012300E0002318461037BD466B
S3150805F51080BD80B485B000AF786039600023FB6094
S3150805F5200DE07B68DAB2FB68591CF96039680B444B
S3150805F53062F07F02D2B21A707B68DB097B607B6852
S3150805F5407F2BEED8FB685A1CFA603A6813447A682A
S3150805F550D2B21A70FB6818461437BD465DF8047BA7
S3150805F560704780B483B000AF786000BF0C37BD46DE
S3150805F5705DF8047B7047000090B58FB000AFF86161
S3150805F580B9617A613B61002387F8373041F60A632A
S3150805F5902A4AB969F86905F0F3FA03463B633B6BF2
S3150805F5A0002B31D03B463A6B24491846F4F7BCFC88
S3150805F5B007F120043B460FCB84E80F0007F120032B
S3150805F5C03A6979691846F5F7E9FD0346002B03D02C
S3150805F5D0012387F837302BE0082008F033FE034669
S3150805F5E0002B0DD008F0C4FD1549164808F088FD0E
S3150805F5F0FB6A1946144808F083FD144808F080FD8F
S3150805F600002387F8373013E0082008F01BFE034669
S3150805F610002B0DD008F0ACFD09490A4808F070FD25
S3150805F620BA69F9690A4808F06BFD084808F068FDE3
S3150805F63097F8373018463C37BD4690BD345A0020F2
S3150805F640CCE00608DCE0060804E1060800E1060841
S3150805F65024E10608B0B590B000AF78623962FA6160
S3150805F660BB61002387F83F303B4641F60A622C49C1
S3150805F6701846F6F765F907F128043D460FCD0FC478
S3150805F6802B68236007F12803BA69F9691846F6F75E
S3150805F690C4FD034687F83E3097F83E30002B09D05F
S3150805F6A07B6B1F4A396A786A05F0CCF9034687F8F1
S3150805F6B03F3016E0082008F0C5FD0346002B0DD09F
S3150805F6C008F056FD1749184808F01AFDBB6B194688
S3150805F6D0164808F015FD164808F012FD002387F8A8
S3150805F6E03F3097F83F3083F00103DBB2002B11D08A
S3150805F6F0082008F0A7FD0346002B0BD008F038FDB7
S3150805F7000849094808F0FCFC0A4808F0F9FC0848C5
S3150805F71008F0F6FC97F83F3018464037BD46B0BDA9
S3150805F720345A0020CCE00608DCE006083CE1060869
S3150805F73000E1060858E1060880B584B000AF786090
S3150805F74039607B68DB6C3A689A4216D9082008F056
S3150805F75079FD0346002B3FD008F00AFD21492248CA
S3150805F76008F0CEFC7B68DB6C1A4639681F4808F03A
S3150805F770C7FC1F4808F0C4FC2EE07B689B6C3A68FA
S3150805F7809A4216D2082008F05DFD0346002B25D0BF
S3150805F79008F0EEFC1349144808F0B2FC7B689B6C2C
S3150805F7A01A463968134808F0ABFC114808F0A8FC56
S3150805F7B014E00023FB6008E07B68FA6802323968C2
S3150805F7C043F82210FB680133FB60FB680F2BF3DD5A
S3150805F7D07B683A681A6502E000BF00E000BF10378B
S3150805F7E0BD4680BD74E1060878E1060880E106088D
S3150805F7F09CE10608A0E1060880B582B000AF7860EE
S3150805F8007B68002B12D1102008F01CFD0346002B3F
S3150805F81016D008F0ADFC0C490C4808F071FC0C48EC
S3150805F82008F06EFC0B4808F06BFC09E07B689B6CDE
S3150805F83019467868FFF780FF786800F07FF800E0DA
S3150805F84000BF0837BD4680BD74E1060878E106089D
S3150805F850BCE106089CE1060880B584B000AF78606F
S3150805F8600023FB737B68002B12D1102008F0EAFCF5
S3150805F8700346002B51D008F07BFC2A492A4808F094
S3150805F8803FFC2A4808F03CFC294808F039FC44E0C6
S3150805F8907B6818687B6859687B6803F1080210233A
S3150805F8A0E9F7B8FD0346FB73FB7B002B13D0102045
S3150805F8B008F0C8FC0346002B0DD008F059FC194979
S3150805F8C0194808F01DFCFB7B19461A4808F018FC70
S3150805F8D0174808F015FC7B681A687B685B68194643
S3150805F8E01046EBF7F3F90346FB73FB7B002B15D0A4
S3150805F8F0102008F0A7FC0346002B0FD008F038FCAB
S3150805F9000849094808F0FCFBFB7B19460A4808F034
S3150805F910F7FB074808F0F4FB00E000BF1037BD46C3
S3150805F92080BD00BF74E1060878E10608BCE1060853
S3150805F9309CE10608C8E10608E4E1060880B584B036
S3150805F94000AF78600023FB737B68002B12D110206B
S3150805F95008F078FC0346002B4FD008F009FC294926
S3150805F960294808F0CDFB294808F0CAFB284808F0BD
S3150805F970C7FB42E07B681A687B685B6819461046D0
S3150805F980E9F774FF0346FB73FB7B002B13D01020A6
S3150805F99008F058FC0346002B0DD008F0E9FB194979
S3150805F9A0194808F0ADFBFB7B19461A4808F0A8FB71
S3150805F9B0174808F0A5FB7B681A687B685B681946D3
S3150805F9C01046EBF745FA0346FB73FB7B002B15D070
S3150805F9D0102008F037FC0346002B0FD008F0C8FBAB
S3150805F9E00849094808F08CFBFB7B19460A4808F0C4
S3150805F9F087FB074808F084FB00E000BF1037BD46C3
S3150805FA0080BD00BF74E1060878E10608BCE1060872
S3150805FA109CE1060800E206081CE2060880B582B0E5
S3150805FA2000AF786039607B68002B13D1102008F089
S3150805FA3009FC0346002B0BD008F09AFB0A490B482C
S3150805FA4008F05EFB0A4808F05BFB0A4808F058FB15
S3150805FA50032304E039687868FFF76EFE0023184625
S3150805FA600837BD4680BD00BF74E1060878E106087B
S3150805FA70BCE106089CE1060880B483B000AF0346DE
S3150805FA803960FB80074B1A88FB8813439AB2054BE6
S3150805FA901A80054A3B68136000BF0C37BD465DF8FA
S3150805FAA0047B7047449800204C98002080B483B0A6
S3150805FAB000AF0346FB80B7F90630DB431AB2074B9E
S3150805FAC01B881BB213401BB29AB2044B1A8000BF9F
S3150805FAD00C37BD465DF8047B704700BF4498002087
S3150805FAE080B582B000AF78600D4B1B6801330C4AB0
S3150805FAF013600C4B1B680A4A12681344013B03F052
S3150805FB003F034C2202FB03F3074A13444C22796848
S3150805FB1018460AF013FC00BF0837BD4680BD00BF6E
S3150805FB2048980020509800205498002080B483B047
S3150805FB3000AF7860396000BF0C37BD465DF8047BB9
S3150805FB40704780B485B000AF786039600023FB60E4
S3150805FB500DE07B68DAB2FB68591CF96039680B4415
S3150805FB6062F07F02D2B21A707B68DB097B607B681C
S3150805FB707F2BEED8FB685A1CFA603A6813447A68F4
S3150805FB80D2B21A70FB6818461437BD465DF8047B71
S3150805FB907047000080B58EB000AF786039600023E5
S3150805FBA0FB617B6800225A60514BD3F8B82D7B68F8
S3150805FBB01A603B689AB27B681A8207F11C037A6851
S3150805FBC04C491846F6F76DFB034687F8373097F81C
S3150805FBD03730002B01D1002385E0FB6946491846D5
S3150805FBE0FFF7AFFF38633B6B434A99183B6BC3F581
S3150805FBF0805207F108031846F5F7A2FE07F1080330
S3150805FC007A683C491846F6F708FB034687F83730FD
S3150805FC1097F8373083F00103DBB2002B01D00023B8
S3150805FC2061E04FF47A73FB62FA693B6B1344194634
S3150805FC303148FFF77BFFE3F73BFCB8622F48ECF743
S3150805FC40B9F87862E3F734FC0246BB6AD31AFA6A4E
S3150805FC509A4202D3FB6A002B14D1082008F0F2FA5F
S3150805FC600346002B0CD008F083FA2549254808F0E9
S3150805FC7047FA796A244808F043FA244808F040FA0E
S3150805FC80002330E07B6A202B02D07B6A222B26D103
S3150805FC90FB699AB23B6B9BB213449BB21A4616494B
S3150805FCA01648EBF7B9FB03463B623B6A002B14D0B3
S3150805FCB0082008F0C7FA0346002B0CD008F058FAB6
S3150805FCC00F49104808F01CFA396A114808F018FA5D
S3150805FCD00E4808F015FA002305E0012303E0142071
S3150805FCE0E3F7F2FBAAE718463837BD4680BD00BFDD
S3150805FCF0344C0020C8F80608408800208C470020A8
S3150805FD0038E2060848E2060850E2060868E20608E8
S3150805FD106CE2060880B584B000AF78600B467B8038
S3150805FD207B88022B02D0042B03D005E01B4BFB6016
S3150805FD3017E01B4BFB6014E0082008F083FA03461E
S3150805FD40002B27D008F014FA1649174808F0D8F9F1
S3150805FD507B881946154808F0D3F9154808F0D0F9EF
S3150805FD6018E0022008F06EFA0346002B0DD008F0BD
S3150805FD70FFF910490C4808F0C3F97B8819460E485F
S3150805FD8008F0BEF90A4808F0BBF97968F86806F07C
S3150805FD90A7FD00E000BF1037BD4680BD1C29002021
S3150805FDA0202B002038E2060848E206087CE2060809
S3150805FDB068E2060890E2060898E2060880B584B067
S3150805FDC000AF78600B467B807B88202B0CD0202BD8
S3150805FDD00DDC082B02D0102B03D008E01D4BFB6069
S3150805FDE01AE01D4BFB6017E01C4BFB6014E008206E
S3150805FDF008F028FA0346002B27D008F0B9F9184960
S3150805FE00184808F07DF97B881946174808F078F9E7
S3150805FE10164808F075F918E0022008F013FA0346A3
S3150805FE20002B0DD008F0A4F911490E4808F068F919
S3150805FE307B8819460F4808F063F90C4808F060F9FD
S3150805FE407968F86804F090F800E000BF1037BD46F9
S3150805FE5080BD00BF94AB002018AC00209CAC0020E8
S3150805FE6038E2060848E206087CE2060868E206085B
S3150805FE7090E20608C0E2060880B584B000AF78604F
S3150805FE800B467B807B88B3F5807F0DD0B3F5807FE5
S3150805FE900DDC402B02D0802B03D008E0134BFB600A
S3150805FEA01AE0134BFB6017E0124BFB6014E00820C1
S3150805FEB008F0C8F90346002B13D008F059F90E497E
S3150805FEC00E4808F01DF97B8819460D4808F018F9FB
S3150805FED00C4808F015F904E07968F86802F048FC5A
S3150805FEE000E000BF1037BD4680BD00BF404C00206E
S3150805FEF0CC5000205855002038E2060848E2060886
S3150805FF00E8E2060868E2060880B500AF4FF48052B5
S3150805FF1009490A48EBF700FB084B1B6810221A62C9
S3150805FF20064B1B681A68054B1B6842F010021A60D7
S3150805FF300023184680BD00BF407800208C47002066
S3150805FF4080B58AB000AF78607B685A68614BD3F88C
S3150805FF50B83D1A405F4BD3F8B83D9A4202D04FF0E8
S3150805FF60FF33B2E07B681B8A023B092B00F2A880A7
S3150805FF7001A252F823F000BF050006084900060845
S3150805FF80A1FF0508C10006088F000608C100060876
S3150805FF90C1000608C1000608C1000608C70006080C
S3150805FFA07B689B8A012B0BD107F108034A4A92E81D
S3150805FFB0030018600433198002330A0C1A7018E016
S3150805FFC07B689B8A402B08D107F10803434A92E8C8
S3150805FFD003001860043319800BE07B689B8A802B25
S3150805FFE007D107F108033E4A92E80300186004336F
S3150805FFF019807B689A8A7B68DB6819461046FFF77D
S315080600003BFD61E0022008F01DF90346002B0BD0E4
S3150806001008F0AEF83349344808F072F8334808F061
S315080600206FF8334808F06CF87B689B8A042B05D171
S315080600307B6814331846FFF753FD45E07B6814338F
S31508060040184604F089F83FE07B681B7D1A464FF48C
S31508060050EC7302FB03F3274A98187B6818334FF4A8
S31508060060EC7219460AF06AF97B681B7D1A464FF444
S31508060070EC7302FB03F31F4A1344184607F0DCFB2E
S315080600801C4B1D4A1D491E48FFF7E4FA1CE07B680F
S31508060090143319461B4806F093FC7B681433194635
S315080600A0194807F005FF7B6868331946174806F0AE
S315080600B087FC7B6868331946154807F0F9FE03E09E
S315080600C04FF0FF3301E000BF002318462837BD4628
S315080600D080BD00BF344C002004E306080CE306087E
S315080600E014E3060838E2060848E206081CE306088A
S315080600F068E20608242D0020D8FF060828E3060825
S3150806010038E306081C290020042B0020202B002093
S31508060110082D002080B487B000AFF8600B467A60D9
S315080601207B8100237B6100233B617B6800221A7072
S3150806013028E07B681B781A46FB6813441B7803F08D
S315080601407F023B6902FA03F31A467B6913437B610E
S315080601507B681B781A46FB6813441B785BB2002B30
S3150806016007DB7B681B780133DAB27B681A707B6912
S3150806017015E03B6907333B617B681B780133DAB2C6
S315080601807B681A707B681B789BB27A899A42D0D8A4
S315080601907B681B780133DAB27B681A707B69184666
S315080601A01C37BD465DF8047B7047000080B5ADF682
S315080601B0880D00AF07F68803A3F6840318600A4677
S315080601C007F68803A3F686031A8007F6830207F658
S315080601D08803A3F68603198807F68803A3F6840315
S315080601E01868FFF797FFC7F8840897F883381A46FA
S315080601F007F68803A3F684031B68991807F50763A9
S31508060200D7F884281846F3F78FFE07F68803A3F669
S315080602107C03184640F664031A46002108F09CFF3C
S3150806022007F10C0207F5076323491846F4F7B6FFE4
S315080602300346002B06D007F10C031846FFF780FE87
S31508060240002333E0022007F0FDFF0346002B11D0FA
S3150806025007F08EFF19491A4807F052FF07F6880372
S31508060260A3F686031B881946164807F049FF16485B
S3150806027007F046FF082007F0E5FF0346002B14D0D3
S3150806028007F076FF0D490E4807F03AFFD7F87C388F
S31508060290002B02D0D7F87C3800E00C4B19460C48E0
S315080602A007F02EFF084807F02BFF0123184607F626
S315080602B08807BD4680BD00BFC8F8060838E20608A6
S315080602C048E2060848E3060868E2060864E30608FC
S315080602D06CE3060880B5ADF5815D00AF07F120032E
S315080602E043F81C0C07F1200353F81C3CD3F880305E
S315080602F01B685B689BB2C3F5805307F5805202F10B
S315080603001E02138007F1200353F81C3CD3F88030ED
S315080603101B685B6807F5805202F11C0213800023EE
S3150806032007F5805202F118021360874B1B889BB2A9
S3150806033007F5805202F11E0212889A4200F0A6803C
S31508060340EFF3108307F5805202F10802136007F5EA
S31508060350805303F108031B6807F5805202F1100261
S31508060360136072B600BF784B1B889BB207F580529E
S3150806037002F11E0212889A4222D9734B1B889BB237
S3150806038007F5805202F11E021288D31A07F5805223
S3150806039002F10E0213806C4B1B889BB21A466B4BF6
S315080603A0134407F5805202F10E02128811461846C2
S315080603B0FFF7FCFE07F5805303F1180318604BE0B8
S315080603C0614B1B889BB2C3F5805307F5805202F131
S315080603D00E0213805C4B1B889BB21A465B4BD118E0
S315080603E007F5805303F10E031A8807F12003183B15
S315080603F0184609F0A3FF07F5805303F11E031B8869
S31508060400002B11D007F5805303F10E031A8807F15E
S315080604102003183B134407F5805202F11E02128880
S315080604204A49184609F08AFF07F5805303F11E0361
S315080604301A8807F5805303F10E031B8813449AB2EC
S3150806044007F12003183B11461846FFF7AFFE07F5D6
S31508060450805303F1180318603B4A07F5805303F1E6
S315080604601E031B881380384B1B889BB2B3F5805F27
S3150806047002D1354B00221A8007F5805303F1100383
S315080604801B68002B5BD162B600BF58E04FF480525A
S3150806049000212E4808F060FE07F1200353F81C0CCD
S315080604A0EBF786F807F1200353F81C3C1B6808226D
S315080604B01A6207F1200353F81C3C1B6810221A62BD
S315080604C007F120034FF48052204953F81C0CEBF72A
S315080604D023F8034607F5805202F11702137007F14F
S315080604E0200353F81C3C1B681A6807F1200353F8C7
S315080604F01C3C1B6842F010021A6007F5805303F18C
S3150806050017031B78002B17D0082007F09BFE034617
S31508060510002B11D007F02CFE0D490E4807F0F0FD0A
S3150806052007F5805303F117031B7819460A4807F09F
S31508060530E7FD0A4807F0E4FD034B00221A8000BFD0
S3150806054007F58157BD4680BD4098002040780020B3
S3150806055038E2060848E2060880E3060868E206085E
S3150806056080B483B000AF78607B681A68064B1B6850
S315080605709A4202D1054B01221A7000BF0C37BD46B6
S315080605805DF8047B704700BF8C470020439800201F
S3150806059080B483B000AF78607B681A68064B1B6820
S315080605A09A4202D1054B01221A7000BF0C37BD4686
S315080605B05DF8047B704700BF8C47002042980020F0
S315080605C080B582B000AF01237B601AE01B4B1B681F
S315080605D04C2202FB03F31A4A1344184603F0BCFDE1
S315080605E0164B1B68013303F03F03144A1360154B79
S315080605F01B68013B134A13607B685A1E7A60002BF8
S3150806060004D0104B1B68002BE0D100E000BF012385
S315080606103B6009E00C4B1B88184600F025F83B683A
S315080606205A1E3A60002B04D0074B1B88002BF1D1C3
S3150806063000E000BF00BF0837BD4680BD50980020C1
S3150806064054980020489800204498002080B582B027
S3150806065000AF786079680348F7F7B2FC00BF083739
S31508060660BD4680BD344C002080B5ADF5076D00AF9C
S31508060670024607F50763A3F66A031A8007F50763B2
S31508060680A3F66803184640F664031A46002108F0DE
S3150806069063FD0023A7F86E3807F50763A3F66A0312
S315080606A01B88002B00F0F98007F50763A3F66A0393
S315080606B01B8803F00103002B0FD00123A7F86E3819
S315080606C007F1080320331846FFF7C0FF07F5076347
S315080606D0A3F6680303229A83DFE007F50763A3F602
S315080606E06A031B8803F00203002B12D00223A7F81D
S315080606F06E38B7F86E2807F10803203311461846F0
S31508060700FFF708FB07F50763A3F6680304229A832F
S31508060710C3E007F50763A3F66A031B8803F0040319
S31508060720002B12D00423A7F86E38B7F86E2807F1FF
S315080607300803203311461846FFF7ECFA07F5076350
S31508060740A3F6680304229A83A7E007F50763A3F6C8
S315080607506A031B8803F00803002B12D00823A7F8A0
S315080607606E38B7F86E2807F108032033114618467F
S31508060770FFF724FB07F50763A3F6680305229A83A2
S315080607808BE007F50763A3F66A031B8803F01003D5
S31508060790002B12D01023A7F86E38B7F86E2807F183
S315080607A00803203311461846FFF708FB07F50763C3
S315080607B0A3F6680305229A836FE007F50763A3F68F
S315080607C06A031B8803F02003002B12D02023A7F800
S315080607D06E38B7F86E2807F108032033114618460F
S315080607E0FFF7ECFA07F50763A3F6680305229A836B
S315080607F053E007F50763A3F66A031B8803F040036D
S31508060800002B12D04023A7F86E38B7F86E2807F1E2
S315080608100803203311461846FFF72EFB07F507632C
S31508060820A3F6680306229A8337E007F50763A3F655
S315080608306A031B8803F08003002B12D08023A7F8CF
S315080608406E38B7F86E2807F108032033114618469E
S31508060850FFF712FB07F50763A3F6680306229A83D2
S315080608601BE007F50763A3F66A031B8803F4807380
S31508060870002B12D04FF48073A7F86E38B7F86E2897
S3150806088007F10803203311461846FFF7F5FA07F568
S315080608900763A3F6680306229A83B7F86E38002B11
S315080608A02FD007F50763A3F66803B7F86E289A826A
S315080608B0164B1A6807F50763A3F668039A6107F5E0
S315080608C00763A3F668039B69002B06D107F507633A
S315080608D0A3F668034FF0FF329A6107F1080305216C
S315080608E01846FFF757F90346002B05D0B7F86E38B2
S315080608F01846FFF7DBF804E0B7F86E381846FFF730
S31508060900D5F800BF07F50767BD4680BD4C98002099
S3150806091080B5ADF6780D00AF07F67803A3F66C0337
S31508060920186007F67803A3F50763196007F67803D0
S31508060930A3F674031A6007F67803A3F66403184643
S3150806094040F664031A46002108F006FC07F6780303
S31508060950A3F6640307F67802A2F674021268DA6545
S3150806096007F67803A3F507631868DFF7B9FC0346A5
S31508060970591C07F67803A3F5076307F1140202F173
S3150806098014000A46196809F0D9FC07F1140303F19D
S31508060990140207F67803A3F66C031146186804F0E2
S315080609A059FB022007F04EFC0346002B14D007F02D
S315080609B0DFFB0F490F4807F0A3FB07F67803A3F6F4
S315080609C0740307F1140202F114011A680A4807F0BB
S315080609D097FB0A4807F094FB07F114030C211846FF
S315080609E0FFF7D8F800BF07F67807BD4680BD00BFF3
S315080609F038E2060848E20608A0E3060868E206089A
S31508060A0080B5ADF50B6D00AF07F50B63A3F6AC0322
S31508060A1018600A4607F50B63A3F6AE031A8007F5B0
S31508060A200B63A3F6A403184640F664031A46002188
S31508060A3008F092FB07F50B63A3F6AE031A8807F1CF
S31508060A400C0303F1140107F50B63A3F6AC03186848
S31508060A5004F00CFA022007F0F5FB0346002B1DD01E
S31508060A6007F086FB1349144807F04AFB07F50B639C
S31508060A70A3F6A4039B8A194607F50B63A3F6A403F4
S31508060A80B3F816351A4607F50B63A3F6AC031B68C7
S31508060A900A4807F035FB0A4807F032FB07F10C034C
S31508060AA00D211846FFF776F800BF07F50B67BD4612
S31508060AB080BD00BF38E2060848E20608C0E3060815
S31508060AC068E2060880B5ADF5076D00AF07F507635A
S31508060AD0A3F66C03186007F50763A3F664031846BE
S31508060AE040F664031A46002108F036FB07F5076345
S31508060AF0A3F66C031868DFF7F3FB0346591C07F5DC
S31508060B000763A3F66C0307F10C0202F116000A4600
S31508060B10196809F013FC07F50763A3F664030122AF
S31508060B209A82022007F08EFB0346002B10D007F0A8
S31508060B301FFB0D490D4807F0E3FA07F50763A3F609
S31508060B406C0319680A4807F0DBFA0A4807F0D8FA68
S31508060B5007F10C030D211846FFF71CF800BF07F529
S31508060B600767BD4680BD00BF38E2060848E20608A4
S31508060B70E4E3060868E2060880B483B000AF786046
S31508060B807B685B6A5B6803F04073002B14BF01231E
S31508060B900023DBB218460C37BD465DF8047B704762
S31508060BA0B0B590B002AF786007F130030022194657
S31508060BB02C48E7F7D0FA07F11C03002219462948FC
S31508060BC0E7F7E6F97B6803F174047B685B6A03F169
S31508060BD0090507F11C0307F1300207F10C00224943
S31508060BE00091102107F0D2F902467B68DB680133CB
S31508060BF0019300922B461D4A4021204608F0F2F939
S31508060C0078637B6B3F2B13DD082007F01BFB034637
S31508060C10002B0DD007F0ACFA1549164807F070FAFE
S31508060C207A6B4021144807F06BFA144807F068FAFD
S31508060C30022007F007FB0346002B0ED007F098FAAA
S31508060C400B490C4807F05CFA7B68743319460C485E
S31508060C5007F056FA094807F053FA00BF3837BD4673
S31508060C60B0BD00BF3044002054E4060870E4060808
S31508060C707CE4060880E4060888E40608ACE4060868
S31508060C80B0E4060880B582B000AF78607B685B7A08
S31508060C90062B25D87B685B7A062B21D8022007F017
S31508060CA0D1FA0346002B33D007F062FA20492148C9
S31508060CB007F026FA7B685B7A1F4A1B0113440C3336
S31508060CC019687B689B7A1C4A1B0113440C331B68FC
S31508060CD01A461A4807F014FA194807F011FA17E0DF
S31508060CE0022007F0AFFA0346002B11D007F040FAA8
S31508060CF00F49104807F004FA7B685B7A19467B6841
S31508060D009B7A1A460F4807F0FBF90D4807F0F8F9DB
S31508060D107B685A7A7B681A727B689A7A7B685A72F3
S31508060D207B6808229A7200BF0837BD4680BD00BF99
S31508060D307CE4060880E4060818020708CCE40608D8
S31508060D40ACE40608ECE4060880B586B000AF786021
S31508060D50E2F7AEFB38617B68DB691B69FB6000233B
S31508060D607B617B68002B49D0FB68002B04D03A6967
S31508060D70FB68D31A7B6159E07B68DB699B78022B93
S31508060D8020D0022B23DC002B02D0012B0DD01EE02F
S31508060D907B685B6A184603F011F80346002B40D0B9
S31508060DA07B68DB693A691A613BE07B685B6A1846C9
S31508060DB003F02EF80346002B35D07B68DB693A69C3
S31508060DC01A6130E07B68DB693A691A612EE0082009
S31508060DD007F038FA0346002B27D007F0C9F9164953
S31508060DE0164807F08DF97B68DB699B78194614481F
S31508060DF007F086F9134807F083F916E0082007F086
S31508060E0021FA0346002B11D007F0B2F90A490B4816
S31508060E1007F076F90C4807F073F90A4807F070F9EF
S31508060E2004E000BF02E000BF00E000BF7B69184689
S31508060E301837BD4680BD00BF7CE4060880E4060870
S31508060E400CE50608ACE4060830E5060890B585B054
S31508060E5000AF786039607868FFF776FF0346114A6F
S31508060E60A2FB03239B09FB60FA683B689A428CBF80
S31508060E7001230023FB72FB7A002B0DD07B6803F552
S31508060E808163094A1C46134607CB20606160A26047
S31508060E901A889B78A281A373FB7A18461437BD462F
S31508060EA090BD00BFD34D62103CE50608B0B586B0C6
S31508060EB000AF78600023FB750023BB757B685B6A09
S31508060EC09B6D3B617B685B6A184602F0B9FDF86064
S31508060ED07B685B6A184602F008FD0346BB607B68BA
S31508060EE05B6A5B6D07EE903AB8EEE77AFB6807EE43
S31508060EF0903AF8EEE77AB4EEE77AF1EE10FACCBF56
S31508060F0001230023BB757B68DB699B78002B34D1EC
S31508060F10BB7D002B05D07B68DB691B6BFA689A429A
S31508060F200BDD7B68DB691B6A7A68D26892F86520EE
S31508060F3002FB03F3BA689A4201DB012300E00023A9
S31508060F40FB75FB7D03F00103FB75FB7D002B0AD0C1
S31508060F507B6803F58163224A1C4615460FCD206039
S31508060F606160A260E3607B685B6AFA6807EE902AAE
S31508060F70F8EEE77AC3ED147A2CE07B68DB699B7892
S31508060F80012B25D1BB68002B0DDB7B68DB691B6B48
S31508060F907A68D26892F8652002FB03F3BA689A4221
S31508060FA001DC012300E00023FB75FB7D03F001034A
S31508060FB0FB75FB7D002B0DD07B6803F58163094A1B
S31508060FC01C4615460FCD20606160A260E36001E00D
S31508060FD0FB7D00E0FB7D18461837BD46B0BD00BF51
S31508060FE04CE506085CE50608B0B584B000AF78603F
S31508060FF00023FB737B685B6A184602F09DFD87ED46
S31508061000020AD7ED027AB0EEE77A7B68DB69D3ED9A
S315080610100D7AB4EEE77AF1EE10FACCBF0123002377
S31508061020FB73FB7B002B0FD07B6803F58163094AAC
S315080610301D4614460FCC28606960AA60EB602388B3
S31508061040A2782B821346AB74FB7B18461037BD462F
S31508061050B0BD00BF6CE50608B0B584B000AF7860D1
S315080610600023FB737B685B6A184602F065FC87ED0E
S31508061070020A7B68DB69D3ED0A7A97ED027AB4EE43
S31508061080E77AF1EE10FACCBF01230023FB73FB7B4C
S31508061090002B0CD07B6803F58163074A1D46144668
S315080610A00FCC28606960AA60EB6023782B74FB7BFB
S315080610B018461037BD46B0BD80E50608B0B584B0FB
S315080610C000AF78600023FB737B68DB69002B00F0B2
S315080610D0F6807B6893F82130002B01D00123FB7339
S315080610E07B68DB699B78022B00F08C80022B00F369
S315080610F0BF80002B02D0012B42D0B9E07B685B6A21
S31508061100184602F05BFE0346002B00F0D580786889
S31508061110FFF7CCFE03461A46FB7B1343DBB2002BCE
S3150806112014BF01230023FB737868FFF75DFF0346A8
S315080611301A46FB7B1343DBB2002B14BF012300239D
S31508061140FB737868FFF788FF03461A46FB7B13434B
S31508061150DBB2002B14BF01230023FB737B68DB6914
S31508061160DB6A19467868FFF771FE03461A46FB7B63
S315080611701343DBB2002B14BF01230023FB739BE04A
S315080611807B685B6A184602F043FE0346002B00F0AE
S3150806119095807868FFF78AFE03461A46FB7B134353
S315080611A0DBB2002B14BF01230023FB737868FFF715
S315080611B01BFF03461A46FB7B1343DBB2002B14BF01
S315080611C001230023FB737868FFF746FF03461A4692
S315080611D0FB7B1343DBB2002B14BF01230023FB73EF
S315080611E07B68DB69DB6A19467868FFF72FFE0346D4
S315080611F01A46FB7B1343DBB2002B14BF01230023DD
S31508061200FB735BE07B68DB69D3ED077AF5EE407A1C
S31508061210F1EE10FA1AD07B685B6A184602F08CFB68
S31508061220B0EE407A7B68DB69D3ED077AB4EEE77AE7
S31508061230F1EE10FA4CBF01230023DBB21A46FB7BFC
S315080612401343002B14BF01230023FB737B68DB695A
S315080612509B6919467868FFF7F9FD03461A46FB7B2C
S315080612601343DBB2002B14BF01230023FB7326E0CE
S315080612707B6803F58163144A1C4615460FCD206024
S315080612806160A260E360102006F0DCFF0346002BCF
S315080612900FD006F06DFF0D490D4806F031FF7B6845
S315080612A0DB699B7819460B4806F02AFF0A4806F0BA
S315080612B027FF0123FB7302E000BF00E000BFFB7BAC
S315080612C018461037BD46B0BD94E506087CE4060800
S315080612D080E40608A4E50608ACE4060880B584B0EA
S315080612E000AF78607B689A697B68DA617B6800225A
S315080612F05A607B685B6A00225A607B6874334022B0
S315080613000021184607F028FF7868FFF7BBFC7B68BC
S315080613105B6A0021184602F0D3FC7B68012283F833
S3150806132054207B685B6A00225A607B68114A93429E
S3150806133004D1114B012283F8F02A09E07B680F4A8B
S31508061340934205D10C4B03F58053022283F82425D4
S31508061350786801F015FC7B689B7AFB737B68FA7BD9
S315080613609A727B680022C3F8042400BF1037BD466C
S3150806137080BD00BF404C00202C000020CC50002029
S3150806138080B483B000AF78607B6801229A727B6866
S315080613905B7A062B7B68002283F8022200BF0C378D
S315080613A0BD465DF8047B704780B483B000AF7860AD
S315080613B000BF0C37BD465DF8047B704780B582B022
S315080613C000AF78607B6803F58163142220211846EE
S315080613D007F0C2FE7868FFF755FC7B685B6A002152
S315080613E0184602F06DFC00BF0837BD4680BD80B5BD
S315080613F082B000AF78600021786801F0E0FB7B6870
S315080614005B6A184602F080FC00BF0837BD4680BDF9
S3150806141080B582B000AF78607B68DA697B689B69BD
S315080614209A4202D17868FFF7BBFB00BF0837BD466C
S3150806143080BD0000F0B585B002AF78607868FFF722
S3150806144021FC7B685B6A0121184602F039FC0220FA
S3150806145006F0F8FE0346002B21D006F089FE2D4934
S315080614602D4806F04DFE7B685B6A1B781C462B48A2
S3150806147000F0BEFC03461D46294800F0B9FC0346A3
S315080614801E46284800F0B4FC0346009333462A460F
S315080614902146254806F034FE244806F031FE7B68C8
S315080614A01E4A93420DD11E4800F0A2FC034683F05D
S315080614B00103DBB2002B04D000211D48F6F7B0FA6B
S315080614C023E07B68164A93420DD1144800F090FC37
S315080614D0034683F00103DBB2002B04D0002114482F
S315080614E0F6F79EFA11E07B6893F8B4301946114A66
S315080614F04FF4EC7301FB03F313441B78012B04D159
S3150806150000210B48F6F78CFAFFE700BF0C37BD46F5
S31508061510F0BD00BF7CE4060880E40608404C0020BF
S31508061520CC50002058550020BCE50608ACE4060851
S31508061530344C0020242D002080B584B000AF786096
S315080615400021786801F03BFB7B685B6A184602F067
S31508061550DBFBE1F7ADFFF8607B681B69FA68D31A0F
S315080615607A68928A934206D90021786801F0A8F922
S315080615707B68FA681A6100BF1037BD4680BD000051
S3150806158080B582B000AF78607B689B7A012B43D022
S315080615907B68DB699B78022B1CD0022B25DC002B8B
S315080615A002D0012B0BD020E07B685B6A0321184624
S315080615B002F086FB01211A48F6F732FA2CE07B6818
S315080615C05B6A0421184602F07BFB01211448F6F7EC
S315080615D027FA21E07B685B6A0221184602F070FB4F
S315080615E000210F48F6F71CFA16E0082006F02AFE30
S315080615F00346002B10D006F0BBFD0A490A4806F03A
S315080616007FFD7B68DB699B781946084806F078FDF6
S31508061610074806F075FDFFE700BF0837BD4680BDDB
S31508061620344C00207CE4060880E40608D8E506085B
S31508061630ACE4060890B583B000AF78607868FFF723
S3150806164021FBE1F735FF02467B681A617B68DB6991
S31508061650002B00F09D807B68DC69E1F729FF0346CD
S31508061660A3607B68DB6900221A617B685B6A184699
S3150806167002F014FA7B685B6A184602F039FA7B6848
S31508061680DB699B78032B40D801A252F823F000BFEA
S31508061690A1160608CD160608F51606083917060809
S315080616A07B68586A7B68DB69D9697B68DB691B6A6C
S315080616B01A4602F0B9FA7B685B6A0321184602F0F5
S315080616C0FFFA01213F48F6F7ABF936E07B685A6A16
S315080616D07B68DB691C331946104602F071FA7B688B
S315080616E05B6A0421184602F0EBFA01213548F6F73B
S315080616F097F922E07B685B6A0221184602F0E0FA4F
S3150806170000213048F6F78CF917E0082006F09AFD0E
S315080617100346002B11D006F02BFD2B492B4806F065
S31508061720EFFC7B68DB699B781946294806F0E8FCD6
S31508061730284806F0E5FC00E000BF7B68002283F82F
S3150806174021207B68DA697B689B699A4206D17B68A1
S315080617504033002219462048E6F71AFC7B6803F54B
S31508061760816314222021184607F0F6FC786801F0F2
S3150806177007FA7B685B6A00221A727B68DA697B68F5
S315080617809B699A4219D10121786801F099F814E003
S31508061790102006F057FD0346002B0BD006F0E8FC92
S315080617A009490A4806F0ACFC0C4806F0A9FC0948A3
S315080617B006F0A6FC7B6805229A7200BF0C37BD4662
S315080617C090BD00BF344C00207CE4060880E4060879
S315080617D0D8E50608ACE4060830440020F4E5060811
S315080617E080B584B000AF78607B685B6A184602F0FD
S315080617F08BFAE1F75DFEF8607B681B69FA68D31A0F
S315080618007A68928A934206D90021786801F058F8D0
S315080618107B68FA681A617868FFF750FC0346002B5E
S3150806182007D07B6804229A727B685B6A00221A7262
S31508061830B9E07868FFF7A0F90346002B5ED07B6807
S315080618405B6A93F90830DBB20133DAB27B685B6A06
S3150806185052B21A727B685B6A93F90830042B40F316
S31508061860A280102006F0EEFC0346002B15D006F0E3
S315080618707FFC5149514806F043FC7B685B6A596808
S315080618807B685B6A1B781A467B685B6A09334C4831
S3150806189006F036FC4B4806F033FC7B6805229A723E
S315080618A07B68D3F80434002B7DD0022006F0CAFCE8
S315080618B00346002B11D006F05BFC3F493F4806F06D
S315080618C01FFC7B68D3F804147B6874331A463E48B3
S315080618D006F016FC3B4806F013FC7B6803F1740118
S315080618E07B6803F501727B68D3F80434374802F03F
S315080618F0B5FF7B680022C3F8042454E07B685B6A5C
S31508061900184601F0D2FC034683F00103DBB2002B2E
S3150806191049D0102006F096FC0346002B13D006F095
S3150806192027FC2549254806F0EBFB7B685B6A1B788E
S3150806193019467B685B6A09331A46254806F0E0FBB2
S31508061940204806F0DDFB7B6805229A727B68D3F889
S315080619500434002B27D0022006F074FC0346002B1D
S3150806196011D006F005FC1449144806F0C9FB7B6835
S31508061970D3F804147B6874331A46164806F0C0FB77
S31508061980104806F0BDFB7B6803F174017B6803F516
S3150806199001727B68D3F804340C4802F05FFF7B6853
S315080619A00022C3F804240021786801F008F900BF6C
S315080619B01037BD4680BD00BF7CE4060880E40608ED
S315080619C01CE60608ACE4060854E606087CE606089D
S315080619D08CE60608C4E6060880B582B000AF7860CD
S315080619E07B685B6A0121184602F06AF97B685B6ABE
S315080619F0184602F089F900BF0837BD4680BD90B57E
S31508061A0083B000AF78607868FFF73CF97B685B6A55
S31508061A100121184602F054F97B685B6A184602F0FB
S31508061A2073F97B68DC69E1F743FD0346E36000BFAB
S31508061A300C37BD4690BD80B582B000AF78607B682E
S31508061A405B6A0121184600F0A7F90346002B1AD04F
S31508061A507B68DB695B68002B03D17B6806229A7272
S31508061A6007E07B68DB695A687B68DA617B6803226C
S31508061A709A720021786801F0A2F87B685B6A9B6D0A
S31508061A801846FDF7FFFC00BF0837BD4680BD80B483
S31508061A9083B000AF786000BF0C37BD465DF8047B9F
S31508061AA07047000080B582B000AF78607868FFF7A7
S31508061AB0E9F87B685B6A5A687B685A607B685B6A82
S31508061AC00121184602F0FCF80821034801F024FA19
S31508061AD000BF0837BD4680BD84AB002080B582B0FE
S31508061AE000AF7860786800F0BBF900BF0837BD46D6
S31508061AF080BD80B483B000AF78607B689A697B68DE
S31508061B00DA6100BF0C37BD465DF8047B70470000F6
S31508061B10F0B585B002AF78607868FFF7B3F87B68EA
S31508061B205B6A0121184602F0CBF80921784801F0CC
S31508061B30F3F9022006F086FB0346002B22D006F0B0
S31508061B4017FB7449744806F0DBFA744800F050F936
S31508061B5003461C46724B93F8F03A1D46714800F048
S31508061B6047F903461A466E4B03F5805393F8243510
S31508061B70009313462A4621466B4806F0C1FA6B4877
S31508061B8006F0BEFA654800F033F90346002B28D05E
S31508061B90634B93F8F03A032B23D1022006F052FB47
S31508061BA00346002B16D006F0E3FA5A495A4806F0B9
S31508061BB0A7FA5F4B93F8C03019465D4B93F84C3538
S31508061BC01A465B4B93F8D8395A4806F099FA574895
S31508061BD006F096FA564B93F8C0207B6883F8B4202D
S31508061BE02FE0504800F004F90346002B29D04C4B49
S31508061BF003F5805393F82435032B22D1022006F0E9
S31508061C0021FB0346002B16D006F0B2FA4149424894
S31508061C1006F076FA464B93F8C0301946444B93F8C5
S31508061C204C351A46424B93F8D839434806F068FAB3
S31508061C303E4806F065FA3E4B93F84C257B6883F8D2
S31508061C40B420022006F0FEFA0346002B26D006F03C
S31508061C508FFA3049304806F053FA7B685B6A1B7878
S31508061C601C462E4800F0C4F803461D462D4800F0CB
S31508061C70BFF803461E46314800F0BAF803461A4628
S31508061C807B6893F8B4300193009233462A46214678
S31508061C902B4806F035FA254806F032FA7B681F4ABD
S31508061CA093420DD11F4800F0A3F8034683F00103BB
S31508061CB0DBB2002B04D000211D48F5F7B1FE23E060
S31508061CC07B68184A93420DD1144800F091F80346EA
S31508061CD083F00103DBB2002B04D000211448F5F784
S31508061CE09FFE11E07B6893F8B4301946154A4FF4FF
S31508061CF0EC7301FB03F313441B78012B04D1002173
S31508061D000B48F5F78DFEFFE700BF0C37BD46F0BD5D
S31508061D1084AB00207CE4060880E40608404C0020D4
S31508061D202C000020CC500020F8E60608ACE406088D
S31508061D30344C002020E7060844E7060858550020D4
S31508061D4068E70608242D002080B582B000AF7860C3
S31508061D500021786800F033FF7B685B6A184601F055
S31508061D60D3FF00BF0837BD4680BD000080B582B0E8
S31508061D7000AF78607B6803F5816314222021184634
S31508061D8007F0EAF9034802F0A9FC00BF0837BD4682
S31508061D9080BD00BF7CE6060880B485B000AF7860D3
S31508061DA00B46FB707B681B78032B0FD10E4BFB602B
S31508061DB00E4BBB60FB685B7DFA789A420DD1BB6811
S31508061DC05B7DFA789A4208D1012307E07B685B7D3A
S31508061DD0FA789A4201D1012300E0002318461437FF
S31508061DE0BD465DF8047B704794AB002018AC00200E
S31508061DF080B483B000AF78607B68002B12D07B680E
S31508061E005B7A022B07D07B685B7A032B03D07B6849
S31508061E105B7A042B01D1012300E0002303F00103BA
S31508061E20DBB200E0002318460C37BD465DF8047B96
S31508061E30704780B483B000AF78607B68002B07D004
S31508061E407B685B7A022B0CBF01230023DBB200E01A
S31508061E50002318460C37BD465DF8047B704700001C
S31508061E60F0B587B002AF78607B68002B00F07F81FB
S31508061E707868FFF7BDFF0346002B05D07B685B68CD
S31508061E8043F000527B685A607B6806229A720220E3
S31508061E9006F0D8F90346002B22D006F069F9B649AA
S31508061EA0B64806F02DF9B648FFF7A2FF03461C46C4
S31508061EB0B44B93F8F03A1D46B348FFF799FF034625
S31508061EC01A46B04B03F5805393F824350093134608
S31508061ED02A462146AD4806F013F9AD4806F010F92C
S31508061EE0A748FFF785FF0346002B28D0A54B93F88E
S31508061EF0F03A032B23D1022006F0A4F90346002B59
S31508061F0016D006F035F99C499C4806F0F9F8A14B17
S31508061F1093F8C03019469F4B93F84C351A469D4B95
S31508061F2093F8D8399C4806F0EBF8994806F0E8F88D
S31508061F30984B93F8C0207B6883F8B4202FE0924824
S31508061F40FFF756FF0346002B29D08E4B03F5805321
S31508061F5093F82435032B22D1022006F073F903469B
S31508061F60002B16D006F004F98349844806F0C8F80B
S31508061F70884B93F8C0301946864B93F84C351A4663
S31508061F80844B93F8D839854806F0BAF8804806F09F
S31508061F90B7F8804B93F84C257B6883F8B420022063
S31508061FA006F050F90346002B26D006F0E1F87249EA
S31508061FB0724806F0A5F87B685B6A1B781C4670486B
S31508061FC0FFF716FF03461D466F48FFF711FF034640
S31508061FD01E467348FFF70CFF03461A467B6893F8B6
S31508061FE0B4300193009233462A4621466D4806F0D8
S31508061FF087F8674806F084F87B68614A93420DD1EC
S315080620006148FFF7F5FE034683F00103DBB2002BB2
S3150806201004D000215F48F5F703FD22E07B685A4A9B
S3150806202093420DD15648FFF7E3FE034683F00103B4
S31508062030DBB2002B04D000215648F5F7F1FC10E078
S315080620407B6893F8B4301946574A4FF4EC7301FB8C
S3150806205003F313441B78012B03D100214D48F5F7EA
S31508062060DFFC7B6893F8B430FB607B685B6A1B7899
S31508062070012B3CD1434B93F8F02A424B83F8962B17
S31508062080404B012283F8F02A3E4BD3F8EC3A5B6ABA
S3150806209005225A75444AFB684FF4EC7101FB03F3B3
S315080620A013441B78012B60D1364B03F5805393F8FE
S315080620B02425344B03F5805383F8CA25314B03F59B
S315080620C08053022283F824252E4B03F58053D3F832
S315080620D020355B6A05225A752E4B062283F8A224FA
S315080620E02C4BD3F8B0342B4AC2F8B4343DE07B689F
S315080620F05B6A1B78022B38D1224B03F5805393F87B
S315080621002425204B03F5805383F8CA251D4B03F572
S315080621108053022283F824251A4B03F58053D3F8F5
S3150806212020355B6A05225A751F4AFB684FF4EC711F
S3150806213001FB03F313441B78012B16D1114B93F8B5
S31508062140F02A104B83F8962B0E4B012283F8F02AB9
S315080621500C4BD3F8EC3A5B6A05225A750D4B0622E8
S315080621609A750C4B5B6A0B4A9362012300E00023BF
S3150806217018461437BD46F0BD7CE4060880E4060812
S31508062180404C00202C000020CC500020A4E706086E
S31508062190ACE40608344C002020E7060844E706089F
S315080621A058550020C8E70608242D002080B582B0B9
S315080621B000AF78607B68002B0BD07868FFF718FEAF
S315080621C00346002B03D07B68012283F821200123CE
S315080621D000E0002318460837BD4680BD80B584B0A2
S315080621E000AF78607B68002B7ED07B685B6A1846F2
S315080621F001F05BF8034683F00103DBB2002B04D03B
S315080622007B6805229A7200236FE07B685B7A062B49
S3150806221003D17B6800229A7210E07B685B7A052BED
S3150806222009D17B6803225A727B6803229A727B68F5
S3150806223000225A6002E07B6803229A727B6893F84A
S31508062240B430FB602B4AFB684FF4EC7101FB03F3D1
S3150806225013441B78012B3FD1274B93F8F02A264BBC
S3150806226083F8962B244B032283F8F02A224B03F590
S31508062270805393F82425204B03F5805383F8CA2503
S315080622801D4B03F58053032283F824257B681B4AD6
S31508062290934206D17B6893F8B420194B83F84C25EC
S315080622A01AE07B68174A934206D17B6893F8B420EE
S315080622B0134B83F8C0200FE07B68124A93420BD172
S315080622C07B6893F8B4200E4B83F8C0207B6893F896
S315080622D0B4200B4B83F84C257B685B6823F00052C9
S315080622E07B685A60012300E0002318461037BD466E
S315080622F080BD00BF242D00202C000020404C002065
S31508062300344C0020CC50002080B485B000AF7860ED
S315080623107B6893F8B430FB600B4AFB684FF4EC71A4
S3150806232001FB03F313441B78012B7B68002B04D0AF
S315080623307B6800229A72012300E0002318461437A8
S31508062340BD465DF8047B7047242D002080B584B011
S3150806235000AF78607B68002B1BD07B6893F8B43097
S31508062360FB600E4AFB684FF4EC7101FB03F313445A
S315080623701B78012B7868FFF73BFD0346002B08D030
S315080623807B6802229A727B68012283F8542001230D
S3150806239000E0002318461037BD4680BD242D0020D0
S315080623A080B483B000AF78607B68002B07D07B6863
S315080623B09B69002B14BF01230023DBB200E0002330
S315080623C018460C37BD465DF8047B704780B582B063
S315080623D000AF78607B68002B40D07B689B7A082B19
S315080623E012D17B685B7A1F4A1B01134404331B68A8
S315080623F0002B33D07B685B7A1A4A1B0113440433D5
S315080624001B687868984729E07B685B7A062B11D89B
S315080624107B685B7A134A1B01134408331B68002B37
S3150806242008D07B685B7A0F4A1B01134408331B687E
S31508062430786898477B689B7A062B0FD87B689B7AC1
S31508062440084A1B0113441B68002B07D07B689B7A36
S31508062450044A1B0113441B687868984700BF083767
S31508062460BD4680BD1802070880B582B000AF786001
S315080624700B46FB70FB784C4A4FF4EC7101FB03F3F1
S3150806248013441B78012B7868FFF7D3FC0346002B09
S3150806249011D07B685B6A9B6D002B07D07B685B6AED
S315080624A09B6D012207211846FCF7D8FF7868FFF7C7
S315080624B095FE034674E07868FFF79AFC0346002BF8
S315080624C013D0082005F0BEFE0346002B0BD005F0F8
S315080624D04FFE3649364805F013FE364805F010FE17
S315080624E0354805F00DFE05235AE0FB78092B44D836
S315080624F0FB784FF4EC7202FB03F32B4A1344796814
S31508062500184604F0C3FF7B68FA7883F8B4207B681C
S315080625105B6A9B6D002B16D07B685B6A9B6D0122F6
S3150806252007211846FCF79AFF7B685B6A9B6D7A68F3
S31508062530D268C3F87C297B685B6A9B6D7A6892F8D1
S31508062540B42083F885297B682833002219461B4858
S31508062550E5F701FE7B682C33002219461748E5F78E
S3150806256017FD7B68012283F802227B6800229A659A
S315080625707868FFF733FE034612E0082005F062FE88
S315080625800346002B0BD005F0F3FD0849084805F06D
S31508062590B7FD0B4805F0B4FD074805F0B1FD012364
S315080625A018460837BD4680BD242D00207CE406085B
S315080625B080E4060800E80608ACE40608304400206D
S315080625C02CE8060880B584B000AF78607B68002BD7
S315080625D02AD07B6893F8B430FB601F4AFB684FF431
S315080625E0EC7101FB03F313441B78012B7B685B6ACA
S315080625F09B6D002B18D07868FFF7D8FD7B685B6A59
S315080626009B6D1846FCF761FF034683F00103DBB2B0
S31508062610002B07D07B685B6A9B6D05220721184647
S31508062620FCF71CFF012312E0082005F00BFE034603
S31508062630002B0BD005F09CFD0849094805F060FDFE
S31508062640084805F05DFD084805F05AFD00231846BA
S315080626501037BD4680BD00BF242D00207CE4060841
S3150806266080E4060864E80608ACE4060880B584B083
S3150806267000AF78607B68002B1ED07B6893F8B43071
S31508062680FB60104AFB684FF4EC7101FB03F3134435
S315080626901B78012B7868FFF7E3FB7B685B6A9B6D03
S315080626A0002B07D07B685B6A9B6D022207211846BA
S315080626B0FCF7D4FE012300E0002318461037BD4672
S315080626C080BD00BF242D002080B582B000AF78609B
S315080626D039603B681B78052B25D801A252F823F0EA
S315080626E053270608F92606080F2706081727060891
S315080626F01F270608072706083B689B781946786841
S31508062700FFF7B2FE28E07868FFF75CFF24E07868F2
S31508062710FFF7ACFF20E07868FFF718FE1CE078683C
S31508062720FFF7F2FD18E0082005F08CFD0346002B9E
S3150806273011D005F01DFD0A490A4805F0E1FC3B687B
S315080627401B781946084805F0DBFC084805F0D8FC4E
S3150806275001E000BF00E000BF00BF0837BD4680BDE8
S315080627607CE4060880E4060878E80608ACE4060869
S3150806277080B58AB000AF786039607B685B6A1846B0
S3150806278000F070FD02463B681A607B685B6A9B6DC3
S3150806279093F88439032B04D1474B5A7D3B681A7143
S315080627A003E07B685A7A3B681A7107F10C031946E7
S315080627B07868F6F71FFD7B6893F82E3019467B680E
S315080627C093F82D301A4613461B019B1A9B00CA1806
S315080627D07B6893F82C3019464FF4616301FB03F3C3
S315080627E013441A463B689A607B685B6A9B6D93F846
S315080627F08439032B0AD1304B9B6A1A783B681A73BD
S315080628002D4B9B6A5A783B689A7309E07B68DB69A5
S315080628101A783B681A737B68DB695A783B689A7339
S315080628207B685B6A9B6D93F885391A464FF4EC7399
S3150806283002FB03F3214A13447B627B68DB691B7838
S315080628401A461346DB0013449B0068337A6A134418
S3150806285004333B623B6A1B78002B0DD03B6A1B7818
S31508062860012B07D03B6A1B78022B01D1022304E011
S31508062870052302E0012300E000233A6853737B68C8
S315080628805B6A9B6D93F88439032B08D10A4B1A6B3E
S315080628903B6810331946104601F066FB07E07B686D
S315080628A05A6A3B6810331946104601F05DFB00BFAD
S315080628B02837BD4680BD00BF344C0020242D002095
S315080628C090B58FB000AF78600B46FB700023FB62AD
S315080628D007F1200300221A605A609A6005F0F2FB97
S315080628E004467B6803F128027B682C331946104692
S315080628F005F0C0FB0346E31A3B627B68DB691B7877
S3150806290087F824307B68DB695B7887F825307B682F
S315080629105B6A184601F094F803461BB2FB847B688B
S315080629205B6A184600F0E1FF03469BB23B857B6867
S315080629305B6A184601F000F8F0EE407A9FED7D7A5C
S3150806294067EE877AFDEEE77A17EE903A1BB27B8535
S315080629507B6893F80232002B07D000233B620023DC
S315080629603B857B68002283F8022207F12003184676
S31508062970FCF7F7FD07F1200207F12C036E49184606
S31508062980F3F78FFC034687F8373097F83730002B6E
S3150806299013D1082005F056FC0346002B0BD005F08C
S315080629A0E7FB6649664805F0ABFB664805F0A8FBF3
S315080629B0654805F0A5FB0023B8E07B68D3F8043420
S315080629C0C3F50072FB6A9A4240D2082005F03AFC23
S315080629D00346002B12D005F0CBFB5849584805F09C
S315080629E08FFBF96A7B68D3F80434C3F500731A4675
S315080629F0564805F085FB544805F082FB022005F08B
S31508062A0021FC0346002B11D005F0B2FB4B494C4876
S31508062A1005F076FB7B68D3F804147B6874331A468C
S31508062A204B4805F06DFB484805F06AFB7B6803F1E1
S31508062A3074017B6803F501727B68D3F8043445484C
S31508062A4001F00CFF7B680022C3F80424F86A7B6849
S31508062A50D3F8043403F500737A6813440433194625
S31508062A60FCF757FD38637B68D3F804243B6B13449D
S31508062A7003F500737A681344191D7B68D3F8042492
S31508062A803B6B1344C3F5007207F10C031846F2F7BD
S31508062A9057FF7B68D3F80424F96A3B6B0B441A4440
S31508062AA07B68C3F8042407F1200207F10C032249C0
S31508062AB01846F3F7B2FB034687F8373097F83730E8
S31508062AC083F00103DBB2002B01D000232EE07B68DE
S31508062AD0D3F80434B3F5007F27D3022005F0B2FBFA
S31508062AE00346002B11D005F043FB1449144805F09C
S31508062AF007FB7B68D3F804147B6874331A461448B4
S31508062B0005F0FEFA104805F0FBFA7B6803F1740136
S31508062B107B6803F501727B68D3F804340D4801F027
S31508062B209DFE7B680022C3F80424012318463C3719
S31508062B30BD4690BD0000C84274FC06087CE406083B
S31508062B4080E4060898E80608ACE40608B4E8060829
S31508062B50E0E806087CE6060880B582B000AF78602D
S31508062B6039607B68DB6801331A460449386806F01B
S31508062B706DFA00BF0837BD4680BD00BFFCE80608EB
S31508062B8080B582B000AF78607B68B833A42200218E
S31508062B90184606F0E1FA7B6803F5AE73A42200210F
S31508062BA0184606F0D9FA7B68012283F800227B6864
S31508062BB0012283F8012200BF0837BD4680BD80B5CD
S31508062BC082B000AF78600B46FB70FB78002B0ED000
S31508062BD07B68B83319467868FFF7CAFD7B68002212
S31508062BE083F800227B68012283F8012206E07B68C7
S31508062BF003F5AE7319467868FFF7BAFD00BF0837BE
S31508062C00BD4680BD80B584B000AF78607868FFF7AA
S31508062C10EFF8034683F00103DBB2002B29D04FF405
S31508062C200073FB607B68D3F80434002B21D07B68DD
S31508062C30012283F803227B68D3F80434FA689342A0
S31508062C4028BF1346FB607B6803F174017B6803F5AE
S31508062C500172FB68094801F001FE7B68D3F8042473
S31508062C60FB68D21A7B68C3F804247B68002283F8BB
S31508062C70032200BF1037BD4680BD00BF7CE60608A6
S31508062C8080B483B000AF78607B68002B02D07B687F
S31508062C9000221A70002318460C37BD465DF8047BD9
S31508062CA0704780B483B000AF78607B68002B09D084
S31508062CB07B681B7803F00203002BCCBF0123002395
S31508062CC0DBB200E0002318460C37BD465DF8047BE8
S31508062CD07047000080B58CB000AF3B4683E803001A
S31508062CE03B68002B42D0E4F735FDF862A023BB62A9
S31508062CF0BB6A0133FA6AB2FBF3F23B68B2FBF3F33B
S31508062D00013B7B621B4B1C4A1A601A4ABB6A536014
S31508062D10184B00229A60174A7B6AD360154B002225
S31508062D201A61144B00229A611248E6F70DF907F163
S31508062D30080300221A605A609A60DA601A615A61B4
S31508062D409A616023BB607B6A5B08FB6000233B6174
S31508062D500023BB6107F10803042219460548E6F76E
S31508062D60D3FF04210348E6F7A7F900E000BF30378A
S31508062D70BD4680BD74450020000C004080B582B073
S31508062D8000AF7860022005F05DFA0346002B11D0E5
S31508062D9005F0EEF91149124805F0B2F97B685B7839
S31508062DA019467B689B781A460E4805F0A9F90E4817
S31508062DB005F0A6F97B685A787B681A707B689A7854
S31508062DC07B685A707B6805229A70E0F771FB0246A3
S31508062DD07B685A6000BF0837BD4680BD00E906080D
S31508062DE008E9060810E9060828E9060880B582B043
S31508062DF000AF78607868FFF7C1FF00BF0837BD46A1
S31508062E0080BD000080B582B000AF78600021034817
S31508062E1000F082F800BF0837BD4680BD84AB0020A7
S31508062E2080B483B000AF786000BF0C37BD465DF846
S31508062E30047B704780B582B000AF78607868FFF784
S31508062E409DFF00BF0837BD4680BD80B483B000AF7E
S31508062E50786000BF0C37BD465DF8047B704780B4C2
S31508062E6083B000AF78607B6800221A7200BF0C3701
S31508062E70BD465DF8047B704780B582B000AF7860C2
S31508062E807868FFF77BFF7B68DB681A687B681B7ABE
S31508062E90DB00134493E80300FFF71CFF00BF08375F
S31508062EA0BD4680BD80B582B000AF7860E0F700FB0E
S31508062EB002467B685B68D21A7B68DB6819687B689A
S31508062EC01B7ADB000B445B689A4202D97B680222AE
S31508062ED09A7000BF0837BD4680BD000080B582B02F
S31508062EE000AF786004210B48E6F7F8F97B681B7A89
S31508062EF00133DAB27B681A727B681A7A7B68DB68F2
S31508062F001B799A4202D37B6801229A7000BF08375A
S31508062F10BD4680BD7445002080B483B000AF786096
S31508062F200B46FB707B685B78032B51D07B680222C5
S31508062F309A707B6800221A72FB780A2B44D801A27B
S31508062F4052F823F0712F0608792F0608812F0608EE
S31508062F50892F0608912F0608992F0608A12F060815
S31508062F60A92F0608B12F0608B92F0608C12F060885
S31508062F707B681A4ADA602CE07B68194ADA6028E028
S31508062F807B68184ADA6024E07B68174ADA6020E02C
S31508062F907B68134ADA601CE07B68124ADA6018E036
S31508062FA07B68114ADA6014E07B68104ADA6010E03A
S31508062FB07B680F4ADA600CE07B680E4ADA6008E03E
S31508062FC07B680D4ADA6004E07B68094ADA6000E045
S31508062FD000BF0C37BD465DF8047B7047DC28002029
S31508062FE0F428002004290020FC280020EC280020CC
S31508062FF0142900200C290020E428002080B582B078
S3150806300000AF78607B689B78052B1AD17B685B785E
S315080630101946294A0B465B000B449B0013440433A6
S315080630201B68002B43D07B685B781946224A0B46F9
S315080630305B000B449B00134404331B687868984767
S3150806304035E07B685B78032B19D87B685B7819466D
S31508063050194A0B465B000B449B00134408331B684E
S31508063060002B0CD07B685B781946134A0B465B0027
S315080630700B449B00134408331B68786898477B689B
S315080630809B7819460C4A0B465B000B449B00134477
S315080630901B68002B0BD07B689B781946064A0B469D
S315080630A05B000B449B0013441B687868984700BF6F
S315080630B00837BD4680BD00BF8802070880B582B0BE
S315080630C000AF78607B685B7D052B27D87B689B7D80
S315080630D0052B23D8022005F0B5F80346002B37D072
S315080630E005F046F87B6809331946214805F008F8BD
S315080630F07B685B7D1F4A1B0113440C3319687B6882
S315080631009B7D1C4A1B0113440C331B681A461A4836
S3150806311004F0F6FF194804F0F3FF19E0022005F05B
S3150806312091F80346002B13D005F022F87B6809337D
S3150806313019460F4804F0E4FF7B685B7D19467B68F1
S315080631409B7D1A460E4804F0DBFF0C4804F0D8FFB0
S315080631507B685A7D7B681A757B689A7D7B685A7583
S315080631607B6807229A7500BF0837BD4680BD00BF33
S315080631705CE90608B802070864E9060888E9060845
S315080631808CE9060880B485B000AF786039600023FC
S31508063190FB6010E07B6893F8203019467B68FA686E
S315080631A0063253F822303A6892FBF1F2C3F89021B8
S315080631B0FB680133FB607B6893F820301A46FB6888
S315080631C09342E7DB7B683A689A6200BF1437BD46C6
S315080631D05DF8047B7047000080B584B000AF786060
S315080631E00B46FB700023BB600023FB6028E07B6868
S315080631F0FA68063253F82230FA781146184603F06A
S31508063200A5F9B860BB68002B17D0022005F01AF896
S315080632100346002B0FD004F0ABFF7B68093319462B
S315080632200D4804F06DFFBA68F9680C4804F068FFA3
S315080632300B4804F065FF00230AE0FB680133FB60D0
S315080632407B6893F820301A46FB689342CFDB012346
S3150806325018461037BD4680BD5CE90608B0E906087B
S3150806326088E9060880B485B000AF78600023FB605D
S315080632700023BB600BE07B68BA68063253F8223037
S315080632801B68FA681343FB60BB680133BB607B683F
S3150806329093F820301A46BB689342ECDBFB6818465F
S315080632A01437BD465DF8047B704780B485B000AF19
S315080632B078600123FB730023BB6016E0FB7B002BBB
S315080632C00AD07B68BA68063253F8223093F86D310D
S315080632D0002B01D0012300E00023FB73FB7B03F0E0
S315080632E00103FB73BB680133BB607B6893F8203028
S315080632F01A46BB689342E1DBFB7B18461437BD4684
S315080633005DF8047B704780B485B000AF7860396095
S315080633100023FB601AE07B6893F820301A46FB68A0
S3150806332093420BDA7B68FA68063253F82220FB6862
S3150806333039680B4492F86D211A7004E0FB683A68FE
S31508063340134400221A70FB680133FB60FB68012BE5
S31508063350E1DD00BF00BF1437BD465DF8047B704744
S3150806336080B584B000AF78600023FB737868FFF7F2
S31508063370A5FE7B6800225A607B681B7803F001036A
S31508063380002B08D0FB7B5A1CFA731A467B68063252
S31508063390184943F822107B681B7803F00203002BB2
S315080633A008D0FB7B5A1CFA731A467B680632124902
S315080633B043F82210FB7B002B13D1102004F042FFA2
S315080633C00346002B0DD004F0D3FE7B680933194655
S315080633D00A4804F095FE0A4804F092FE094804F0E5
S315080633E08FFE7B68FA7B83F8202000BF1037BD4620
S315080633F080BD00BF1C290020202B00205CE906089A
S3150806340008EA060888E9060880B483B000AF78603B
S315080634107B6893F82030002B03D07B6801229A75C7
S3150806342002E07B6805229A7500BF0C37BD465DF833
S31508063430047B704780B483B000AF786000BF0C3752
S31508063440BD465DF8047B704780B582B000AF7860EC
S315080634507868FFF733FE01217868FFF7BDFE034655
S3150806346083F00103DBB2002B04D04FF08071786835
S3150806347000F0F8FC00BF0837BD4680BD80B582B0AF
S3150806348000AF78607868FFF7EDFE0246054B1340F5
S31508063490002B02D07B6805229A7500BF0837BD4601
S315080634A080BD00BF8278080080B483B000AF78601C
S315080634B000BF0C37BD465DF8047B704780B582B001
S315080634C000AF78607868FFF7F9FD01217868FFF79D
S315080634D083FE034683F00103DBB2002B04D04FF0CC
S315080634E08071786800F0BEFC00BF0837BD4680BD0F
S315080634F080B582B000AF78607868FFF7B3FE0246FB
S31508063500054B1340002B02D07B6805229A7500BF2F
S315080635100837BD4680BD00BF8278080080B483B0F0
S3150806352000AF786000BF0C37BD465DF8047B704770
S3150806353080B584B000AF78607868FFF7BFFD0023D2
S31508063540FB731AE07B689A6A7B6893F820301846FC
S31508063550F97B7B68063153F8213092FBF0F2C3F803
S315080635609021FA7B7B68063253F822307A68526ACB
S31508063570C3F88C21FB7B0133FB737B6893F82030F9
S31508063580FA7B9A42DED302217868FFF725FE0346C0
S3150806359083F00103DBB2002B04D04FF48071786800
S315080635A000F060FC00BF1037BD4680BD80B584B00C
S315080635B000AF78600023FB7313E0FA7B7B6806325C
S315080635C053F8223093F85031002B07D0FA7B7B68E4
S315080635D0063253F82230002283F85021FB7B01334A
S315080635E0FB737B6893F82030FA7B9A42E5D37868B2
S315080635F0FFF738FE0246104B1340002B07D04FF054
S315080636008071786800F02EFC7B6805229A757868C2
S31508063610FFF728FE0246094B1340002B07D04FF04A
S315080636208071786800F01EFC7B6801229A7500BFD7
S315080636301037BD4680BD00BF827808003C86170055
S3150806364080B483B000AF786000BF0C37BD465DF81E
S31508063650047B704780B584B000AF78607868FFF75A
S315080636602DFD0023FB732AE0FA7B7B68063253F8A6
S3150806367022300521184602F069FF0346002B1BD0A7
S31508063680102004F0DFFD0346002B15D004F070FD6C
S315080636907B68093319461B4804F032FDFA7B7B68BA
S315080636A0063253F82230043305221946164804F022
S315080636B027FD164804F024FDFB7B0133FB737B6864
S315080636C093F82030FA7B9A42CED37B6803F134020C
S315080636D07B689B6A07EE903AF8EEE77AF0EE671A89
S315080636E09FED0B1ADFED0A0AB0EE000A104604F043
S315080636F027FCDFF7DDFE02467B68DA6400BF103773
S31508063700BD4680BD5CE9060840EA060888E906085B
S31508063710CDCC4C3E80B584B000AF78600023FB6004
S31508063720786800F0E2F8B860BB68B3F5FA6F13D2AA
S31508063730102004F087FD0346002B0DD004F018FD73
S315080637407B68093319464B4804F0DAFC4A4804F004
S31508063750D7FC4A4804F0D4FC7B681B6B002B14D1B3
S31508063760102004F06FFD0346002B47D004F000FD39
S315080637707B68093319463F4804F0C2FC404804F002
S31508063780BFFC3E4804F0BCFC38E07B6893F82C3056
S31508063790022B15D0022B1BDC002B02D0012B04D0E2
S315080637A016E07B681B6BFB6028E07B681B6B354A5B
S315080637B002FB03F31A46BB68B2FBF3F3FB601DE094
S315080637C07B681B6B1A46BB68B3FBF2F3FB6015E016
S315080637D0102004F037FD0346002B0FD004F0C8FC72
S315080637E02949244804F08CFC7B6893F82C30194642
S315080637F0264804F085FC214804F082FCFB68002B69
S3150806380008D14FF08071786800F02CFB7B6805229A
S315080638109A750BE07B689B6AFA689A4206D07B68BB
S31508063820FA689A62F9687868FFF7ACFC7868FFF771
S3150806383019FD0246164B1340002B07D04FF0807130
S31508063840786800F00FFB7B6805229A757868FFF79B
S3150806385009FD02460F4B1340002B07D04FF0807127
S31508063860786800F0FFFA7B6801229A7500BF103760
S31508063870BD4680BD5CE9060858EA060888E90608D2
S315080638808CEA060840420F00B4EA0608BCEA0608AF
S31508063890827808003C86170080B483B000AF78604B
S315080638A000BF0C37BD465DF8047B704780B582B00D
S315080638B000AF78607868FFF701FC00BF0837BD4699
S315080638C080BD80B483B000AF786000BF0C37BD46B4
S315080638D05DF8047B704780B483B000AF786000BF9C
S315080638E00C37BD465DF8047B704780B485B000AFDB
S315080638F078600023FB600023FB720023FB720DE051
S31508063900FA7A7B68063253F82230D3F830311A46EB
S31508063910FB681344FB60FB7A0133FB727B6893F8FA
S315080639202030FA7A9A42EBD3FB6818461437BD4616
S315080639305DF8047B7047000080B485B000AF7860F8
S31508063940184BFB600023FB720023FB721AE0FA7A17
S315080639507B68063253F82230D3ED4F7A97ED037A11
S31508063960B4EEE77AF1EE10FA01DDFB6806E0FA7ABC
S315080639707B68063253F82230D3F83C31FB60FB7A73
S315080639800133FB727B6893F82030FA7A9A42DED3C3
S31508063990FB6807EE903AB0EE670A1437BD465DF83F
S315080639A0047B7047008088C380B485B000AF786012
S315080639B00023FB600023FB720023FB720DE0FA7AF4
S315080639C07B68063253F82230D3F848311A46FB6824
S315080639D01344FB60FB7A0133FB727B6893F820304D
S315080639E0FA7A9A42EBD3FB6818461437BD465DF851
S315080639F0047B704780B485B000AF78600023FB600F
S31508063A000023FB720023FB720DE0FA7A7B68063206
S31508063A1053F82230D3F844311A46FB681344FB6040
S31508063A20FB7A0133FB727B6893F82030FA7A9A425E
S31508063A30EBD3FB6818461437BD465DF8047B70471A
S31508063A4080B584B000AF78600023FB600023FB7264
S31508063A5019E07B685B7D042B07D17868FFF7CAFFF8
S31508063A600246FB689B1AFB600AE07B685B7D032BB4
S31508063A7006D17868FFF798FF0246FB681344FB6091
S31508063A80FB7A0133FB727B6893F82030FA7A9A42FE
S31508063A90DFD3FB6818461037BD4680BD80B485B0AF
S31508063AA000AF78600023FB6012E07B68FA6806328E
S31508063AB053F822300022C3F848217B68FA68063292
S31508063AC053F822300022C3F84421FB680133FB6011
S31508063AD07B6893F820301A46FB689342E5DB7B68D9
S31508063AE000225A6500BF1437BD465DF8047B704749
S31508063AF080B485B000AF78600023FB600BE07B6876
S31508063B00FA68063253F822304FF00002C3F84C2101
S31508063B10FB680133FB607B6893F820301A46FB681E
S31508063B209342ECDB7B684FF000021A6500BF143738
S31508063B30BD465DF8047B704780B586B000AF7860F1
S31508063B404FF000037B610023FB747B681B781846DD
S31508063B5000F080FAF860FB68002B26D0F868FEF7B6
S31508063B6047F90346002B1DD00023FB7413E0FA7CA5
S31508063B707B68063253F8223093ED537ADFED0F6AE7
S31508063B80C7EE267A97ED057A77EE277AC7ED057A90
S31508063B90FB7C0133FB747B6893F82030FA7C9A42E7
S31508063BA0E5D302E04FF000037B617B6907EE903AA6
S31508063BB0B0EE670A1837BD4680BD00BF00BA5B4A35
S31508063BC080B485B000AF786039607B681B78032BB4
S31508063BD016D1134BFB603B681A78FB6883F82C20D2
S31508063BE03B685A68FB681A630E4BFB603B681A7893
S31508063BF0FB6883F82C203B685A68FB681A6308E05A
S31508063C003B681A787B6883F82C203B685A687B6879
S31508063C101A63002318461437BD465DF8047B7047B9
S31508063C2094AB002018AC002080B588B000AFF860C9
S31508063C30B9607A60FB681B78032B20D11E4BBB61E3
S31508063C40032000F007FA78617B69002B08D07B69A8
S31508063C50DB6893F865301A467B6802FB03F37B60DC
S31508063C60BB69BA689A62BB697A685A62134BBB61C2
S31508063C70BB69BA689A62BB697A685A6217E0FB68D2
S31508063C801B78184600F0E6F9F861FB69002B08D0A0
S31508063C90FB69DB6893F865301A467B6802FB03F313
S31508063CA07B60FB68BA689A62FB687A685A62002380
S31508063CB018462037BD4680BD94AB002018AC0020B8
S31508063CC080B485B000AF78600B46FB707B681B78BE
S31508063CD0032B0AD10A4BFB60FB68FA789A75094BDF
S31508063CE0FB60FB68FA789A7502E07B68FA789A753B
S31508063CF0002318461437BD465DF8047B704700BF97
S31508063D0094AB002018AC002080B584B000AF78606C
S31508063D107B681B78032B0AD1254BFB60F868FFF7EF
S31508063D20F3FF244BFB60F868FFF7EEFF3CE07B6881
S31508063D309B7D072B12D17B685B7D1F4A1B011344AB
S31508063D4004331B68002B2FD07B685B7D1A4A1B0140
S31508063D50134404331B687868984725E07B685B7DBF
S31508063D60052B11D87B685B7D134A1B011344083360
S31508063D701B68002B08D07B685B7D0F4A1B01134422
S31508063D8008331B68786898477B689B7D0A4A1B0137
S31508063D9013441B68002B07D07B689B7D064A1B01CC
S31508063DA013441B687868984700BF1037BD4680BD20
S31508063DB094AB002018AC0020B802070880B584B07A
S31508063DC000AF78600023FB730123BB730023FB73E4
S31508063DD013E0FA7B7B68063253F82230184602F05F
S31508063DE016FC03461A46BB7B1340002B14BF012359
S31508063DF00023BB73FB7B0133FB737B6893F8203088
S31508063E00FA7B9A42E5D3BB7B18461037BD4680BD7A
S31508063E1080B584B000AF78600023FB730123BB73BB
S31508063E200023FB7313E0FA7B7B68063253F82230CD
S31508063E30184602F015FC03461A46BB7B1340002BB0
S31508063E4014BF01230023BB73FB7B0133FB737B681B
S31508063E5093F82030FA7B9A42E5D3BB7B184610378F
S31508063E60BD4680BD80B582B000AF786039607B6894
S31508063E705A683B681A437B685A60082004F0E2F9D8
S31508063E800346002B11D004F073F97B6809331946EB
S31508063E90084804F035F97B681B783A6819460648D7
S31508063EA004F02EF9054804F02BF900BF0837BD467D
S31508063EB080BD00BF5CE90608E8EA060888E9060840
S31508063EC080B500AF204B01221A700A221F492048E6
S31508063ED006F034FA1F4B02221A700A221E491F4898
S31508063EE006F02CFA1E4B03221A701D4B1D4903F1C8
S31508063EF009020B4603CB1060516019889B7811811D
S31508063F009372114B00229A65124B00229A65144B3E
S31508063F1000229A650C4B002283F85C200A4B07227E
S31508063F2083F85D200B4B002283F85C20094B072299
S31508063F3083F85D200A4B002283F85C20084B07228B
S31508063F4083F85D2000BF80BD94AB0020FCEA060816
S31508063F509DAB002018AC002008EB060821AC002013
S31508063F609CAC002014EB060880B584B000AF7860D8
S31508063F7039607B681A783B685A707B6893F8202004
S31508063F803B689A707B685A7D3B681A707B685A68E4
S31508063F903B68C3F890203B680122DA707868FFF719
S31508063FA0A4FC03461A463B685A607868FFF7C4FCC1
S31508063FB0F0EE407A3B68C3ED027A7868FFF740FD73
S31508063FC002463B68DA607868FFF7B6FDF0EE407A97
S31508063FD03B68C3ED047A0023FB601CE03968FA687F
S31508063FE013461B019B1A9B000B44443301221A7085
S31508063FF07B68FA68063253F82200FA6813461B01EC
S315080640009B1A9B0018333A681344194602F068FC53
S31508064010FB680133FB607B6893F820301A46FB6819
S315080640209342DBDB00BF00BF1037BD4680BD80B4B8
S3150806403083B000AF786039603B681B78002B01D0E7
S31508064040012B00E000BF00BF0C37BD465DF8047BB8
S315080640507047000080B582B000AF0346FB71FB7956
S31508064060032B0AD0032B0ADC012B02D0022B02D023
S3150806407005E00E4B16E00E4B14E00E4B12E0082038
S3150806408004F0E0F80346002B0BD004F071F80A4951
S315080640900A4804F035F80A4804F032F8094804F0E4
S315080640A02FF8002318460837BD4680BD404C002029
S315080640B0CC50002058550020B4EA06085CE90608E4
S315080640C020EB060888E9060880B582B000AF0346E5
S315080640D0FB71FB79032B12D0032B16DC012B02D0BE
S315080640E0022B06D011E001211348F3F71DFF134BE7
S315080640F01EE001211048F3F717FF114B18E00221BD
S315080641000D48F3F711FF0F4B12E0082004F09AF852
S315080641100346002B0BD004F02BF80B490B4803F08B
S31508064120EFFF0B4803F0ECFF0A4803F0E9FF00230C
S3150806413018460837BD4680BD344C0020404C002042
S31508064140CC5000205855002044EB060848EB0608D4
S3150806415050EB060874EB060880B586B000AF7860A3
S3150806416000237B6100233B617B681B88013B042B8C
S3150806417054D801A252F823F08D410608AB41060829
S31508064180E3410608F1410608114206087B685B7991
S31508064190012B01D1254B00E0254BFB607B680433D8
S315080641A01946F86802F076FC3BE07B685B79032BD8
S315080641B00CD0032B0DDC012B02D0022B03D008E012
S315080641C01C4B7B6106E01C4B7B6103E01B4B7B614A
S315080641D000E000BF7B68043319467869FFF727FFB6
S315080641E01FE07B68043319461548F3F709FF18E0FC
S315080641F07B685B791846FFF767FF38613B69002BD2
S315080642000ED07B68043319463869FEF75DFA07E06F
S315080642107B680433184600F099FE02E000BF00E00A
S3150806422000BF002318461837BD4680BD1C29002046
S31508064230202B002094AB002018AC00209CAC002054
S31508064240344C002080B582B000AF1C4B1B78FB713E
S315080642501A4B1B7883F00103DBB2002B28D0012208
S3150806426017491848EDF764FF03461A46164B1A709F
S31508064270154B1B78002B0CBF01230023FB71FB791A
S31508064280002B03D00D4B01221A7011E0022003F011
S31508064290D9FF0346002B0BD003F06AFF0B490C48DF
S315080642A003F02EFF0B4803F02BFF0B4803F028FFFD
S315080642B0FB7918460837BD4680BD00BFD8B2002030
S315080642C078EB0608A0B0002020AD00207CEB060897
S315080642D088EB060890EB0608A8EB060880B400AF3C
S315080642E000231846BD465DF8047B704780B582B044
S315080642F000AF786079681048EEF783FE03461A46DB
S315080643000E4B1A700D4B1B78002B0CD07868EEF7FF
S31508064310F9FF03461A46094B1A70084B1B78002BF9
S3150806432004D0002303E00448EEF7DEFE0123184610
S315080643300837BD4680BD00BF6CB0002020AD002002
S3150806434090B587B002AFF860B9607A603B60F868E6
S31508064350DBF7C6FF0446B868DBF7C2FF0346E21872
S315080643603B68013B9A4201D900230DE03A680021D1
S31508064370074804F0F1FEBB680093FB68054A3968EE
S31508064380034804F02FFE012318461437BD4690BD90
S31508064390DCB20020ACEB060880B5ADF5A46D00AF1F
S315080643A007F5A463A3F21453186007F5A463A3F5E7
S315080643B0A363196007F5A463A3F219531A700023B9
S315080643C087F81F35002387F81735022003F03AFFCA
S315080643D00346002B0BD003F0CBFE8749874803F02C
S315080643E08FFE874803F08CFE864803F089FEFFF7A2
S315080643F029FF0346002B00F0F78007F1100107F5A1
S31508064400A463A3F214530022186800F02FFD0220B5
S3150806441003F018FF0346002B7AD003F0A9FE764967
S31508064420764803F06DFE07F5A463A3F5A2631B8819
S315080644301946754803F064FE724803F061FE67E0A4
S315080644400023C7F8183537E007F11002D7F81835EC
S315080644509B011344991C07F5A463A3F21450802301
S315080644606A4A0068FFF76CFF684800F0DBF80346FF
S3150806447087F81F35022003F0E5FE0346002B16D003
S3150806448003F076FE5C495D4803F03AFE07F5A46339
S31508064490A3F5A2631B8819465D4B1B781A46D7F8FF
S315080644A018355C4803F02CFE564803F029FED7F863
S315080644B018350133C7F8183507F5A463A3F5A263BB
S315080644C01B88103BD7F818259A42BDDB07F1100161
S315080644D007F5A463A3F214530022186800F0C6FC75
S315080644E0022003F0AFFE0346002B11D003F040FE70
S315080644F04149424803F004FE07F5A463A3F5A263FF
S315080645001B881946404803F0FBFD3E4803F0F8FDB4
S3150806451007F5A463A3F5A2631B88102B90D807F5A5
S31508064520A463A3F5A36107F5A463A3F21450802335
S31508064530364A09680068FFF703FF0346002B4AD088
S3150806454007F5A463A3F214531868FFF7CFFE0346CC
S31508064550002B40D0022003F075FE0346002B0CD034
S3150806456003F006FE2449254803F0CAFD27492A48CA
S3150806457003F0C6FD234803F0C3FD32222349274824
S31508064580EDF71CFE03461A46214B1A70204B1B787C
S31508064590002B20D107F5A463A3F219531B78002B29
S315080645A019D01E48EEF7FAFA022003F04BFE034628
S315080645B0002B10D003F0DCFD0F49104803F0A0FDD0
S315080645C007F5A463A3F5A3631968154803F098FDD0
S315080645D00C4803F095FD07F5A463A3F219531B7857
S315080645E0002B01D0FFF77AFE97F81F35184607F510
S315080645F0A467BD4680BD00BF7CEB060888EB0608A7
S31508064600B4EB0608A8EB0608C8EB0608DCB20020D9
S3150806461020AD0020D4EB0608F4EB06083CAE0020D5
S3150806462004EC060880B586B000AF78600023FB75F3
S315080646300023BB75FFF706FE0346002B3CD0DEF7C4
S3150806464037FF38617868EEF7B2FD03461A461D4B02
S315080646501A70DEF72DFFF8601A4B1B78002B13D15C
S31508064660022003F0EFFD0346002B23D003F080FD5E
S315080646701549164803F044FD7968154803F040FDC8
S31508064680144803F03DFD15E0022003F0DBFD034662
S31508064690002B0FD003F06CFD0B490C4803F030FDD8
S315080646A0084B1B781A4679680B4803F029FD094812
S315080646B003F026FDFFF712FEFB7D18461837BD46A2
S315080646C080BD00BF20AD00207CEB060888EB0608F7
S315080646D014EC0608A8EB06082CEC060880B5ADF51A
S315080646E0A36D00AF07F5A363A3F21453186000235E
S315080646F087F81735002387F80F35FFF7A3FD034616
S31508064700002B00F0948007F1080107F5A363A3F2CE
S3150806471014530022186800F0A9FB022003F092FD44
S315080647200346002B7AD003F023FD4449444803F098
S31508064730E7FC07F5A363A3F5A2631B881946414858
S3150806474003F0DEFC404803F0DBFC67E00023C7F80D
S31508064750103537E007F10802D7F810359B011344E0
S31508064760991C07F5A363A3F214508023374A0068F9
S31508064770FFF7E6FD3548FFF755FF034687F8173571
S31508064780022003F05FFD0346002B16D003F0F0FC6B
S315080647902A492B4803F0B4FC07F5A363A3F5A263DD
S315080647A01B8819462A4B1B781A46D7F81035294806
S315080647B003F0A6FC244803F0A3FCD7F8103501330A
S315080647C0C7F8103507F5A363A3F5A2631B88103B44
S315080647D0D7F810259A42BDDB07F1080107F5A3634A
S315080647E0A3F214530022186800F040FB022003F0D7
S315080647F029FD0346002B11D003F0BAFC0F491048D1
S3150806480003F07EFC07F5A363A3F5A2631B88194686
S31508064810114803F075FC0C4803F072FC07F5A36310
S31508064820A3F5A2631B88102B90D8FFF757FD97F8B8
S315080648301735184607F5A367BD4680BD7CEB0608FF
S3150806484088EB06084CEC0608A8EB0608DCB200203E
S3150806485020AD0020D4EB0608C8EB060890B5ADF2E5
S315080648601C5D00AF07F5A364A4F20C54206007F597
S31508064870A360A0F5A260016007F5A361A1F2145131
S315080648800A6007F5A362A2F5A3621360002387F8F8
S315080648901735002387F81635022003F0D3FC03469E
S315080648A0002B0BD003F064FC5B495C4803F028FC3C
S315080648B05B4803F025FC5B4803F022FCFFF7C2FCC5
S315080648C00346002B4BD007F5A363A3F5A26107F5AC
S315080648D0A363A3F20C508023534A09680068FFF7BE
S315080648E02FFD0346002B3AD007F5A363A3F20C5314
S315080648F01868FFF7FBFC0346002B30D032224A49DC
S315080649004A48EDF75BFC03461A46494B1A70484B6C
S315080649101B78002B23D0022003F094FC0346002BB9
S315080649200CD003F025FC3C493C4803F0E9FB3E491C
S31508064930404803F0E5FB3B4803F0E2FB07F5A363B3
S31508064940A3F5A26107F5A363A3F20C53002209682F
S315080649501868FFF721FD03461A46354B1A70344B7D
S315080649601B78002B4AD107F5A363A3F5A36207F5BF
S31508064970A363A3F21451304B126809682B48EDF766
S315080649801AFF03461A462A4B1A70294B1B78002B20
S31508064990022003F057FC0346002B15D003F0E8FB6C
S315080649A01D491E4803F0ACFB07F5A363A3F5A362EE
S315080649B007F5A363A3F5A263126819681F4803F0EF
S315080649C09FFB184803F09CFB1848EEF7E7F8022009
S315080649D003F038FC0346002B10D003F0C9FB0E493A
S315080649E00E4803F08DFB07F5A363A3F5A2631968C2
S315080649F0134803F085FB0B4803F082FB97F8163538
S31508064A00002B01D0FFF76AFC97F81735184607F208
S31508064A101C57BD4690BD00BF7CEB060888EB06080A
S31508064A2058EC0608A8EB0608DCB200203CAE0020C7
S31508064A3020AD00206CEC0608D4B2002084EC0608EB
S31508064A4004EC060880B586B000AFF860B9607A60EF
S31508064A503B600023FB75FFF7F5FB0346002B75D075
S31508064A6080233D4AB968F868FFF76AFC0346002BB7
S31508064A7056D0F868FFF73AFC0346002B50D00A22B0
S31508064A8035493648EDF79AFB03461A46344B1A70EB
S31508064A90334B1B78002B2FD1324B3A6879682F484F
S31508064AA0EDF789FE03461A462D4B1A702C4B1B78D2
S31508064AB0002B07D12B4B1B683A689A4202D1012371
S31508064AC0FB7515E0022003F0BDFB0346002B0FD04D
S31508064AD003F04EFB2449254803F012FB204B1B78AE
S31508064AE01A461D49224803F00BFB224803F008FB29
S31508064AF01A48EEF753F826E0022003F0A3FB03460E
S31508064B00002B20D003F034FB1749184803F0F8FAAF
S31508064B10B968194803F0F4FA164803F0F1FA12E0F0
S31508064B20022003F08FFB0346002B0DD003F020FB73
S31508064B300D490E4803F0E4FA104803F0E1FA0D4869
S31508064B4003F0DEFA00E000BFFFF7C8FBFB7D184658
S31508064B501837BD4680BD00BFDCB200203CAE00203B
S31508064B6020AD0020D4B200207CEB060888EB0608A8
S31508064B70A4EC0608A8EB0608D0EC0608E8EC060836
S31508064B8080B586B002AFF860B9607A603B60374B8D
S31508064B9000221A60FFF756FB0346002B60D08023D7
S31508064BA0334AB968F868FFF7CBFB0346002B55D09E
S31508064BB001222F492F48EDF701FB03461A462E4BCD
S31508064BC01A702D4B1B78002B27D1284B3A68796823
S31508064BD02848EDF7B1FC03461A46274B1A70264BAA
S31508064BE01B78002B15D0022003F02CFB0346002B5E
S31508064BF00FD003F0BDFA2149214803F081FA1E4B6E
S31508064C001B781A461A491F4803F07AFA1E4803F013
S31508064C1077FA1848EDF7C2FF20E0022003F012FBE8
S31508064C200346002B1AD003F0A3FA1449144803F0D6
S31508064C3067FA114B1B7819460E4B1B7D18460D4B0A
S31508064C409B690C4A527D0192009303460A46084917
S31508064C500E4803F055FA0C4803F052FAFFF73EFBE6
S31508064C60024B1B6818461037BD4680BDD4B20020D5
S31508064C70DCB200203CAE002020AD00207CEB060806
S31508064C8088EB0608F8EC0608A8EB060828ED0608D9
S31508064C9080B586B000AFF860B9607A603B600220DE
S31508064CA003F0D0FA0346002B0BD003F061FA5649F7
S31508064CB0564803F025FA564803F022FA554803F0F3
S31508064CC01FFA554B00221A60FFF7BCFA0346002B5B
S31508064CD000F093808023514AB968F868FFF730FBDD
S31508064CE00346002B00F0878001224C494C48EDF715
S31508064CF065FA03461A464B4B1A704A4B1B78002B25
S31508064D0063D1022003F09EFA0346002B0CD003F06B
S31508064D102FFA3D493D4803F0F3F94049424803F066
S31508064D20EFF93C4803F0ECF979683D48EDF760FF82
S31508064D3003461A463B4B1A703A4B1B78002B40D152
S31508064D40022003F07FFA0346002B0BD003F010FA75
S31508064D502D492E4803F0D4F9344803F0D1F92D48E5
S31508064D6003F0CEF92E4BDB687B617A697B68D31A2A
S31508064D70B3F5006F03D27A697B68D31A00E03B6AFB
S31508064D803B62254B3A6A39682548EDF7D5FB034653
S31508064D901A46244B1A70234B1B78002B11D1022076
S31508064DA003F050FA0346002B0BD003F0E1F9164937
S31508064DB0164803F0A5F91E4803F0A2F9154803F0AC
S31508064DC09FF91748EDF7EAFE15E0022003F03AFACE
S31508064DD00346002B0FD003F0CBF90B490B4803F01B
S31508064DE08FF9104B1B781A460C49124803F088F9B6
S31508064DF0084803F085F9FFF771FA074B1B6818464A
S31508064E001837BD4680BD00BF7CEB060888EB06084A
S31508064E1070ED0608A8EB0608D4B20020DCB200201E
S31508064E203CAE002020AD002088ED060898ED060861
S31508064E30A4ED0608B0ED060880B588B002AFF8609E
S31508064E40B9607A603B603B683A6A02FB03F37B61AA
S31508064E503B6800937B687A69B968F868FFF718FFB4
S31508064E60034618461837BD4680BD000080B584B08F
S31508064E7000AFF860B9601346FB80BB6800221A804B
S31508064E80FFF7E0F90346002B53D0F9682B48EEF7EF
S31508064E90B8F803461A462A4B1A70294B1B78002B74
S31508064EA045D128492548EEF745F903461A46244BBF
S31508064EB01A70234B1B78002B36D1224B9B7D002B71
S31508064EC032D0204B1B7A03F01003002BE9D1BB68BE
S31508064ED0B3F8023501339AB2BB68A3F80225FB88F4
S31508064EE0002B03D0FB88013BFB80DAE7BB681B88EF
S31508064EF0132BD6D8BB681B889B01BA6813440233A2
S31508064F003F221149184604F015FBBB681B88BA6888
S31508064F109B011344413300221A70BB681B88013370
S31508064F209AB2BB681A80BCE70448EEF7DDF8FFF7C5
S31508064F30D5F900BF1037BD4680BD00BF6CB000204E
S31508064F4020AD002024AD00203AAD002080B584B0FF
S31508064F5000AF78607B681B78032B36D801A252F817
S31508064F6023F000BFCB4F0608754F0608874F06087D
S31508064F70974F06087B68591C7B685B6C1A46164869
S31508064F80FBF7C6FC24E07B685B6C9BB219461248A5
S31508064F90FBF736FD1CE07B685B6C012B02D10F4BD9
S31508064FA0FB600CE07B685B6C022B02D10C4BFB604A
S31508064FB005E07B685B6C032B09D10A4BFB60FB6833
S31508064FC074331846FBF77EFD02E000BF00E000BF1B
S31508064FD01037BD4680BD00BFD0ED0608404C002000
S31508064FE0CC5000205855002080B584B000AF7860B4
S31508064FF039600023FB60FFF725F90346002B1DD011
S315080650008023114A39687868FFF79AF90346002B10
S3150806501012D001220C490D48EDF7D0F803461A4678
S315080650200B4B1A700A4B1B78002B05D1074BDB680E
S31508065030FB600648EDF7B2FDFFF750F9FB68184620
S315080650401037BD4680BD00BFDCB200203CAE00204E
S3150806505020AD002080B586B002AF78603960396821
S315080650603B6803F14E023B689B6C00934FF4006362
S315080650701748FFF7E1FEF860FB689AB23B68A3F8A3
S315080650804C203B6819467868FFF7AEFF02463B6830
S315080650901A64022003F0D6F80346002B12D003F052
S315080650A067F80C490C4803F02BF83B68B3F84C3004
S315080650B019463B681B6C1A46084803F021F8084847
S315080650C003F01EF8FB6818461037BD4680BD00BFBC
S315080650D0D0ED06087CEB060888EB0608E0ED060820
S315080650E0A8EB060880B584B000AF78600023FB738A
S315080650F00021786800F066F86420DEF7E5F9786836
S3150806510000F008FB786800F0ADF80346002B01D0DE
S31508065110FB7B53E00023BB6011E0786800F0FAFADF
S31508065120786800F043F90121786801F02DF97B6863
S3150806513050331846F3F70EFCBB680133BB60BB68F1
S31508065140132BEADD0121786800F03CF86420DEF7C7
S31508065150BBF9786800F0DEFA6420DEF7B5F97868F8
S3150806516000F024F97B68D3F834217B68D3F830310C
S31508065170A3F5FA739A420BDB7B68D3F834217B686E
S31508065180D3F8303103F5FA739A4201DC012300E0BD
S315080651900023002B04D18021786801F054F905E034
S315080651A08021786801F069F90123FB730021786884
S315080651B000F008F86420DEF787F9FB7B18461037F7
S315080651C0BD4680BD80B584B000AF78600B46FB70DF
S315080651D07B68D3F820217B68B3F824311946104634
S315080651E0E0F798FE0346012B0CBF01230023FB7349
S315080651F0FA7BFB789A4209D07B68D3F820017B684C
S31508065200B3F82431FA781946E0F79CFE00BF103742
S31508065210BD4680BD80B584B000AF78600B46FB708E
S315080652207B68D3F828217B68B3F82C3119461046D3
S31508065230E0F770FE0346012B0CBF01230023FB7320
S31508065240FA7BFB789A4209D07B68D3F828017B68F3
S31508065250B3F82C31FA781946E0F774FE00BF103712
S31508065260BD4680BD80B582B000AF7860786801F02B
S31508065270CEF90346002B23D07B68D3F848310A2B90
S3150806528007DD7B68D3F83031B3F5167F01DD0123D8
S315080652901FE000217868FFF795FF6420DEF714F90A
S315080652A00221786801F091FC03461946786800F0F1
S315080652B087F801217868FFF785FF6420DEF704F989
S315080652C07B68D3F83031B3F5167FCCBF01230023AC
S315080652D0DBB218460837BD4680BD000080B582B0E9
S315080652E000AF78607B685B7E062B27D87B689B7E3B
S315080652F0062B23D8022002F0A5FF0346002B37D03B
S3150806530002F036FF7B6804331946234802F0F8FE96
S315080653107B685B7E214A1B0113440C3319687B683C
S315080653209B7E1E4A1B0113440C331B681A461C48EF
S3150806533002F0E6FE1B4802F0E3FE19E0022002F040
S3150806534081FF0346002B13D002F012FF7B68043355
S315080653501946114802F0D4FE7B685B7E19467B68BF
S315080653609B7E1A46104802F0CBFE0E4802F0C8FE8F
S315080653707B685A7E7B681A767B689A7E7B685A763D
S315080653807B68FF229A76DEF793F802467B68DA612F
S3150806539000BF0837BD4680BD5CEE06081803070839
S315080653A064EE060884EE060888EE060880B483B01E
S315080653B000AF786000BF0C37BD465DF8047B7047C2
S315080653C080B582B000AF786039607B68D3F818215B
S315080653D07B68B3F81C3119461046E0F79BFD034671
S315080653E0012B09D14FF40071786801F02CF87B6817
S315080653F00022C3F8302158E07B681B6803F4007363
S31508065400002B04D04FF40071786801F036F83B6833
S315080654104EF66022934208DD0421786801F013F8F7
S315080654207B68012283F86D212CE03B68B3F5167F6D
S3150806543014DA7B68D3F83031B3F5167F03DD7B685B
S31508065440002283F86D217B681B6803F00403002B92
S3150806545018D00421786801F010F813E07B68D3F8B1
S315080654603031B3F5167F03DA7B68012283F86D219E
S315080654707B681B6803F00403002B03D004217868B5
S3150806548000F0FBFF3B68B3F5167F05DA4FF480118B
S31508065490786800F0D8FF04E04FF48011786800F0C9
S315080654A0ECFF7B683A68C3F830210837BD4680BDED
S315080654B080B582B000AF786039603B684EF66022E8
S315080654C0934203DD4021786800F0BDFF7B683A68A1
S315080654D0C3F8342100BF0837BD4680BD80B582B003
S315080654E000AF786039603B6841F28732934204DD43
S315080654F00821786800F0A7FF03E00821786800F01D
S31508065500BCFF7B68D3F828217B68B3F82C3119468B
S315080655101046E0F7FFFC0346002B08D13B68C82B6C
S3150806552005DD4FF40061786800F08DFF0AE07B68B8
S315080655301B6803F40063002B04D04FF400617868F7
S3150806554000F09BFF7B68D3F8903103F5FA733A6847
S315080655509A4205DD4FF48021786800F074FF0AE068
S315080655607B681B6803F48023002B04D04FF4802144
S31508065570786800F082FF7B683A68C3F8442100BF62
S315080655800837BD4680BD80B582B000AF7860396001
S315080655903B6841F28732934204DD0821786800F0B9
S315080655A052FF03E00821786800F067FF7B68D3F8A6
S315080655B020217B68B3F8243119461046E0F7AAFC81
S315080655C00346002B08D13B68C82B05DD4FF48051EE
S315080655D0786800F038FF0AE07B681B6803F4805396
S315080655E0002B04D04FF48051786800F046FF7B689C
S315080655F0D3F8903103F5FA733A689A4205DD4FF403
S315080656008021786800F01FFF0AE07B681B6803F4B0
S315080656108023002B04D04FF48021786800F02DFFF4
S315080656207B683A68C3F8482100BF0837BD4680BD7F
S3150806563080B483B000AF786087ED000A7B683A6865
S31508065640C3F83C2100BF0C37BD465DF8047B70479E
S3150806565080B582B000AF786087ED000AD7ED007A8C
S315080656609FED0E7AF4EEC77AF1EE10FA04DD2021E4
S31508065670786800F0E8FE09E07B681B6803F02003FB
S31508065680002B03D02021786800F0F7FE7B683A687D
S31508065690C3F8402100BF0837BD4680BD0000A042BA
S315080656A080B582B000AF786039603B6842F227322F
S315080656B0934205DC4FF40051786800F0C4FE21E0F9
S315080656C03B684BF68032934205DD4FF48041786895
S315080656D000F0B9FE16E07B681B6803F40053002B3E
S315080656E005D04FF40051786800F0C7FE0AE07B68DB
S315080656F01B6803F48043002B04D04FF48041786876
S3150806570000F0BBFE7B683A68C3F8382100BF083745
S31508065710BD4680BD80B584B000AF78600023FB60C7
S315080657207B68186C7B6803F5AE717B6893F86831FD
S315080657301A46DEF70FFB0023FB7213E07B6803F1BC
S315080657402C027B6803F5B57319461046F1F78EFAEF
S315080657507B68B3F86A311A46FB681344FB60FB7A22
S315080657600133FB72FB7A0F2BE8D9FB681B099AB241
S315080657707B68A3F86A211E20DDF7A6FE786801F085
S31508065780E5F90221786801F020FA03461946786891
S31508065790FFF716FE786801F0CFFA034619467868C9
S315080657A0FFF786FE786801F009FB0346194678680E
S315080657B0FFF794FE786801F031FB034619467868C8
S315080657C0FFF7E1FE786801F00FFCF0EE407AB0EEDE
S315080657D0670A7868FFF72CFF786801F045FBF0EE54
S315080657E0407AB0EE670A7868FFF732FF786801F004
S315080657F0B9FC034619467868FFF752FFDDF758FEE7
S3150806580002467B685B69D31A41F28832934207D906
S31508065810DDF74EFE02467B685A617868FFF7C6FDD5
S315080658207B68012283F8502100BF1037BD4680BD2C
S3150806583080B584B000AF78607B68D3F844217B686E
S31508065840D3F89031023B9A420ADB7B68D3F84421A7
S315080658507B68D3F8903102339A4201DC012300E0D3
S315080658600023002B34D17B68D3F890217B68D3F8C4
S315080658704431D31AFB60FB68002BB8BF5B4207EEC0
S31508065880903AF8EEE77A9FED147A67EE877AFCEE99
S31508065890E77A17EE903A7B81FB68002B05DA7B8957
S315080658A01946786800F00CFD07E0FB68002B04DD56
S315080658B07B891946786800F0DBFC7B68586C7B6840
S315080658C0D3F814117B68D3F854310022DFF77AFC33
S315080658D000BF1037BD4680BD4A0C223F80B588B04A
S315080658E000AF78600B46FB700023BB61FB78002B84
S315080658F003D07B68D3F8903100E00023FB610023D0
S31508065900FB827B68D3F83031FA6902FB03F3434A14
S3150806591093420FDD7B68D3F83031002B06DD7B68B2
S31508065920D3F830313D4A92FBF3F300E000233B619E
S315080659303B69FB61FB78002B5ED07B68D3F8482170
S31508065940FB690A3B9A4208DB7B68D3F84821FB6960
S315080659500A339A4201DC012300E00023002B4BD1CF
S315080659607B68D3F84831FA69D31ABB61BB6907EE77
S31508065970903AF8EEE77A9FED2A7A67EE877AFCEE92
S31508065980E77A17EE903AFB827B68B3F86A31C3F377
S315080659900B027B68B3F85831103B9A420CDB7B68DE
S315080659A0B3F86A31C3F30B027B68B3F85831103380
S315080659B09A4201DC012300E00023002B1CD0BB69B8
S315080659C0002B0BDAFB8A174AA2FB0323DB089BB2DA
S315080659D0013B1946786800F0B3FC0DE0BB69002B5D
S315080659E017DDFB8A0F4AA2FB0323DB089BB20133AA
S315080659F01946786800F085FC7B6803F120027B6807
S31508065A00B3F8583119461046F1F794F90346FB736D
S31508065A1000E000BF2037BD4680BD00BF80D1F00834
S31508065A2052B81E3FCDCCCCCC80B586B000AF7860D8
S31508065A3039600023FB7500233B610023FB607B6806
S31508065A40D3F834213B68D31A3B613B6913F1950FAA
S31508065A5006DA3969786800F097FC1023FB7525E0A5
S31508065A603B69B3F5FA7F06DA3969786800F08CFC83
S31508065A701023FB751AE03B69B3F57A7F05DD78686E
S31508065A8000F0BFFC0823FB7510E07B68D3F88C2171
S31508065A907B68D3F83031D31AFB60FB6813F1140F11
S31508065AA002DA0723FB7501E00123FB757B68503391
S31508065AB01846F2F74FFFFB7D18461837BD4680BDD8
S31508065AC080B5DCB000AF07F5B873A3F5B6731860F2
S31508065AD007F5B873A3F5B6731B6803F5F47307F1F0
S31508065AE06C014FF48072184602F0F4F8C7F86C0198
S31508065AF0D7F86C31002B2DDDD7F86C2107F5B8736E
S31508065B00A3F58A7307F16C011846EEF70DFA07F541
S31508065B10B873A3F5B473184654231A46002103F03E
S31508065B201BFB07F1080207F15C030D491846EFF758
S31508065B3035FB0346002B0BD007F1080207F5B873A9
S31508065B40A3F5B6731146186800F03AFF012302E07A
S31508065B50002300E00023184607F5B877BD4680BD42
S31508065B6010FB060880B582B000AF78607868FFF744
S31508065B70B5FB7B6800221A607B6803F134027B68F2
S31508065B809B6C19461046F1F789FB0346002B04D091
S31508065B900221786800F057FC05E07B683433022159
S31508065BA01846F1F7D2FD7B6803F12C027B689B6CDD
S31508065BB019461046F1F720F80346002B03D00221B2
S31508065BC0786800F040FC7B6803F120027B689B6CD2
S31508065BD019461046F1F79CFA0346002B03D0022114
S31508065BE0786800F030FC1E20DDF76EFC7868FFF753
S31508065BF067FF0346002B04D07B68012283F89421AD
S31508065C0008E07B68002283F894214FF4002178681F
S31508065C1000F019FCDDF74CFC02467B681A617B68C6
S31508065C2003F59C727B68C3F80C2100BF0837BD468E
S31508065C3080BD000080B582B000AF78607B681B68BF
S31508065C40002B04D10121786800F080FC21E07B68EE
S31508065C501A68124B1340002B0CD07B689B7B5A1E86
S31508065C60D1B27A689173002B04D00021786800F0C7
S31508065C706DFC0EE07B681A68094B1340002B04D0AE
S31508065C800121786800F062FC03E00621786800F0D6
S31508065C905DFC00BF0837BD4680BD00BF8278080098
S31508065CA03C86170080B483B000AF786000BF0C3717
S31508065CB0BD465DF8047B704780B582B000AF786054
S31508065CC07868FFF70BFB7B6800229A7300217868D1
S31508065CD0FFF778FA6420DDF7F7FB00217868FFF707
S31508065CE099FA6420DDF7F0FB7B685A6C7B68D3F873
S31508065CF0143119461046DFF7D7F900BF0837BD46EF
S31508065D0080BD80B582B000AF7860DDF7D1FB02466C
S31508065D107B681B69D31A0A2B07D9DDF7C9FB024626
S31508065D207B681A617868FFF7F5FC00BF0837BD4639
S31508065D3080BD80B483B000AF786000BF0C37BD461F
S31508065D405DF8047B704780B582B000AF78607868E6
S31508065D50FFF7C4FA00217868FFF75CFA6420DDF7D6
S31508065D60B3FB00217868FFF72DFA6420DDF7ACFB54
S31508065D707B683222A3F858217B6803F120027B68E8
S31508065D80B3F8583119461046F0F7D4FF7B684FF03A
S31508065D900002C3F84C217868FFF7BCFC00BF083739
S31508065DA0BD4680BD80B582B000AF7860DDF780FB62
S31508065DB002467B681B69D31A0A2B2CD9DDF778FBB2
S31508065DC002467B681A617868FFF7A4FC7B681A683E
S31508065DD0134B1340002B04D00621786800F0B6FB57
S31508065DE009E07B681A680F4B1340002B03D0012184
S31508065DF0786800F0ABFB7B68D3F88C31194678686F
S31508065E00FFF712FE034603F00103012B03D1032114
S31508065E10786800F09BFB00BF0837BD4680BD00BF0B
S31508065E20827808003C86170080B483B000AF786095
S31508065E3000BF0C37BD465DF8047B704780B582B057
S31508065E4000AF78607868FFF749FA01217868FFF7A6
S31508065E50B9F96420DDF738FB00BF0837BD4680BDB3
S31508065E6080B584B000AF7860DDF722FB02467B6812
S31508065E701B69D31AFB60FB680A2B44D97B6893ED2A
S31508065E80537A7B68D3F848311A46FB6802FB03F354
S31508065E9007EE903AF8EE677A77EE277A7B68C3EDCF
S31508065EA0537ADDF705FB02467B681A617868FFF7C1
S31508065EB031FC7B681A68164B1340002B04D0062162
S31508065EC0786800F043FB1AE07B681A68114B1340A2
S31508065ED0002B04D00121786800F038FB0FE07B68B8
S31508065EE0D3F88C3119467868FFF79EFD034603F00A
S31508065EF00703072B03D10421786800F027FB012145
S31508065F007868FFF7EBFC00BF1037BD4680BD00BFBB
S31508065F10827808003C86170080B483B000AF7860A4
S31508065F2000BF0C37BD465DF8047B704780B582B066
S31508065F3000AF78607868FFF7D1F900BF0837BD4625
S31508065F4080BD000080B584B000AF78600023FB737F
S31508065F50DDF7AEFA02467B681B69D31ABB60BB68D7
S31508065F600A2B54D9DDF7A4FA02467B681A617868C3
S31508065F70FFF7D0FB7B681A68294B1340002B04D021
S31508065F800621786800F0E2FA09E07B681A68254B6C
S31508065F901340002B03D00121786800F0D7FA7B68F6
S31508065FA0D3F88C3119467868FFF73EFD0346FB732E
S31508065FB0FB7B03F00703072B0DD17B68B3F8583133
S31508065FC0002B11D07B68B3F85831013B9AB27B682F
S31508065FD0A3F8582108E0FB7B03F01003002B03D037
S31508065FE00321786800F0B2FA7B6893ED537A7B68EA
S31508065FF0D3F848311A46BB6802FB03F307EE903A14
S31508066000F8EE677A77EE277A7B68C3ED537A00212E
S315080660107868FFF763FC00BF1037BD4680BD00BF32
S31508066020827808003C86170080B483B000AF786093
S3150806603000BF0C37BD465DF8047B704780B584B053
S3150806604000AF78600023FB607868FFF747F9002100
S315080660507868FFF7B7F86420DDF736FA012178681D
S31508066060FFF7D8F86420DDF72FFA7B68D3F8903166
S3150806607007EE903AF8EEE77A9FED247A67EE877A86
S31508066080FCEEE77A17EE903AFB60FB6807EE903A65
S31508066090F8EE677A9FED1E7AF4EEC77AF1EE10FAF5
S315080660A002DD40F65D4208E0FB6807EE903AF8EE38
S315080660B0677AFCEEE77A17EE902A7B68C3F85421CE
S315080660C07B685A6C7B68D3F8143119461046DEF796
S315080660D0EBFF1E20DDF7F8F97B68586C7B68D3F86A
S315080660E014117B68D3F854310022DFF76BF8786809
S315080660F0FFF710FB1E20DDF7E7F97B684FF0000275
S31508066100C3F84C2100BF1037BD4680BD4A0C223F56
S3150806611000D0454580B584B000AF7860DDF7C8F98C
S3150806612002467B681B69D31AFB60FB680A2B32D9C1
S31508066130DDF7BEF902467B681A617868FFF7EAFA60
S315080661407B681A68164B1340002B04D0062178681C
S3150806615000F0FCF909E07B681A68124B1340002B1D
S3150806616003D00121786800F0F1F97868FFF760FB3B
S315080661707B6893ED537A7B68D3F844311A46FB68F5
S3150806618002FB03F307EE903AF8EE677A77EE677A3C
S315080661907B68C3ED537A00BF1037BD4680BD00BF86
S315080661A0827808003C86170080B582B000AF786012
S315080661B07B680022C3F854217B68586C7B68D3F841
S315080661C014117B68D3F854310022DEF7FBFF0A2048
S315080661D0DDF77AF97B685A6C7B68D3F81431194669
S315080661E01046DEF7CDFF00BF0837BD4680BD80B531
S315080661F082B000AF78607868FFF770F87B6800228F
S315080662009A7300217868FEF7DDFF6420DDF75CF9EE
S3150806621000217868FEF7FEFF6420DDF755F900BF12
S315080662200837BD4680BD000080B582B000AF7860ED
S31508066230DDF73EF902467B68DB69D31A064A9342BE
S3150806624003D90021786800F081F97868FFF762FAC1
S3150806625000BF0837BD4680BDC027090080B483B095
S3150806626000AF786000BF0C37BD465DF8047B704703
S3150806627080B485B000AF786039607B68D3F854314E
S315080662803A681344FB60FB6807EE903AF8EE677ABD
S315080662909FED0A7AF4EEC77AF1EE10FA02DD40F6B9
S315080662A05D43FB607B68FA68C3F8542100231846E9
S315080662B01437BD465DF8047B704700BF00D04545D8
S315080662C080B485B000AF786039600023FB607B68D0
S315080662D0D3F854313A689A4202D90023FB6005E09E
S315080662E07B68D3F854213B68D31AFB607B68FA6847
S315080662F0C3F85421002318461437BD465DF8047BB7
S31508066300704780B485B000AF786039607B68B3F8AB
S3150806631058311A463B681344FB60FB68B3F5805F41
S3150806632002D340F6FF73FB60FB689AB27B68A3F854
S315080663305821002318461437BD465DF8047B704776
S3150806634080B485B000AF786039600023FB607B684F
S31508066350B3F858311A463B68934202D90023FB60C4
S3150806636006E07B68B3F858311A463B68D31AFB60D1
S31508066370FB689AB27B68A3F8582100231846143797
S31508066380BD465DF8047B704780B584B000AF78607B
S3150806639039600123FB733B6813F57A7F02DA2823F3
S315080663A0FB730EE03B6813F5FA7F02DA1423FB73D8
S315080663B007E03B68632B02DC0A23FB7301E0012333
S315080663C0FB737B685033FA7B11461846F2F712FAC6
S315080663D0B860BB68002B04D0B968786800F033F853
S315080663E00AE07B681A68BB681340BA689A4203D102
S315080663F0B968786800F041F8BB6818461037BD4694
S3150806640080BD80B584B000AF78607B685033184687
S31508066410F2F722F9F860FB68002B04D0F968786869
S3150806642000F011F80AE07B681A68FB681340FA68F8
S315080664309A4203D1F968786800F01FF8FB6818468F
S315080664401037BD4680BD80B483B000AF786039602A
S315080664507B681A683B681340002B07D17B681A6865
S315080664603B681A437B681A60012300E00023184636
S315080664700C37BD465DF8047B704780B483B000AF21
S31508066480786039607B685B7E062B01D100230FE0B6
S315080664907B681A683B681340002B08D07B681A6825
S315080664A03B68DB431A407B681A60012300E0002339
S315080664B018460C37BD465DF8047B704780B582B032
S315080664C000AF78607B689B7EFF2B12D17B685B7E6C
S315080664D01D4A1B01134404331B68002B2FD07B6807
S315080664E05B7E194A1B01134404331B687868984770
S315080664F025E07B685B7E062B11D87B685B7E124A95
S315080665001B01134408331B68002B08D07B685B7E87
S315080665100D4A1B01134408331B68786898477B683D
S315080665209B7E094A1B0113441B68002B07D07B6810
S315080665309B7E054A1B0113441B687868984700BF6B
S315080665400837BD4680BD00BF1803070880B485B066
S3150806655000AF78600B46FB700023FB60FB78062BC2
S3150806656002D0FB78002B05D17B68FA789A76002349
S31508066570FB6045E07B685B7E002B05D1FB78012B2B
S3150806658002D00123FB603BE07B685B7E062B08D0C6
S31508066590FB78012B05D17B68FA789A760023FB608F
S315080665A02EE07B685B7E062B03D07B685B7E002B22
S315080665B002D10123FB6023E0FB78012B03D07B681D
S315080665C05B7E012B05D17B68FA789A760023FB60F9
S315080665D016E07B685B7E012B0FD97B685B7E042BF6
S315080665E00BD8FB78012B08D9FB78042B05D87B68D2
S315080665F0FA789A760023FB6002E04FF48073FB6014
S31508066600FB6818461437BD465DF8047B704780B5A7
S3150806661084B000AF78607B68D3F820217B68B3F82E
S31508066620243119461046DFF775FC0346012B0CBFC5
S3150806663001230023FB737B685B7E032B03D07B68F1
S315080666405B7E042B04D1FB7B002B01D0012300E0E3
S31508066650002303F00103DBB218461037BD4680BD9A
S3150806666080B584B000AF78607B68D3F828217B684C
S31508066670B3F82C3119461046DFF74CFC0346012BB6
S315080666800CBF01230023FB737B685B7E052B04D1B5
S31508066690FB7B002B01D0012300E0002303F0010356
S315080666A0DBB218461037BD4680BD000080B500AF80
S315080666B0754B764A9A64744B754A1A64724B754AD0
S315080666C0DA64714B734A9A656F4B0022DA656E4B2C
S315080666D0704AC3F8B0206C4B0422C3F8B4206A4B40
S315080666E06D4A5A64684B4FF48062A3F81C21664BC0
S315080666F06A4AC3F81821644B0222A3F82421624B7E
S31508066700674AC3F82021604B4FF40072A3F82C2180
S315080667105D4B644AC3F828215B4B0022C3F8142153
S31508066720594B45F22852C3F87421574BC922A3F888
S315080667308421554B41F2CC02C3F87821524BF522F7
S31508066740A3F88621504B4FF44372C3F87C214E4B6F
S31508066750FE22A3F888214C4B4FF49672C3F8802183
S31508066760494BFF22A3F88A21474B4DF6C022C3F8A8
S315080667707021454B40F6A202A3F86E21424B06222B
S3150806678083F8682107224849484803F0D7FD0B22B3
S315080667904749484803F0D2FD474B484A9A64464B50
S315080667A0474A1A64444B474ADA64434B454A9A654C
S315080667B0414B0022DA65404B424AC3F8B0203E4BAD
S315080667C00422C3F8B4203C4B334A5A643A4B4FF476
S315080667D00062A3F81C21384B3B4AC3F81821364BEE
S315080667E04FF48072A3F82421334B384AC3F8202184
S315080667F0314B4FF48062A3F82C212F4B294AC3F854
S3150806680028212D4B1022C3F814212B4B45F228526A
S31508066810C3F87421284BC922A3F88421264B41F2D2
S31508066820CC02C3F87821244BF522A3F88621224BFD
S315080668304FF44372C3F87C211F4BFE22A3F8882126
S315080668401D4B4FF49672C3F880211B4BFF22A3F803
S315080668508A21194B4DF6C022C3F87021164B40F60D
S31508066860A202A3F86E21144B062283F86821072292
S315080668701749184803F062FD0B221749174803F013
S315080668805DFD00BF80BD00BF1C290020884300208F
S31508066890D8410020284500207443002000040048FB
S315080668A000140048000C0048A8EE06082029002017
S315080668B0B0EE0608042B0020202B0020DC4300201F
S315080668C044420020C0450020000800480010004841
S315080668D0BCEE0608242B0020C4EE0608082D002068
S315080668E080B483B000AF786039607B685A7E3B68AF
S315080668F05A707B681A683B685A607B682F4A9342C7
S3150806690001D1012200E002223B681A707B68D3F89F
S3150806691030213B689A607B68D3F834213B68DA6095
S315080669207B68D3F83C213B681A617B68D3F840211B
S315080669303B685A617B68D3F844213B689A617B6851
S31508066940D3F848213B68DA617B68D3F84C213B6863
S315080669505A627B68D3F838213B681A627B6893F8D3
S315080669606D213B6883F828203B6893F82C30002B6A
S315080669701DD07B68B3F85C213B68DA857B68B3F87B
S315080669805E213B681A867B68B3F860213B685A869F
S315080669907B68B3F862213B689A867B68B3F86421FC
S315080669A03B68DA867B68B3F86A213B681A8700BFB4
S315080669B00C37BD465DF8047B704700BF1C290020CE
S315080669C080B483B000AF786039603B685A687B68E4
S315080669D0C3F898213B689A687B68C3F89C213B688C
S315080669E0DA687B68C3F8A0213B681A697B68C3F82E
S315080669F0A4213B685A697B68C3F8A8213B689A694B
S31508066A007B68C3F8AC213B68DA697B68C3F8B821AA
S31508066A103B681A6A7B68C3F8BC213B685A6A7B6876
S31508066A20C3F8C0213B689A6A7B68C3F8C4213B68E9
S31508066A30DA6A7B68C3F8C8213B681A6B7B68C3F8B1
S31508066A40CC213B685A6B7B68C3F8D0213B689A6BA6
S31508066A507B68C3F8D4213B68DA6B7B68C3F8D82110
S31508066A603B681A6C7B68C3F8DC213B685A6C7B6802
S31508066A70C3F8E0213B689A6C7B68C3F8E4217B6817
S31508066A80012283F8942100BF0C37BD465DF8047BC6
S31508066A907047000080B582B000AF786039603B6801
S31508066AA01B78052B4DD801A252F823F0416B060830
S31508066AB0C56A0608DB6A0608F96A0608176B060831
S31508066AC0396B06083B689B78002B14BF0123002305
S31508066AD0DAB27B6883F8942133E03B689B78002B0F
S31508066AE014BF01230023DBB219467868FEF76AFB52
S31508066AF06420DCF7E9FC24E03B689B78002B14BF8E
S31508066B0001230023DBB219467868FEF783FB642067
S31508066B10DCF7DAFC15E03B685A687B68C3F890210F
S31508066B203B689A687B68C3F88C213B689B7819464C
S31508066B307868FFF70BFD04E07868FEF7D3FA00E0FD
S31508066B4000BF00BF0837BD4680BD00BF80B485B00C
S31508066B5000AF78600023FB730123FB730223FB73E4
S31508066B600323FB730423FB737B6893F86831052BB1
S31508066B7001D90523FB7300BF1437BD465DF8047BB0
S31508066B80704780B485B000AFF8600B467A607B81A3
S31508066B907B8907EE903AF8EE677AB0EE670A1437FD
S31508066BA0BD465DF8047B704780B485B000AFF860D3
S31508066BB087ED020A7960BB6807EE903AB0EE670A77
S31508066BC01437BD465DF8047B704780B586B000AFBE
S31508066BD078600B46FB7000233B610023FB607B68ED
S31508066BE093F83B309AB2FB787968C0335B000B445E
S31508066BF09B889A4222D07B6803F13400FB787A6830
S31508066C00C0335B0013449B88DBB21946F0F79DFD3B
S31508066C100120DCF759FC0A20DCF756FC7B68186C61
S31508066C207B6803F5AE717B6893F868311A46DDF71B
S31508066C3091F80346FB720120DCF746FC7B68B3F83D
S31508066C405C311A4640F6E44302FB03F3002B01DAED
S31508066C5003F6FF731B133B61FB787A685C339B006C
S31508066C6013445B687A68B2F86E211A447B68D3F8CF
S31508066C70703113443A6903FB02F2FB7879685C3390
S31508066C809B000B445B687968B1F86E110B44B2FB3E
S31508066C90F3F399B2FB783233DB007A681344083388
S31508066CA01A467868FFF76DFFF0EE407AFCEEE77A4B
S31508066CB017EE903AFB60FB6842F21072934202D8CE
S31508066CC00023FB751DE0FB6847F23052934202D853
S31508066CD00123FB7515E0FB684EF66022934202D83F
S31508066CE00223FB750DE07B6803F134027B68B3F873
S31508066CF08A31DBB219461046F0F727FD4EF66023B1
S31508066D0016E0FA7DFB789A420CD37B6803F13402C7
S31508066D107B68B3F88831DBB219461046F0F715FDDD
S31508066D20FB6805E0FB7D19467868FFF74EFF0346C4
S31508066D3018461837BD4680BD80B584B000AF786062
S31508066D400023FB600023BB607B68B3F85E311A46F6
S31508066D5040F6E44302FB03F3002B01DA03F6FF735E
S31508066D601B13FB60FA6813461B019B1A9B009B1AAA
S31508066D70114AA2FB03235B0899B27B6803F5DC7309
S31508066D801A467868FFF7FDFEF0EE407AFCEEE77ADB
S31508066D9017EE903ABB607B6803F134027B68B3F85A
S31508066DA08831DBB219461046F0F7B4FCBB681846BC
S31508066DB01037BD4680BD00BFABAAAAAA80B584B067
S31508066DC000AF78607B68B3F864311A4640F6E44348
S31508066DD002FB03F3002B01DA03F6FF731B13FB60B2
S31508066DE0FB68642202FB03F30B4A82FB03121211A9
S31508066DF0DB17D31A99B27B6803F5E8731A467868DF
S31508066E00FFF7BFFEF0EE407AFDEEE77A17EE903A08
S31508066E1018461037BD4680BD4FECC44E80B582B0C5
S31508066E2000AF78607B68B3F86A311A4642F2107387
S31508066E3002FB03F3002B01DA03F6FF731B1399B261
S31508066E407B6803F5E4731A467868FFF79AFEF0EE50
S31508066E50407AFDEEE77A17EE903A18460837BD46A9
S31508066E6080BD00000000000080B586B000AF7860DF
S31508066E704FF000037B617B68B3F86031B3F5805F3A
S31508066E8007D94FF480017868FFF7DDFADFED4E7A09
S31508066E9089E07B68B3F860311846D9F77BFB02466A
S31508066EA00B4643A1D1E90001D9F708FD02460B4670
S31508066EB0104619464FF00002444BD9F71DFA02460A
S31508066EC00B463DA1D1E90001D9F7F8FC02460B4667
S31508066ED010461946D9F7A0FE03463B61D7ED047A54
S31508066EE09FED3B7AC7EE876A16EE900AD9F764FBDA
S31508066EF002460B4643EC102B05F0CEFF53EC102B3F
S31508066F0010461946D9F788FE03467B61D7ED057AFA
S31508066F109FED307A67EE877A9FED2F7A37EE877A76
S31508066F20D7ED057ADFED2D6A67EEA66AD7ED057AFF
S31508066F3066EEA77A37EE277AD7ED057ADFED286A61
S31508066F4067EEA66AD7ED057A66EEA76AD7ED057ADD
S31508066F5066EEA77A77EE277A17EE900AD9F72CFB0C
S31508066F6002460B464FF000001849D9F7A7FC024619
S31508066F700B461046194612A3D3E90023D9F7BCF9DE
S31508066F8002460B4610461946D9F746FE0346FB60E7
S31508066F907B6803F5EC73194697ED030A7868FFF7DD
S31508066FA003FEF0EE407AB0EE670A1837BD4680BD96
S31508066FB00000000000FEAF40000000000088C34045
S31508066FC06666666666127140339388C30000F03FAC
S31508066FD000401C46027E86390FCF5B3B3AE22E36C8
S31508066FE07BEB87330000000080B586B000AF78607B
S31508066FF04FF000037B617B68B3F86231B3F5805FB7
S3150806700007D94FF400117868FFF71DFADFED4E7AB7
S3150806701089E07B68B3F862311846D9F7BBFA0246A7
S315080670200B4643A1D1E90001D9F748FC02460B46AF
S31508067030104619464FF00002444BD9F75DF9024649
S315080670400B463DA1D1E90001D9F738FC02460B46A5
S3150806705010461946D9F7E0FD03463B61D7ED047A93
S315080670609FED3B7AC7EE876A16EE900AD9F7A4FA19
S3150806707002460B4643EC102B05F00EFF53EC102B7D
S3150806708010461946D9F7C8FD03467B61D7ED057A3A
S315080670909FED307A67EE877A9FED2F7A37EE877AF5
S315080670A0D7ED057ADFED2D6A67EEA66AD7ED057A7E
S315080670B066EEA77A37EE277AD7ED057ADFED286AE0
S315080670C067EEA66AD7ED057A66EEA76AD7ED057A5C
S315080670D066EEA77A77EE277A17EE900AD9F76CFA4C
S315080670E002460B464FF000001849D9F7E7FB024659
S315080670F00B461046194612A3D3E90023D9F7FCF81E
S3150806710002460B4610461946D9F786FD0346FB6026
S315080671107B6803F5EC73194697ED030A7868FFF75B
S3150806712043FDF0EE407AB0EE670A1837BD4680BDD5
S315080671300000000000FEAF40000000000088C340C3
S315080671406666666666127140339388C30000F03F2A
S3150806715000401C46E15A9D390FCF5B3B3CA1AA3637
S31508067160AEE56A3480B584B000AF786000237B81CB
S3150806717000233B814FF0FF33FB607B6893F8683149
S31508067180052B28D97B68B3F866317B817B8940F65F
S31508067190E44202FB03F3002B01DA03F6FF731B1323
S315080671A03B813B894EF2786202FB03F30C4A82FB6B
S315080671B003129211DB17D31A99B27B6803F5E073AB
S315080671C01A467868FFF7DDFCF0EE407AFDEEE77AB8
S315080671D017EE903AFB60FB6818461037BD4680BD29
S315080671E0F119760580B582B000AFFCF769FE234B28
S315080671F0234A1A63214B00221A73204B00221A616E
S315080672001E4B204AC3F8BC241C4B002283F898243C
S315080672101A4B0022C3F89C24184B1B4AC3F8482964
S31508067220164B012283F82429184B194A19491A4874
S31508067230F8F7A2F9034683F00103DBB2002B05D063
S31508067240124B134A13491448F8F704FA00237B60CD
S315080672500CE07B684FF4EC7202FB03F30B4A13440B
S31508067260184600F0E9FA7B6801337B607B68092BD0
S31508067270EFDD002318460837BD4680BD344C00208E
S3150806728094AB002018AC00209CAC0020242D0020CE
S31508067290D8FF0608D0EE0608E0EE060880B584B0E4
S315080672A000AF78607B689A697B68DA6109E07B6873
S315080672B0DB69FB60FB685A687B68DA61F86801F087
S315080672C039F87B68DB69002BF1D17B680022DA6125
S315080672D07B6800229A6100BF1037BD4680BD000054
S315080672E080B584B000AF78600B46FB700023FB734D
S315080672F07B6893F82130FA789A4212D9082000F06A
S31508067300A1FF0346002B2CD000F032FF1749184878
S3150806731000F0F6FE174800F0F3FE174800F0F0FEF8
S315080673201FE00023FB7317E0FA7B79681346DB0038
S3150806733013449B000B446C331B78032B09D1FA7B49
S3150806734079681346DB0013449B000B447833002206
S315080673501A60FB7B0133FB73FA7BFB789A42E3D30D
S3150806736000E000BF1037BD4680BD00BFF0EE060838
S3150806737000EF060808EF060834EF060880B584B05D
S3150806738000AF786039600023FB737B68002B6DD0ED
S315080673903B681B78032B69D83B681A787B689A7012
S315080673A07B689B78032B4CD801A252F823F000BFC2
S315080673B0C1730608D9730608F17306082B740608FE
S315080673C07B6803F118003B6804332022194602F04D
S315080673D0B5FF0123FB7349E07B6803F118003B6898
S315080673E004332022194602F0A9FF0123FB733DE068
S315080673F07B6803F118003B6804330822194602F035
S315080674009DFF7B689B69002B0CD17B68D3ED077AB9
S315080674109FED197AF4EEC77AF1EE10FA02DD00232B
S31508067420FB7323E00123FB7320E07B6803F1180056
S315080674303B6804330C22194602F080FF0123FB73CE
S3150806744014E0102000F0FEFE0346002B0ED000F0D6
S315080674508FFE0A490A4800F053FE7B689B78194650
S31508067460084800F04DFE084800F04AFEFB7B184621
S315080674701037BD4680BD00BF00007042F0EE060814
S3150806748000EF060838EF060834EF060890B58BB005
S3150806749002AF786039600023FB610023FB75386804
S315080674A0FFF7FCFE7B6893F8213019467868FFF7E4
S315080674B017FF3B6800229A723B684FF47A729A82E3
S315080674C03B68DB68581C7B6801332022194602F0A4
S315080674D035FF3B687A68DA6000233B610023FB6167
S315080674E079E1382000F01EFF0346FB60FB68002B97
S315080674F017D1102000F0A6FE0346002B0BD000F08D
S3150806750037FEA749A74800F0FBFDA74800F0F8FD97
S31508067510A64800F0F5FD3868FFF7C0FE4FF0FF33C2
S3150806752069E1FB6800225A600023FB757968FA69E7
S315080675301346DB0013449B000B446C331B78022B63
S3150806754002DC002B04DAFBE0032B00F08C80F7E064
S31508067550FA691346DB0013449B0068337A681344BA
S3150806756004331946F868FFF709FF0346002B62D06D
S31508067570FB69DAB2FB685A700123FB75022000F034
S3150806758061FE0346002B1BD000F0F2FD84498548B0
S3150806759000F0B6FD7968FA691346DB0013449B00CA
S315080675A00B446C331B78002B01D1814B00E0814BD1
S315080675B03A69F969804800F0A3FD7C4800F0A0FD09
S315080675C07968FA691346DB0013449B000B446C334F
S315080675D01B78002B15D1022000F034FE0346002B3B
S315080675E025D000F0C5FD6E496E4800F089FDFB689A
S315080675F0DB691946714800F083FD6C4800F080FD8A
S3150806760015E0022000F01EFE0346002B0FD000F000
S31508067610AFFD6349634800F073FDFB681C3393E8C6
S315080676200600664800F06CFD604800F069FDFB69D7
S315080676300133FB6198E0102000F004FE0346002B98
S315080676400BD000F095FD5649564800F059FD5C48A2
S3150806765000F056FD554800F053FD3868FFF71EFE44
S315080676604FF0FF33C7E07968FA691346DB0013441F
S315080676709B000B44783319687868FA691346DB0069
S3150806768013449B00034474331B6899424ED27968A7
S31508067690FA691346DB0013449B000B4478331B68D0
S315080676A0591C7868FA691346DB0013449B000344A1
S315080676B078331960022000F0C5FD0346002B2AD050
S315080676C000F056FD3649374800F01AFD7968FA691A
S315080676D01346DB0013449B000B4478331868796815
S315080676E0FA691346DB0013449B000B4474331C6883
S315080676F07968FA691346DB0013449B000B4470331A
S315080677001B68009323460246F9692E4800F0F8FCE2
S31508067710264800F0F5FC7968FA691346DB00134437
S315080677209B000B4470331B68FB611DE0FB69013344
S31508067730FB61FB69DBB219467868FFF7D1FD13E0F2
S31508067740102000F07FFD0346002B0BD000F010FD3D
S315080677501349144800F0D4FC1B4800F0D1FC134822
S3150806776000F0CEFC012346E0FB7D002B2ED03B69BC
S315080677705A1C3A61DAB2FB681A70FB681B78002B4A
S3150806778008D13B68FA68DA613B68FA689A61FB6869
S31508067790BB611EE0BB69FA685A60FB68BB6118E004
S315080677A0F0EE060800EF060854EF060834EF06085A
S315080677B064EF06086CEF060878EF0608A0EF0608D9
S315080677C0B4EF0608C8EF0608F8EF0608F86800F0EA
S315080677D0B1FD0023FB757B6893F821301A46FB69D1
S315080677E09342FFF67EAE3B69DBB2013BDAB23B68F3
S315080677F083F82020002318462437BD4690BD00BFCF
S3150806780080B483B000AF78607B685B88023B032B45
S315080678100AD801A252F823F0297806082978060814
S31508067820297806082978060800BF00BF0C37BD4622
S315080678305DF8047B704700BF80B584B000AF7860FA
S315080678400023FB730EE0FA7B1346DB0013449B000A
S3150806785068337A68134404331846FFF7D1FFFB7B6F
S315080678600133FB737B6893F82130FA7B9A42EAD395
S3150806787000BF00BF1037BD4680BD000080B5ADF518
S31508067880187D02AF07F51673A3F51573186007F585
S315080678901673A3F51673196007F51673A3F515730C
S315080678A007F5847219681046EBF7ABFB034687F8AB
S315080678B0573297F85732002B40D107F59E7207F5CF
S315080678C0847311461846EBF735FC034687F8573294
S315080678D097F85732002B2CD107F51673A3F58E7336
S315080678E09B7D002B25D007F51673A3F58E731B7A99
S315080678F003F01003002BE0D007F51673A3F51573EE
S3150806790007F1080007F59E72163200921B680E4AA2
S315080679104FF4807101F066FB07F51673A3F5167327
S315080679201B685A1C07F1080311461846FFF7A6FFF7
S31508067930C3E707F584731846EBF7D6FB00BF07F5CA
S315080679401677BD4680BD00BF0CF0060890B5ADF5A6
S31508067950357D02AF07F53273A3F52F73186007F561
S315080679603273A3F53073196007F53273A3F53173CD
S315080679701A6007F53273A3F52F731868EBF7C2FC7E
S31508067980034687F8C73297F8C732002B03D097F80D
S31508067990C732082B66D107F53273A3F52F7307F19D
S315080679A0100007F53272A2F53072126800921B684B
S315080679B0364A802101F016FB07F1100107F19403F8
S315080679C00A221846EAF7FAFB034687F8C73297F8F3
S315080679D0C732002B3AD107F53273A3F53173186807
S315080679E0D8F77EFC044607F1900307F53272A2F52E
S315080679F0317107F1940022460968EAF7DCFE034668
S31508067A0087F8C73297F8C732002B0ED107F53273B7
S31508067A10A3F531731868D8F763FC024607F532737F
S31508067A20A3F50E731B689A420AD000F0A1FB07F16C
S31508067A3010031946164800F063FB164800F060FB6B
S31508067A4007F194031846EBF7A9F819E000F090FB3E
S31508067A5007F110031946104800F052FB0D4800F0CE
S31508067A604FFB0DE000F084FB07F53273A3F52F7381
S31508067A7019680A4800F044FB064800F041FB00BFB7
S31508067A8000BF07F53377BD4690BD00BF0CF0060864
S31508067A9014F0060834F0060838F0060858F0060802
S31508067AA080B5ADF50E7D00AF022000F0CBFB034690
S31508067AB0002B0BD000F05CFB2149224800F020FB86
S31508067AC0214800F01DFB214800F01AFBFCF7BAFB1B
S31508067AD00346002B1BD11E4A1E491F48FFF736FFD1
S31508067AE0012000F0AFFB0346002B0BD000F040FB4D
S31508067AF01349144800F004FB184800F001FB134824
S31508067B0000F0FEFA00211648FFF7B8FE11E010202D
S31508067B1000F098FB0346002B0BD000F029FB08491A
S31508067B20084800F0EDFA0F4800F0EAFA074800F0B0
S31508067B30E7FAFCF7D3FB00BF07F50E77BD4680BD0F
S31508067B4088F0060894F006089CF0060834F006083D
S31508067B50B0F00608C0F00608D0F00608D8F0060801
S31508067B6078F00608F4F0060880B5ADF5906D00AF16
S31508067B7007F59063A3F27443186007F59063A3F5B7
S31508067B808F63196007F59063A3F279431A70FCF7B9
S31508067B9059FB0346002B17D1102000F053FB03466A
S31508067BA0002B0ED000F0E4FA4449454800F0A8FA3E
S31508067BB097F87F341946434800F0A2FA424800F07F
S31508067BC09FFA4FF0FF3374E007F59063A3F2744308
S31508067BD007F118000A221968EAF7F0FA034687F841
S31508067BE07F3497F87F34002B19D0102000F02AFB33
S31508067BF00346002B0ED000F0BBFA3049304800F099
S31508067C007FFA97F87F341946304800F079FA2E48F5
S31508067C1000F076FAFCF762FB4FF0FF3349E007F50A
S31508067C209063A3F279431A7807F1140307F590616E
S31508067C30A1F58F6107F118000968EAF7BCFD034646
S31508067C4087F87F3497F87F34002B0BD107F59063B6
S31508067C50A3F279431A7807F59063A3F26C431B6877
S31508067C609A421ED0102000F0EDFA0346002B0ED0DD
S31508067C7000F07EFA1149124800F042FA97F87F3466
S31508067C801946134800F03CFA0F4800F039FA07F18E
S31508067C9018031846EAF782FFFCF720FB4FF0FF3376
S31508067CA007E007F118031846EAF778FFFCF716FB0C
S31508067CB00023184607F59067BD4680BD88F0060876
S31508067CC094F0060814F1060834F006082CF106089E
S31508067CD044F1060880B5ADF5906D00AF07F59063DB
S31508067CE0A3F27443186007F59063A3F58F631960CA
S31508067CF007F59063A3F27C431A60FCF7A3FA0346DA
S31508067D00002B17D1102000F09DFA0346002B0ED043
S31508067D1000F02EFA5E495F4800F0F2F997F87F34CC
S31508067D2019465D4800F0ECF95C4800F0E9F94FF0B1
S31508067D30FF33A8E007F59063A3F2744307F114002E
S31508067D4001221968EAF73AFA034687F87F3497F85C
S31508067D507F34002B19D0102000F074FA0346002B46
S31508067D600ED000F005FA4A494A4800F0C9F997F8CC
S31508067D707F3419464A4800F0C3F9484800F0C0F966
S31508067D80FCF7ACFA4FF0FF337DE007F59063A3F2F4
S31508067D906C43DB68C7F87834022000F053FA0346CA
S31508067DA0002B12D000F0E4F939493A4800F0A8F950
S31508067DB007F59063A3F27443D7F878241968394807
S31508067DC000F09EF9354800F09BF907F1100307F510
S31508067DD09062A2F27C4207F59061A1F58F6107F1E0
S31508067DE0140012680968EAF7A7FB034687F87F3482
S31508067DF097F87F34002B1ED007F114031846EAF7C6
S31508067E00CDFEFCF76BFA102000F01CFA0346002B91
S31508067E100ED000F0ADF91E491E4800F071F997F824
S31508067E207F341946204800F06BF91C4800F068F9BB
S31508067E304FF0FF3327E0022000F004FA0346002B32
S31508067E4015D000F095F91249124800F059F907F5C8
S31508067E509063A3F58E631A6807F59063A3F27443D5
S31508067E601968124800F04CF90C4800F049F907F170
S31508067E7014031846EAF792FEFCF730FA07F59063FC
S31508067E80A3F58E631B68184607F59067BD4680BD41
S31508067E9088F0060894F0060814F1060834F0060871
S31508067EA02CF106085CF1060874F1060890F1060836
S31508067EB080B5C8B000AF07F59073A3F58E73186042
S31508067EC007F59073A3F59073196007F59073A3F5F4
S31508067ED0827300221A600433FC220021184601F038
S31508067EE03BF907F59073A3F58C7307F11C014FF45C
S31508067EF080721846EDF724FD07F59073A3F590737F
S31508067F0007F108001A680D49EEF787F9034687F858
S31508067F101F3107F59073A3F58C73DB68DAB207F1A0
S31508067F201C0107F59073A3F58E731868FFF71CFEF8
S31508067F300346184607F59077BD4680BD10FB06082A
S31508067F4080B487B000AF786187ED040AC7ED030AE7
S31508067F5087ED021AC7ED011A7B693A691A607B69C9
S31508067F60FA685A607B69BA689A607B694FF00002BC
S31508067F70DA607B694FF000021A617B697A685A6192
S31508067F8000BF1C37BD465DF8047B7047B0B58CB09C
S31508067F9006AFF860B9607A603B60BA680021F8688F
S31508067FA001F0DAF87B68DB7803F5FA627B685B78BA
S31508067FB019467B689B7818463B681B781C463B68BF
S31508067FC05B781D463B689B7804930395029401905B
S31508067FD000911346BA6AB968F86801F003F8786139
S31508067FE0BB687A699A4213DB082000F02BF9034628
S31508067FF0002B0DD000F0BCF80849094800F080F8B7
S315080680007A69B968074800F07BF8074800F078F8F7
S31508068010FB6818461837BD46B0BD00BFE0F106082E
S31508068020C8F1060808F20608DCF1060880B588B025
S3150806803002AF3B46002219460B48DFF7A9FF07F1B0
S315080680401403002219460848E0F785F83B4607F167
S3150806805014020649009140210548FFF797FF034693
S3150806806018461837BD4680BD304400202CF206084F
S315080680705CB3002080B58CB000AF786039607B6849
S31508068080DB7864333B627B685B78013BFB617B6824
S315080680909B78BB613B681B787B613B685B783B6179
S315080680A03B689B78FB604FF0FF33FB6207F10C03D6
S315080680B0184601F03FFC02460B461346184630376B
S315080680C0BD4680BD80B586B000AF3B460022194640
S315080680D00A48DFF75DFF07F1140300221946074829
S315080680E0E0F739F83A4607F1140311461846FFF73A
S315080680F0C1FF034618461837BD4680BD30440020E2
S315080681000FB480B582B000AFFE220021164801F0F2
S3150806811023F807F114037B607A683969124801F077
S3150806812011F8114800F056FF0F48D8F7D9F8034654
S31508068130FC2B06D80C48D8F7D3F80346DBB29AB216
S3150806814000E0FD224FF0FF3307490848E3F7D6F863
S315080681500548D8F7C5F80346DBB218460837BD46BC
S31508068160BDE8804004B070479CB300202048002034
S3150806817080B500AF00220B490B48DFF709FF00223E
S315080681800A490948DFF7E7FF064B1B781946054BE8
S315080681905B781A46034B9B780548FFF7B1FF00BF85
S315080681A080BD00BF9CB4002030440020B0B4002037
S315080681B074F2060880B500AF202228210248FFF788
S315080681C09FFF00BF80BD00BF84F2060880B500AFDA
S315080681D0252228210248FFF793FF00BF80BD00BF6E
S315080681E084F2060880B500AF212228210248FFF747
S315080681F087FF00BF80BD00BF84F2060880B500AFC2
S315080682001F2228210248FFF77BFF00BF80BD00BF5B
S3150806821084F2060880B500AF212229210248FFF715
S315080682206FFF00BF80BD00BF84F2060880B500AFA9
S31508068230222228210248FFF763FF00BF80BD00BF40
S3150806824084F2060880B582B000AF0346FB71FB7957
S31508068250002B01D1002343E0FB79102B28DC002BE9
S315080682603BDD013B0F2B38D801A252F823F000BF9D
S31508068270B7820608BD820608DB820608C382060898
S31508068280DB820608DB820608DB820608C982060840
S31508068290DB820608DB820608DB820608DB8206081E
S315080682A0DB820608DB820608DB820608CF8206081A
S315080682B0802B0FD011E0FFF77DFF10E0FFF786FF52
S315080682C00DE0FFF78FFF0AE0FFF798FF07E0FFF7D5
S315080682D0A1FF04E0FFF7AAFF01E0002300E001235F
S315080682E018460837BD4680BD024B0A460146186839
S315080682F000F002B8F43F002037B5A1FB02244CB9BA
S315080683001146019200F03EF8019A054630B928460C
S3150806831003B030BD0C2202600025F8E7214600F0BE
S315080683201BFFF4E7024B0146186800F02BB800BF9E
S31508068330F43F0020024B0146186802F0BBBE00BF98
S31508068340F43F002070B50E4E0C463168054611B945
S3150806835001F09CFF30602146284601F097FF431C32
S315080683600AD0C41C24F00304A04207D0211A2846C2
S3150806837001F08CFF013001D14FF0FF34204670BD65
S31508068380B8B400202DE9F843CD1C25F003050835B9
S315080683900C2D38BF0C25002D074601DBA94205D949
S315080683A00C233B6000263046BDE8F883DFF8D0800C
S315080683B000F068F8D8F800301C465CBB29463846F3
S315080683C0FFF7C0FF431C044655D1D8F80040264699
S315080683D0002E45D1002C48D023683146384604EB92
S315080683E0030901F053FF81453FD121686D1A2946D5
S315080683F03846FFF7A7FF013037D023682B4423609A
S31508068400D8F80030002B38D05A68A2422BD1002261
S315080684105A600FE02268521B1FD40B2A17D9611916
S31508068420A342256018BF5960636808BFC8F80010DC
S3150806843062514B60384604F10B0600F029F826F01F
S315080684400706231DF21AAED09B1BA350ABE7A34221
S315080684506268DDD1C8F80020ECE723466468ACE715
S3150806846034467668B4E71346CCE70C233B603846B1
S3150806847000F00EF897E72560DCE75B60FFDE00BFD5
S31508068480B4B40020014801F04EBF00BF21B6002053
S31508068490014801F04ABF00BF21B600202DE9FF4773
S315080684A055EC104B002D0E4619462B46BBBF05F15B
S315080684B000431D4600232D230B700D9BDDF830A0C7
S315080684C0914623F02008BCBF22461446B8F1460F4B
S315080684D005D0B8F1450F00D10136022100E0032187
S315080684E003AB019302AB009345EC104B5346324659
S315080684F001F0EEFFB8F1470F074602D119F0010F52
S3150806850022D0B8F1460F07EB060910D13B78302B77
S315080685100AD10022002320462946D8F70DFB18B9AA
S31508068520C6F10106CAF80060DAF800309944002256
S31508068530002320462946D8F7FFFA08B1CDF80C904D
S315080685403022039B4B4507D3039B0E9ADB1B384603
S31508068550136004B0BDE8F087591C03911A70F0E75A
S31508068560F7B503460029B8BF494203F8022BB4BF3C
S315080685702D222B22092942702ADD0DF107021746FC
S315080685800A26944691FBF6F506FB151430340CF8C4
S31508068590014C0C46632C02F1FF322946F1DC3031D8
S315080685A0ACF1020402F8011C411C2246BA420AD35F
S315080685B00DF10902A2EB0C02BC4288BF0022134445
S315080685C0181A03B0F0BD12F8015B01F8015FEDE772
S315080685D0302330318370C170031DF1E72DE9F04F62
S315080685E02DED028B8DB00C46DDF8608016461F46CB
S315080685F0054601F013FED0F800A05046D7F770FEE0
S3150806860000230A9323680593D8F8003094F818B01F
S31508068610073323F0070303F10802C8F80020D3E955
S31508068620008929F000430793CDF8188008EE100A4A
S31508068630C4E91289DDE906019E4B4FF0FF32D8F7E9
S31508068640ADFA88BBDDE906019A4B4FF0FF32D8F73B
S3150806865087FA48BB0022002340464946D8F776FAE9
S3150806866010B12D2384F84330934A944BBBF1470F38
S3150806867094BF9046984603232361059B23F004037B
S3150806868023604FF00009009733460BAA2146284671
S3150806869000F0DAF9013040F090804FF0FF300DB067
S315080686A0BDEC028BBDE8F08F42464B46404649462E
S315080686B0D8F774FA40B14B46002BBCBF2D2384F875
S315080686C043307F4A7F4BD1E763680BF0DF02069299
S315080686D05A1C3FD106236360059B616843F4806292
S315080686E0002303930AABCDE901B309AB49EC108B1A
S315080686F0009322600DF123032846FFF7CFFE069B5B
S315080687000999472B804608D1C81C02DB636899423B
S3150806871041DDABF102035FFA83FBBBF1650F20D897
S3150806872001395A4604F150000991FFF719FF0A9ACA
S315080687301318012A8146236102DC2268D20701D56D
S31508068740013323619DF82330002B9CD02D2384F812
S31508068750433098E7069A472ABED1002BBCD1012397
S31508068760B9E7BBF1660F18D1002963680BDD2161ED
S3150806877013B92268D00702D501330B442361A165D4
S315080687804FF00009DEE713B92268D20701D502338E
S31508068790F4E70123F2E74FF0670B0A9B994205DBDC
S315080687A023682161D807EAD54B1CE7E70029D4BF19
S315080687B0C1F1020201221344E0E723685A0507D4E9
S315080687C02369424631462846B84701302CD164E724
S315080687D0BBF1650F40F2E080D4E9120100220023BE
S315080687E0D8F7AAF9002834D0374A0123314628464D
S315080687F0B84701303FF451AFDDE909239A4202DB57
S315080688002368D80710D518EE103A52463146284638
S31508068810B84701303FF441AF4FF0000804F11A0992
S315080688200A9B013B434509DC23689B0700F1078140
S31508068830E0680B9B9842B8BF184630E701234A46BC
S3150806884031462846B84701303FF427AF08F10108F4
S31508068850E6E7099B002B39DC1B4A012331462846E5
S31508068860B84701303FF419AFDDE90932134302D19F
S315080688702368D907D8D518EE103A524631462846FF
S31508068880B84701303FF409AF4FF0000904F11A0A58
S31508068890099B5B424B4501DC0A9B92E7012352463C
S315080688A031462846B84701303FF4F7AE09F10109C3
S315080688B0EEE700BFFFFFEF7F880307088C0307086C
S315080688C090030708940307080E0F07080A9AA36D6C
S315080688D09A42A8BF1A46002A914637DC4FF0000B83
S315080688E029EAE97904F11A02A36D0593A3EB0903AC
S315080688F05B4533DCDDE909239A423BDB2368DA0765
S3150806890038D4DDE90932A2EB0309059BD21A91454B
S31508068910A8BF9146B9F1000F35DC4FF0000829EAE1
S31508068920E97904F11A0ADDE909239B1AA3EB090377
S3150806893043457FF779AF0123524631462846B8475D
S3150806894001303FF4AAAE08F10108ECE713463146B2
S3150806895042462846B8470130C0D19EE6012331462D
S3150806896028460592B84701303FF497AE059A0BF1AB
S31508068970010BB9E718EE103A524631462846B8476B
S315080689800130BED189E6059A4B4642443146284609
S31508068990B8470130C1D180E60A9A012A01DCDB070D
S315080689A03AD50123424631462846B84701303FF4B0
S315080689B074AE18EE103A524631462846B847013084
S315080689C03FF46BAED4E9120100220023DDF828A095
S315080689D0D8F7B2F8D8B90AF1FF3308F101023146D9
S315080689E02846B84701300ED157E601235246314686
S315080689F02846B84701303FF450AE08F101080A9BED
S31508068A00013B4345F1DC4B4604F15002DAE64FF0EA
S31508068A10000804F11A0AF2E701234246DFE70123B2
S31508068A204A4631462846B84701303FF436AE08F17D
S31508068A300108E3680B995B1A4345F0DCF8E64FF044
S31508068A40000804F11909F4E72DE9F0471646994690
S31508068A508A680B69DDF820809342B8BF13463360EF
S31508068A6091F8432007460C460AB10133336023685A
S31508068A70990642BF336802333360256815F0060542
S31508068A8006D104F1190AE36832689B1AAB4226DC5A
S31508068A9094F84320131E226818BF012392062BD486
S31508068AA004F1430249463846C04701301ED02368BA
S31508068AB0226903F00603042B02BFE5683368ED1A3C
S31508068AC0A3680CBF25EAE57500259342C4BF9B1A21
S31508068AD0ED1800261A34B5421AD1002008E00123FB
S31508068AE0524649463846C047013003D14FF0FF3053
S31508068AF0BDE8F0870135C6E7E1185A1C302081F82B
S31508068B004300224494F8451082F843100233C7E717
S31508068B100123224649463846C0470130E6D0013683
S31508068B20D9E700002DE9FF470F7E0C9D782F914661
S31508068B3080460C469A4601F1430207D8622F0AD8A0
S31508068B40002F00F0D480582F00F0C08004F14205AB
S31508068B5084F842703AE0A7F16303152BF6D801A10B
S31508068B6051F823F0BD8B0608D18B06084D8B0608EF
S31508068B704D8B06084D8B06084D8B0608D18B0608C5
S31508068B804D8B06084D8B06084D8B06084D8B060839
S31508068B90D58C0608FD8B06088F8C06084D8B0608AD
S31508068BA04D8B0608F78C06084D8B0608FD8B0608BE
S31508068BB04D8B06084D8B0608978C06082B681A1DDA
S31508068BC01B682A6004F1420584F8423001239FE0B7
S31508068BD020682B68070603F10401296001D51E687B
S31508068BE003E04606FBD5B3F90060002E03DA2D230B
S31508068BF0764284F843305A480A2312E02B682068DE
S31508068C00191D2960050601D51E6802E04106FBD531
S31508068C101E8853486F2F0CBF08230A23002184F8A1
S31508068C2043106568A560002DA2BF216821F00401DE
S31508068C3021600EB9002D4BD01546B6FBF3F103FBA2
S31508068C401167C75D05F8017D3746BB420E46F4D95E
S31508068C50082B0BD12368DE0708D523696168994274
S31508068C60DEBF302305F8013C05F1FF35521B2261AC
S31508068C70CDF800A04B4603AA21464046FFF7E4FE78
S31508068C8001304AD14FF0FF3004B0BDE8F0872368BB
S31508068C9043F0200323603348782784F84570236811
S31508068CA029681F0651F8046B02D45F0648BFB6B298
S31508068CB0DF0748BF43F02003296048BF23601EB973
S31508068CC0236823F0200323601023A7E72448E4E754
S31508068CD01546BDE72B6826686169181D286035069E
S31508068CE01B6801D5196002E07006FBD519800023BA
S31508068CF023611546BCE72B681A1D2A601D6862683B
S31508068D0000212846D7F79CFA08B1401B60606368BD
S31508068D102361002384F84330AAE723692A4649468D
S31508068D204046D0470130ADD023689B0713D4E06888
S31508068D30039B9842B8BF1846A6E70123324649461A
S31508068D404046D04701309DD00135E36803995B1A42
S31508068D50AB42F2DCEBE7002504F11906F5E700BF9E
S31508068D6098030708A9030708002310B50446C0E9AF
S31508068D700033C0E90433836081814366C281836117
S31508068D80194608225C3000F0E7F9054B6362054B85
S31508068D90A362054BE362054B2462236310BD00BF3D
S31508068DA08D900608B3900608EB9006080F910608FC
S31508068DB0024A0349034800F069B800BF943F0020F9
S31508068DC085BD0608A83F002041680C4B994210B598
S31508068DD0044601D002F0D6FFA168094B994202D093
S31508068DE0204602F0CFFFE168064B994204D020469A
S31508068DF0BDE8104002F0C6BF10BD00BFBCB40020D7
S31508068E0024B500208CB5002010B50B4B0B4C0C4A2C
S31508068E101A60204600220421FFF7A6FF04F168001F
S31508068E2001220921FFF7A0FF04F1D0000222BDE8BE
S31508068E3010401221FFF798BFF4B50020BCB40020F5
S31508068E40B18D0608014801F06EBA00BF22B60020A9
S31508068E50014801F06ABA00BF22B6002010B50446DA
S31508068E60FFF7F0FF236A1BB1BDE81040FFF7F0BF16
S31508068E70044B2362044B1B68002BF5D1FFF7C4FF8E
S31508068E80F2E700BFC98D0608F4B500202DE9F843B8
S31508068E900746884614460026D4E90195B9F101091C
S31508068EA005D52468002CF7D13046BDE8F883AB898A
S31508068EB0012B07D9B5F90E30013303D029463846B2
S31508068EC0C04706436835E9E7036AF7B5C468054641
S31508068ED00E460BB9FFF7C2FF636ED80705D4A389FA
S31508068EE0990502D4A06D01F01EFA2146284602F01D
S31508068EF049FF1EBB296801AB0122284600F034F952
S31508068F000746002845D13148304FD7F7E9F90646CE
S31508068F1056B1204602F05EFF334601463A462846D3
S31508068F2001F0C4F9002847DAB4F90C30626E23F466
S31508068F308053D207A38142D503B0F0BD3378002B00
S31508068F40D8D03046D7F7CCF9074657B1204602F0AF
S31508068F5041FF3B4601463246284601F0A7F9002856
S31508068F6014DA1B481A4FD7F7BBF90646002EC1D0A6
S31508068F70204602F02FFF334601463A46284601F0B8
S31508068F8095F90028B6DB361A0744EFE73F1A064472
S31508068F90DBE7D7F7A5F90646002EB4D0204602F039
S31508068FA019FF334601463A46284601F07FF9002856
S31508068FB0A9DB361A0744EFE7361A0744A8E79B05DE
S31508068FC0BAD4A06D01F0B1F9B6E700BF080C0708D8
S31508068FD0D80B0708024B01461868FFF775BF00BF8E
S31508068FE0F43F00200CB430B5174B0C1E1D689DB017
S31508068FF008DA8B232B604FF0FF301DB0BDE83040F2
S3150806900002B070474FF40273ADF8143014BF04F17A
S31508069010FF332346049307934FF6FF730290069091
S31508069020ADF81630209A21AB02A92846019302F01C
S3150806903025FD431CBCBF8B232B60002CDDD0029B71
S3150806904000221A70D9E700BFF43F00200EB400B517
S315080690509CB01DAB029006906FF000410948079137
S315080690600491094953F8042B05910068019302A94E
S3150806907002F004FD029B00221A701CB05DF804EB90
S3150806908003B07047F43F00200802FFFF10B50C46F0
S31508069090B1F90E1001F0E8F80028ABBF636DA38995
S315080690A01B1823F48053ACBF6365A38110BD00204B
S315080690B070472DE9F0411F468B89DB0505460C46A8
S315080690C0164605D5B1F90E100223002201F0BAF8A4
S315080690D0A389B4F90E1023F48053A38132463B467E
S315080690E02846BDE8F04101F0E1B810B50C46B1F9DD
S315080690F00E1001F0A7F8431CA38915BF606523F473
S31508069100805343F48053A38118BFA38110BDB1F9D8
S315080691100E1001F087B8000000B59BB000910491C7
S315080691206FF000410591029105490391694602F0DF
S31508069130A5FC009B00221A701BB05DF804FB00BF55
S315080691400802FFFF13460A46014602480068FFF76B
S31508069150E3BF00BFF43F002002440346934200D112
S31508069160704703F8011BF9E710B504460846114689
S315080691708E2800F23081DFE810F039018F00920060
S315080691809400960098009A009C009E00A200A400EF
S31508069190A800AA00AC00AE002E01B000B200B400CA
S315080691A0B600B800BE00C000C600C800CA00CC009B
S315080691B0CE00D200D600D800DA00DC00DE00E000D9
S315080691C0E200E4002E012E012E012E012E012E01AB
S315080691D02E012E01E800EC002E012E012E012E018D
S315080691E02E012E012E012E012E012E012E012E01F3
S315080691F02E01EE000801F000F2002E012E012E01C6
S31508069200F4002E012E012E01F6002E012E01FA007B
S315080692102E012E01FC002E012E012E012E012E01F5
S315080692202E012E012E012E012E01FE002E01000111
S31508069230020104012E012E0126012E012E012E0100
S315080692402E012E012E012E012E01140106010A01F8
S315080692500C010E0110012E01120116011A01EA006F
S31508069260C2002C01BA00D000BC00A000A6002A0144
S31508069270F8002E011801C4001E011C012E012E013C
S315080692802E012E012E01D4002E012E012E01E600F6
S315080692902801200122012401554B184610BD554BBD
S315080692A0FBE7554BF9E7554BF7E7554BF5E7554BAE
S315080692B0F3E7554BF1E7554BEFE7554BEDE7554BBE
S315080692C0EBE7554BE9E7554BE7E7554BE5E7554BCE
S315080692D0E3E7554BE1E7554BDFE7554BDDE7554BDE
S315080692E0DBE7554BD9E7554BD7E7554BD5E7554BEE
S315080692F0D3E7554BD1E7554BCFE7554BCDE7554BFE
S31508069300CBE7554BC9E7554BC7E7554BC5E7554B0D
S31508069310C3E7554BC1E7554BBFE7554BBDE7554B1D
S31508069320BBE7554BB9E7554BB7E7554BB5E7554B2D
S31508069330B3E7554BB1E7554BAFE7554BADE7554B3D
S31508069340ABE7554BA9E7554BA7E7554BA5E7554B4D
S31508069350A3E7554BA1E7554B9FE7554B9DE7554B5D
S315080693609BE7554B99E7554B97E7554B95E7554B6D
S3150806937093E7554B91E7554B8FE7554B8DE7554B7D
S315080693808BE7554B89E7554B87E7554B85E7554B8D
S3150806939083E7554B81E7554B7FE7554B7DE7554B9D
S315080693A07BE7554B79E7554B77E7554B75E7554BAD
S315080693B073E7554B71E7554B6FE7554B6DE7554BBD
S315080693C06BE7554B69E7554B67E7554B65E7554BCD
S315080693D063E7554B61E7002B14BF1A46224600F091
S315080693E0BCF8524B002818BF034656E7504B54E7BD
S315080693F0C2030708CC030708E6030708F6030708A7
S315080694000E04070818040708320407084404070860
S31508069410560407086F0407087F0407088B0407081D
S31508069420A8040708BA040708CB040708DD040708D2
S31508069430E9040708010507080D0507081F050708B3
S315080694402E0507083E0507084B0507086A05070897
S31508069450790507088A050708AE050708CC0507082B
S31508069460EA0507080A060708210607083006070850
S315080694703F060708530607086B060708790607080E
S31508069480860607089C060708AB060708B7060708F0
S31508069490E6060708F706070812070708250707084E
S315080694A03B070708440707085B0707086307070813
S315080694B0700707088507070899070708B107070801
S315080694C0C0070708D1070708E4070708F0070708CB
S315080694D0090807081D08070838080708500807086E
S315080694E06A08070872080708A2080708C1080708CD
S315080694F0E0080708F70807080A09070823090708F6
S315080695003A09070850090708710907088909070863
S31508069510A5090708B8090708CE090708E2090708CA
S31508069520040A07082A0A07083B0A0708090C07084F
S31508069530BA03070810B50139034632B111F8014FC7
S3150806954003F8014B013A002CF7D11A44002193423D
S3150806955000D110BD03F8011BF9E70020704700008B
S3150806956038B50B4B1D686B6B044653B92420FEF7BA
S31508069570D9FE0246686320B9064B0748322100F031
S31508069580EBFE696B2046BDE8384000F007B800BF19
S31508069590F43F0020500A0708670A07082DE9F34131
S315080695A08046019102F0AAFC01990546404602F05A
S315080695B0A9FC43699907044603F26C7705D1642228
S315080695C097FBF2F302FB13737BBB4FF4C87297FB48
S315080695D0F2F302FB1373B3FA83F35B09684E302280
S315080695E002FB036600F0E8FB00F0F2FB654B1B681E
S315080695F053B36B68BB421AD12F68D8E90023D5E95D
S315080696000801E7B9824273EB010125DAD5E91201A9
S31508069610824273EB0107B4BF01270027824273EB28
S31508069620010127621ADBAB6A19E00123D6E7384639
S3150806963000F01CFB0028DFD14FF0FF3304E082421E
S3150806964073EB010102DA00232362ECE7D5E912017E
S31508069650824273EB0101F6DA012323622B6D6168F8
S315080696604FF4616293FBF2F002FB10333C2293FB44
S31508069670F2F502FB153223689B1AA2682360491B7A
S31508069680121A3B2B6160A26035DD013161603C3BF5
S31508069690236063683B2B34DD0132A2603C3B636082
S315080696A0A368172B33DDE2690132E261A26901324A
S315080696B0072AA8BF0022A261E268183B0132A36006
S315080696C02369E26056F823108A420EDD0B2BA2EBBD
S315080696D00102E26003F1010209BF63692261002201
S315080696E0013302BF22616361E26100F06BFB20462B
S315080696F002B0BDE8F081002BCBDA013961603C3354
S31508069700C6E7002BCCDA013AA2603C33C7E7002B42
S31508069710EBDAE269013AE261A269013A48BF062232
S31508069720A261E2681833013AE260A360002ADCD136
S315080697302369013B05D42361236956F82330E36080
S31508069740D3E70B23236163695A1E03F26B736261BF
S315080697509A0705D1642193FBF1F201FB123262B92D
S315080697604FF4C87293FBF2F102FB1133B3FA83F393
S315080697705B0903F5B673E361DEE70123F9E700BF84
S31508069780200B070814B60020F7B501683B290446DE
S3150806979011D93C22684600F0FDFD019A63680099D6
S315080697A0002A0B446360BBBF3C3203F1FF332260D9
S315080697B02260B8BF636061683B2911D93C226846B6
S315080697C000F0E8FD019AA3680099002A0B44A360F5
S315080697D0BBBF3C3203F1FF3362606260B8BFA36069
S315080697E0A168172911D91822684600F0D3FD019AEF
S315080697F0E3680099002A0B44E360BBBF183203F1FD
S31508069800FF33A260A260B8BFE36021690B2911D9AC
S315080698100C22684600F0BEFD019A63690099002A83
S315080698200B446361BBBF0C3203F1FF33226122612D
S31508069830B8BF636163699A071ED1642193FBF1F287
S3150806984001FB1232D2B903F26C734FF4C87293FB5A
S31508069850F2F102FB1133002B14BF1C231D23E26809
S31508069860002A0DDC324E0B2564214FF4C870E768D2
S31508069870002F31DD03B0F0BD1C23F0E71D23EEE70C
S315080698802B4E002764204FF4C875D4E90312012A23
S3150806989014BF56F822C09C466145EBDD0132A1EBA2
S315080698A00C010C2AE1602261EFD163695A1C910703
S315080698B0C4E9047238D192FBF0F100FB1122002AA2
S315080698C034D103F26D7393FBF5F205FB1233002BC5
S315080698D014BF1C231D23D8E72269013A22610132E7
S315080698E015D163695A1E12F0030FC4E9045217D13B
S315080698F092FBF1FC01FB1C22A2B903F26B7393FBE4
S31508069900F0F200FB1233002B14BF1C231D23226919
S31508069910012A14BF56F822201A463A44E260A6E7F8
S315080699201C23F4E71D23F2E71C23AEE71D23ACE749
S31508069930C00A07082DE9F04F85B0074602F0DEFA99
S3150806994081463846FFF720FFD7E900433C2202FB4B
S315080699500344BB687E694FF4616202FB0344D7E998
S315080699600353BB4A52F82320013D012B154411DD4A
S31508069970B1070FD1642296FBF2F302FB136343B9D0
S3150806998006F26C734FF4C87293FBF2F102FB1133BD
S3150806999003B9013506F51C53103344F62062934283
S315080699A0FD6100F25E81462E72DD462340F26D1C8D
S315080699B064214FF4C8709A0764D193FBF1F201FB50
S315080699C01232002A61D103F26C7292FBF0FE00FB9A
S315080699D01E22002A14BF62464FF4B77201339E420E
S315080699E01544E8D19B4B4FEAE478C5FB034800F0DB
S315080699F0E3F900F0EDF9984BD3F800B0BBF1000F88
S31508069A003AD0D7F820B07869D9F80430BBF1010FF7
S31508069A1000F26C70DA46A8BF4FF0010A834279D184
S31508069A20D9E90821D9F85000D9F84CC0131A029377
S31508069A3061EBE0730393D9F848300193019AD9F894
S31508069A402830B2EB030E6CEBE371744578EB010232
S31508069A5066DAD9F80020002A6FD0029A9442039A49
S31508069A6078EB020203DB744578EB01016BDBBBF18D
S31508069A70000F4FF0000B6BDAD9F828301C1948EBA3
S31508069A80E378A9E040F26D12A8E74FF4B772A5E7A6
S31508069A90A8D0452340F26D1C64214FF4C87012E025
S31508069AA062BB93FBF1F201FB123252BB03F26C72F4
S31508069AB092FBF0FE00FB1E22002A14BF62464FF4F4
S31508069AC0B772AD1A013B9E4203F00302E8DBDAB928
S31508069AD0642296FBF2F302FB1363C3B906F26C73B0
S31508069AE04FF4C87293FBF2F102FB1133002B40F2D6
S31508069AF06D1308BF4FF4B773ED1A73E740F26D128C
S31508069B00DFE74FF4B772DCE740F26D13F4E74FF47C
S31508069B10B773F1E700F0AAF8002881D1D34650E0DA
S31508069B20019A121A01924FEAE0726CEB020C019A3C
S31508069B30944278EB0C0CF1DB8BE7029A9442039A73
S31508069B4078EB02028FDBBBF1000F3EDB4FF0010B11
S31508069B508AEA0B0ABAF1010F33D1BBF1000F4ED0D0
S31508069B601B1A3A68D7F80CA01A441C193A603846E4
S31508069B7048EBE378FFF708FEFA68B2EB0A0220D04C
S31508069B80012A3EDC911CD8BF0122FB691544D2186E
S31508069B9040D5731E9A0737D1642293FBF2F102FB6E
S31508069BA01133A3BB4FF4C87306F26B7696FBF3F232
S31508069BB003FB1266002E40F26D1318BF4FF4B673F8
S31508069BC0FB61BBF1010F7FF457AFD9F850301C196A
S31508069BD048EBE3784FF0010B00F0F4F80435072359
S31508069BE095FBF3F3C3EBC303ED1A48BF0735C7F86E
S31508069BF020B0BD612046414605B0BDE8F08FC31AC0
S31508069C00AFE74FF0FF32C0E74FF4B673D8E740F236
S31508069C106D13D5E7B30718D1642196FBF1F301FB5B
S31508069C201363DBB94FF4C87306F26C7696FBF3F149
S31508069C3003FB1166002E40F26D1308BF4FF4B77387
S31508069C409A42A8BFD21AFA61BBE740F26D13F7E744
S31508069C50F00A07088051010014B600204FF4B773BE
S31508069C60EEE74FF0FF34A046C4E700BF2DE9F74FED
S31508069C70054602F043F940F2B1739D4240F39580DA
S31508069C806FF4F662AC18A5F2B27340F26D12A41020
S31508069C9002FB03446FF06302A5F26D7393FBF2F3BE
S31508069CA01C444FF4C8736FF4C86195FBF3FC03FBB9
S31508069CB01C5C6A18BCFA8CF6B2FBF3F205F00303D1
S31508069CC014446422456095FBF2F7760902FB17579A
S31508069CD0014600F1500B00934FF0070A0D7A4B69BF
S31508069CE04A2D2BD1009AE51802B917B9BCF1000F0F
S31508069CF022D13B2BD4BF002301232B44013B8D697C
S31508069D002B4A4FEAE57EC3FB025E8B6AED184EEBDD
S31508069D10E373C1E9085328318B45DFD1D0E90843F7
S31508069D20D0E912128C429341B4BF01230023036083
S31508069D30012003B0BDE8F08F0023DEE7442D01D1EC
S31508069D402344DCE7009A52BB002F0CBF3546012593
S31508069D50CA680192174A4FF0300909FB0525A64637
S31508069D604FF00008043D019A08F10108424555F8E6
S31508069D70289016DC0EF1040595FBFAF8C8EBC80818
S31508069D80A5EB08055D1B0B6903F1FF3348BF0735CD
S31508069D90C3EBC3032B444B4505DA7344AFE7354695
S31508069DA0D6E7CE44DFE7073BF5E70020C1E700BF65
S31508069DB080510100200B0708014800F0B3BA00BF1E
S31508069DC023B60020014800F0AFBA00BF23B600202C
S31508069DD0014B186800F002B8F43F00202DE9F04F51
S31508069DE08DB0074602F08AF8BB49BC4D044638468C
S31508069DF001F0E8F9064610BBB94BBA4A1860BA4BE1
S31508069E00A0621860B94B2065C3E900224A210022E0
S31508069E100023C4E90300C4E90500C4E90D00C4E942
S31508069E200F00C4E90823C4E912232868217284F8B6
S31508069E303010FEF77FFA2E600DB0BDE8F08F296860
S31508069E40002940F08E802868FEF774FA3046D6F761
S31508069E5047FA411C3846FEF795FA2860002840F06E
S31508069E608680A14ADFF88482DFF874A2002313608D
S31508069E709F4ACAF8003000200021C8E90022C4E932
S31508069E800333C4E90533C4E90801C4E90D33C4E953
S31508069E900F33C4E912014A222272A36284F83020DB
S31508069EA0236533783A2B08BF013633783C2B62D1C3
S31508069EB0751C904A90490AAB284601F0C7FF002848
S31508069EC0BADD0A9BDA1E072AB6D8EB5C3E2BB3D157
S31508069ED002360A9BF518F35C2D2B5AD101354FF03D
S31508069EE0FF390023ADF81E30ADF8203008AF0AABAF
S31508069EF0CDE9013703930DF11E0300937F490AAB9B
S31508069F0007AA284601F0A2FF002895DDBDF81E30EF
S31508069F10BDF820603C2202FB0366BDF81C304FF4F0
S31508069F20616202FB03660A9B09FB06F605EB030953
S31508069F30EB5C3C2B40F0EC8009F10105704A6E4952
S31508069F400AAB284601F082FF002828DC99F801307A
S31508069F503E2B24D1674BA662C8E90033CAF80060CF
S31508069F606AE7D6F75DF900287FF46DAF64E73146F0
S31508069F7000F0DCF975E75F4A62490AAB304601F03C
S31508069F8065FF00287FF758AF0A9B033B072BA0D926
S31508069F9052E72B2B08BF01354FF00109A1E70A9BAB
S31508069FA0DA1E072A3FF648AFEB5C3E2B7FF444AF32
S31508069FB009F102090A9B09EB030519F803302D2B4B
S31508069FC040F0B58001354FF0FF390023ADF81C3057
S31508069FD0ADF81E30ADF820300A930AABCDE9027308
S31508069FE001930DF11E03009344490AAB07AA2846B6
S31508069FF001F02CFF002800F3A080A6F56163049300
S3150806A0000A9B27461D444FF0000B2B782C2B08BFBE
S3150806A010013595F80090B9F14D0F40F0A1800AABCD
S3150806A0200DF12602CDE9013209AA009236490393B3
S3150806A0300DF12202284601F009FF03287FF4FCAE3B
S3150806A040BDF822104B1E0B2B3FF6F6AEBDF82420A4
S3150806A050531E042B3FF6F0AEBDF82630062B3FF608
S3150806A060EBAEC7E9031287F808907B610A9B05EBF6
S3150806A070030900250223ADF81C30ADF81E50ADF8CD
S3150806A08020500A9599F800302F2B40F095800AAB98
S3150806A09008AACDE901320DF11E0200921B49039367
S3150806A0A007AA484601F0D2FEA84200F385804A214F
S3150806A0B000220023C4E90355C4E90555C4E9082363
S3150806A0C0C4E90D55C4E90F55C4E912232172A562E0
S3150806A0D084F830102565AFE6800B070810B6002011
S3150806A0E018B60020830B070814B60020A03F0020E8
S3150806A0F0090C070804B60020870B0708BC0B0708D7
S3150806A100F8B500209A0B0708A80B0708BB0B070823
S3150806A1103E4A3F490AAB484601F098FE00287FF7B3
S3150806A12019AF0A9B033B072B7FF644AF84E62B2B16
S3150806A13008BF01354FF0010947E7BDF81E20BDF8EF
S3150806A14020303C2101FB0233BDF81C204FF4616127
S3150806A15001FB023309FB03F351E74FF0010B54E702
S3150806A160B9F14A0F06BF01354B4644230A220BA905
S3150806A1702846059301F01EFCDDF82C90059BADF8E4
S3150806A1802600A94514D14D23BBF1000F07D123722A
S3150806A19003210223C4E90313C4F814B069E784F853
S3150806A1A030300B220123C4E90D230023E36360E75D
S3150806A1B080B23B7278615CE7BDF81E20BDF8203098
S3150806A1C03C2101FB0233BDF81C204FF4616101FBFB
S3150806A1D00233BB610A9D28374D44BBF1000FBCD03C
S3150806A1E0049B23650B4BC8F800306068074BA662CC
S3150806A1F0C8F80430FFF73AFDA26A236DCAF80020AC
S3150806A2009B1A054A18BF0123136015E6F8B5002000
S3150806A2109A0B070804B6002014B6002000487047B3
S3150806A2204041002038B5064D0023044608462B60F3
S3150806A230D8F745FA431C02D12B6803B1236038BD0B
S3150806A2401CB6002038B5074D0446084611460022B6
S3150806A2502A601A46D8F75AFA431C02D12B6803B164
S3150806A260236038BD1CB6002038B5074D0446084697
S3150806A270114600222A601A46D8F7E8F9431C02D185
S3150806A2802B6803B1236038BD1CB6002038B5064DC9
S3150806A2900023044608462B60D8F746FA431C02D123
S3150806A2A02B6803B1236038BD1CB6002038B5074DA8
S3150806A2B004460846114600222A601A46D8F7E3F9E4
S3150806A2C0431C02D12B6803B1236038BD1CB6002097
S3150806A2D0014B1868704700BFF43F002070B50D4D56
S3150806A2E00D4C641BA4100026A64209D10B4D0C4C36
S3150806A2F002F0D4FF641BA4100026A64205D170BD41
S3150806A30055F8043B98470136EEE755F8043B984757
S3150806A3100136F2E71C0F07081C0F07081C0F07086B
S3150806A320200F07087047704770477047034611F8AD
S3150806A330012B03F8012B002AF9D170470A449142EA
S3150806A34000F1FF3300D1704710B511F8014B03F839
S3150806A350014F9142F9D110BD1FB514461A46094B4D
S3150806A3601B680546D8684CB1074B0091CDE9013400
S3150806A37006492B4601F058FD01F06AFE044B1C46B9
S3150806A380F3E700BFF43F0020CE0B0708DB0B0708F0
S3150806A390090C0708002910B591FBF2F402FB141301
S3150806A3A006DB002B01DA01349B1AC0E9004310BD0F
S3150806A3B0002BC4BF04F1FF349B18F6E72DE9F74FC7
S3150806A3C003690C69A34207467EDB013C01F11408C2
S3150806A3D000F1140505EB8403019358F8243055F863
S3150806A3E0242001339A424FEA840B08EB8409B2FB10
S3150806A3F0F3F631D34FF0000E4046AC46F24650F817
S3150806A400042B93B206FB03E34FEA124E1A0C9BB2D1
S3150806A410AAEB0303DCF800A013FA8AF306FB0E225E
S3150806A4200093009B4FEA124E92B2C2EB1A4202EB17
S3150806A4302342BDF80030814543EA02434CF8043B03
S3150806A4404FEA224ADBD255F80B302BB9019B043B5F
S3150806A4509D421A462CD33C61384601F037F9002846
S3150806A46022DB01362946002058F8042BD1F800C00D
S3150806A47093B2C31A120C13FA8CF3C2EB1C4202EB04
S3150806A48023429BB243EA0243C14541F8043B4FEADD
S3150806A4902240E9D255F8242005EB840322B9043B69
S3150806A4A09D421A460AD33C61304603B0BDE8F08F92
S3150806A4B01268043B002ACED1013CC9E71268043B60
S3150806A4C0002AF0D1013CEBE70020EEE70000000089
S3150806A4D02DE9F04F2DED048BC56993B08DED020B72
S3150806A4E057EC106BDDF88080079104460A920D93A7
S3150806A4F075B91020FDF716FF0246E06120B9AE4B86
S3150806A500EF21AE48FFF728FFC0E901550560C5608B
S3150806A510E369196851B15A684A60012393408B600A
S3150806A520204600F097FEE36900221A603B1EBBBF71
S3150806A53023F00043039300230122ACBFC8F800307A
S3150806A540C8F800209E4BDDF80C8033EA08031BD1B9
S3150806A5500D9A42F20F731360C8F31303334300F0E0
S3150806A5609385219B63B9974B27E0974B009308334E
S3150806A570219A1360009813B0BDEC048BBDE8F08FE2
S3150806A580904B00930333F3E79DED027B002251ECD3
S3150806A590170BB0EE478AF0EE678A0023D6F7CCFA91
S3150806A5A0814660B10D9A01231360219B002B00F0AA
S3150806A5B06885864B219A1360013B0093DAE710AA51
S3150806A5C011A92046B0EE480AF0EE680A01F024F909
S3150806A5D0C8F30A558246002D7FD018EE903AC3F383
S3150806A5E0130343F07F5351EC180B43F44013A5F2BB
S3150806A5F0FF35CDF8389019460022754BD5F77CFEFF
S3150806A60067A3D3E90023D6F72FF867A3D3E9002370
S3150806A610D5F774FE064628460F46D5F7BBFF64A34C
S3150806A620D3E90023D6F720F802460B4630463946C4
S3150806A630D5F764FE06460F46D6F7C6FA00228346BF
S3150806A640002330463946D6F781FA48B15846D5F733
S3150806A650A1FF32463B46D6F76FFA08B90BF1FF3B20
S3150806A660BBF1160F57D85B4B03EBCB03D3E9002395
S3150806A67051EC180BD6F76AFA00284ED00BF1FF3BB9
S3150806A68000230C93109B5B1B5A1E45BFC3F101039F
S3150806A690059300230023069254BF05930693BBF140
S3150806A6A0000F3CDB069BCDF82CB05B4406930023D3
S3150806A6B00893079B092B68D8052BC4BF043B079349
S3150806A6C0079BA3F10203CCBF00250125032B00F245
S3150806A6D08580DFE803F02E3B3958DDE910531D4423
S3150806A6E005F23243202BC1BFC3F1400308FA03F82B
S3150806A6F005F2124326FA03F3D6BFC3F1200348EA46
S3150806A700030006FA03F0D5F735FF0122A1F1F8731F
S3150806A710013D0E926FE70123B3E70C90B2E7059B5E
S3150806A720A3EB0B030593CBF10003089300230B93C6
S3150806A730BFE7002309930A9B002B52DC01230193EA
S3150806A74004931A460A920BE00123F3E700230993BA
S3150806A7500A9B5B4401930133012B0493B8BF01237B
S3150806A760E0690021042202F114069E423DD94160A1
S3150806A770204600F02FFD0090002839D1164B0246D8
S3150806A78040F2AF11BDE60123E1E701250023079351
S3150806A79009954FF0FF330193049300221223D1E75C
S3150806A7A061436F63A787D23FB3C8608B288AC63FC3
S3150806A7B0FB799F501344D33F500A0708170C07081E
S3150806A7C00000F07F130C07080A0C07080F0F070886
S3150806A7D00000F83F080D07086F0C070801230993C0
S3150806A7E0D7E70A9B01930493BAE701315200BAE701
S3150806A7F0E369009A1A60049B0E2B00F2A880002DC6
S3150806A80000F0A580BBF1000F38DDC04B0BF00F0238
S3150806A81003EBC2031BF4807FD3E900674FEA2B18C4
S3150806A82019D0BB4B51EC180BD3E90823D6F746F8D3
S3150806A830CDE9020108F00F080325DFF8D492B8F12E
S3150806A840000F0AD1DDE9020132463B46D6F736F84D
S3150806A850CDE902012BE00225EFE718F0010F08D033
S3150806A86030463946D9E90023D5F7FEFE01350646B0
S3150806A8700F464FEA680809F10809E0E700F09F80E5
S3150806A880CBF10006A14BA24F06F00F0203EBC2035B
S3150806A890D3E9002351EC180BD5F7E6FECDE90201FC
S3150806A8A0361100230225002E7ED1002BD0D10C9B13
S3150806A8B0DDE90289002B00F08480964B002240468B
S3150806A8C04946D6F743F900287BD0049B002B78D057
S3150806A8D0019B002B39DD904B002240464946D5F7A9
S3150806A8E0C3FECDE90201019E0BF1FF370135DDE90D
S3150806A8F002892846D5F74EFE42464B46D5F7B4FE9C
S3150806A900864B0022D5F7FAFCA1F15073CDE9020170
S3150806A9100393002E58D1824B002240464946D5F766
S3150806A920EBFCDDE9022380468946D6F72DF9002891
S3150806A93040F09682DDE90221404601F10043494688
S3150806A940D6F704F9002840F089828DED028B119B13
S3150806A950002BC0F24E81BBF10E0F00F34A816B4BFA
S3150806A96003EBCB03D3E900890A9B002B80F2DC8034
S3150806A970049B002B00F3D88040F06F82684B0022B8
S3150806A98040464946D5F770FEDDE90223D6F7F2F8C2
S3150806A990049E3746002840F04582009D312305F877
S3150806A9A0013B0BF1010B41E2F20705D5D7E9002376
S3150806A9B0D5F75AFE013501237610083773E70225BF
S3150806A9C075E7049E5F4692E70099504B9DED027B1C
S3150806A9D0314402910999B0EE479AF0EE679A03EB6D
S3150806A9E0C60353E90223002944D04E490020D5F769
S3150806A9F065FF53EC192BD5F77FFC009D41EC190B27
S3150806AA0049464046D6F7E0F80646D5F7C3FD024658
S3150806AA100B4640464946D5F76FFC303605F8016BB6
S3150806AA2053EC192B80468946D6F790F8002864D148
S3150806AA3042464B4637490020D5F75EFC53EC192BA0
S3150806AA40D6F784F8002840F0B680029B9D423FF46C
S3150806AA507CAF314B51EC190B0022D5F705FE2E4B70
S3150806AA6041EC190B002240464946D5F7FDFD8046BE
S3150806AA708946C5E751EC170BD5F7F6FD029B009DEF
S3150806AA800F9341EC190B49464046D6F79DF80646FC
S3150806AA90D5F780FD303602460B4640464946D5F779
S3150806AAA02BFC05F8016B029B9D42804689464FF0B2
S3150806AAB0000224D11B4B51EC190BD5F71FFC024695
S3150806AAC00B4640464946D6F75FF8002873D153EC3D
S3150806AAD0192B14490020D5F70FFC02460B464046AB
S3150806AAE04946D6F733F800283FF42FAF0F9D6B1E5D
S3150806AAF00F9315F8013C302BF8D0BB464AE0064BB7
S3150806AB00D5F7B2FD80468946BDE700BF080D07089A
S3150806AB10E00C07080000F03F0000244000001C4037
S3150806AB20000014400000E03FDDE90267009D42464A
S3150806AB304B4630463946D5F7C1FED6F745F8019055
S3150806AB40D5F728FD42464B46D5F78EFD02460B46F7
S3150806AB5030463946D5F7D0FB019E049F303605F8B0
S3150806AB60016B009EAE1BB74202460B4634D1D5F79B
S3150806AB70C5FB42464B4606460F46D6F705F8C8B9FC
S3150806AB8042464B4630463946D5F7D6FF10B1019BA5
S3150806AB90DB070FD45146204600F05CFB00230D9ACE
S3150806ABA02B700BF101031360219B002B3FF4E2ACDB
S3150806ABB01D60DFE45F462B461D4613F8012D392A2C
S3150806ABC006D1009A9A42F7D10099302201370A70BF
S3150806ABD01A7801321A7090E7A34B0022D5F744FD7E
S3150806ABE00022002306460F46D5F7A6FF00289ED064
S3150806ABF0D0E7099A002A00F0CA80079A012A00F3C4
S3150806AC00AD800E9A002A00F0A58003F23343089E0B
S3150806AC10059D059A1A440592069A01211A44204664
S3150806AC20069200F0CDFB074665B1069B002B09DDAB
S3150806AC30AB42059AA8BF2B46D21A0592069AED1A72
S3150806AC40D31A0693089BF3B1099B002B00F0A38041
S3150806AC50002E10DD39463246204600F071FC524673
S3150806AC6001460746204600F0C1FB51468046204667
S3150806AC7000F0F0FAC246089B9A1B04D051462046B5
S3150806AC8000F05EFC82460121204600F099FB0B9BEC
S3150806AC90002B064640F381801A460146204600F0F8
S3150806ACA04FFC079B012B06467ADD4FF000083369F1
S3150806ACB006EB8303186900F035FBC0F12000069BF6
S3150806ACC0184410F01F0000F09480C0F12003042BEE
S3150806ACD040F38580059BC0F11C0003440593069B3B
S3150806ACE0034405440693059B002B05DD51461A4683
S3150806ACF0204600F07FFC8246069B002B05DD314682
S3150806AD001A46204600F076FC06460C9B002B72D0A7
S3150806AD103146504600F0DAFC00286CDA0023514624
S3150806AD200A22204600F0B8FA099B0BF1FF3B824639
S3150806AD30002B00F0B081002339460A22204600F08F
S3150806AD40ABFA019B002B074600F39680079B022B5E
S3150806AD5059DC91E0109BC3F1360358E7049B5E1E47
S3150806AD60089BB342BFBF089B0B9A0896F31AB4BF53
S3150806AD70D2189E1B049BBCBF0B920026002BB7BF9E
S3150806AD80DDE90423DDE904359D1A002341E7089E1B
S3150806AD90059D099F48E7089A70E7079B012B19DC6A
S3150806ADA0029BBBB9039BC3F313039BB9039B23F00F
S3150806ADB000431B0D1B0583B1059B01330593069BB3
S3150806ADC0013306934FF001080B9B002B7FF46FAFF8
S3150806ADD0012074E74FF00008F6E79846F4E782D0B4
S3150806ADE0059A1C331A440592069A1A441D44069275
S3150806ADF079E70346F4E7049B002B37DC079B022B0F
S3150806AE0034DD049B0193019B63B93146052220462E
S3150806AE1000F042FA01460646504600F057FC00285E
S3150806AE203FF7BBAD0A9B009D6FEA030B4FF0000880
S3150806AE303146204600F00EFA002F3FF4ABAEB8F1C5
S3150806AE40000F05D0B84503D04146204600F002FA61
S3150806AE503946204600F0FEF99CE600263746E1E725
S3150806AE60BB46374699E500BF00002440099B002BE0
S3150806AE7000F0C880049B0193002D05DD39462A4655
S3150806AE80204600F0B7FB0746B8F1000F5BD0796895
S3150806AE90204600F09FF9054628B9834B024640F23C
S3150806AEA0EF21FFF72EBB3A690232920007F10C0131
S3150806AEB00C30FFF743FA01222946204600F09AFB92
S3150806AEC0009B01330493DDE9002313440893029B90
S3150806AED003F00103B84606930746049B3146013B31
S3150806AEE050460193FFF76AFA4146029000F1300987
S3150806AEF0504600F0EBFB3A4605903146204600F0F0
S3150806AF0001FCC268054602BB0146504600F0DEFB58
S3150806AF10024629462046099200F09CF9079B099A9B
S3150806AF20049D43EA0201069B194310D1B9F1390F6C
S3150806AF3029D0059B002B02DD029B03F13109019BF3
S3150806AF4083F8009074E73846BAE70122E1E7059BDD
S3150806AF50002B04DB07990B4306990B4320D1002ADD
S3150806AF60EDDD51460122204600F044FB3146824675
S3150806AF7000F0ACFB002803DCE1D119F0010FDED0A6
S3150806AF80B9F1390FD8D1019A392313702B461D46C4
S3150806AF90013B15F8012C392A6CD001321A7047E79D
S3150806AFA0002A07DDB9F1390FEDD0019A09F1010337
S3150806AFB013703DE7049B089A03F8019C934243D015
S3150806AFC0514600230A22204600F066F9B84582460D
S3150806AFD04FF000034FF00A024146204607D100F01B
S3150806AFE05BF980460746049B0133049375E700F030
S3150806AFF053F93946804600230A22204600F04CF9C2
S3150806B0000746F0E7049B0193009D31465046FFF735
S3150806B010D5F900F13009009B05F8019BEA1A019B50
S3150806B020934207DD514600230A22204600F034F9EA
S3150806B0308246EAE7019B002BC8BF1D46009BD8BF80
S3150806B04001251D444FF0000851460122204600F00E
S3150806B050D1FA3146824600F039FB002896DC02D141
S3150806B06019F0010F92D12B461D4613F8012D302AE9
S3150806B070FAD0DDE6009A9A4289D10BF1010B312303
S3150806B08096E70A4BFFF799BA219B002B7FF46DAA20
S3150806B090074BFFF792BA019B002BB5DC079B022BE1
S3150806B0A03FF7B1AEB0E700BF6F0C07080E0F0708EB
S3150806B0B00A0C070837B5002944D051F8043C019014
S3150806B0C0002BA1F10404B8BFE418FDF7DBF91E4A04
S3150806B0D00198136833B96360146003B0BDE830405D
S3150806B0E0FDF7D6B9A34208D9256861198B4201BF6F
S3150806B0F019685B6849192160EDE71A465B680BB162
S3150806B100A342FAD911685518A5420BD124682144D9
S3150806B1105418A3421160E0D11C685B6853600C445E
S3150806B1201460DAE702D90C230360D6E725686119A5
S3150806B1308B4204BF19685B68636004BF49192160BE
S3150806B1405460CAE703B030BDB4B400202DE9F84F01
S3150806B150DFF86CA007468946164600F081FFDAF83E
S3150806B160004034B14B46984613F8012B3AB13D2AAE
S3150806B170F9D1384600F07AFF0020BDE8F88FA8EB2B
S3150806B1800908A34654F8040B0028F2D04246494655
S3150806B19000F0A2FE0028F4D154F8043C03EB080597
S3150806B1A013F808303D2BECD1DAF80030ABEB030385
S3150806B1B09B103846336000F059FF681CDDE700BF70
S3150806B1C00000002007B501AAFFF7C0FF03B05DF827
S3150806B1D004FB000070B5C66904460D4676B910200C
S3150806B1E0FDF7A0F80246E06120B9184B18486B210E
S3150806B1F0FFF7B2F8C0E901660660C660E669F36855
S3150806B20083B1E369DB6853F82500B8B9012101FA69
S3150806B21005F6721D92002046FDF76EF860B1C0E984
S3150806B22001560EE0212204212046FDF765F8E3695A
S3150806B230F060DB68002BE4D1002070BD026843F895
S3150806B24025200023C0E90333F7E700BF500A07089D
S3150806B250800C070870B5C66905460C4676B91020EF
S3150806B260FDF760F80246E86120B9094B09488F21BF
S3150806B270FFF772F8C0E901660660C6603CB1EB697D
S3150806B2806268DB6853F82210216043F8224070BDD5
S3150806B290500A0708800C07082DE9F0410D6907468C
S3150806B2A00C461E4601F1140C0020DCF8003099B253
S3150806B2B002FB01611E0C0B0C02FB063389B2013038
S3150806B2C001EB034185424CF8041B4FEA1346ECDCB6
S3150806B2D00EB3A368AB4219DC616838460131FFF73D
S3150806B2E079FF804628B902460C4B0D48BA21FFF766
S3150806B2F033F82269023204F10C0192000C30FFF78A
S3150806B3001DF821463846FFF7A5FF444604EB850394
S3150806B31001355E6125612046BDE8F0816F0C070898
S3150806B320800C0708030C1B04D3B90004102310F07D
S3150806B3307F4F04BF0002083310F0704F04BF0001A8
S3150806B340043310F0404F04BF80000233002805DBA3
S3150806B35010F0804F03F1010308BF202318467047F3
S3150806B3600023E4E7036813F007020CD0D90722D4B2
S3150806B3709A0749BF5B089B08036001225CBF036006
S3150806B38002221046704799B209B91B0C1022D9B287
S3150806B39009B908321B0A190704BF1B09043299079B
S3150806B3A004BF9B080232D90703D45B0802F10102DF
S3150806B3B003D00360E5E70022E3E72022E1E7000081
S3150806B3C010B50C460121FFF705FF024628B9054BBD
S3150806B3D0054840F24511FEF7BFFF012344610361A4
S3150806B3E010BD00BF6F0C0708800C07082DE9F04F43
S3150806B3F091460A69D9F810309A42B8BF0B460C46E8
S3150806B400BCBF4C4699462769D9F810A0A368616857
S3150806B41007EB0A06B34285B0B8BF0131FFF7DAFE75
S3150806B42030B90246444B45484FF4B171FEF794FFCE
S3150806B43000F1140505EB86082B460022434521D361
S3150806B44004F1140303EB870709F1140303EB8A02D5
S3150806B45002923A1B153A22F00302043204F1150148
S3150806B4608F4238BF04220192029A03939A420CD855
S3150806B470002E03DD58F8043D002B5BD0066105B0A7
S3150806B480BDE8F08F43F8042BD8E7B3F800A0BAF165
S3150806B490000F24D004F1140EA9464FF0000C5EF8EE
S3150806B4A0042BD9F800101FFA82FB89B20AFB0B1186
S3150806B4B04FEA124BD9F8002061444FEA124C0AFBB0
S3150806B4C00BC202EB114289B241EA0241774549F8B5
S3150806B4D0041B4FEA124CE2D8019A45F802C0039AB1
S3150806B4E0B2F802900433B9F1000F21D0296804F1A5
S3150806B4F0140CAE464FF0000ABCF800B0BEF802209F
S3150806B50009FB0B22524489B241EA02414EF8041B52
S3150806B5105CF8041B4FEA114ABEF8001009FB0A112B
S3150806B52001EB124167454FEA114AE5D8019AA95037
S3150806B530043599E7013E9BE76F0C0708800C070858
S3150806B5402DE9F843154612F0030206460F4607D0BC
S3150806B550254C013A002354F82220FFF79DFE07469C
S3150806B560AD103DD0F4697CB91020FCF7DBFE024627
S3150806B570F06128B91D4B1E4840F2B311FEF7ECFEE2
S3150806B580C0E901440460C460D6F81C80D8F80840AF
S3150806B5904CB940F271213046FFF712FF0023C8F86E
S3150806B5A00800044603604FF00009EB070AD539463A
S3150806B5B022463046FFF71AFF394680463046FFF7D9
S3150806B5C049FE47466D100BD0206838B922462146F3
S3150806B5D03046FFF70BFF2060C0F800900446E4E704
S3150806B5E03846BDE8F88300BFD00D0708500A070895
S3150806B5F0800C07082DE9F0470C464968236903EBD2
S3150806B6006218A368074691464FEA621A08F10106C8
S3150806B610B3420BDB3846FFF7DDFD054648B9024659
S3150806B620284B29484FF4EF71FEF796FE01315B0069
S3150806B630EEE7002300F1140100F1100218465345FF
S3150806B64033DB20692AEAEA7A04F1140319F01F099A
S3150806B65001EB8A0103EB800C2BD0C9F1200E8A4632
S3150806B6600022186800FA09F010434AF8040B53F842
S3150806B670042B9C4522FA0EF2F3D8ACEB0403153BD1
S3150806B68023F00303043304F11500844538BF042365
S3150806B690CA500AB108F10206013E38462E6121460D
S3150806B6A0FFF7D8FD2846BDE8F08742F8040F0133B0
S3150806B6B0C5E7043953F8042B41F8042F9C45F9D8F5
S3150806B6C0EAE700BF6F0C0708800C070830B5026961
S3150806B6D00C69121B0ED100F11403143103EB840016
S3150806B6E001EB840150F8045D51F8044DA54203D0D8
S3150806B6F005D30122104630BD8342F3D3FAE74FF04D
S3150806B700FF32F7E72DE9F84F0C460646114620465E
S3150806B7109046FFF7DBFF051E10D129463046FFF790
S3150806B72059FD30B93A4B024640F237213948FEF7F9
S3150806B73013FE0123C0E90435BDE8F88FA4BF4346C6
S3150806B740A0463046D8F80410A6BF1C460025012593
S3150806B750FFF740FD20B92E4B024640F24521E5E7A4
S3150806B760D8F810702669C56004F1140908F114059D
S3150806B77000F1140E05EB870C09EB860608F1100294
S3150806B780F246002159F8043B52F804BF11FA8BF821
S3150806B79099B21B0CA8EB0108C3EB1B4303EB284322
S3150806B7A01FFA88F819144E4548EA03434AF8043B33
S3150806B7B0E8D8331B153B23F0030304331534A64296
S3150806B7C038BF04231D4473449E462E4666450ED34B
S3150806B7D00CF10302521B22F00302033DAC4538BFA7
S3150806B7E00022134453F8042D7AB10761A4E756F8E4
S3150806B7F0048B11FA88F2141404EB184492B242EA3E
S3150806B80004424EF8042B2114E0E7013FEAE700BF9D
S3150806B8106F0C0708800C07082DE9F7430F46012128
S3150806B82059EC108B1646FFF7D5FC044630B9024686
S3150806B830244B254840F20F31FEF78EFDC9F30A550B
S3150806B840C9F313032DBB0193B8F1000326D0684646
S3150806B8500093FFF787FDDDE90012E8B1C0F1200382
S3150806B86002FA03F30B43C24063610192019BA3618B
S3150806B870002B14BF022201222261BDB1A5F233456F
S3150806B88005443D60C0F135003060204603B0BDE88A
S3150806B890F08343F48013D6E76161E7E701A8FFF76B
S3150806B8A061FD019B636120300122E5E704EB820313
S3150806B8B0A0F2324038601869FFF734FDC0EB421033
S3150806B8C0E2E700BF6F0C0708800C07082DE9F0436E
S3150806B8D0364F86460D46284615F8014B3E5D16F048
S3150806B8E00806F8D12D2C30D12C780126851C002B7C
S3150806B8F057D0102B09D1302C07D1287800F0DF0055
S3150806B900582849D16C78102302354FF0FF3800279E
S3150806B910B8FBF3F803FB08F96FEA09093846A4F1F8
S3150806B920300CBCF1090F15D86446A34223DDB7F1DE
S3150806B930FF3F07D080451BD301D1A14518DB00FB85
S3150806B9400340012715F8014BE9E72B2C04BF2C7891
S3150806B950851CCCE7A4F1410CBCF1190F01D8373C7C
S3150806B960E3E7A4F1610CBCF1190F04D8573CDCE7F0
S3150806B9704FF0FF37E6E77B1C06D12223CEF80030C8
S3150806B980384632B9BDE8F08306B14042002AF9D0F6
S3150806B99007B1691E1160F5E73024002BB5D10823D7
S3150806B9A0B3E7302CA9D00A23AFE700BFDD0D070899
S3150806B9B0FFF78CBF13460A46014602480068FFF79A
S3150806B9C085BF00BFF43F00202DE9F0478E681F4665
S3150806B9D0BE420B6882460C4690462CD88A8912F4D3
S3150806B9E0906F26D06569096905EB4505A3EB01093C
S3150806B9F005EBD5757B1C4B446D109D4238BF1D461D
S3150806BA00530527D52946FCF7BDFC064660B32169CA
S3150806BA104A46FEF793FCA38923F4906343F0800312
S3150806BA20A381266165614E44A5EB09052660A560D6
S3150806BA303E46BE4200D93E4620683246414600F09A
S3150806BA4031FAA3689B1BA36023683344236000204E
S3150806BA50BDE8F0872A4600F021FB06460028E0D115
S3150806BA6021695046FFF726FB0C23CAF80030A3893E
S3150806BA7043F04003A3814FF0FF30E9E72DE9F04F85
S3150806BA8098468B891B069DB007460D4614460ED565
S3150806BA900B6963B94021FCF775FC2860286120B953
S3150806BAA00C233B604FF0FF30D0E040236B61002348
S3150806BAB0099320238DF82930CDF80C803023DFF83A
S3150806BAC0A4818DF82A304FF0010923469A4613F8C1
S3150806BAD0012B0AB1252AF9D1BAEB040B0BD05B4622
S3150806BAE0224629463846FFF76FFF013000F0A9803F
S3150806BAF0099A5A4409929AF80030002B00F0A18058
S3150806BB0000234FF0FF32CDE905230AF1010A049313
S3150806BB1007938DF853301A935446052214F8011BD9
S3150806BB205048D4F78DFB049AD8B9D00644BF2023CB
S3150806BB308DF85330110744BF2B238DF853309AF8E6
S3150806BB4000302A2B15D0079A544600204FF00A0CC7
S3150806BB50214611F8013B303B092B4DD9B0B1079266
S3150806BB6014E0A0EB080309FA03F313430493A24669
S3150806BB70D2E7039B191D1B680391002BBBBF5B42CB
S3150806BB8042F0020207930793B8BF049223782E2B36
S3150806BB900CD163782A2B34D1039B1A1D1B68039292
S3150806BBA0002BB8BF4FF0FF3302340593DFF8C4A065
S3150806BBB0217803225046D4F743FB38B1049BA0EB01
S3150806BBC00A004022824013430134049314F8011BE9
S3150806BBD025488DF828100622D4F732FB002838D0D7
S3150806BBE0224B1BBB039B073323F007030833039338
S3150806BBF0099B3344099368E70CFB02320C4601207D
S3150806BC00A6E700230134059319464FF00A0C204689
S3150806BC1010F8012B303A092A03D9002BC6D005910C
S3150806BC20C4E70CFB012104460123F0E703AB0093A6
S3150806BC302A460F4B04A93846FCF7D0FC421C064692
S3150806BC40D6D1AB895B063FF52DAF09981DB0BDE881
S3150806BC50F08F03AB00932A46054B04A93846FCF732
S3150806BC6061FFEBE7DD0E0708E70E0708DD85060820
S3150806BC70C9B90608E30E07088A892DE9F04105467B
S3150806BC8010070C4658D44B68002B05DC0B6C002BAA
S3150806BC9002DC0020BDE8F081E66A002EF9D0002312
S3150806BCA012F480522F68216A2B6032D0606DA38900
S3150806BCB05A0705D56368C01A636B0BB1236CC01A9D
S3150806BCC000230246E66A216A2846B047431CA3892A
S3150806BCD006D129681D292BD8294A0A41D60727D409
S3150806BCE000226260D9042269226004D5421C01D169
S3150806BCF02B6803B96065616B2F600029C9D004F10A
S3150806BD004403994202D02846FFF7D4F90020606317
S3150806BD10C0E701232846B047411CC8D12B68002B2B
S3150806BD20C5D01D2B01D0162B01D12F60B1E7A389EB
S3150806BD3043F04003A381ADE70F69002FA9D0930707
S3150806BD400E6808BF4B690F6018BF0023A6EB0708E5
S3150806BD508B60B8F1000F9CDD216AA66A43463A460F
S3150806BD602846B047002806DCA38943F04003A3818A
S3150806BD704FF0FF308EE70744A8EB0008E9E700BF57
S3150806BD80FEFFBFDF38B50B6905460C4613B9002515
S3150806BD90284638BD18B1036A0BB9FDF75FF8B4F93A
S3150806BDA00C30002BF3D0626ED00704D4990502D462
S3150806BDB0A06DFEF7B8FA28462146FFF75DFF636EC3
S3150806BDC0DA070546E4D4A3899B05E1D4A06DFEF7F8
S3150806BDD0ACFADDE738B5134D0446286818B1036A88
S3150806BDE00BB9FDF73BF8636ED80705D4A389990501
S3150806BDF002D4A06DFEF797FAB4F90C305BB1B4F924
S3150806BE000E50626ED20704D49B0502D4A06DFEF7C7
S3150806BE108CFA284638BD2A68092111604FF0FF3585
S3150806BE20EFE700BFF43F00200EB403B5014603ABA7
S3150806BE30054853F8042B0068019300F067FB02B027
S3150806BE405DF804EB03B07047F43F00200EB410B556
S3150806BE509FB021AC4FF4017154F8042B0192ADF84A
S3150806BE601C1004900890D4F73BFA0C4B05900990E1
S3150806BE700D930B48019A00680394002311931693B1
S3150806BE804FF6FF73ADF81E3004A9234600F09CF959
S3150806BE901FB0BDE8104003B0704700BFAF90060854
S3150806BEA0F43F0020884210B501EB020402D9844209
S3150806BEB0234607D8431EA14208D011F8012B03F8DA
S3150806BEC0012FF8E7024401468A4200D110BD13F84D
S3150806BED0014D02F8014DF7E710B56AB10139841824
S3150806BEE010F8012B11F8013F9A4203D1A04201D05E
S3150806BEF0002AF5D1D01A10BD1046FCE7004870474F
S3150806BF00F83F00202DE9F0414D4A0C460023D0E9BA
S3150806BF100001D4F7D1FE002ABCBF02F5A83202F505
S3150806BF20C0724FF4616100F52F20B2FBF1F301FBF5
S3150806BF3013224FF03C01ACBF00F66C2000F66B20CE
S3150806BF40A360B2FBF1F301FB132263602260C31CF4
S3150806BF50072293FBF2F2C2EBC2029B1A48BF0733CB
S3150806BF600028A361B8BFA0F50E333649AEBF90FBCD
S3150806BF70F1F1A3F52C7393FBF1F1334B03FB0100A7
S3150806BF8048F6AC63B0FBF3F3034440F2B45CB0FB8B
S3150806BF90FCF29B1A40F26D172C4AB0FBF2F26426A5
S3150806BFA09B1AB3FBF7F2B3FBFCF3B2FBF6F5EB1AF7
S3150806BFB0034407FB1233992003EB8307023703F181
S3150806BFC0010EB7FBF0FC00FB0CF002304FF005083B
S3150806BFD0B0FBF8F0AEEB000040F2F95E774594BF89
S3150806BFE002276FF0090767444FF4C87C0CFB01214A
S3150806BFF0012F98BF0131B3F5997F0CD3A3F5997331
S3150806C000E361A1F26C710023E060C4E9047123625E
S3150806C0102046BDE8F08112F0030F02D106FB15256E
S3150806C0205DB94FF4C875B2FBF5F605FB1622B2FAEA
S3150806C03082F252093B331344E2E70122FAE700BFCC
S3150806C04080510100B13A02004FC5FDFFB03A020021
S3150806C05008B5062000F0F2FD0120D6F7EDFA000035
S3150806C0600148FEF760B900BF20B600200148FEF772
S3150806C0705CB900BF20B6002082B001B901A942B159
S3150806C0804BB113780B601278101E18BF012002B048
S3150806C09070471046FBE76FF00100F8E72DE9F04117
S3150806C0A0804614460E4621B9BDE8F0411146FCF70E
S3150806C0B069B92AB9FEF7FEFF25462846BDE8F08186
S3150806C0C000F0D8FD8442074602D8B4EB500F12D8C2
S3150806C0D021464046FCF756F905460028EDD0BC42EF
S3150806C0E02246314628BF3A46FEF728F931464046E3
S3150806C0F0FEF7E0FFE1E73546DFE749B1FF2A85BFE8
S3150806C1008A2303600A704FF0FF3098BF01207047F4
S3150806C1100846704738B54B1C144603D14FF0FF3511
S3150806C120284638BD938923F020039381636B5268AA
S3150806C130CDB28BB1A36B934208DD23685A1E2260E3
S3150806C14003F8015C636801336360E9E7214600F09A
S3150806C1507EFC0028F1D0E1E72169236851B19942AE
S3150806C16008D213F8011CA94204D1013B0132236007
S3150806C1706260D5E7C4E90F3204F144036363032317
S3150806C180A363234603F8465F23600123DCE710B55D
S3150806C1900C46496B69B104F14403994201D0FEF78E
S3150806C1A089FF236C63600020606313B1E36B236029
S3150806C1B010BD2369236000236360A38943F0200327
S3150806C1C0A3814FF0FF30F3E72DE9F0470C46ADF5AE
S3150806C1D0227D0021CDE94411A649A0910DF1040856
S3150806C1E0A549A64FDFF89892CDF818810646A1917B
S3150806C1F000931378002B00F05A81F95C11F00801B8
S3150806C20002F1010519D06368002B0FDD23681A7839
S3150806C210BA5C120701D42A46EBE7459A01324592DB
S3150806C22062680133013A62602360ECE7A19B214606
S3150806C230304698470028E9D0EDE7252B12D09A46CE
S3150806C2406368002B40F3918022681378534540F0C3
S3150806C2502E816368013B6360459B01320133226088
S3150806C2604593D8E74191439153782A2B02BF102369
S3150806C270951C41930A22AA461AF8011BA1F1300316
S3150806C280092B1CD97E480322D3F7DAFF38B1419A1F
S3150806C290A0EB09000123834013434193554615F83D
S3150806C2A0013B782B06D8572B10D8252BC7D057D83D
S3150806C2B0002B65D0032347930A23429376E0439BD4
S3150806C2C002FB0311303943915546D4E7A3F15802C8
S3150806C2D0202AEFD801A151F822F000BF8FC306081D
S3150806C2E0B5C20608B5C20608EDC30608B5C20608ED
S3150806C2F0B5C20608B5C20608B5C20608B5C2060816
S3150806C300B5C20608B5C2060803C40608E9C3060880
S3150806C31067C3060867C3060867C30608B5C20608DC
S3150806C320A5C30608B5C20608B5C20608B5C20608F4
S3150806C330B5C2060813C40608E1C3060887C3060875
S3150806C340B5C20608B5C206080FC40608B5C2060869
S3150806C350E9C30608B5C20608B5C206088FC30608A5
S3150806C360453B022BA6D805231FE0A19B214630464E
S3150806C370984700283FF468AF4498002840F08D8017
S3150806C3804FF0FF308FE0419A42F020024192419ADF
S3150806C39042F40072419210226F2B429234BF032355
S3150806C3A0042302E000234293032347936368002B82
S3150806C3B03DDD419B590604D423681A78BA5C1207F0
S3150806C3C03CD4479B022B4BDC6B46224641A930469A
S3150806C3D000F0B6F901286AD002287FF41CAFCBE72D
S3150806C3E0082342930423E0E70A22D5E7294640466E
S3150806C3F000F0F4FA419B43F04003419305460123B6
S3150806C400D3E7419B43F0400341930023CDE702233C
S3150806C410CBE74198C3063FF5FEAE009B459A191D24
S3150806C42000911B68C0074CBF1A801A60F3E6A19BE9
S3150806C4302146304698470028BBD09DE7459A0132E3
S3150806C44045926268013A002A626002DD013323607A
S3150806C450B2E7A19B2146304698470028ACD08BE721
S3150806C460042B0FDC6B46224641A9304600F0C2F97A
S3150806C470B0E700BF15C106088FC10608DD0D070817
S3150806C480E30E07080B4B002B3FF4C5AE6B46224658
S3150806C49041A93046AFF300809CE7A38913F0400F05
S3150806C4A018BF4FF0FF300DF5227DBDE8F08744989A
S3150806C4B0F9E700BF000000009368013B002B10B4A3
S3150806C4C0936008DA9469A34201DB0A2903D15DF869
S3150806C4D0044B00F0F6BA1368581C10601970084623
S3150806C4E05DF8044B7047F8B506460F461446D51848
S3150806C4F0AC4201D1002007E014F8011B3A46304643
S3150806C500FFF7DAFF431CF3D1F8BD00002DE9F04F1B
S3150806C5100D469DB014469846064618B1036A0BB9E9
S3150806C520FCF79CFC6B6ED90705D4AB899A0502D431
S3150806C530A86DFDF7F8FEAB891B0701D52B699BB9D4
S3150806C5402946304600F0FAFA70B16B6EDC0704D558
S3150806C5504FF0FF301DB0BDE8F08FAB899805F7D4CC
S3150806C560A86DFDF7E2FEF3E70023099320238DF86D
S3150806C5702930CDF80C803023DFF8B0818DF82A30C3
S3150806C5804FF0010923469A4613F8012B0AB1252AC4
S3150806C590F9D1BAEB040B0BD05B4622462946304640
S3150806C5A0FFF7A1FF013000F0A980099A5A440992BB
S3150806C5B09AF80030002B00F0A18000234FF0FF32D6
S3150806C5C0CDE905230AF1010A049307938DF853303A
S3150806C5D01A935446052214F8011B5448D3F730FE1D
S3150806C5E0049AD8B9D10644BF20238DF853301307C9
S3150806C5F044BF2B238DF853309AF800302A2B15D0D2
S3150806C600079A544600204FF00A0C214611F8013BBA
S3150806C610303B092B4DD9B0B1079214E0A0EB0803BD
S3150806C62009FA03F313430493A246D2E7039B191D9B
S3150806C6301B680391002BBBBF5B4242F002020793BD
S3150806C6400793B8BF049223782E2B0CD163782A2B2E
S3150806C65034D1039B1A1D1B680392002BB8BF4FF0F3
S3150806C660FF3302340593DFF8D4A021780322504617
S3150806C670D3F7E6FD38B1049BA0EB0A0040228240B8
S3150806C68013430134049314F8011B29488DF828101E
S3150806C6900622D3F7D5FD00283FD0264B1BBB039BA6
S3150806C6A0073323F0070308330393099B3B4409938F
S3150806C6B068E70CFB02320C460120A6E70023013484
S3150806C6C0059319464FF00A0C204610F8012B303A06
S3150806C6D0092A03D9002BC6D00591C4E70CFB01210C
S3150806C6E004460123F0E703AB00932A46124B04A936
S3150806C6F03046FBF773FF0746781CD6D16B6ED9070B
S3150806C70005D4AB899A0502D4A86DFDF70EFEAB894A
S3150806C7105B063FF51DAF09981CE703AB00932A464F
S3150806C720054B04A93046FCF7FDF9E4E7DD0E0708D4
S3150806C730E70E0708DD850608E7C40608E30E0708B8
S3150806C7402DE9F84315468A6880460C4632B98A6941
S3150806C750002A0CBF01224FF0FF328A602268DFF8F2
S3150806C7609090D1065FBF1A68111D196016680027D2
S3150806C770A06988B1012807D12A6811786269525CCE
S3150806C78052B9002F31D022E0022820D12B681B7817
S3150806C79019F803301B071AD42368DA065EBF2B6816
S3150806C7A01B7806F8013B2A686B6801322A60A2687C
S3150806C7B0013B013A6B600137A26042B1002BD7DC18
S3150806C7C0D4F880312946404698470028D0D02368B1
S3150806C7D013F0100305D1E2680132E260A26902B1DC
S3150806C7E0337023693B4423610020BDE8F88300BF04
S3150806C7F0DD0D07082DE9F04F9846744B0C46824620
S3150806C800164693E8070087B003AB83E80700704B24
S3150806C810A169704A032918BF1A46A36801925A1EC7
S3150806C820B2F5AE7F88BF6FF4AE75274682BF03EBB7
S3150806C830050940F25D13A36057F81C3B43F45063A1
S3150806C84098BF4FF0000923603D464FF0000B31684C
S3150806C85003AB097853F82B000222D3F7F1FC28B369
S3150806C860BBF1010F59D162682AB92268082342F436
S3150806C870007263602260226822F4A0622260A268BF
S3150806C880511EA16092B13268511C3160127805F8C2
S3150806C890012B7268013A002A726007DCD4F88021F7
S3150806C8A0314650469047002840F085800BF1010B2B
S3150806C8B0BBF1030FCBD163680BB90A2363606368C0
S3150806C8C045496069C91A00F089F84FF0000BA36854
S3150806C8D02268002B3DD03168606991F800C010F8CF
S3150806C8E00C00002835D0BCF1300F24D1100522D50E
S3150806C8F00BF1010BB9F1000F03D0013309F1FF392A
S3150806C900A3607368013B002B73601BDD3368013334
S3150806C9103360A368013BA360D9E7BBF1020FAED12A
S3150806C920226802F4C061B1F5007FBFD110236360A7
S3150806C93042F48072A2E722F4106222600B7805F8A8
S3150806C940013BDEE7D4F88031314650469847002841
S3150806C950DFD02368D9050DD5BD4209D915F8011CBE
S3150806C960D4F87C3132465046984705F1FF394D468C
S3150806C970BD4228D0226812F0100213D12A706368C5
S3150806C980019E39465046B047D8F8003021681A1D28
S3150806C990C8F8002011F0200F1B680FD01860E3684E
S3150806C9A00133E3602369ED1B5D442B4423610020B4
S3150806C9B007B0BDE8F08F4FF0000BCAE7CA074CBFB1
S3150806C9C018801860EBE70120F2E700BFF8F20608C0
S3150806C9D0B1B9060889CD0608080F070870B50B7899
S3150806C9E004465E2B0BBF4B784A1C8A1C002108BFDF
S3150806C9F00121013804F1FF0500F8011FA842FBD101
S3150806CA000BB9501E70BD81F00101E154104602466D
S3150806CA1012F8015B2D2D05D05D2D16D0002DF1D00F
S3150806CA202B46F2E746785D2EFAD0B342F8DC02309A
S3150806CA301A4601329642A154FBDCF21A013A5D1CEB
S3150806CA40B342A8BF0022AB18E1E71046DAE72DE99C
S3150806CA50F0410C46496B04F1440399421DD14FF443
S3150806CA608061FBF78FFC18B94FF0FF30BDE8F081FF
S3150806CA704FF48063A36394F84630606380F8FF3307
S3150806CA8094F8453080F8FE3394F8443080F8FD3340
S3150806CA9000F2FD3020600020E8E7A66B77003A46EC
S3150806CAA0FFF7FCFA05460028DED000EB0608014625
S3150806CAB032464046FDF742FCC4E90D57C4F80080E5
S3150806CAC0E9E7F8B50E461446054618B1036A0BB9E2
S3150806CAD0FCF7C4F9A369A360A3891A0725D52369B0
S3150806CAE01BB323682269981A6369F6B283423746E6
S3150806CAF004DC21462846FFF745F9E0B9A368013B59
S3150806CB00A36023685A1C22601E706269431C9A42F7
S3150806CB1004D0A389DB0706D50A2E04D12146284662
S3150806CB20FFF730F938B93846F8BD2146284600F0E9
S3150806CB3005F80028D5D04FF0FF37F4E738B52A4B65
S3150806CB40054618680C4618B1036A0BB9FCF786F948
S3150806CB50A389B4F90C20180722D4D90607D40923C1
S3150806CB602B6042F04003A3814FF0FF3034E05807AC
S3150806CB7012D5616B41B104F14403994202D02846A5
S3150806CB80FEF798FA00236363A38923F02403A38197
S3150806CB900023636023692360A38943F00803A381FE
S3150806CBA023694BB9A38903F42073B3F5007F03D031
S3150806CBB02146284600F010F9A089B4F90C2010F091
S3150806CBC001030AD00023A36063695B42A361236954
S3150806CBD043B910F08000C4D138BD810758BF6369D0
S3150806CBE0A360F4E70020F7E7F43F00201F2938B5CD
S3150806CBF004460D4604D9162303604FF0FF3038BDA8
S3150806CC00C26B12B152F821304BB9204600F030F803
S3150806CC102A4601462046BDE8384000F017B8012BDB
S3150806CC200AD0591C03D1162303600120E7E700241E
S3150806CC3042F82540284698470020E0E7024B014679
S3150806CC401868FFF7D3BF00BFF43F002038B5074D75
S3150806CC5000230446084611462B60D5F7DDFC431C1F
S3150806CC6002D12B6803B1236038BD00BF1CB600206D
S3150806CC70D5F7CABC51F8043C181F002BBCBF0B5885
S3150806CC80C0187047012B2DE9F04701D0242B06D989
S3150806CC90FDF71EFB162303600020BDE8F087DFF8C4
S3150806CCA0E4C00D462E4615F8014B1CF8047017F01D
S3150806CCB00807F7D12D2C32D12C780127B51C002B65
S3150806CCC05BD0102B09D1302C07D12C7804F0DF0461
S3150806CCD0582C4DD16C781023023507F1004808F117
S3150806CCE0FF384FF0000EB8FBF3F9764603FB198AB0
S3150806CCF0A4F1300CBCF1090F16D86446A34224DD0C
S3150806CD00BEF1FF3F08D0B1451CD301D1A24519DBB8
S3150806CD1006FB03464FF0010E15F8014BE8E72B2CE8
S3150806CD2004BF2C78B51CCAE7A4F1410CBCF1190F4F
S3150806CD3001D8373CE2E7A4F1610CBCF1190F04D817
S3150806CD40573CDBE74FF0FF3EE6E7BEF1FF3F05D16E
S3150806CD5022230360464642B930469EE707B1764225
S3150806CD60002AF9D0BEF1000F00D0691E1160F3E75C
S3150806CD703024002BB1D10823AFE7302CA5D00A23DF
S3150806CD80ABE700BFDD0D0708FFF77CBF70B50C469D
S3150806CD90B1F90E10002996B015461E460DDAA38976
S3150806CDA013F0800F4FF000010CBF4FF48063402349
S3150806CDB0002031602B6016B070BD6A4600F048F850
S3150806CDC00028ECDB019901F47041A1F5005359429C
S3150806CDD059414FF48063EBE78B8973B59D07064681
S3150806CDE00C4607D504F147032360236101236361D3
S3150806CDF002B070BD01AB6A46FFF7C8FF0099054643
S3150806CE003046FBF7BFFA48B9B4F90C309A05EFD4A1
S3150806CE1023F0030343F00203A381E3E7A389206013
S3150806CE2043F08003A381009B6361019B20615BB18C
S3150806CE30B4F90E10304600F01DF828B1A38923F080
S3150806CE40030343F00103A381A3891D43A581CFE705
S3150806CE5038B5074D00230446084611462B60D5F714
S3150806CE603AFC431C02D12B6803B1236038BD00BFC8
S3150806CE701CB6002038B5064D0023044608462B6026
S3150806CE80D5F739FC431C02D12B6803B1236038BD9C
S3150806CE901CB600200000000038B52DED028B55ECB7
S3150806CEA0104B00F041F822462B4620462946B0EE9E
S3150806CEB0408AF0EE608AD3F771FE98B900220023FD
S3150806CEC020462946D3F760FE60B90022002320468D
S3150806CED02946D3F731FE60B1FDF7FAF99FED0A8BBD
S3150806CEE022230360B0EE480AF0EE680ABDEC028B10
S3150806CEF038BDFDF7EDF9BDEC028B21230360BDE8CD
S3150806CF003840034800F008B8000000000000F0FFAB
S3150806CF10090C0708000000009FED010B704700BFCB
S3150806CF20000000000000F87F2DE9F04F51EC100BC9
S3150806CF302DED048BB1F5801F83B00D4629DA21F055
S3150806CF400043034310EE102A0CD1CF4900220023D2
S3150806CF500020D3F7B3FC41EC100B03B0BDEC048BF1
S3150806CF60BDE8F08F002905DA0B46D3F7C5F9002286
S3150806CF700023EEE7C54B0022D3F776FB6FF03503A1
S3150806CF800D46C34A954206DD02460B46D3F7B6F961
S3150806CF90E1E70023F5E72C15A4F2FF34C5F31305DC
S3150806CFA01C4405F5152303F6647303F4801383F00E
S3150806CFB07F5282F4401242EA050104EB135400221A
S3150806CFC0B44BD3F799F9AB1CC3F31303022B82466A
S3150806CFD08B464FF0000253DC0023D3F7ADFDD0B1E4
S3150806CFE0002C00F022812046D3F7D4FA90A3D3E981
S3150806CFF0002306460F46D3F737FB8FA3D3E900234C
S3150806D00004460D4630463946D3F72EFB02460B46EE
S3150806D01020462946BAE78AA3D3E900235046594645
S3150806D020D3F722FB02460B4600209B49D3F764F941
S3150806D030524606460F465B4650465946D3F714FBF4
S3150806D04002460B4630463946D3F70EFB06460F46CA
S3150806D05014B932463B46A2E02046D3F79BFA74A398
S3150806D060D3E9002380468946D3F7FEFA72A3D3E9A5
S3150806D070002304460D4640464946D3F7F5FAA7E087
S3150806D0804FF08043D3F73AF902460B4650465946BF
S3150806D090D3F714FC41EC180B2046D3F77BFA53EC6E
S3150806D0A0182B41EC190B51EC180BD3F7DDFAA5F53D
S3150806D0B0C223A3F27A43019302460B468046894663
S3150806D0C0D3F7D2FA60A3D3E9002306460F46D3F769
S3150806D0D0CBFA5FA3D3E90023D3F710F932463B46CA
S3150806D0E0D3F7C2FA5CA3D3E90023D3F707F9324686
S3150806D0F03B46D3F7B9FA5AA3D3E90023D3F7FEF882
S3150806D10042464B46D3F7B0FA57A3D3E900238046DF
S3150806D110894630463946D3F7A7FA55A3D3E90023F5
S3150806D120D3F7ECF832463B46D3F79EFA52A3D3E931
S3150806D1300023D3F7E3F832463B46D3F795FA0B4670
S3150806D140024649464046D3F7D9F8C5F5D725019B81
S3150806D15051351D43002D8046894648DD4E4B002233
S3150806D16050465946D3F780FA52465B46D3F77CFAB9
S3150806D17002460B4606460F4640464946D3F7BEF8CC
S3150806D18053EC182BD3F770FA8046894664B90246DB
S3150806D1900B4630463946D3F7AFF802460B46504695
S3150806D1A05946D3F7A9F8D6E621A3D3E9002351ECC5
S3150806D1B0190BD3F759FA20A3D3E9002304460D46DB
S3150806D1C051EC190BD3F750FA42464B46D3F796F865
S3150806D1D002460B4630463946D3F78EF852465B4624
S3150806D1E0D3F78AF802460B4620462946D9E7024669
S3150806D1F00B4650465946D3F77FF853EC182BD3F708
S3150806D20033FA06460F46002C3FF423AF08A3D3E9A4
S3150806D210002351EC190BD3F727FA07A3D3E9002302
S3150806D22004460D4651EC190B27E79FED150B94E6B8
S3150806D2300000E0FE422EE63F763C7935EF39EA3DB8
S3150806D240555555555555D53F44523EDF12F1C23F01
S3150806D250DE03CB966446C73F599322942449D23FA8
S3150806D260935555555555E53F9FC678D0099AC33FF8
S3150806D270AF788E1DC571CC3F04FA97999999D93F0F
S3150806D2800000000000000000000050C300005043E4
S3150806D290FFFFEF7F0000F03F0000E03FF8B500BF54
S3150806D2A0F8BC08BC9E467047F8B500BFF8BC08BC73
S3090806D2B09E467047CB
S3150806D2B84D41494E000000007C252D3135737C000A
S3150806D2C8456E746572204572726F722048616E647F
S3150806D2D86C65722C204952512077696C6C206265F8
S3150806D2E82044697361626C65000000000D0A000037
S3150806D2F84C4344007C252D3135737C007570646172
S3150806D3087465207374617465202575202D2D2D3E48
S3150806D318202575000D0A0000416D6963656C6C2049
S3150806D3282D205542412036005665723A2530327503
S3150806D3382E253032752E253032752E253032750053
S3150806D348630000007C252D3135737C006A203D2054
S3150806D358256400000D0A00003C25783E3A3C3078DC
S3150806D36825783E00222A3A3C3E3F7C7F000000008C
S3150806D3782B2C3B3D5B5D0000EBFE904D53444F530B
S3150806D388352E30004E4F204E414D4520202020464A
S3150806D39841543332202020004E4F204E414D452019
S3150806D3A8202020464154202020202000656E642D22
S3150806D3B86F662D73747265616D000000696F206566
S3150806D3C872726F7200000000766172696E74206F59
S3150806D3D8766572666C6F7700696E76616C69642025
S3150806D3E8776972655F7479706500000070617265A1
S3150806D3F86E742073747265616D20746F6F20736816
S3150806D4086F72740077726F6E672077697265207413
S3150806D41879706500696E76616C6964206669656CFB
S3150806D42864207479706500006172726179206F7676
S3150806D4386572666C6F7700006661696C6564207448
S3150806D4486F207365742064656661756C747300006D
S3150806D4586E6F206D616C6C6F6320737570706F7272
S3150806D4687400000063616C6C6261636B20666169AF
S3150806D4786C656400696E76616C696420657874659E
S3150806D4886E73696F6E0000007A65726F207461673D
S3150806D4980000000077726F6E672073697A652066E2
S3150806D4A86F7220666978656420636F756E74206680
S3150806D4B869656C64000000006D697373696E672098
S3150806D4C87265717569726564206669656C640000BB
S3150806D4D8696E76616C696420646174615F73697ADA
S3150806D4E865000000696E746567657220746F6F203B
S3150806D4F86C617267650000006279746573206F76D9
S3150806D5086572666C6F77000073697A6520746F6F43
S3150806D518206C617267650000737472696E67206F9E
S3150806D528766572666C6F7700696E76616C696420D3
S3150806D5386669656C642064657363726970746F726C
S3150806D54800000000696E636F727265637420666907
S3150806D558786564206C656E67746820627974657385
S3150806D5682073697A6500000073747265616D2066B2
S3150806D578756C6C00696F206572726F720000000020
S3150806D5886172726179206D61782073697A6520659A
S3150806D5987863656564656400286E6F6E652900009C
S3150806D5A8696E76616C6964206669656C6420747947
S3150806D5B87065000063616C6C6261636B20657272E4
S3150806D5C86F7200006D697373696E67207265717587
S3150806D5D869726564206669656C640000696E7661B9
S3150806D5E86C696420657874656E73696F6E000000E9
S3150806D5F87375626D73672073697A65206368616EE9
S3150806D60867656400696E76616C696420646174612D
S3150806D6185F73697A650000006279746573207369B1
S3150806D6287A65206578636565646564007A65726FE8
S3150806D6382D6C656E67746820737472696E67000068
S3150806D648756E7465726D696E617465642073747235
S3150806D658696E6700696E76616C6964206669656CC9
S3150806D668642064657363726970746F7200000000DB
S3150806D6784D435033323231007C252D3135737C00C3
S3150806D68852656365697665204661696C6564203AFC
S3150806D698203078257820616464726573733A307821
S3150806D6A825303278000000000D0A0000693263202A
S3150806D6B868616E646C65206973206E756C6C00000B
S3150806D6C84D435034375836007C252D3135737C0042
S3150806D6D84661696C656420746F205472616E736D51
S3150806D6E8697400000D0A0000577269746520566148
S3150806D6F86C7565206D69736D617463682025752177
S3150806D7083D2575200000000048616E646C65206931
S3150806D71873204E554C4C0000000000004661696CA3
S3150806D728656420746F20526563656976650000002E
S3150806D73854504C30313032007C252D3135737C00F7
S3150806D748416C726561647920496E204956415220B2
S3150806D7586D6F6465000000000D0A00005265636572
S3150806D768697665204661696C656400005472616E5F
S3150806D778736D6974204661696C656400693263204D
S3150806D78868616E646C65206973206E756C6C00003A
S3150806D7985769706572206973206E6F7420417661C1
S3150806D7A8696C61626C650000525443205570646161
S3150806D7B8746500007C252D3135737C006265666FB5
S3150806D7C872653A25730000000D0A00005254432074
S3150806D7D86166746572000000554241003D3D3D3D4F
S3150806D7E82046414E204F666620283129203D3D3D74
S3150806D7F83D0000003D3D3D3D2046414E204F6666AC
S3150806D80820283229203D3D3D3D0000003D3D3D3D51
S3150806D8182046414E204F6E20283129203D3D3D3D64
S3150806D828000000003D3D3D3D2046414E204F6666B8
S3150806D83820283329203D3D3D3D0000003D3D3D3D20
S3150806D8482046414E204F6E20283229203D3D3D3D33
S3150806D85800000000757064617465207374617465E8
S3150806D868202575202D2D2D3E20257500554241204B
S3150806D87853657474696E67732E7062002F536574E0
S3150806D88874696E67730000005542412041646472E4
S3150806D89865737320696E69742077697468207A6572
S3150806D8A8726F202C7365742064656661756C7420BE
S3150806D8B861646472657373200000000044657669BE
S3150806D8C8636520696E697420446F6E652041743AEB
S3150806D8D820257300412054657374206973206E6F7A
S3150806D8E8742073696E676C65206368616E6E656C0D
S3150806D8F800000000422054657374206973206E6F11
S3150806D908742073696E676C65206368616E6E656CEC
S3150806D918000000003D3D3D3D3D3D3D3D3D3D3D3D0F
S3150806D9283D3D3D3D3D3D3D3D3D3D3D485620456ECB
S3150806D93861626C65204F66663D3D3D3D3D3D3D3D14
S3150806D9483D3D3D3D3D3D3D3D3D3D3D3D3D3D3D3DEB
S3150806D9583D3D3D3D3D3D3D3D3D3D3D3D3D3D3D3DDB
S3150806D9680000000041422054657374206973206ECE
S3150806D9786F74206475616C206368616E6E656C00E9
S3150806D98853746174652056616C75652069732069D8
S3150806D9986E76616C69642025752000002573205308
S3150806D9A86574204E657874205374617465205661CB
S3150806D9B86C756520202575200000000025732054FF
S3150806D9C865737420436F6D6D616E6400496E766182
S3150806D9D86C69642041647265737320257520000096
S3150806D9E841646472657373206368616E676564204B
S3150806D9F8746F202530387820000000004E616D6562
S3150806DA0820776173206368616E67656420746F2082
S3150806DA182573000054696D6520776173206368610C
S3150806DA286E67656420746F20256C7500534E2063EF
S3150806DA3868616E67656420746F202530387820001B
S3150806DA48496E76616C696420436F6D6D616E6420F4
S3150806DA584944202575200000494E4954000000000F
S3150806DA684255434B00000000424F4F5354000000EE
S3150806DA784255434B5F424F4F535400004255434B5A
S3150806DA885F424F4F53545F55500000004255434B6B
S3150806DA985F424F4F53545F444F574E0044433244F0
S3150806DAA8430000007C252D3135737C0043616E27BB
S3150806DAB8742063616C63756C6174652056616C7550
S3150806DAC865202825752920565053206C6F7700003F
S3150806DAD80D0A00004578706563746564205667659F
S3150806DAE86E2028256C7529206973204F4F42000039
S3150806DAF844656C74612044757479204379636C654A
S3150806DB08206973204F4F4200447574792043796318
S3150806DB186C6520617420746865206C696D69747310
S3150806DB28000000005542415F474658007C252D31BE
S3150806DB3835737C004944206973206E6F74204672D3
S3150806DB48616D65000D0A0000494E4954000000003B
S3150806DB584348414E4E454C0042505400544553548A
S3150806DB685F53454C45435400544553545F494E46FE
S3150806DB784F000000544553545F535445500000005F
S3150806DB8853455454494E47004558455F434D440046
S3150806DB984F46460053435245454E00007C252D31CF
S3150806DBA835737C002873637265656E202564297546
S3150806DBB87064617465207374617465202573202DF5
S3150806DBC82D2D3E20257300000D0A00002873637262
S3150806DBD865656E2025642975706461746520737495
S3150806DBE8617465202575202D2D2D3E202575000086
S3150806DBF84348204100000000434820420000000030
S3150806DC0843482041420000004348204E2F41000061
S3150806DC18202020494E49542020200000252D313041
S3150806DC287300000020202044454C41592020000056
S3150806DC3820205354414E4442592000002043484167
S3150806DC48524745200000000020444953434841529C
S3150806DC58474500004E2F41006368616E6E656C2065
S3150806DC685374617465203A257520556E6B6E6F7701
S3150806DC786E20000025332E326620252D33730000C4
S3150806DC8856000000252E326620252D33730000001F
S3150806DC986D5600002531312E2A7300004100000012
S3150806DCA86D410000252E356620252D3373000000A4
S3150806DCB8416800006D416800252B332E3266F82028
S3150806DCC8257300004300000053637265656E20637A
S3150806DCD868616E6E656C20636F6E746F726C206E03
S3150806DCE86F7420646566696E650000004572726F12
S3150806DCF8723A2578000000002020202020202020BF
S3150806DD0820202020000000002020766F6C746167AA
S3150806DD18653A0000202063757272656E743A0000CB
S3150806DD28202063617061636974793A0020207465F6
S3150806DD386D70657261747572653A00002573000020
S3150806DD486368616E6E656C20636F6E74726F6C209D
S3150806DD58696420257520696E20756E6B6E6F756EFB
S3150806DD6820000000253032753A253032753A2530B6
S3150806DD783275000020436F6D706C65746564200003
S3150806DD88204661696C6564200000000053746F704C
S3150806DD986564206279205573657200004261747459
S3150806DDA865727920446973636F6E6E656374656414
S3150806DDB800000000504155534500000041424F52A5
S3150806DDC8544544004641494C000000005354455002
S3150806DDD82D25642825642900524553554D0000000B
S3150806DDE853544F50000000004E4558542000000072
S3150806DDF853544152540000004241434B0000000068
S3150806DE082020202020000000746865206D6178208F
S3150806DE186E756D626572206F662063686172206921
S3150806DE286E2073637265656E2073697A65206973F1
S3150806DE382025640020202D2D656E642D6F662D6CB1
S3150806DE486973742D2D2D2D2D2D2D2D2D00000000D1
S3150806DE5853454C4543540000546573742053656C02
S3150806DE686563740025642D252D73000025642D2504
S3150806DE7873202020202000002020626174746572B1
S3150806DE887920502F4E3A20002020252E2A73000086
S3150806DE9820206261747465727920532F4E3A2000E1
S3150806DEA820206261747465727920747970653A20DF
S3150806DEB80000000020205072696D61727900000022
S3150806DEC820205365636F6E64617279002020556E4B
S3150806DED86B6E6F776E000000202063656C6C207386
S3150806DEE865722F7061723A206D6F64653A00000094
S3150806DEF820202025642F25640000000020206E7542
S3150806DF086D2073746570733A20000000202020255A
S3150806DF186400000053696E676C6500004475616C99
S3150806DF28000000005354455020200000545220751E
S3150806DF386E7061636B204661696C65640000000053
S3150806DF484368617267650000446973636861726746
S3150806DF5865000000537465702025640020206368F0
S3150806DF68617267652063757272656E743A20000079
S3150806DF7820202564206D410020206D61782074656F
S3150806DF886D70657261747572653A2000202025647D
S3150806DF982043000020206375742D6F666620637516
S3150806DFA87272656E743A2000202063686172676526
S3150806DFB8206C696D69743A200000000020202566E1
S3150806DFC8206D4168000000002020756E64656600AD
S3150806DFD82020636861726765207065722063656CC0
S3150806DFE86C3A20002020252E3266205600000000AE
S3150806DFF82020737465703A200000000020202564E6
S3150806E008206F6620256400002020646973636861AA
S3150806E0187267652063757272656E743A2000000029
S3150806E02820202D2564206D410000000020206375F8
S3150806E038742D6F666620766F6C746167653A20007C
S3150806E048202025332E3266205600000020206469D3
S3150806E05873636861726765206C696D69743A20002E
S3150806E068202064656C61792074696D653A2000001C
S3150806E07820207761697420666F722074656D7065ED
S3150806E0887261747572653A20000000002020676F71
S3150806E098746F20737465703A200000002020726534
S3150806E0A8706561742074696D65733A20000000000E
S3150806E0B86578655F636D643A206576656E742025AE
S3150806E0C86400000050524F544F2068656C7065729C
S3150806E0D8000000007C252D3135737C004661696C85
S3150806E0E8656420546F206465636F6465206D65737F
S3150806E0F873616765000000000D0A00004661696CD1
S3150806E108656420546F206465636F6465206D65735E
S3150806E11873616765203A2025730000004661696CB5
S3150806E128656420526561642046696C653A202573DC
S3150806E1382F2573004572726F722067657474696E47
S3150806E1486720656E636F646564203A202573200028
S3150806E15853617665206D65737361676520546F200C
S3150806E16866696C65204661696C65640050574D009A
S3150806E1787C252D3135737C006E65775F76616C75FF
S3150806E188653A2530346C75203E202530346C752062
S3150806E198000000000D0A00006E65775F76616C75EB
S3150806E1A8653A2530346C75203C202530346C752044
S3150806E1B80000000070776D206973206E756C6C0018
S3150806E1C84661696C656420746F205374617274209D
S3150806E1D8444D413A203078256C7800004661696CCA
S3150806E1E8656420746F2053746172742050574D3ACB
S3150806E1F8203078256C7800004661696C6564207459
S3150806E2086F2053544F5020444D413A203078256C98
S3150806E218780000004661696C656420746F2053545B
S3150806E2284F502050574D3A203078256C7800000014
S3150806E2385542415F554152545F436F6D6D00000064
S3150806E2487C252D3135737C0055415254206E6F74E2
S3150806E258207265616479203A2030782558000000CE
S3150806E2680D0A00005458206661696C65643A257576
S3150806E27800000000494420697320756E6B6E6F7539
S3150806E2886E3A2578000000005541525400000000F1
S3150806E298554152545F71756572795F6C696E653A50
S3150806E2A8206C696E655F726563697069656E745F09
S3150806E2B86964202564000000554152545F717565E6
S3150806E2C872795F6368616E6E656C3A2063685F7219
S3150806E2D86563697069656E745F69642025640000FC
S3150806E2E84944206973206E6F742061206B6E6F77B8
S3150806E2F86E204250542069643A2578004465766942
S3150806E30863650000425054204100000042505420DC
S3150806E31842000000434D44206D65737361676500C6
S3150806E3285465737420526F7574696E652E7062002B
S3150806E3382F5465737420526F7574696E65000000EC
S3150806E34870726F636573732075617274206461747D
S3150806E35861206C656E3A257500000000286E6F6E9A
S3150806E368652900004465636F64696E672066616996
S3150806E3786C65643A202573004661696C6564207481
S3150806E3886F2072656369766520746F20444D413A35
S3150806E39825303475000000003D3D3E2046696C650B
S3150806E3A83A202573205761732053656E742063686F
S3150806E3B8756E6B20256C75003D3D3E2046696C6575
S3150806E3C8204C697374202825752F2575293A2066E1
S3150806E3D86F6C646572205B25735D20003D3D3E20A3
S3150806E3E853696E676C652046696C653A20257320FD
S3150806E3F85761732053656E7400000000494E4954E8
S3150806E408000000005354414E4442590050415553A2
S3150806E4184500000052554E5F53544550000000000B
S3150806E428535445505F434F4D504C455445000000DC
S3150806E438544553545F4641494C454400544553543C
S3150806E4485F434F4D504C455445000000253034640B
S3150806E45825303264253032642530326425303264F4
S3150806E468253032640000000025735F25735F25731F
S3150806E4782E706200425054007C252D3135737C0077
S3150806E488427566666572206C656E67746820697378
S3150806E49820746F2073686F727428256C752C25642A
S3150806E4A8290000000D0A000075706461746520422B
S3150806E4B850542066696C65206E616D6520746F20F8
S3150806E4C8257320002862707429757064617465203E
S3150806E4D87374617465202573202D2D2D3E202573AA
S3150806E4E800000000286270742975706461746520D6
S3150806E4F87374617465202575202D2D2D3E20257586
S3150806E50800000000416374696F6E20537461746570
S3150806E5182028257529206973206E6F7420737570EF
S3150806E528706F727465640000425054206973204EF1
S3150806E538554C4C005265616368204D6178205469CC
S3150806E5486D6500004375742D4F66662043757272AD
S3150806E558656E74004375742D4F666620566F6C741F
S3150806E5686167650052656163682043686172676515
S3150806E578204C696D697400005265616368205465A4
S3150806E5886D70204C696D697400000000496E7661E5
S3150806E5986C6964205374657020496400696E7661EF
S3150806E5A86C696420737465702069642030782578E8
S3150806E5B80000000069642025643A20413A2025644B
S3150806E5C82C20422025642C20414220256400000080
S3150806E5D853746570205479706520696420697320B8
S3150806E5E8756E6B6E6F776E3A25750000656E74657F
S3150806E5F8722073746570207768696C652074686517
S3150806E60820706F696E74657220696E206E756C6CFB
S3150806E6180000000072756E2073746570206E6F743C
S3150806E62820636F6D706C657465642C2063726974F3
S3150806E6386963616C206572726F72202564206F6E35
S3150806E64820696420256420257300000072756E20EB
S3150806E658737465702065727220657869743A2062E3
S3150806E66870742D3E77725F66726F6D202564205B1F
S3150806E67825735D002F5465737420526573756C741B
S3150806E6887300000072756E2073746570206E6F7459
S3150806E69820636F6D706C657465642C206C696E658D
S3150806E6A87320646973636F6E6E6563746564206F39
S3150806E6B86E206964202564202573000072756E200D
S3150806E6C87374657020646973636F6E6E65637465C3
S3150806E6D86420657869743A206270742D3E77725F8D
S3150806E6E866726F6D202564205B25735D0000000041
S3150806E6F8636F6D706C6574653A20413A2025642007
S3150806E708286363202564292C20422025642028634B
S3150806E7186320202564290000312D41204455414CA3
S3150806E7282C20416964782025642042696478202566
S3150806E738642041426964782025640000322D422007
S3150806E7484455414C2C204169647820256420426941
S3150806E7586478202564204142696478202564000087
S3150806E768636F6D706C6574653A2069642025643A2A
S3150806E77820413A2025642C20422025642C20414233
S3150806E7882025642C2054525F73656C65637465642A
S3150806E7985F696E64657820256400000073746F7077
S3150806E7A83A20413A20256420286363202564292CC3
S3150806E7B82042202564202863632020256429000032
S3150806E7C873746F703A2069642025643A20413A20A2
S3150806E7D825642C20422025642C2041422025642CB9
S3150806E7E82054525F73656C65637465645F696E6405
S3150806E7F865782025640000005465737420697320BB
S3150806E808616C72656164792072756E6E696E6720C9
S3150806E8182C206368616E6E656C2069732062757351
S3150806E828790000007468652073656C6563746564A9
S3150806E838207465737420696E6465782065786973CB
S3150806E84874656420746865206C656E677468206FDD
S3150806E8586620746865206C697374000063616E27A0
S3150806E868742072756E206E657874207374657000E8
S3150806E87854686520636F6D6D616E64204944206926
S3150806E8887320756E6B6E6F776E3A257500000000F5
S3150806E8984572726F722067657474696E6720656E4D
S3150806E8A8636F6465642073697A6500004D657373DA
S3150806E8B86167652053697A653A25752069732074F0
S3150806E8C86F2042696720746F2074686520627566CA
S3150806E8D86665723A2575000073617665206C6F67FA
S3150806E8E83A206C656E677468202564205B25735D17
S3150806E8F8000000002573000042757A7A65720000E2
S3150806E9087C252D3135737C007570646174652073B2
S3150806E91874617465202575202D2D2D3E20257500D4
S3150806E9280D0A0000494E4954000000005354414E4A
S3150806E9384442590044454C4159000000434841524F
S3150806E9484745000044495343484152474500000095
S3150806E9584F4646007C252D3135737C002863686149
S3150806E9686E6E656C29757064617465207374617456
S3150806E97865202573202D2D2D3E20257300000000C1
S3150806E9880D0A0000286368616E6E656C29757064E1
S3150806E998617465207374617465202575202D2D2D7F
S3150806E9A83E202575000000004C696E652025642002
S3150806E9B87570646174652073746174652C20657254
S3150806E9C8722030782578000043485F412E637376AF
S3150806E9D80000000043485F422E6373760000000075
S3150806E9E843485F41422E637376000000494420690E
S3150806E9F87320756E6B6E6F756E3A25780000000083
S3150806EA08696E6974204661696C6564202C2063689A
S3150806EA18616E6E656C20646F7365206E6F74206808
S3150806EA2861766520616E7920636F6E6E65637465B7
S3150806EA3864206C696E6573002573204661696C6582
S3150806EA486420736574207374617465203A257500A5
S3150806EA584368616E6E656C20566F6C7461676520CF
S3150806EA686973207A65726F202C2063616E27742075
S3150806EA7863616C63756C6174652063757272656E1D
S3150806EA887400000064697363686172676520637554
S3150806EA987272656E7420746172676574206973206C
S3150806EAA86E6F7420646566696E6500004368616EF4
S3150806EAB86E656C0044697363686172676520547984
S3150806EAC870653A307825303258206973206E6F7427
S3150806EAD820737570706F72746564207965740000A2
S3150806EAE84368616E6E656C202564206572726F725E
S3150806EAF83A2578004368616E6E656C204100000009
S3150806EB084368616E6E656C20420000004368616E54
S3150806EB186E656C20414200005468652053656C652D
S3150806EB2863746564204368616E6E656C2069732034
S3150806EB386E6F7420646566696E650000434D440009
S3150806EB487C252D3135737C005468652053656C65BC
S3150806EB5863746564204368616E6E656C2069732004
S3150806EB686E6F7420646566696E6500000D0A000096
S3150806EB780000000046696C65204D616E676572007F
S3150806EB887C252D3135737C004661696C656420548D
S3150806EB986F204D6F756E7420534420436172640066
S3150806EBA80D0A000025732F25730000005542415F9C
S3150806EBB8464D5F6372656174655F66696C650000D4
S3150806EBC8636F756E742025642000000064656C659D
S3150806EBD874652E2E20636F756E74202564207265FB
S3150806EBE8732025782020692025640000665F6F70E3
S3150806EBF8656E312E2E20257300000000665F636C4D
S3150806EC086F73652E2E2025730000000053756363FF
S3150806EC1865737366756C6C792044656C65746520CE
S3150806EC28257300004661696C656420746F2044651F
S3150806EC386C657465202573202D2030782530327842
S3150806EC4800000000665F636F756E742025642000F1
S3150806EC585542415F464D5F61707070656E645F64C4
S3150806EC686174610046696C6520646F6573206E6F0A
S3150806EC78742065786973743A20257300665F777217
S3150806EC886974652E2E2025732C20646174615F6C61
S3150806EC98656E677468202564000000004661696C1D
S3150806ECA8656420746F2053746F7265206461746195
S3150806ECB82020746F2066696C653A2573202D2030E6
S3150806ECC878253032780000006F70656E2066696CA4
S3150806ECD865206661696C65643A202573000000003C
S3150806ECE85344206D6F756E74206661696C65640099
S3150806ECF84661696C656420746F2072656164206470
S3150806ED086174612066726F6D2066696C653A25734B
S3150806ED18202D207265733A2030782530327800001F
S3150806ED284661696C656420746F206F70656E206627
S3150806ED38696C653A2573202D207265733A203078F2
S3150806ED482530327820666C61673A2030782578202F
S3150806ED58667074723A2030782578206572723A2079
S3150806ED6830782578000000005542415F464D5F73A6
S3150806ED7865656B5F726561645F646174610000004E
S3150806ED88665F6F70656E332E2E20257300000000A9
S3150806ED98665F7365656B2E2E00000000665F7265F2
S3150806EDA861642E2E000000004661696C656420744D
S3150806EDB86F206F70656E2066696C652025732C2032
S3150806EDC872657320256400002F546573742052658E
S3150806EDD873756C74730000005542415F464D5F743F
S3150806EDE872616E736665725F6368756E6B2C2072E0
S3150806EDF86561642073697A6520256420746F746171
S3150806EE086C20256400000000494E4954000000009D
S3150806EE1849444C45000000005052455F4348415254
S3150806EE2847494E47000000004348415247494E475E
S3150806EE385F4343004348415247494E475F43560096
S3150806EE484449534348415247494E47004445414475
S3150806EE58000000007C252D3135737C00286C696E08
S3150806EE6865297570646174652073746174652025EF
S3150806EE7873202D2D2D3E2025730000000D0A00004F
S3150806EE88286C696E65297570646174652073746182
S3150806EE987465202575202D2D2D3E20257500000024
S3150806EEA84C696E65204100004C494E455F412E6304
S3150806EEB8616C00004C696E65204200004C494E4557
S3150806EEC85F422E63616C00005465737420526F7531
S3150806EED874696E652E7062002F5465737420526FB6
S3150806EEE87574696E650000005445535420524F558B
S3150806EEF854494E45000000007C252D3135737C00A3
S3150806EF08636F756E74657220696E646578206973B1
S3150806EF1820686967686572207468656E2074682053
S3150806EF285452206C656E6774682000000D0A000046
S3150806EF382073746570206964202578206973206EA5
S3150806EF486F742076616C6964000000006D616C6CEC
S3150806EF586F63204661696C656400000063686172C0
S3150806EF68676500006469736368617267650000000F
S3150806EF78696E6465782025642C20737465705F69E4
S3150806EF886E6465782025642C2073746570207479F8
S3150806EF9870652025730000006E65775F7374657063
S3150806EFA82063757272656E743D25640053746570C0
S3150806EFB8206973206E6F742076616C696400000098
S3150806EFC8696E6465782025642C204C4F4F5020635B
S3150806EFD86F756E7465722025642073697A652025AF
S3150806EFE86420746F5F7374657020256400000000DA
S3150806EFF85479706520496420497320556E6B6E6F7F
S3150806F008756E000025732F25730000004661696C26
S3150806F018656420746F20777269746520746F206634
S3150806F028696C6520272573272E0A00000D0A000035
S3150806F0384661696C656420746F20637265617465D8
S3150806F0482066696C6520272573272E0A00000000A6
S3150806F0584661696C656420746F20637265617465B8
S3150806F06820666F6C64657220272573272E0A0000AA
S3150806F07800000000252A735B25735D0A0000000058
S3150806F08846696C65204C6F67676572007C252D3165
S3150806F09835737C0046696C65204C6F676765722010
S3150806F0A85072696E7400000048656C6C6F2C207780
S3150806F0B86F726C64210000006E65775F66696C6519
S3150806F0C82E747874000000002F4E4557000000007D
S3150806F0D846696C6520747265652061667465722072
S3150806F0E86372656174696F6E3A0000004661696CF9
S3150806F0F8656420746F206D6F756E74207468652054
S3150806F10866696C6573797374656D00004661696C22
S3150806F118656420746F204D6F756E743A20253032F3
S3150806F128780000004661696C656420746F204F7024
S3150806F138656E3A2025303278000000004661696C0B
S3150806F148656420746F2077726974653A20253032AB
S3150806F158780000004F70656E2046696C653A257317
S3150806F1682073697A65205B25755D00004661696CBA
S3150806F178656420746F20726561642066696C653AF1
S3150806F1882025303278000000526561642046696C8D
S3150806F198653A2573205B25755D2062797465732043
S3150806F1A85265616400000000256C752C25752C25AA
S3150806F1B8642C25642C252E32660D0A00504944000F
S3150806F1C87C252D3135737C006F75747075743A25F0
S3150806F1D8660000000D0A00005574696C00000000F8
S3150806F1E84275666665725B256C755D3A00000000B1
S3150806F1F825303258000000002D2530325800000008
S3150806F208427566666572206C656E677468206973EA
S3150806F21820746F2073686F727428256C752C25649C
S3150806F22829000000253034642D253032642D253012
S3150806F238326420253032643A253032643A2530322B
S3150806F24864000000756E69785F74696D6573746124
S3150806F2586D70325254435F6461746574696D6500EE
S3150806F268256C75203D3D202573000000253032643F
S3150806F2783A253032643A2530326400001B5B257518
S3150806F2883B25756D0000000055415254206C6F6782
S3150806F298000000007C252D3135737C0044656275AF
S3150806F2A867206C6576656C000D0A0000696E666FE0
S3150806F2B8206C6576656C00007761726E6E696E6796
S3150806F2C8206C6576656C00006572726F72206C65CF
S3150806F2D876656C00637269746963616C206C657619
S3150806F2E8656C0000636F6D6D206C6576656C00004D
S3150806F2F80A0F07080D0F0708100F07080000000071
S3150806F30800000000010203040607080900000000B9
S3150806F31801020304010002000400060008000A00A8
S3150806F3280C001000200040008000000101010103BE
S3150806F338070100000804020408010101F5E00408AB
S3150806F3482DE1040849E104085DE1040873E10408A7
S3150806F358A3E10408B7E10408CDE10408EBE10408CB
S3150806F368FFE1040815E2040829E20408435545415D
S3150806F3784141414345454549494941414592924F87
S3150806F3884F4F5555594F554F9C4F9E9F41494F5577
S3150806F398A5A5A6A7A8A9AAABACADAEAFB0B1B2B398
S3150806F3A8B4414141B8B9BABBBCBDBEBFC0C1C2C3E8
S3150806F3B8C4C54141C8C9CACBCCCDCECFD1D145459E
S3150806F3C84549494949D9DADBDCDD49DF4FE14F4F7B
S3150806F3D84F4FE6E8E85555555959EEEFF0F1F2F369
S3150806F3E8F4F5F6F7F8F9FAFBFCFDFEFF010305073F
S3150806F3F8090E10121416181C1E000000C700FC0079
S3150806F408E900E200E400E000E500E700EA00EB00B0
S3150806F418E800EF00EE00EC00C400C500C900E600E7
S3150806F428C600F400F600F200FB00F900FF00D60055
S3150806F438DC00F800A300D800D7009201E100ED0029
S3150806F448F300FA00F100D100AA00BA00BF00AE0020
S3150806F458AC00BD00BC00A100AB00BB0091259225F7
S3150806F468932502252425C100C200C000A9006325E4
S3150806F478512557255D25A200A500102514253425EE
S3150806F4882C251C2500253C25E300C3005A255425AA
S3150806F49869256625602550256C25A400F000D00048
S3150806F4A8CA00CB00C8003101CD00CE00CF0018250A
S3150806F4B80C2588258425A600CC008025D300DF00E0
S3150806F4C8D400D200F500D500B500FE00DE00DA0045
S3150806F4D8DB00D900FD00DD00AF00B400AD00B100C1
S3150806F4E81720BE00B600A700F700B800B000A800A7
S3150806F4F8B700B900B300B200A025A00061001A0338
S3150806F508E0001703F8000703FF0001007801000169
S3150806F518300132010601390110014A012E01790125
S3150806F528060180014D004302810182018201840198
S3150806F538840186018701870189018A018B018B0166
S3150806F5488D018E018F019001910191019301940114
S3150806F558F60196019701980198013D029B019C01BF
S3150806F5689D0120029F01A001A001A201A201A401F2
S3150806F578A401A601A701A701A901AA01AB01AC0125
S3150806F588AC01AE01AF01AF01B101B201B301B301D6
S3150806F598B501B501B701B801B801BA01BB01BC0185
S3150806F5A8BC01BE01F701C001C101C201C301C401FC
S3150806F5B8C501C401C701C801C701CA01CB01CA01E9
S3150806F5C8CD011001DD0101008E01DE011201F301EC
S3150806F5D80300F101F401F401F801280122021201D7
S3150806F5E83A020900652C3B023B023D02662C3F029D
S3150806F5F840024102410246020A01530240008101BD
S3150806F6088601550289018A0158028F015A02900114
S3150806F6185C025D025E025F02930161026202940160
S3150806F6286402650266026702970196016A02622CF7
S3150806F6386C026D026E029C01700271029D017302CC
S3150806F64874029F0176027702780279027A027B02A9
S3150806F6587C02642C7E027F02A60181028202A90127
S3150806F6688402850286028702AE014402B101B20106
S3150806F67845028D028E028F0290029102B7017B031C
S3150806F6880300FD03FE03FF03AC0304008603880391
S3150806F69889038A03B1031103C2030200A303A3035A
S3150806F6A8C4030803CC0303008C038E038F03D8030D
S3150806F6B81801F2030A00F903F303F403F503F6033C
S3150806F6C8F703F703F903FA03FA0330042003500489
S3150806F6D81007600422018A043601C1040E01CF0404
S3150806F6E80100C004D0044401610526040000000090
S3150806F6F87D1D0100632C001E9601A01E5A01001FD7
S3150806F7080806101F0606201F0806301F0806401F8B
S3150806F7180606511F0700591F521F5B1F541F5D1FF8
S3150806F728561F5F1F601F0806701F0E00BA1FBB1FED
S3150806F738C81FC91FCA1FCB1FDA1FDB1FF81FF91FE9
S3150806F748EA1FEB1FFA1FFB1F801F0806901F0806ED
S3150806F758A01F0806B01F0400B81FB91FB21FBC1F92
S3150806F768CC1F0100C31FD01F0206E01F0206E51FAD
S3150806F7780100EC1FF21F0100FC1F4E210100322171
S3150806F78870211002842101008321D0241A05302C01
S3150806F7982F04602C0201672C0601752C0201802CA1
S3150806F7A86401002D260841FF1A03000004120010FA
S3150806F7B809170100010020000D1701002100200085
S3150806F7C81012411014124210181244400000000084
S3150806F7D800000000B4F70608D8F706080000000077
S3150806F7E8000000000600000006000000041200409B
S3150806F7F8081204400C12084010120C4000000000BB
S3150806F80800000000F4F7060808F8060800000000D5
S3150806F81800000000040000000400000005180100A6
S3150806F828000010000938014014004C000D38014044
S3150806F8381400DC011138014014000200153801408D
S3150806F8481400B000193801401400A8001D380140F4
S3150806F858140044002138014014003C0025380140AC
S3150806F86814009400293801401400A4002D380140D4
S3150806F87814002C0031380140140050083538014068
S3150806F88814000405000000000CF806083CFC0608E7
S3150806F898A4FF060838FE060898FE06083CFB06086E
S3150806F8A8E0000708E0FD0608B8FB060864FA060835
S3150806F8B864000708ECFC06081CFD0608000000009C
S3150806F8C824F8060890F8060800000000000000005C
S3150806F8D80D0000000D00000004120010081104406F
S3150806F8E80000000000000000E0F80608ECF8060824
S3150806F8F800000000000000000200000002000000E8
S3150806F90804140040081204400C11084010140C4050
S3150806F918000000000000000008F906081CF9060899
S3150806F92800000000000000000400000004000000B3
S3150806F93804120010081104400C11084010140C4053
S3150806F94815180100100010000000000020F9060826
S3150806F9580000000038F9060854F9060800000000F1
S3150806F9680000000005000000050000000414004019
S3150806F978081204400C11084010140C400000000038
S3150806F9880000000074F9060888F906080000000051
S3150806F998000000000400000004000000041200101D
S3150806F9A809180100040008000C140C401118010077
S3150806F9B81000100000000000F0F806088CF9060882
S3150806F9C800000000A4F90608C0F9060800000000A9
S3150806F9D800000000040000000400000004120040AD
S3150806F9E8081404400000000000000000E4F90608B0
S3150806F9F8F0F90608000000000000000002000000F2
S3150806FA080200000004120010081201100C12021057
S3150806FA1800000000000000000CFA06081CFA060892
S3150806FA2800000000000000000300000003000000B4
S3150806FA3804120040081204100C12084010120C1082
S3150806FA4814120D1018120E101D1801001000940035
S3150806FA5800000000B8FB06080000000038FA060889
S3150806FA685CFA06080000000000000000070000000F
S3150806FA7807000000041400400814044000000000AB
S3150806FA88000000007CFA060888FA06080000000046
S3150806FA980000000002000000020000000412001020
S3150806FAA809280300040008000D1801001C000800B0
S3150806FAB81118010024000800151801002C00080072
S3150806FAC819180100340008001D1801003C00080032
S3150806FAD8211801004400080024124C2028124E203A
S3150806FAE82C125020000000008CFA06088CFA060824
S3150806FAF88CFA06088CFA06088CFA06088CFA06089A
S3150806FB088CFA060800000000A4FA0608F0FA0608A1
S3150806FB1800000000000000000B0000000B000000B3
S3150806FB2805280200000054000000000010FB06081D
S3150806FB380000000028FB060834FB0608000000003B
S3150806FB480000000001000000010000000411004042
S3150806FB58081404400C11084010140C401410101010
S3150806FB68000000000000000054FB06086CFB0608A7
S3150806FB78000000000000000005000000050000005F
S3150806FB8804120010081201100C120210111801109E
S3150806FB98040014001528020018003C0018129040A4
S3150806FBA80000000070FB0608E0FD060800000000D5
S3150806FBB888FB0608ACFB06080000000000000000E3
S3150806FBC806000000060000000412001008120110BC
S3150806FBD80000000000000000D0FB0608DCFB06084B
S3150806FBE800000000000000000200000002000000F5
S3150806FBF80538014004000C000938014004000200D3
S3150806FC080D38014004002800113801400400030095
S3150806FC1815380140040048000000000014FE0608CE
S3150806FC28E0FB06081001070820FA0608A4FC0608D9
S3150806FC3800000000F8FB060824FC06080000000079
S3150806FC480000000005000000050000000412004038
S3150806FC58081204100C120510101106201412082092
S3150806FC6818110A20000000000000000054FC0608C7
S3150806FC7870FC0608000000000000000006000000E8
S3150806FC8806000000041200100917010001004000CA
S3150806FC980C12444000000000000000008CFC060810
S3150806FCA8A0FC06080000000000000000030000008B
S3150806FCB803000000051701000000400009120100AC
S3150806FCC8400004000D120100440004001112010048
S3150806FCD848000400151601004C000208000000003A
S3150806FCE800000000BCFC0608E8FC06080000000040
S3150806FCF8000000000500000005000000052714207E
S3150806FD080200400009120100020502000000000070
S3150806FD180000000004FD060818FD06080000000095
S3150806FD28000000000200000002000000041100405E
S3150806FD38081104400C14084010140C4014111040FD
S3150806FD48181114401C11184020141C4024102010A1
S3150806FD58000000000000000034FD06085CFD0608E1
S3150806FD680000000000000000090000000900000065
S3150806FD7804120020081202200C120420101206206B
S3150806FD881412082018120A201C120C20000000005B
S3150806FD980000000078FD060898FD06080000000021
S3150806FDA80000000007000000070000000412001003
S3150806FDB8081201100C120440111801000800240044
S3150806FDC8151801202E000E000000000060FD060822
S3150806FDD89CFD060800000000B4FD0608D4FD0608C2
S3150806FDE800000000000000000500000005000000ED
S3150806FDF804120010081201100C1202101011044001
S3150806FE08141108400000000000000000F8FD060866
S3150806FE1810FE0608000000000000000005000000A5
S3150806FE28050000000412002000000000000000007B
S3150806FE382CFE060834FE060800000000000000002E
S3150806FE48010000000100000005120100000002007A
S3150806FE5809120100040004000D3801400C0044008C
S3150806FE68113801400C003C00153801400C00940076
S3150806FE78193801400C00A40000000000E000070835
S3150806FE88E0FD0608B8FB060864FA0608000000003E
S3150806FE9850FE060884FE060800000000000000005A
S3150806FEA80600000006000000041200400812084072
S3150806FEB80C1204400000000000000000B0FE060808
S3150806FEC8C0FE060800000000000000000300000047
S3150806FED80300000004120010093801200400200057
S3150806FEE80D380120040020001138012004000800F6
S3150806FEF81538012004000C00000000005CF9060805
S3150806FF08CCF90608F4F90608C4FE06080000000037
S3150806FF18DCFE060804FF06080000000000000000CC
S3150806FF280500000005000000051201000000010092
S3150806FF3809170100010020000D1201002100010021
S3150806FF48111801002400480015280A006C00240028
S3150806FF5819120100D401020000000000DCF70608A1
S3150806FF6818FF06080000000030FF060864FF0608A2
S3150806FF780000000000000000060000000600000059
S3150806FF880512010000000100091801000400D8013D
S3150806FF980000000070FF06080000000088FF060833
S3150806FFA89CFF06080000000000000000020000008A
S3150806FFB80200000006280A000000000000000000EB
S3150806FFC8D80100000000000070FF060800000000BF
S3150806FFD8BCFF0608D0FF060800000000000000005F
S3150806FFE80100000001000000041200200812022081
S3150806FFF80C1204201012062000000000000000005B
S31508070008F0FF0608040007080000000000000000C3
S315080700180400000004000000041200200812022049
S315080700280000000000000000200007082C00070849
S31508070038000000000000000002000000020000009F
S3150807004804120040081204400D1701000800200092
S3150807005810122810000000000000000048000708D2
S315080700686000070800000000000000000400000000
S315080700780400000005180100000008000918010017
S31508070088080004000C120C40101210101412144021
S3150807009800000000080007083000070800000000ED
S315080700A87C0007089C0007080000000000000000FD
S315080700B805000000050000000518010000002C00CF
S315080700C8091801002C00180000000000640007083A
S315080700D8A800070800000000C0000708D40007089A
S315080700E800000000000000000200000002000000EF
S315080700F804120010081204400D1701000800200012
S315080701080000000000000000F80007080C010708AF
S3150807011800000000000000000300000003000000BC
S31508070128317B0508617C0508797C0508D17C0508B3
S31508070138F57C05088D7D0508A17D0508F97D05085F
S31508070148557E0508C9820508DF8205080783050855
S3150807015860DA06081B830508B1830508C5830508F9
S3150807016868DA060801840508698405087D84050888
S3150807017870DA060891840508D185050843860508AF
S3150807018878DA060891840508D18505084386050897
S3150807019884DA060891840508D1850508438605087B
S315080701A894DA060811B505084DB6050885B605088B
S315080701B885B7050805BB050881BB0508A1BD050858
S315080701C8C1C205088DC5050805C6050881C80508F5
S315080701D865CC05084DCD05085DD5050869D7050811
S315080701E8C1D70508EDEB050865EF0508BDEF05084E
S315080701F83DF10508FDF1050855F205086DF20508EC
S3150807020805F3050819F305082FF3050843F3050841
S31508070218DD12060881130608A913060804E4060862
S31508070228BD130608EF130608111406080CE4060892
S3150807023835140608391506088115060814E4060844
S3150807024835160608E1170608D91906081CE4060824
S31508070258FF190608371A06088F1A060828E406082B
S31508070268A51A0608DD1A0608F31A060838E406085A
S31508070278111B0608491D06086D1D060844E40608E5
S31508070288ED2D0608052E0608212E0608352E06081A
S315080702984B2E06085F2E0608792E0608A52E060889
S315080702A8DD2E06087D2D0608000000000000000060
S315080702B86133060809340608353406082CE906089A
S315080702C8493406087D340608A934060834E90608B1
S315080702D8BD340608F13406081D3506083CE906083C
S315080702E831350608AD3506084136060844E90608CD
S315080702F85536060815370608993806084CE90608CC
S31508070308AD380608C3380608D738060858E9060868
S31508070318655B0608355C0608A55C060810EE060838
S31508070328B95C0608035D0608335D060818EE06086D
S31508070338475D0608A55D0608295E060820EE06082D
S315080703483D5E0608615E0608195F060830EE060868
S315080703582D5F0608455F0608296006083CEE060865
S315080703683D60060815610608A961060848EE0608E5
S31508070378EF610608296206085D62060854EE06084C
S31508070388494E4600696E66004E414E006E616E001C
S31508070398303132333435363738394142434445469E
S315080703A80030313233343536373839616263646534
S315080703B8660053756363657373004E6F74206F77AA
S315080703C86E6572004E6F20737563682066696C657B
S315080703D8206F72206469726563746F7279004E6F4D
S315080703E820737563682070726F6365737300496E47
S315080703F87465727275707465642073797374656D3C
S315080704082063616C6C00492F4F206572726F720002
S315080704184E6F207375636820646576696365206F10
S3150807042872206164647265737300417267206C6928
S31508070438737420746F6F206C6F6E670045786563F1
S3150807044820666F726D6174206572726F7200536FDA
S31508070458636B657420616C726561647920636F6E76
S315080704686E6563746564004261642066696C652015
S315080704786E756D626572004E6F206368696C647283
S31508070488656E0044657374696E6174696F6E206179
S315080704986464726573732072657175697265640039
S315080704A84E6F206D6F72652070726F63657373651B
S315080704B873004E6F7420656E6F7567682073706171
S315080704C86365005065726D697373696F6E20646535
S315080704D86E69656400426164206164647265737352
S315080704E800446576696365206F72207265736F7550
S315080704F872636520627573790046696C6520657845
S31508070508697374730043726F73732D6465766963C9
S3150807051865206C696E6B004E6F2073756368206477
S315080705286576696365004E6F74206120646972652C
S3150807053863746F727900486F737420697320646FE0
S31508070548776E00436F6E6E656374696F6E20616CAC
S31508070558726561647920696E2070726F6772657350
S31508070568730049732061206469726563746F7279C9
S3150807057800496E76616C696420617267756D656E88
S3150807058874004E6574776F726B20696E7465726648
S31508070598616365206973206E6F7420636F6E666979
S315080705A8677572656400436F6E6E656374696F6E07
S315080705B82061626F72746564206279206E65747744
S315080705C86F726B00546F6F206D616E79206F706557
S315080705D86E2066696C657320696E2073797374650E
S315080705E86D0046696C652064657363726970746F14
S315080705F8722076616C756520746F6F206C617267F7
S3150807060865004E6F7420612063686172616374655B
S315080706187220646576696365005465787420666927
S315080706286C6520627573790046696C6520746F6F07
S31508070638206C6172676500486F7374206973207543
S315080706486E726561636861626C65004E6F207370C8
S31508070658616365206C656674206F6E2064657669C4
S315080706686365004E6F7420737570706F727465646E
S3150807067800496C6C6567616C207365656B00526524
S3150807068861642D6F6E6C792066696C65207379735A
S3150807069874656D00546F6F206D616E79206C696E8D
S315080706A86B730042726F6B656E2070697065004DD3
S315080706B8617468656D617469637320617267756DBE
S315080706C8656E74206F7574206F6620646F6D61692F
S315080706D86E206F662066756E6374696F6E0052655D
S315080706E873756C7420746F6F206C61726765004E3A
S315080706F86F206D657373616765206F662064657318
S31508070708697265642074797065004964656E7469E9
S31508070718666965722072656D6F76656400496C6CE3
S315080707286567616C20627974652073657175656E8E
S31508070738636500446561646C6F636B004E6574771F
S315080707486F726B20697320756E726561636861627B
S315080707586C65004E6F206C6F636B004E6F74206173
S315080707682073747265616D0053747265616D2069CB
S315080707786F63746C2074696D656F7574004E6F20A6
S3150807078873747265616D207265736F7572636573C5
S31508070798005669727475616C206369726375697442
S315080707A820697320676F6E650050726F746F636F81
S315080707B86C206572726F7200556E6B6E6F776E2056
S315080707C870726F746F636F6C004D756C7469686FB8
S315080707D87020617474656D7074656400426164207D
S315080707E86D6573736167650046756E6374696F6EC1
S315080707F8206E6F7420696D706C656D656E746564B7
S31508070808004469726563746F7279206E6F74206520
S315080708186D7074790046696C65206F72207061740B
S3150807082868206E616D6520746F6F206C6F6E670040
S31508070838546F6F206D616E792073796D626F6C6975
S3150807084863206C696E6B73004E6F20627566666502
S315080708587220737061636520617661696C61626C81
S3150807086865004E6F2064617461004164647265733C
S31508070878732066616D696C79206E6F74207375705D
S31508070888706F727465642062792070726F746F630B
S315080708986F6C2066616D696C790050726F746F6347
S315080708A86F6C2077726F6E67207479706520666F2C
S315080708B87220736F636B657400536F636B65742077
S315080708C86F7065726174696F6E206F6E206E6F6ED2
S315080708D82D736F636B65740050726F746F636F6CF3
S315080708E8206E6F7420617661696C61626C65004376
S315080708F86F6E6E656374696F6E2072656675736564
S315080709086400436F6E6E656374696F6E20726573EC
S31508070918657420627920706565720041646472653A
S31508070928737320616C726561647920696E207573C3
S31508070938650041646472657373206E6F7420617607
S3150807094861696C61626C6500536F66747761726575
S315080709582063617573656420636F6E6E6563746972
S315080709686F6E2061626F727400536F636B657420CC
S315080709786973206E6F7420636F6E6E65637465643A
S3150807098800536F636B657420697320616C726561C0
S31508070998647920636F6E6E6563746564004F706566
S315080709A8726174696F6E2063616E63656C6564004E
S315080709B85374617465206E6F74207265636F766504
S315080709C87261626C650050726576696F7573206F18
S315080709D8776E65722064696564004F70657261741D
S315080709E8696F6E206E6F7420737570706F72746591
S315080709F864206F6E20736F636B65740056616C7538
S31508070A086520746F6F206C6172676520666F722040
S31508070A18646566696E6564206461746120747970B3
S31508070A2865004D65737361676520746F6F206C6F12
S31508070A386E6700436F6E6E656374696F6E207469B7
S31508070A486D6564206F7574005245454E54206D616F
S31508070A586C6C6F6320737563636565646564002FDB
S31508070A686275696C642F676E752D746F6F6C732D55
S31508070A78666F722D73746D33325F31312E332E726A
S31508070A88656C312E32303233303531392D313934B8
S31508070A98312F7372632F6E65776C69622F6E657768
S31508070AA86C69622F6C6962632F74696D652F6C634D
S31508070AB86C74696D652E63001F0000001C00000032
S31508070AC81F0000001E0000001F0000001E0000008F
S31508070AD81F0000001F0000001E0000001F0000007E
S31508070AE81E0000001F000000000000001F0000008D
S31508070AF83B0000005A000000780000009700000035
S31508070B08B5000000D4000000F3000000110100003A
S31508070B18300100004E0100001F0000001C000000FD
S31508070B281F0000001E0000001F0000001E0000002E
S31508070B381F0000001F0000001E0000001F0000001D
S31508070B481E0000001F0000001F0000001D0000000F
S31508070B581F0000001E0000001F0000001E000000FE
S31508070B681F0000001F0000001E0000001F000000ED
S31508070B781E0000001F000000545A00474D54002560
S31508070B8831315B2D2B302D39412D5A612D7A5D254B
S31508070B986E002531315B412D5A612D7A5D256E0028
S31508070BA84D256875256E2E256875256E2E25687553
S31508070BB8256E002F256875256E3A256875256E3AB8
S31508070BC8256875256E002C2066756E6374696F6EC1
S31508070BD83A2000617373657274696F6E20222573EC
S31508070BE822206661696C65643A2066696C65202205
S31508070BF82573222C206C696E652025642573257351
S31508070C080A00496E66696E697479004E614E002F47
S31508070C186275696C642F676E752D746F6F6C732DA3
S31508070C28666F722D73746D33325F31312E332E72B8
S31508070C38656C312E32303233303531392D31393406
S31508070C48312F7372632F6E65776C69622F6E6577B6
S31508070C586C69622F6C6962632F7374646C69622F97
S31508070C6864746F612E630042616C6C6F63207375D9
S31508070C7863636565646564002F6275696C642F67C5
S31508070C886E752D746F6F6C732D666F722D73746D11
S31508070C9833325F31312E332E72656C312E3230324C
S31508070CA833303531392D313934312F7372632F6E15
S31508070CB865776C69622F6E65776C69622F6C6962EE
S31508070CC8632F7374646C69622F6D707265632E631C
S31508070CD800000000000000000080E03779C34143A0
S31508070CE8176E05B5B5B89346F5F93FE9034F384D75
S31508070CF8321D30F94877825A3CBF737FDD4F157521
S31508070D08000000000000F03F000000000000244033
S31508070D1800000000000059400000000000408F400E
S31508070D28000000000088C34000000000006AF84079
S31508070D380000000080842E4100000000D01263419D
S31508070D480000000084D797410000000065CDCD4113
S31508070D58000000205FA00242000000E876483742F4
S31508070D68000000A2941A6D42000040E59C30A24292
S31508070D780000901EC4BCD64200003426F56B0C4307
S31508070D880080E03779C3414300A0D88557347643AE
S31508070D9800C84E676DC1AB43003D9160E458E1430F
S31508070DA8408CB5781DAF154450EFE2D6E41A4B4484
S31508070DB892D54D06CFF08044F64AE1C7022DB544C9
S31508070DC8B49DD9794378EA4405000000190000005C
S31508070DD87D00000000202020202020202020282809
S31508070DE828282820202020202020202020202020CE
S31508070DF8202020202088101010101010101010100E
S31508070E08101010101004040404040404040404103D
S31508070E1810101010101041414141414101010101CB
S31508070E280101010101010101010101010101010195
S31508070E3810101010101042424242424202020202A1
S31508070E480202020202020202020202020202020265
S31508070E581010101020000000000000000000000015
S31508070E680000000000000000000000000000000065
S31508070E780000000000000000000000000000000055
S31508070E880000000000000000000000000000000045
S31508070E980000000000000000000000000000000035
S31508070EA80000000000000000000000000000000025
S31508070EB80000000000000000000000000000000015
S31508070EC80000000000000000000000000000000005
S31508070ED80000000000232D302B2000686C4C0065A5
S31508070EE86667454647004300504F534958002E0042
S31508070EF8412D46612D663839303132333435363720
S31108070F085D002B2D0030300078580000E3
S30D08070F1474FEFC7F01000000D2
S30908070F1C05020408A9
S30908070F20E1010408CA
S31508070F24204500200024F4001000000001000000FA
S31508070F340100000099D00408C5D00408F1D00408B4
S31508070F4417D104083DD10408010000006E616D65D8
S31508070F540000000000000000000000000000000078
S31508070F6400000000000000000000000076657273A8
S31508070F74696F6E0000000000000000000000000012
S31508070F840000000000000000000000000300050040
S31508070F9400000000000000000000FFFF000000003A
S31508070FA40000000000000000000000000000000028
S31508070FB40000000000000000000000000000000018
S31508070FC44001F000000000004001F00000000000A6
S31508070FD44001F000000000004001F0000000000096
S31508070FE400000000000000000000000000000000E8
S31508070FF400000000000000000000000000000000D8
S3150807100400000000000000000000000000000000C7
S3150807101400000000000000000000000000000000B7
S3150807102400000000000000000000000000000000A7
S315080710340000000000000000000000000000000097
S315080710440000000000000000000000000000000087
S315080710540000000000000000000000000000000077
S315080710640000000000000000000000000000000067
S315080710740000000000000000000000000000000057
S315080710840000000000000000000000000000000047
S315080710940000000000000000000000000000000037
S315080710A40000000000000000000000000000000027
S315080710B40000000000000000000000000000000017
S315080710C40000000000000000000000000000000007
S315080710D400000000000000000000000000000000F7
S315080710E400000000000000000000000000000000E7
S315080710F400000000000000000000000000000000D7
S3150807110400000000000000000000000000000000C6
S3150807111400000000000000000000000000000000B6
S3150807112400000000000000000000000000000000A6
S315080711340000000000000000000000000000000096
S315080711440000000000000000000000000000000086
S315080711540000000000000000000000000000000076
S315080711640000000000000000000000000000000066
S315080711740000000000000000000000000000000056
S315080711840000000000000000000000000000000046
S315080711940000000000000000000000000000000036
S315080711A40000000000000000000000000000000026
S315080711B40000000000000000000000000000000016
S315080711C40000000000000000000000000000000006
S315080711D400000000000000000000000000000000F6
S315080711E400000000000000000000000000000000E6
S315080711F400000000000000000000000000000000D6
S3150807120400000000000000000000000000000000C5
S3150807121400000000000000000000000000000000B5
S3150807122400000000000000000000000000000000A5
S315080712340000000000000000000000000000000095
S315080712440000000000000000000000000000000085
S315080712540000000000000000000000000000000075
S315080712640000000000000000000000000000000065
S315080712740000000000000000000000000000000055
S315080712840000000000000000000000000000000045
S315080712940000000000000000000000000000000035
S315080712A40000000000000000000000000000000025
S315080712B40000000000000000000000000000000015
S315080712C40000000000000000000000000000000005
S315080712D400000000000000000000000000000000F5
S315080712E400000000000000000000000000000000E5
S315080712F400000000000000000000000000000000D5
S3150807130400000000000000000000000000000000C4
S3150807131400000000000000000000000000000000B4
S3150807132400000000000000000000000000000000A4
S315080713340000000000000000000000000000000094
S315080713440000000000000000000000000000000084
S315080713540000000000000000000000000000000074
S315080713640000000000000000000000000000000064
S315080713740000000000000000000000000000000054
S315080713840000000000000000000000000000000044
S315080713940000000000000000000000000000000034
S315080713A40000000000000000000000000000000024
S315080713B40000000000000000000000000000000014
S315080713C40000000000000000000000000000000004
S315080713D400000000000000000000000000000000F4
S315080713E400000000000000000000000000000000E4
S315080713F400000000000000000000000000000000D4
S3150807140400000000000000000000000000000000C3
S3150807141400000000000000000000000000000000B3
S3150807142400000000000000000000000000000000A3
S315080714340000000000000000000000000000000093
S315080714440000000000000000000000000000000083
S315080714540000000000000000000000000000000073
S315080714640000000000000000000000000000000063
S315080714740000000000000000000000000000000053
S315080714840000000000000000000000000000000043
S315080714940000000000000000000000000000000033
S315080714A40000000000000000000000000000000023
S315080714B40000000000000000000000000000000013
S315080714C40000000000000000000000000000000003
S315080714D400000000000000000000000000000000F3
S315080714E400000000000000000000000000000000E3
S315080714F400000000000000000000000000000000D3
S3150807150400000000000000000000000000000000C2
S3150807151400000000000000000000000000000000B2
S3150807152400000000000000000000000000000000A2
S315080715340000000000000000000000000000000092
S315080715440000000000000000000000000000000082
S315080715540000000000000000000000000000000072
S315080715640000000000000000000000000000000062
S315080715740000000000000000000000000000000052
S315080715840000000000000000000000000000000042
S315080715940000000000000000000000000000000032
S315080715A40000000000000000000000000000000022
S315080715B40000000000000000000000000000000012
S315080715C40000000000000000000000000000000002
S315080715D400000000000000000000000000000000F2
S315080715E400000000000000000000000000000000E2
S315080715F400000000000000000000000000000000D2
S3150807160400000000000000000000000000000000C1
S3150807161400000000000000000000000000000000B1
S3150807162400000000000000000000000000000000A1
S315080716340000000000000000000000000000000091
S315080716440000000000000000000000000000000081
S315080716540000000000000000000000000000000071
S315080716640000000000000000000000000000000061
S315080716740000000000000000000000000000000051
S315080716840000000000000000000000000000000041
S315080716940000000000000000000000000000000031
S315080716A40000000000000000000000000000000021
S315080716B40000000000000000000000000000000011
S315080716C40000000000000000000000000000000001
S315080716D400000000000000000000000000000000F1
S315080716E400000000000000000000000000000000E1
S315080716F400000000000000000000000000000000D1
S3150807170400000000000000000000000000000000C0
S3150807171400000000000000000000000000000000B0
S3150807172400000000000000000000000000000000A0
S315080717340000000000000000000000000000000090
S315080717440000000000000000000000000000000080
S315080717540000000000000000000000000000000070
S315080717640000000000000000000000000000000060
S315080717740000000000000000000000000000000050
S315080717840000000000000000000000000000000040
S315080717940000000000000000000000000000000030
S315080717A40000000000000000000000000000000020
S315080717B40000000000000000000000000000000010
S315080717C40000000000000000000000000000000000
S315080717D400000000000000000000000000000000F0
S315080717E400000000000000000000000000000000E0
S315080717F400000000000000000000000000000000D0
S3150807180400000000000000000000000000000000BF
S3150807181400000000000000000000000000000000AF
S31508071824000000000000000000000000000000009F
S31508071834000000000000000000000000000000008F
S31508071844000000000000000000000000000000007F
S31508071854000000000000000000000000000000006F
S31508071864000000000000000000000000000000005F
S31508071874000000000000000000000000000000004F
S31508071884000000000000000000000000000000003F
S31508071894000000000000000000000000000000002F
S315080718A4000000000000000000000000000000001F
S315080718B4000000000000000000000000000000000F
S315080718C400000000000000000000000000000000FF
S315080718D400000000000000000000000000000000EF
S315080718E400000000000000000000000000000000DF
S315080718F400000000000000000000000000000000CF
S3150807190400000000000000000000000000000000BE
S3150807191400000000000000000000000000000000AE
S31508071924000000000000000000000000000000009E
S31508071934000000000000000000000000000000008E
S31508071944000000000000000000000000000000007E
S31508071954000000000000000000000000000000006E
S31508071964000000000000000000000000000000005E
S31508071974000000000000000000000000000000004E
S31508071984000000000000000000000000000000003E
S31508071994000000000000000000000000000000002E
S315080719A4000000000000000000000000000000001E
S315080719B4000000000000000000000000000000000E
S315080719C400000000000000000000000000000000FE
S315080719D400000000000000000000000000000000EE
S315080719E400000000000000000000000000000000DE
S315080719F400000000000000000000000000000000CE
S31508071A0400000000000000000000000000000000BD
S31508071A1400000000000000000000000000000000AD
S31508071A24000000000000000000000000000000009D
S31508071A34000000000000000000000000000000008D
S31508071A44000000000000000000000000000000007D
S31508071A54000000000000000000000000000000006D
S31508071A64000000000000000000000000000000005D
S31508071A74000000000000000000000000000000004D
S31508071A84000000000000000000000000000000003D
S31508071A94000000000000000000000000000000002D
S31508071AA4000000000000000000000000000000001D
S31508071AB4000000000000000000000000000000000D
S31508071AC400000000000000000000000000000000FD
S31508071AD400000000000000000000000000000000ED
S31508071AE400000000000000000000000000000000DD
S31508071AF400000000000000000000000000000000CD
S31508071B0400000000000000000000000000000000BC
S31508071B1400000000000000000000000000000000AC
S31508071B24000000000000000000000000000000009C
S31508071B34000000000000000000000000000000008C
S31508071B44000000000000000000000000000000007C
S31508071B54000000000000000000000000000000006C
S31508071B64000000000000000000000000000000005C
S31508071B74000000000000000000000000000000004C
S31508071B84000000000000000000000000000000003C
S31508071B94000000000000000000000000000000002C
S31508071BA4000000000000000000000000000000001C
S31508071BB4000000000000000000000000000000000C
S31508071BC400000000000000000000000000000000FC
S31508071BD400000000000000000000000000000000EC
S31508071BE400000000000000000000000000000000DC
S31508071BF400000000000000000000000000000000CC
S31508071C0400000000000000000000000000000000BB
S31508071C1400000000000000000000000000000000AB
S31508071C24000000000000000000000000000000009B
S31508071C34000000000000000000000000000000008B
S31508071C44000000000000000000000000000000007B
S31508071C54000000000000000000000000000000006B
S31508071C64000000000000000000000000000000005B
S31508071C74000000000000000000000000000000004B
S31508071C84000000000000000000000000000000003B
S31508071C94000000000000000000000000000000002B
S31508071CA4000000000000000000000000000000001B
S31508071CB4000000000000000000000000000000000B
S31508071CC400000000000000000000000000000000FB
S31508071CD400000000000000000000000000000000EB
S31508071CE400000000000000000000000000000000DB
S31508071CF400000000000000000000000000000000CB
S31508071D0400000000000000000000000000000000BA
S31508071D1400000000000000000000000000000000AA
S31508071D24000000000000000000000000000000009A
S31508071D34000000000000000000000000000000008A
S31508071D44000000000000000000000000000000007A
S31508071D54000000000000000000000000000000006A
S31508071D64000000000000000000000000000000005A
S31508071D74000000000000000000000000000000004A
S31508071D84000000000000000000000000000000003A
S31508071D94000000000000000000000000000000002A
S31508071DA4000000000000000000000000000000001A
S31508071DB4000000000000000000000000000000000A
S31508071DC400000000000000000000000000000000FA
S31508071DD400000000000000000000000000000000EA
S31508071DE400000000000000000000000000000000DA
S31508071DF400000000000000000000000000000000CA
S31508071E0400000000000000000000000000000000B9
S31508071E1400000000000000000000000000000000A9
S31508071E240000000000000000000000000000000099
S31508071E340000000000000000000000000000000089
S31508071E440000000000000000000000000000000079
S31508071E540000000000000000000000000000000069
S31508071E640000000000000000000000000000000059
S31508071E740000000000000000000000000000000049
S31508071E840000000000000000000000000000000039
S31508071E940000000000000000000000000000000029
S31508071EA40000000000000000000000000000000019
S31508071EB40000000000000000000000000000000009
S31508071EC400000000000000000000000000000000F9
S31508071ED400000000000000000000000000000000E9
S31508071EE400000000000000000000000000000000D9
S31508071EF400000000000000000000000000000000C9
S31508071F0400000000000000000000000000000000B8
S31508071F1400000000000000000000000000000000A8
S31508071F240000000000000000000000000000000098
S31508071F340000000000000000000000000000000088
S31508071F440000000000000000000000000000000078
S31508071F540000000000000000000000000000000068
S31508071F640000000000000000000000000000000058
S31508071F740000000000000000000000000000000048
S31508071F840000000000000000000000000000000038
S31508071F940000000000000000000000000000000028
S31508071FA40000000000000000000000000000000018
S31508071FB40000000000000000000000000000000008
S31508071FC400000000000000000000000000000000F8
S31508071FD400000000000000000000000000000000E8
S31508071FE400000000000000000000000000000000D8
S31508071FF400000000000000000000000000000000C8
S3150807200400000000000000000000000000000000B7
S3150807201400000000000000000000000000000000A7
S315080720240000000000000000000000000000000097
S315080720340000000000000000000000000000000087
S315080720440000000000000000000000000000000077
S315080720540000000000000000000000000000000067
S315080720640000000000000000000000000000000057
S315080720740000000000000000000000000000000047
S315080720840000000000000000000000000000000037
S315080720940000000000000000000000000000000027
S315080720A40000000000000000000000000000000017
S315080720B40000000000000000000000000000000007
S315080720C400000000000000000000000000000000F7
S315080720D400000000000000000000000000000000E7
S315080720E400000000000000000000000000000000D7
S315080720F400000000000000000000000000000000C7
S3150807210400000000000000000000000000000000B6
S3150807211400000000000000000000000000000000A6
S315080721240000000000000000000000000000000096
S315080721340000000000000000000000000000000086
S315080721440000000000000000000000000000000076
S315080721540000000000000000000000000000000066
S315080721640000000000000000000000000000000056
S315080721740000000000000000000000000000000046
S315080721840000000000000000000000000000000036
S315080721940000000000000000000000000000000026
S315080721A40000000000000000000000000000000016
S315080721B40000000000000000000000000000000006
S315080721C400000000000000000000000000000000F6
S315080721D400000000000000000000000000000000E6
S315080721E400000000000000000000000000000000D6
S315080721F400000000000000000000000000000000C6
S3150807220400000000000000000000000000000000B5
S3150807221400000000000000000000000000000000A5
S315080722240000000000000000000000000000000095
S315080722340000000000000000000000000000000085
S315080722440000000000000000000000000000000075
S315080722540000000000000000000000000000000065
S315080722640000000000000000000000000000000055
S315080722740000000000000000000000000000000045
S315080722840000000000000000000000000000000035
S315080722940000000000000000000000000000000025
S315080722A40000000000000000000000000000000015
S315080722B40000000000000000000000000000000005
S315080722C400000000000000000000000000000000F5
S315080722D400000000000000000000000000000000E5
S315080722E400000000000000000000000000000000D5
S315080722F400000000000000000000000000000000C5
S3150807230400000000000000000000000000000000B4
S3150807231400000000000000000000000000000000A4
S315080723240000000000000000000000000000000094
S315080723340000000000000000000000000000000084
S315080723440000000000000000000000000000000074
S315080723540000000000000000000000000000000064
S315080723640000000000000000000000000000000054
S315080723740000000000000000000000000000000044
S315080723840000000000000000000000000000000034
S315080723940000000000000000000000000000000024
S315080723A40000000000000000000000000000000014
S315080723B40000000000000000000000000000000004
S315080723C400000000000000000000000000000000F4
S315080723D400000000000000000000000000000000E4
S315080723E400000000000000000000000000000000D4
S315080723F400000000000000000000000000000000C4
S3150807240400000000000000000000000000000000B3
S3150807241400000000000000000000000000000000A3
S315080724240000000000000000000000000000000093
S315080724340000000000000000000000000000000083
S315080724440000000000000000000000000000000073
S315080724540000000000000000000000000000000063
S315080724640000000000000000000000000000000053
S315080724740000000000000000000000000000000043
S315080724840000000000000000000000000000000033
S315080724940000000000000000000000000000000023
S315080724A40000000000000000000000000000000013
S315080724B40000000000000000000000000000000003
S315080724C400000000000000000000000000000000F3
S315080724D400000000000000000000000000000000E3
S315080724E400000000000000000000000000000000D3
S315080724F400000000000000000000000000000000C3
S3150807250400000000000000000000000000000000B2
S3150807251400000000000000000000000000000000A2
S315080725240000000000000000000000000000000092
S315080725340000000000000000000000000000000082
S315080725440000000000000000000000000000000072
S315080725540000000000000000000000000000000062
S315080725640000000000000000000000000000000052
S315080725740000000000000000000000000000000042
S315080725840000000000000000000000000000000032
S315080725940000000000000000000000000000000022
S315080725A40000000000000000000000000000000012
S315080725B40000000000000000000000000000000002
S315080725C400000000000000000000000000000000F2
S315080725D400000000000000000000000000000000E2
S315080725E400000000000000000000000000000000D2
S315080725F400000000000000000000000000000000C2
S3150807260400000000000000000000000000000000B1
S3150807261400000000000000000000000000000000A1
S315080726240000000000000000000000000000000091
S315080726340000000000000000000000000000000081
S315080726440000000000000000000000000000000071
S315080726540000000000000000000000000000000061
S315080726640000000000000000000000000000000051
S315080726740000000000000000000000000000000041
S315080726840000000000000000000000000000000031
S315080726940000000000000000000000000000000021
S315080726A40000000000000000000000000000000011
S315080726B40000000000000000000000000000000001
S315080726C400000000000000000000000000000000F1
S315080726D400000000000000000000000000000000E1
S315080726E400000000000000000000000000000000D1
S315080726F400000000000000000000000000000000C1
S3150807270400000000000000000000000000000000B0
S3150807271400000000000000000000000000000000A0
S315080727240000000000000000000000000000000090
S315080727340000000000000000000000000000000080
S315080727440000000000000000000000000000000070
S315080727540000000000000000000000000000000060
S315080727640000000000000000000000000000000050
S315080727740000000000000000000000000000000040
S315080727840000000000000000000000000000000030
S315080727940000000000000000000000000000000020
S315080727A40000000000000000000000000000000010
S315080727B40000000000000000000000000000000000
S315080727C400000000000000000000000000000000F0
S315080727D400000000000000000000000000000000E0
S315080727E400000000000000000000000000000000D0
S315080727F400000000000000000000000000000000C0
S3150807280400000000000000000000000000000000AF
S31508072814000000000000000000000000000000009F
S31508072824000000000000000000000000000000008F
S31508072834000000000000000000000000000000007F
S31508072844000000000000000000000000000000006F
S31508072854000000000000000000000000000000005F
S31508072864000000000000000000000000000000004F
S31508072874000000000000000000000000000000003F
S31508072884000000000000000000000000000000002F
S31508072894000000000000000000000000000000001F
S315080728A4000000000000000000000000000000000F
S315080728B400000000000000000000000000000000FF
S315080728C400000000000000000000000000000000EF
S315080728D400000000000000000000000000000000DF
S315080728E400000000000000000000000000000000CF
S315080728F400000000000000000000000000000000BF
S3150807290400000000000000000000000000000000AE
S31508072914000000000000000000000000000000009E
S31508072924000000000000000000000000000000008E
S31508072934000000000000000000000000000000007E
S31508072944000000000000000000000000000000006E
S31508072954000000000000000000000000000000005E
S31508072964000000000000000000000000000000004E
S31508072974000000000000000000000000000000003E
S31508072984000000000000000000000000000000002E
S31508072994000000000000000000000000000000001E
S315080729A4000000000000000000000000000000000E
S315080729B400000000000000000000000000000000FE
S315080729C400000000000000000000000000000000EE
S315080729D400000000000000000000000000000000DE
S315080729E400000000000000000000000000000000CE
S315080729F400000000000000000000000000000000BE
S31508072A0400000000000000000000000000000000AD
S31508072A14000000000000000000000000000000009D
S31508072A24000000000000000000000000000000008D
S31508072A34000000000000000000000000000000007D
S31508072A44000000000000000000000000000000006D
S31508072A54000000000000000000000000000000005D
S31508072A64000000000000000000000000000000004D
S31508072A74000000000000000000000000000000003D
S31508072A84000000000000000000000000000000002D
S31508072A94000000000000000000000000000000001D
S31508072AA4000000000000000000000000000000000D
S31508072AB400000000000000000000000000000000FD
S31508072AC400000000000000000000000000000000ED
S31508072AD400000000000000000000000000000000DD
S31508072AE400000000000000000000000000000000CD
S31508072AF400000000000000000000000000000000BD
S31508072B0400000000000000000000000000000000AC
S31508072B14000000000000000000000000000000009C
S31508072B24000000000000000000000000000000008C
S31508072B34000000000000000000000000000000007C
S31508072B44000000000000000000000000000000006C
S31508072B54000000000000000000000000000000005C
S31508072B64000000000000000000000000000000004C
S31508072B74000000000000000000000000000000003C
S31508072B84000000000000000000000000000000002C
S31508072B94000000000000000000000000000000001C
S31508072BA4000000000000000000000000000000000C
S31508072BB400000000000000000000000000000000FC
S31508072BC400000000000000000000000000000000EC
S31508072BD400000000000000000000000000000000DC
S31508072BE400000000000000000000000000000000CC
S31508072BF400000000000000000000000000000000BC
S31508072C0400000000000000000000000000000000AB
S31508072C14000000000000000000000000000000009B
S31508072C24000000000000000000000000000000008B
S31508072C34000000000000000000000000000000007B
S31508072C44000000000000000000000000000000006B
S31508072C54000000000000000000000000000000005B
S31508072C64000000000000000000000000000000004B
S31508072C74000000000000000000000000000000003B
S31508072C84000000000000000000000000000000002B
S31508072C94000000000000000000000000000000001B
S31508072CA4000000000000000000000000000000000B
S31508072CB400000000000000000000000000000000FB
S31508072CC400000000000000000000000000000000EB
S31508072CD400000000000000000000000000000000DB
S31508072CE400000000000000000000000000000000CB
S31508072CF400000000000000000000000000000000BB
S31508072D0400000000000000000000000000000000AA
S31508072D14000000000000000000000000000000009A
S31508072D24000000000000000000000000000000008A
S31508072D34000000000000000000000000000000007A
S31508072D44000000000000000000000000000000006A
S31508072D54000000000000000000000000000000005A
S31508072D64000000000000000000000000000000004A
S31508072D74000000000000000000000000000000003A
S31508072D84000000000000000000000000000000002A
S31508072D94000000000000000000000000000000001A
S31508072DA4000000000000000000000000000000000A
S31508072DB400000000000000000000000000000000FA
S31508072DC400000000000000000000000000000000EA
S31508072DD400000000000000000000000000000000DA
S31508072DE400000000000000000000000000000000CA
S31508072DF400000000000000000000000000000000BA
S31508072E0400000000000000000000000000000000A9
S31508072E140000000000000000000000000000000099
S31508072E240000000000000000000000000000000089
S31508072E340000000000000000000000000000000079
S31508072E440000000000000000000000000000000069
S31508072E540000000000000000000000000000000059
S31508072E640000000000000000000000000000000049
S31508072E740000000000000000000000000000000039
S31508072E840000000000000000000000000000000029
S31508072E940000000000000000000000000000000019
S31508072EA40000000000000000000000000000000009
S31508072EB400000000000000000000000000000000F9
S31508072EC400000000000000000000000000000000E9
S31508072ED400000000000000000000000000000000D9
S31508072EE400000000000000000000000000000000C9
S31508072EF400000000000000000000000000000000B9
S31508072F0400000000000000000000000000000000A8
S31508072F140000000000000000000000000000000098
S31508072F240000000000000000000000000000000088
S31508072F340000000000000000000000000000000078
S31508072F440000000000000000000000000000000068
S31508072F54000000000000000000003E5B4F5B3E00D7
S31508072F643E6B4F6B3E001C3E7C3E1C00183C7E3C69
S31508072F7418001C577D571C001C5E7F5E1C00001832
S31508072F843C180000FFE7C3E7FF00001824180000F1
S31508072F94FFE7DBE7FF0030483A060E0026297929BA
S31508072FA42600407F05050700407F05253F005A3C54
S31508072FB4E73C5A007F3E1C1C0800081C1C3E7F0081
S31508072FC414227F2214005F5F005F5F0006097F01F2
S31508072FD47F00006689956A0060606060600094A255
S31508072FE4FFA2940008047E04080010207E2010001F
S31508072FF408082A1C0800081C2A0808001E101010AE
S3150807300410000C1E0C1E0C0030383E383000060E15
S315080730143E0E060000000000000000005F000000E6
S31508073024000700070000147F147F1400242A7F2A48
S315080730341200231308646200364956205000000814
S3150807304407030000001C224100000041221C00005F
S315080730542A1C7F1C2A0008083E08080000807030CE
S31508073064000008080808080000006060000020102F
S31508073074080402003E5149453E0000427F400000CD
S315080730847249494946002141494D33001814127FAC
S3150807309410002745454539003C4A4949310041212D
S315080730A411090700364949493600464949291E0080
S315080730B40000140000000040340000000008142231
S315080730C441001414141414000041221408000201C0
S315080730D4590906003E415D594E007C1211127C00BF
S315080730E47F49494936003E41414122007F414141D2
S315080730F43E007F49494941007F09090901003E41C4
S31508073104415173007F0808087F0000417F4100008A
S315080731142040413F01007F08142241007F40404078
S3150807312440007F021C027F007F0408107F003E418F
S3150807313441413E007F09090906003E4151215E00C7
S315080731447F091929460026494949320003017F019F
S3150807315403003F4040403F001F2040201F003F40D8
S3150807316438403F0063140814630003047804030013
S315080731746159494D4300007F414141000204081043
S315080731842000004141417F00040201020400404037
S3150807319440404000000307080000205454784000C4
S315080731A47F2844443800384444442800384444288B
S315080731B47F0038545454180000087E09020018A4DE
S315080731C4A49C78007F080404780000447D40000026
S315080731D42040403D00007F102844000000417F40FE
S315080731E400007C04780478007C08040478003844D2
S315080731F444443800FC182424180018242418FC000E
S315080732047C080404080048545454240004043F441E
S3150807321424003C4040207C001C2040201C003C40E5
S3150807322430403C004428102844004C9090907C0079
S315080732344464544C440000083641000000007700F3
S3150807324400000041360800000201020402003C2679
S3150807325423263C001EA1A16112003A4040207A00A9
S3150807326438545455590021555579410022545478F0
S3150807327442002155547840002054557940000C1EC5
S315080732845272120039555555590039545454590030
S315080732943955545458000000457C41000002457DC1
S315080732A442000001457C40007D1211127D00F0287A
S315080732B42528F0007C54554500002054547C5400B6
S315080732C47C0A097F49003249494932003A44444449
S315080732D43A00324A484830003A4141217A003A428C
S315080732E440207800009DA0A07D003D4242423D0053
S315080732F43D4040403D003C24FF242400487E494382
S3150807330466002B2FFC2F2B00FF0929F62000C088FF
S315080733147E0903002054547941000000447D410086
S315080733243048484A3200384040227A00007A0A0A66
S3150807333472007D0D19317D002629292F2800262993
S315080733442929260030484D4020003808080808006F
S315080733540808080838002F10C8ACBA002F102834F4
S31508073364FA0000007B00000008142A14220022141D
S315080733742A140800550055005500AA55AA55AA0047
S31508073384FF55FF55FF00000000FF0000101010FF4F
S315080733940000141414FF00001010FF00FF0010109B
S315080733A4F010F000141414FC00001414F700FF00BE
S315080733B40000FF00FF001414F404FC00141417108B
S315080733C41F0010101F101F001414141F00001010DC
S315080733D410F000000000001F10001010101F100046
S315080733E4101010F01000000000FF10001010101045
S315080733F41000101010FF1000000000FF1400000052
S31508073404FF00FF0000001F1017000000FC04F4006B
S315080734141414171017001414F404F4000000FF001A
S31508073424F7001414141414001414F700F7001414EA
S315080734341417140010101F101F00141414F4140082
S315080734441010F010F00000001F101F000000001FE6
S315080734541400000000FC14000000F010F00010101F
S31508073464FF10FF00141414FF14001010101F000097
S31508073474000000F01000FFFFFFFFFF00F0F0F0F078
S31508073484F000FFFFFF000000000000FFFF000F0F1A
S315080734940F0F0F00384444384400FC4A4A4A34009C
S315080734A47E0202060600027E027E02006355494131
S315080734B463003844443C0400407E201E200006026C
S315080734C47E02020099A5E7A599001C2A492A1C0029
S315080734D44C7201724C00304A4D4D300030487848DA
S315080734E43000BC625A463D003E49494900007E0100
S315080734F401017E002A2A2A2A2A0044445F444400F2
S3150807350440514A44400040444A5140000000FF01E4
S315080735140300E080FF00000008086B6B08003612FA
S3150807352436243600060F090F06000000181800008F
S315080735340000101000003040FF010100001F0101C0
S315080735441E0000191D171200003C3C3C3C000000F5
S3150807355400000000F000400150DB060858DB0608A7
S3150807356460DB060864DB060870DB06087CDB0608EE
S3150807357488DB060890DB060898DB0608C400000003
S315080735847D00000026010000FA00000088010000FB
S31508073594F4010000700300007D0000001704000012
S315080735A47D00000097040000FA00000017040000D5
S315080735B47D00000097040000F40100002D080000B0
S315080735C4F40100006F0F0000F40100002D08000045
S315080735D4F40100006F0F0000F40100002D08000035
S315080735E4F40100006F0F0000F40100002D08000025
S315080735F4F40100006F0F0000F40100002D08000015
S31508073604F40100006F0F0000F40100002D08000004
S31508073614F40100006F0F0000F40100009302000094
S315080736247D000000BA0200007D00000010030000B8
S315080736347D000000700300007D00000052000000B2
S315080736447D000000520000007D000000A500000070
S315080736547D000000520000007D00000052000000B3
S315080736647D000000930000007D0000005200000062
S315080736747D000000520000007D0000008300000062
S315080736847D000000520000007D0000005200000083
S315080736947D000000750000007D0000005200000050
S315080736A47D000000520000007D0000007B0000003A
S315080736B47D000000830000007D0000005200000022
S315080736C47D000000520000007D000000A5000000F0
S315080736D47D000000520000007D0000005200000033
S315080736E47D000000930000007D00000052000000E2
S315080736F47D000000520000007D00000083000000E2
S315080737047D000000520000007D0000005200000002
S315080737147D00000075000000F40100005200000057
S315080737247D000000520000007D000000A50000008F
S315080737347D000000520000007D00000052000000D2
S315080737447D000000930000007D0000005200000081
S315080737547D000000520000007D0000008300000081
S315080737647D000000520000007D00000052000000A2
S315080737747D000000750000007D000000520000006F
S315080737847D000000520000007D0000007B00000059
S315080737947D000000830000007D0000005200000041
S315080737A47D000000520000007D000000A50000000F
S315080737B47D000000520000007D0000005200000052
S315080737C47D000000930000007D0000005200000001
S315080737D47D000000520000007D0000008300000001
S315080737E47D000000520000007D0000005200000022
S315080737F47D00000075000000F40100005C26002027
S31508073804030000001C27002038000000FC260020BF
S315080738140100000004270020010000000C270020EF
S315080738240100000014270020010000007426002068
S31508073834050000009C2600200C000000000000007C
S315080738444C494E45203F00000000000000000000D8
S31508073854000000000000000000000000000000004F
S31508073864610000000C00000000000000480000008A
S3150807387400000000530000000000000000000000DC
S315080738840000000000000000000000000707000011
S31508073894000000000000000000000000000000000F
S315080738A400000000000000000000000000000000FF
S315080738B400000000000000000000000000000000EF
S315080738C400000000000000000000000000000000DF
S315080738D400000000000000000000000000000000CF
S315080738E401000000010000000100000000000000BC
S315080738F400000000000000000000000000000000AF
S31508073904000000000000000000000000000000009E
S31508073914000000000000000000000000000000008E
S31508073924000000000000000000000000000000007E
S31508073934000000000000000001000000010000006C
S31508073944010000000000000000000000000000005D
S31508073954000000000000000000000000000000004E
S31508073964000000000000000000000000000000003E
S31508073974000000000000000000000000000000002E
S31508073984000000000000000000000000000000001E
S31508073994000000000000000000000000000000000E
S315080739A400000000000000000000000000000000FE
S315080739B400000000000000000000000000000000EE
S315080739C400000100010001000000000000000000DB
S315080739D400000000000000000000000000000000CE
S315080739E400000000000000000000000000000000BE
S315080739F400000000000000000000000000000000AE
S31508073A04000000000000000000000000000000009D
S31508073A14000000000000000000000000000000008D
S31508073A24000000000000000000000000000000007D
S31508073A34000000000000000000000000000000006D
S31508073A44000000004C494E45203F000000000000D6
S31508073A54000000000000000000000000000000004D
S31508073A6400000000610000000C00000000000000D0
S31508073A744800000000000000530000000000000092
S31508073A84000000000000000000000000000000001D
S31508073A9407070000000000000000000000000000FF
S31508073AA400000000000000000000000000000000FD
S31508073AB400000000000000000000000000000000ED
S31508073AC400000000000000000000000000000000DD
S31508073AD400000000000000000000000000000000CD
S31508073AE400000000010000000100000001000000BA
S31508073AF400000000000000000000000000000000AD
S31508073B04000000000000000000000000000000009C
S31508073B14000000000000000000000000000000008C
S31508073B24000000000000000000000000000000007C
S31508073B34000000000000000000000000010000006B
S31508073B44010000000100000000000000000000005A
S31508073B54000000000000000000000000000000004C
S31508073B64000000000000000000000000000000003C
S31508073B74000000000000000000000000000000002C
S31508073B84000000000000000000000000000000001C
S31508073B94000000000000000000000000000000000C
S31508073BA400000000000000000000000000000000FC
S31508073BB400000000000000000000000000000000EC
S31508073BC400000000000001000100010000000000D9
S31508073BD400000000000000000000000000000000CC
S31508073BE400000000000000000000000000000000BC
S31508073BF400000000000000000000000000000000AC
S31508073C04000000000000000000000000000000009B
S31508073C14000000000000000000000000000000008B
S31508073C24000000000000000000000000000000007B
S31508073C34000000000000000000000000000000006B
S31508073C4400000000004469736368617267650000D1
S31508073C54000000000000000000000000000000004B
S31508073C6400000000000200000231323334353637CB
S31508073C7438390000000000000000000000000000BA
S31508073C84000000000000000000029C00000000007D
S31508073C94000000000000000000000000000000000B
S31508073CA400000000000000000000000000000000FB
S31508073CB4010000000000000000000000F4010000F5
S31508073CC4008088C30000FA4388130000480D0000E3
S31508073CD400409C45010000000000000000000000A9
S31508073CE4F4010000008088C30000FA438813000023
S31508073CF4480D000000409C45000000000000000035
S31508073D04000000000000000000000000000000009A
S31508073D14000000000000000000000000000000008A
S31508073D24000000000000000000000000000000007A
S31508073D34000000000000000000000000000000006A
S31508073D44000000000000000000000000000000005A
S31508073D54000000000000000000000000000000004A
S31508073D64000000000000000000000000000000003A
S31508073D74000000000000000000000000000000002A
S31508073D84000000000000000000000000000000001A
S31508073D94000000000000000000000000000000000A
S31508073DA400000000000000000000000000000000FA
S31508073DB400000000000000000000000000000000EA
S31508073DC400000000000000000000000000000000DA
S31508073DD400000000000000000000000000000000CA
S31508073DE400000000000000000000000000000000BA
S31508073DF400000000000000000000000000000000AA
S31508073E040000000000000000000000000000000099
S31508073E14000000000000000000000000004368617D
S31508073E2472676520480000000000000000000000D3
S31508073E340000000000000000000000000002000067
S31508073E44023132333435363738390000000000007A
S31508073E540000000000000000000000000000000049
S31508073E6400029C000000000000000000000000009B
S31508073E740000000000000000000000000000000029
S31508073E840000000000000000000000000000000019
S31508073E942C010000D8D60000008088C30000FA4326
S31508073EA420A10700000000000000484400000000A5
S31508073EB4000000002C010000D8D60000008088C343
S31508073EC40000FA4320A10700000000000000484448
S31508073ED400000000000000000000000000000000C9
S31508073EE400000000000000000000000000000000B9
S31508073EF400000000000000000000000000000000A9
S31508073F040000000000000000000000000000000098
S31508073F140000000000000000000000000000000088
S31508073F240000000000000000000000000000000078
S31508073F340000000000000000000000000000000068
S31508073F440000000000000000000000000000000058
S31508073F540000000000000000000000000000000048
S31508073F640000000000000000000000000000000038
S31508073F740000000000000000000000000000000028
S31508073F840000000000000000000000000000000018
S31508073F940000000000000000000000000000000008
S31508073FA400000000000000000000000000000000F8
S31508073FB400000000000000000000000000000000E8
S31508073FC400000000000000000000000000000000D8
S31508073FD400000000000000000000000000000000C8
S31508073FE400000000000000000000000000000000B8
S31508073FF40000000000436861726765204C000000F2
S315080740040000000000000000000000000000000097
S315080740140000000000020000023132333435363717
S315080740243839000000000000000000000000000006
S31508074034000000000000000000029C0000000000C9
S315080740440000000000000000000000000000000057
S315080740540000000000000000000000000000000047
S3150807406400000000000000002C0100006810000092
S31508074074008088C30000FA4320A107000000000057
S315080740840000484400000000000000002C0100005E
S3150807409468100000008088C30000FA4320A10700BF
S315080740A4000000000000484400000000000000006B
S315080740B400000000000000000000000000000000E7
S315080740C400000000000000000000000000000000D7
S315080740D400000000000000000000000000000000C7
S315080740E400000000000000000000000000000000B7
S315080740F400000000000000000000000000000000A7
S315080741040000000000000000000000000000000096
S315080741140000000000000000000000000000000086
S315080741240000000000000000000000000000000076
S315080741340000000000000000000000000000000066
S315080741440000000000000000000000000000000056
S315080741540000000000000000000000000000000046
S315080741640000000000000000000000000000000036
S315080741740000000000000000000000000000000026
S315080741840000000000000000000000000000000016
S315080741940000000000000000000000000000000006
S315080741A400000000000000000000000000000000F6
S315080741B400000000000000000000000000000000E6
S315080741C40000000000000000000000000044454D00
S315080741D44F205465737400000000000000000000B7
S315080741E400000000000000000000000000050000B1
S315080741F402313233343536373839000000000000C7
S315080742040000000000000000000000000000000095
S3150807421400029C00000000000000000000000000E7
S315080742240000000000000000000000000000000075
S315080742340000000000000000000000000000000065
S315080742442C010000D8D60000008088C30000FA4372
S3150807425420A10700000000000000484400000000F1
S31508074264000000002C01000068100000008088C3C5
S315080742740000FA4320A10700000000000000484494
S31508074284010000000000000000000000F40100001F
S31508074294008088C30000FA4388130000480D00000D
S315080742A400409C4502000000A086010000000000AB
S315080742B400000000000000000000000000000000E5
S315080742C400000000000000000300000000000000D2
S315080742D405000000000000000000000000000000C0
S315080742E400000000000000000000000000000000B5
S315080742F400000000000000000000000000000000A5
S315080743040000000000000000000000000000000094
S315080743140000000000000000000000000000000084
S315080743240000000000000000000000000000000074
S315080743340000000000000000000000000000000064
S315080743440000000000000000000000000000000054
S315080743540000000000000000000000000000000044
S315080743640000000000000000000000000000000034
S315080743740000000000000000000000000000000024
S315080743840000000000000000000000000000000014
S315080743940000000000000000000000000000000004
S315080743A4000000000144454D4F204475616C2054B4
S315080743B46573740000000000000000000000000098
S315080743C40000000000040000023132333435363762
S315080743D43839000000000000000000000000000053
S315080743E4000000000000000000029C000000000016
S315080743F400000000000000000000000000000000A4
S315080744040000000000000000000000000000000093
S3150807441400000000000000002C010000D8D60000A8
S31508074424008088C30000FA4320A1070000000000A3
S3150807443400004844010000000000000000000000D6
S31508074444F4010000008088C30000FA4388130000BB
S31508074454480D000000409C4502000000A0860100A4
S315080744640000000000000000000000000000000033
S315080744740000000000000000000000000300000020
S31508074484000000000500000000000000000000000E
S315080744940000000000000000000000000000000003
S315080744A403000000000000000500000000000000EB
S315080744B400000000000000000000000000000000E3
S315080744C400000000030000000000000005000000CB
S315080744D400000000000000000000000000000000C3
S315080744E400000000000000000300000000000000B0
S315080744F4050000000000000000000000000000009E
S31508074504000000000000000000000000030000008F
S31508074514000000000500000000000000000000007D
S315080745240000000000000000000000000000000072
S31508074534030000000000000005000000000000005A
S315080745440000000000000000000000000000000052
S31508074554000000000300000000000000050000003A
S315080745640000000000000000000000000000000032
S315080745740000000000000000000000000044454D4C
S315080745844F20546573740000000000000000000003
S3150807459400000000000000000000000000050000FD
S315080745A40231323334353637383900000000000013
S315080745B400000000000000000000000000000000E2
S315080745C400029C0000000000000000000000000034
S315080745D400000000000000000000000000000000C2
S315080745E400000000000000000000000000000000B2
S315080745F42C010000D8D60000008088C30000FA43BF
S3150807460420A107000000000000004844000000003D
S31508074614000000002C01000068100000008088C311
S315080746240000FA4320A107000000000000004844E0
S31508074634010000000000000000000000F40100006B
S31508074644008088C30000FA4388130000480D000059
S3150807465400409C4502000000A086010000000000F7
S315080746640000000000000000000000000000000031
S31508074674000000000000000003000000000000001E
S31508074684050000000000000000000000000000000C
S315080746940000000000000000000000000000000001
S315080746A400000000000000000000000000000000F1
S315080746B400000000000000000000000000000000E1
S315080746C400000000000000000000000000000000D1
S315080746D400000000000000000000000000000000C1
S315080746E400000000000000000000000000000000B1
S315080746F400000000000000000000000000000000A1
S315080747040000000000000000000000000000000090
S315080747140000000000000000000000000000000080
S315080747240000000000000000000000000000000070
S315080747340000000000000000000000000000000060
S315080747440000000000000000000000000000000050
S31508074754000000000044454D4F205465737400005B
S315080747640000000000000000000000000000000030
S3150807477400000000000500000231323334353637AD
S31508074784383900000000000000000000000000009F
S31508074794000000000000000000029C000000000062
S315080747A400000000000000000000000000000000F0
S315080747B400000000000000000000000000000000E0
S315080747C400000000000000002C010000D8D60000F5
S315080747D4008088C30000FA4320A1070000000000F0
S315080747E40000484400000000000000002C010000F7
S315080747F468100000008088C30000FA4320A1070058
S315080748040000000000004844010000000000000002
S3150807481400000000F4010000008088C30000FA4382
S3150807482488130000480D000000409C45020000005C
S31508074834A086010000000000000000000000000038
S31508074844000000000000000000000000000000004F
S315080748540300000000000000050000000000000037
S31508074864000000000000000000000000000000002F
S31508074874000000000000000000000000000000001F
S31508074884000000000000000000000000000000000F
S3150807489400000000000000000000000000000000FF
S315080748A400000000000000000000000000000000EF
S315080748B400000000000000000000000000000000DF
S315080748C400000000000000000000000000000000CF
S315080748D400000000000000000000000000000000BF
S315080748E400000000000000000000000000000000AF
S315080748F4000000000000000000000000000000009F
S31508074904000000000000000000000000000000008E
S31508074914000000000000000000000000000000007E
S315080749240000000000000000000000000044454D98
S315080749344F2054657374000000000000000000004F
S315080749440000000000000000000000000005000049
S31508074954023132333435363738390000000000005F
S31508074964000000000000000000000000000000002E
S3150807497400029C0000000000000000000000000080
S31508074984000000000000000000000000000000000E
S3150807499400000000000000000000000000000000FE
S315080749A42C010000D8D60000008088C30000FA430B
S315080749B420A107000000000000004844000000008A
S315080749C4000000002C01000068100000008088C35E
S315080749D40000FA4320A1070000000000000048442D
S315080749E4010000000000000000000000F4010000B8
S315080749F4008088C30000FA4388130000480D0000A6
S31508074A0400409C4502000000A08601000000000043
S31508074A14000000000000000000000000000000007D
S31508074A24000000000000000003000000000000006A
S31508074A340500000000000000000000000000000058
S31508074A44000000000000000000000000000000004D
S31508074A54000000000000000000000000000000003D
S31508074A64000000000000000000000000000000002D
S31508074A74000000000000000000000000000000001D
S31508074A84000000000000000000000000000000000D
S31508074A9400000000000000000000000000000000FD
S31508074AA400000000000000000000000000000000ED
S31508074AB400000000000000000000000000000000DD
S31508074AC400000000000000000000000000000000CD
S31508074AD400000000000000000000000000000000BD
S31508074AE400000000000000000000000000000000AD
S31508074AF4000000000000000000000000000000009D
S31508074B04000000000044454D4F20546573740000A7
S31508074B14000000000000000000000000000000007C
S31508074B2400000000000500000231323334353637F9
S31508074B3438390000000000000000000000000000EB
S31508074B44000000000000000000029C0000000000AE
S31508074B54000000000000000000000000000000003C
S31508074B64000000000000000000000000000000002C
S31508074B7400000000000000002C010000D8D6000041
S31508074B84008088C30000FA4320A10700000000003C
S31508074B940000484400000000000000002C01000043
S31508074BA468100000008088C30000FA4320A10700A4
S31508074BB4000000000000484401000000000000004F
S31508074BC400000000F4010000008088C30000FA43CF
S31508074BD488130000480D000000409C4502000000A9
S31508074BE4A086010000000000000000000000000085
S31508074BF4000000000000000000000000000000009C
S31508074C040300000000000000050000000000000083
S31508074C14000000000000000000000000000000007B
S31508074C24000000000000000000000000000000006B
S31508074C34000000000000000000000000000000005B
S31508074C44000000000000000000000000000000004B
S31508074C54000000000000000000000000000000003B
S31508074C64000000000000000000000000000000002B
S31508074C74000000000000000000000000000000001B
S31508074C84000000000000000000000000000000000B
S31508074C9400000000000000000000000000000000FB
S31508074CA400000000000000000000000000000000EB
S31508074CB400000000000000000000000000000000DB
S31508074CC400000000000000000000000000000000CB
S31508074CD40000000000000000000000000044454DE5
S31508074CE44F2054657374000000000000000000009C
S31508074CF40000000000000000000000000005000096
S31508074D0402313233343536373839000000000000AB
S31508074D14000000000000000000000000000000007A
S31508074D2400029C00000000000000000000000000CC
S31508074D34000000000000000000000000000000005A
S31508074D44000000000000000000000000000000004A
S31508074D542C010000D8D60000008088C30000FA4357
S31508074D6420A10700000000000000484400000000D6
S31508074D74000000002C01000068100000008088C3AA
S31508074D840000FA4320A10700000000000000484479
S31508074D94010000000000000000000000F401000004
S31508074DA4008088C30000FA4388130000480D0000F2
S31508074DB400409C4502000000A08601000000000090
S31508074DC400000000000000000000000000000000CA
S31508074DD400000000000000000300000000000000B7
S31508074DE405000000000000000000000000000000A5
S31508074DF4000000000000000000000000000000009A
S31508074E040000000000000000000000000000000089
S31508074E140000000000000000000000000000000079
S31508074E240000000000000000000000000000000069
S31508074E340000000000000000000000000000000059
S31508074E440000000000000000000000000000000049
S31508074E540000000000000000000000000000000039
S31508074E640000000000000000000000000000000029
S31508074E740000000000000000000000000000000019
S31508074E840000000000000000000000000000000009
S31508074E9400000000000000000000000000000000F9
S31508074EA400000000000000000000000000000000E9
S31508074EB4000000000000000003000000BCB4002046
S31508074EC4830B0708830B070800000000BCB40020FF
S31508074ED424B500208CB5002000000000000000005F
S31508074EE400000000000000000000000000000000A9
S31508074EF40000000000000000000000000000000099
S31508074F040000000000000000000000000000000088
S31508074F1400000000A83F0020010000000000000070
S31508074F244A0000000000000000000000000000001E
S31508074F340000000000000000000000000000000058
S31508074F4400000000000000004A00000000000000FE
S31508074F540000000000000000000000000000000038
S31508074F640000000000000000000000000000000028
S31508074F7443000000000000000000000000000000D5
S31508074F840000000000000000000000000000000008
S31508074F9443000000000000000000000000000000B5
S31508074FA400000000000000000000000000000000E8
S31508074FB44300000000000000000000000000000095
S31508074FC400000000000000000000000000000000C8
S31508074FD44300000000000000000000000000000075
S31508074FE400000000000000000000000000000000A8
S31508074FF44300000000000000000000000000000055
S315080750040000000000000000000000000000000087
S315080750144300000000000000000000000000000034
S315080750240000000000000000000000000000000067
S315080750344300000000000000000000000000000014
S315080750440000000000000000000000000000000047
S31508075054FBC0060879C0060800000000DC0D07082F
S31508075064F60E0708090C0708090C0708090C0708A8
S31508075074090C0708090C0708090C0708090C070887
S31508075084090C0708090C0708FFFFFFFFFFFFFFFFC7
S31508075094FFFFFFFFFFFF0000010041534349490093
S315080750A400000000000000000000000000000000E7
S315080750B4000000000000000000004153434949006E
S315080750C400000000000000000000000000000000C7
S311080750D4000000000000000000000000BB
S7050804339526
