S01200005542415F365F526576332E73726563E6
S3150804000000000220BD330408B1240408B7240408F8
S31508040010BD240408C3240408C924040800000000F5
S31508040020000000000000000000000000CF240408BF
S31508040030DD24040800000000EB240408F92404085D
S315080400400D3404080D3404080D3404080D3404086A
S315080400500D3404080D3404080D3404080D3404085A
S315080400600D340408052504080D3404081525040868
S31508040070292504083D25040851250408652504088E
S31508040080792504088D2504080D3404080D3404085C
S315080400900D3404080D3404080D340408A125040895
S315080400A00D340408B12504080D3404080D34040875
S315080400B00D3404080D3404080D3404080D340408FA
S315080400C00D3404080D3404080D3404080D340408EA
S315080400D00D340408C5250408F52504080D34040858
S315080400E00D3404080D3404080D3404080D340408CA
S315080400F00D3404080D3404080D3404080D340408BA
S315080401000D3404080D3404080D3404080D340408A9
S315080401100D3404080D3404080D3404080D34040899
S31508040120092604080D3404080D3404080D3404089B
S315080401300D3404080D3404080D3404080D34040879
S315080401400D3404080D3404080D3404080D34040869
S315080401500D3404080D3404080D3404080D34040859
S315080401600D3404080D3404080D3404080D34040849
S315080401700D3404080D3404080D3404080D34040839
S315080401800D3404080D3404080D3404080D34040829
S315080401900D340408000000000D3404080D34040866
S315080401A00D3404080D3404080D3404080D34040809
S315080401B00D3404080D3404080D3404080D340408F9
S315080401C01D2604080D3404080D3404080D340408E7
S30D080401D00D3404080D3404087B
S315080401E010B5054C237833B9044B13B10448AFF35F
S315080401F000800123237010BDBC41002000000000CC
S3150804020084D6060808B5034B1BB103490348AFF364
S31508040210008008BD00000000C041002084D60608FE
S3150804022010F8012B11F8013B012A28BF9A42F7D08E
S31508040230D01A70470000000000000000000000000B
S3150804024001F0FF01102A2BDB10F0070F08D010F875
S31508040250013B013A8B422DD010F0070F42B3F6D179
S31508040260F0B441EA012141EA014122F007047FF092
S3150804027000070023F0E80256083C85EA010586EAE9
S31508040280010685FA47F5A3FA87F586FA47F6A5FA25
S3150804029087F68EB9EED1F0BC01F0FF0102F0070231
S315080402A032B110F8013B013A83EA010313B1F8D1DC
S315080402B00020704701387047002D06BF35460338BD
S315080402C0073815F0010F07D1013015F4807F02BFF6
S315080402D0013015F4C03F0130F0BC0138704700BF47
S315080402E0034613F8012B002AFBD1181A0138704764
S315080402F081F0004102E000BF83F0004330B54FEAC5
S3150804030041044FEA430594EA050F08BF90EA020F31
S315080403101FBF54EA000C55EA020C7FEA645C7FEAC4
S31508040320655C00F0E2804FEA5454D4EB5555B8BFE7
S315080403306D420CDD2C4480EA020281EA030382EA58
S31508040340000083EA010180EA020281EA0303362DEA
S3150804035088BF30BD11F0004F4FEA01314FF4801CBD
S315080403604CEA113102D0404261EB410113F0004FCF
S315080403704FEA03334CEA133302D0524263EB430386
S3150804038094EA050F00F0A780A4F10104D5F1200E24
S315080403900DDB02FA0EFC22FA05F2801841F100017F
S315080403A003FA0EF2801843FA05F359410EE0A5F153
S315080403B020050EF1200E012A03FA0EFC28BF4CF084
S315080403C0020C43FA05F3C01851EBE37101F000453A
S315080403D007D54FF0000EDCF1000C7EEB00006EEB47
S315080403E00101B1F5801F1BD3B1F5001F0CD34908D1
S315080403F05FEA30004FEA3C0C04F101044FEA445228
S3150804040012F5800F80F09A80BCF1004F08BF5FEAAE
S31508040410500C50F1000041EB045141EA050130BD8E
S315080404205FEA4C0C404141EB0101013C28BFB1F5A0
S31508040430801FE9D291F0000F04BF01460020B1FAEB
S3150804044081F308BF2033A3F10B03B3F120020CDABE
S315080404500C3208DD02F1140CC2F10C0201FA0CF09C
S3150804046021FA02F10CE002F11402D8BFC2F1200C01
S3150804047001FA02F120FA0CFCDCBF41EA0C019040B7
S31508040480E41AA2BF01EB0451294330BD6FEA040400
S315080404901F3C1CDA0C340EDC04F11404C4F12002EB
S315080404A020FA04F001FA02F340EA030021FA04F3FD
S315080404B045EA030130BDC4F10C04C4F1200220FA54
S315080404C002F001FA04F340EA0300294630BD21FA92
S315080404D004F0294630BD94F0000F83F4801306BF58
S315080404E081F480110134013D4EE77FEA645C18BF4C
S315080404F07FEA655C29D094EA050F08BF90EA020FE3
S3150804050005D054EA000C04BF1946104630BD91EADA
S31508040510030F1EBF0021002030BD5FEA545C05D1DD
S315080405204000494128BF41F0004130BD14F580041C
S315080405303CBF01F5801130BD01F0004545F0FE4190
S3150804054041F470014FF0000030BD7FEA645C1ABFC5
S31508040550194610467FEA655C1CBF0B46024650EAFC
S31508040560013406BF52EA033591EA030F41F4002128
S3150804057030BD00BF90F0000F04BF0021704730B5AE
S315080405804FF4806404F132044FF000054FF0000183
S3150804059050E700BF90F0000F04BF0021704730B544
S315080405A04FF4806404F1320410F0004548BF404219
S315080405B04FF000013EE700BF42004FEAE2014FEA6E
S315080405C031014FEA02701FBF12F07F4393F07F4F49
S315080405D081F06051704732F07F4208BF704793F04C
S315080405E07F4F04BF41F40021704730B54FF460745F
S315080405F001F0004521F000411CE700BF50EA010262
S3150804060008BF704730B54FF000050AE050EA01020A
S3150804061008BF704730B511F0004502D5404261EB7A
S3150804062041014FF4806404F132045FEA915C3FF4BB
S31508040630D8AE4FF003025FEADC0C18BF03325FEA58
S31508040640DC0C18BF033202EBDC02C2F1200300FA09
S3150804065003FC20FA02F001FA03FE40EA0E0021FA2E
S3150804066002F11444BDE600BF70B54FF0FF0C4CF41C
S31508040670E06C1CEA11541DBF1CEA135594EA0C0FCE
S3150804068095EA0C0F00F0DEF82C4481EA030621EA09
S315080406904C5123EA4C5350EA013518BF52EA033544
S315080406A041F4801143F4801338D0A0FB02CE4FF0F6
S315080406B00005E1FB02E506F00042E0FB03E54FF026
S315080406C00006E1FB03569CF0000F18BF4EF0010E1E
S315080406D0A4F1FF04B6F5007F64F5407404D25FEA1A
S315080406E04E0E6D4146EB060642EAC62141EA5551CD
S315080406F04FEAC52040EA5E504FEACE2EB4F1FD0C0F
S3150804070088BFBCF5E06F1ED8BEF1004F08BF5FEA8C
S31508040710500E50F1000041EB045170BD06F000463E
S3150804072046EA010140EA020081EA0301B4EB5C04EB
S31508040730C2BFD4EB0C0541EA045170BD41F48011E3
S315080407404FF0000E013C00F3AB8014F1360FDEBF08
S31508040750002001F0004170BDC4F10004203C35DAE4
S315080407600C341BDC04F11404C4F1200500FA05F367
S3150804077020FA04F001FA05F240EA020001F0004208
S3150804078021F0004110EBD37021FA04F642EB06017E
S315080407905EEA430E08BF20EAD37070BDC4F10C04A8
S315080407A0C4F1200500FA04F320FA05F001FA04F26C
S315080407B040EA020001F0004110EBD37041F1000158
S315080407C05EEA430E08BF20EAD37070BDC4F1200563
S315080407D000FA05F24EEA020E20FA04F301FA05F2CB
S315080407E043EA020321FA04F001F0004121FA04F273
S315080407F020EA020000EBD3705EEA430E08BF20EA43
S31508040800D37070BD94F0000F0FD101F0004640007C
S3150804081041EB010111F4801F08BF013CF7D041EAFE
S31508040820060195F0000F18BF704703F00046520002
S3150804083043EB030313F4801F08BF013DF7D043EAD3
S315080408400603704794EA0C0F0CEA135518BF95EA89
S315080408500C0F0CD050EA410618BF52EA4306D1D110
S3150804086081EA030101F000414FF0000070BD50EA2F
S31508040870410606BF1046194652EA430619D094EAB9
S315080408800C0F02D150EA013613D195EA0C0F05D1A3
S3150804089052EA03361CBF104619460AD181EA0301F7
S315080408A001F0004141F0FE4141F470014FF00000AF
S315080408B070BD41F0FE4141F4780170BD70B54FF04A
S315080408C0FF0C4CF4E06C1CEA11541DBF1CEA1355CA
S315080408D094EA0C0F95EA0C0F00F0A7F8A4EB0504AC
S315080408E081EA030E52EA03354FEA013100F08880A3
S315080408F04FEA03334FF0805545EA131343EA12636C
S315080409004FEA022245EA111545EA10654FEA002620
S315080409100EF000419D4208BF964244F1FD0404F5D9
S31508040920407402D25B084FEA3202B61A65EB030535
S315080409305B084FEA32024FF480104FF4002CB6EBF2
S31508040940020E75EB030E22BFB61A754640EA0C0072
S315080409505B084FEA3202B6EB020E75EB030E22BFB2
S31508040960B61A754640EA5C005B084FEA3202B6EBF3
S31508040970020E75EB030E22BFB61A754640EA9C00B2
S315080409805B084FEA3202B6EB020E75EB030E22BF82
S31508040990B61A754640EADC0055EA060E18D04FEA40
S315080409A0051545EA16754FEA06164FEAC30343EAE0
S315080409B052734FEAC2025FEA1C1CC0D111F4801FAD
S315080409C00BD141EA00014FF000004FF0004CB6E7A6
S315080409D011F4801F04BF01430020B4F1FD0C88BF45
S315080409E0BCF5E06F3FF6AFAEB5EB030C04BFB6EB50
S315080409F0020C5FEA500C50F1000041EB045170BD43
S31508040A000EF0004E4EEA113114EB5C04C2BFD4EB6F
S31508040A100C0541EA045170BD41F480114FF0000EF3
S31508040A20013C90E645EA060E8DE60CEA135594EA6F
S31508040A300C0F08BF95EA0C0F3FF43BAF94EA0C0F72
S31508040A400AD150EA01347FF434AF95EA0C0F7FF4E7
S31508040A5025AF104619462CE795EA0C0F06D152EA3B
S31508040A6003353FF4FDAE1046194622E750EA41061F
S31508040A7018BF52EA43067FF4C5AE50EA41047FF430
S31508040A800DAF52EA43057FF4EBAE12E74FF0FF3C95
S31508040A9006E000BF4FF0010C02E000BF4FF0010C66
S31508040AA04DF804CD4FEA410C7FEA6C5C4FEA430CDF
S31508040AB018BF7FEA6C5C1BD001B050EA410C0CBF2E
S31508040AC052EA430C91EA030F02BF90EA020F002090
S31508040AD0704710F1000F91EA030F58BF994208BFF7
S31508040AE090422CBFD8176FEAE37040F001007047B4
S31508040AF04FEA410C7FEA6C5C02D150EA013C07D10B
S31508040B004FEA430C7FEA6C5CD6D152EA033CD3D055
S31508040B105DF8040B704700BF8446104662468C464F
S31508040B201946634600E000BF01B5FFF7B7FF002882
S31508040B3048BF10F1000F01BD4DF808EDFFF7F4FFAB
S31508040B400CBF012000205DF808FB00BF4DF808ED36
S31508040B50FFF7EAFF34BF012000205DF808FB00BF59
S31508040B604DF808EDFFF7E0FF94BF012000205DF87B
S31508040B7008FB00BF4DF808EDFFF7CEFF94BF012030
S31508040B8000205DF808FB00BF4DF808EDFFF7C4FF29
S31508040B9034BF012000205DF808FB00BF4FEA410C72
S31508040BA07FEA6C5C02D150EA013C0AD14FEA430C55
S31508040BB07FEA6C5C02D152EA033C02D14FF0000092
S31508040BC070474FF0010070474FEA410212F50012D0
S31508040BD015D211D56FF47873B3EB625212D94FEA72
S31508040BE0C12343F0004343EA505311F0004F23FA5C
S31508040BF002F018BF404270474FF00000704750EAB1
S31508040C00013005D111F0004008BF6FF0004070476D
S31508040C104FF00000704700BF4FEA4102B2F1E043CB
S31508040C2024BFB3F5001CDCF1FE5C0DD901F0004CC1
S31508040C304FEAC0024CEA5070B2F1004F40EB830011
S31508040C4008BF20F00100704711F0804F21D113F13D
S31508040C503872BCBF01F00040704741F480114FEA76
S31508040C605252C2F11802C2F1200C10FA0CF320FAFF
S31508040C7002F018BF40F001004FEAC1234FEAD3231C
S31508040C8003FA0CFC40EA0C0023FA02F34FEA430386
S31508040C90CCE77FEA625307D150EA01331EBF4FF00F
S31508040CA0FE4040F44000704701F0004040F0FE402A
S31508040CB040F40000704700BF7BB972B90029BEBF73
S31508040CC000204FF0004106E008BF00281CBF6FF063
S31508040CD000414FF0FF3000F0BBB9ADF1080C6DE9E7
S31508040CE004CE002909DB002B1ADB00F04DF8DDF8E9
S31508040CF004E0DDE9022304B07047404261EB410198
S31508040D00002B1BDB00F040F8DDF804E0DDE90223E4
S31508040D1004B0404261EB4101524263EB430370471E
S31508040D20524263EB430300F02FF8DDF804E0DDE9F3
S31508040D30022304B0404261EB41017047524263EB1F
S31508040D40430300F021F8DDF804E0DDE9022304B0EA
S31508040D50524263EB4303704753B94AB9002908BFA3
S31508040D6000281CBF4FF0FF314FF0FF3000F070B978
S31508040D70ADF1080C6DE904CE00F006F8DDF804E0E0
S31508040D80DDE9022304B070472DE9F047089E0D46B5
S31508040D9004460F46002B4AD18A42944665D9B2FACC
S31508040DA082F343B102FA03FCC3F120029F4020FAFE
S31508040DB002F217439C404FEA1C4E1FFA8CF5B7FB08
S31508040DC0FEF1220C0EFB117742EA074201FB05F0FD
S31508040DD090420AD91CEB020201F1FF3780F01C810C
S31508040DE0904240F2198102396244121AA4B2B2FB43
S31508040DF0FEF00EFB102244EA024400FB05F5A54268
S31508040E000AD91CEB040400F1FF3280F00781A542DD
S31508040E1040F204816444023840EA0140641B00211C
S31508040E201EB1DC400023C6E90043BDE8F0878B42C7
S31508040E3008D9002E00F0ED800021C6E90005084611
S31508040E40BDE8F087B3FA83F1002949D1AB4202D34E
S31508040E50824200F2F880841A65EB030201201746E1
S31508040E60002EE2D0C6E90047DFE702B9FFDEB2FA90
S31508040E7082F3002B40F090808A1A4FEA1C471FFA27
S31508040E808CFE0121B2FBF7F507FB1520220C42EA7A
S31508040E9000420EFB05F0904208D91CEB020205F14C
S31508040EA0FF3802D2904200F2CB804546121AA4B209
S31508040EB0B2FBF7F007FB102244EA02440EFB00FEDD
S31508040EC0A64508D91CEB040400F1FF3202D2A64554
S31508040ED000F2BB801046A4EB0E0440EA05409FE7E7
S31508040EE0C1F120078B4022FA07FC4CEA030C05FAE9
S31508040EF001F420FA07F3FD404FEA1C492343B5FBE6
S31508040F00F9F81FFA8CFE09FB18551C0C44EA05442B
S31508040F1008FB0EF5A54202FA01F200FA01F00BD914
S31508040F201CEB040408F1FF3A80F08880A54240F2DD
S31508040F308580A8F102086444641B9DB2B4FBF9F3E6
S31508040F4009FB134445EA044403FB0EFEA64508D9E7
S31508040F501CEB040403F1FF356CD2A6456AD9023B9F
S31508040F60644443EA0843A3FB0295A4EB0E04AC428B
S31508040F70C846AE4656D353D056B1B0EB080264EB16
S31508040F800E0404FA07F7CA40CC401743C6E90074AE
S31508040F9018460021BDE8F087C3F1200102FA03FCD4
S31508040FA020FA01F225FA01F19D402A434FEA1C472B
S31508040FB01FFA8CFEB1FBF7F007FB1015110C41EA7A
S31508040FC0054100FB0EF58D4204FA03F408D91CEB1F
S31508040FD0010100F1FF382FD28D422DD90238614420
S31508040FE0491B92B2B1FBF7F507FB151142EA014218
S31508040FF005FB0EF1914208D91CEB020205F1FF38F4
S3150804100016D2914214D9023D6244521A45EA004165
S3150804101038E73146304608E73946E6E61046FBE641
S315080410204845A9D2B9EB020865EB0C0E013BA3E7C8
S315080410304546EAE72B4694E74046D1E7D0467BE7A0
S31508041040023D624432E708460AE76444023842E746
S31508041050704700BF80B58CB000AF07F124030022A7
S315080410601A605A609A603B1D20220021184628F00F
S3150804107067FA5C4B4FF0A0421A605A4B4FF4403261
S315080410805A60584B00229A60564B0022DA60554B38
S3150804109000221A61534B01225A61524B08229A6163
S315080410A0504B00221A774F4B01225A774D4B062292
S315080410B01A624C4B002283F824204A4B0022DA6237
S315080410C0484B00221A63474B002283F83820454BC5
S315080410D04FF48052DA63434B002283F84020414898
S315080410E002F090FC0346002B01D000F097FF002382
S315080410F07B6207F1240319463A4803F0AFFD034619
S31508041100002B01D000F08AFF374B7B600623BB60B7
S315080411100623FB607F233B6104237B610023BB61B9
S315080411203B1D19462F4802F01BFF0346002B01D02E
S3150804113000F074FF0C23BB603B1D1946294802F0D6
S315080411400FFF0346002B01D000F068FF274B7B6096
S315080411501223BB600423FB603B1D1946214802F099
S31508041160FFFE0346002B01D000F058FF204B7B609E
S315080411701823BB603B1D19461A4802F0F1FE0346C4
S31508041180002B01D000F04AFF1A4B7B604FF48073A2
S31508041190BB603B1D1946134802F0E2FE0346002BCA
S315080411A001D000F03BFF144B7B604FF48373BB60A4
S315080411B00623FB603B1D19460A4802F0D1FE034686
S315080411C0002B01D000F02AFF7F21064803F0E4FC37
S315080411D00346002B01D000F021FF00BF3037BD467F
S315080411E080BD00BFD84100200200300400018021E0
S315080411F08000501D400020190010603280B588B068
S3150804120000AF3B4620220021184628F099F9604B86
S31508041210604A1A605E4B4FF440325A605C4B0022B7
S315080412209A605B4B0022DA60594B00221A61584BCC
S3150804123001225A61564B08229A61554B00221A77A5
S31508041240534B01225A77524B06221A62504B0022FC
S3150804125083F824204E4B0022DA624D4B00221A638F
S315080412604B4B002283F83820494B4FF48052DA63FB
S31508041270474B012283F84020454B0C225A64444BC1
S3150804128080229A64424B0022DA64414B01221A6591
S315080412903F4802F0B7FB0346002B01D000F0BEFE20
S315080412A03D4B3B6006237B600623BB607F23FB60C4
S315080412B004233B6164237B614FF08073BB613B4627
S315080412C01946334802F04CFE0346002B01D000F0C1
S315080412D0A5FE324B3B600C237B6032237B613B4685
S315080412E019462B4802F03CFE0346002B01D000F0B9
S315080412F095FE2B4B3B6012237B600423BB600023C3
S315080413007B613B461946224802F02AFE0346002B17
S3150804131001D000F083FE234B3B6018237B603B46D9
S3150804132019461B4802F01CFE0346002B01D000F0A8
S3150804133075FE1D4B3B604FF480737B600623BB60D0
S315080413403B461946124802F00BFE0346002B01D011
S3150804135000F064FE154B3B604FF483737B600423F3
S31508041360BB603B4619460A4802F0FAFD0346002BC1
S3150804137001D000F053FE7F21054803F00DFC034617
S31508041380002B01D000F04AFE00BF2037BD4680BDC1
S3150804139044420020000100500040C03A0800900C66
S315080413A00080F03E1000C0100008302E0010603295
S315080413B080B5A6B000AF786007F1840300221A60EE
S315080413C05A609A60DA601A6107F1300354220021E0
S315080413D0184628F0B5F87B681B68B3F1A04F40F0AF
S315080413E0BF804FF400433B634FF000537B6707F11C
S315080413F03003184606F034FA0346002B01D000F0F1
S315080414000DFEAE4B1B680133AC4A1360AB4B1B682D
S31508041410012B0BD1AA4BDB6CA94A43F40053D364C2
S31508041420A74BDB6C03F40053FB62FB6AA44BDB6C2F
S31508041430A34A43F02003D364A14BDB6C03F02003D7
S31508041440BB62BB6A9E4BDB6C9D4A43F00403D364C0
S315080414509B4BDB6C03F004037B627B6A984BDB6C67
S31508041460974A43F00103D364954BDB6C03F00103FD
S315080414703B623B6A924BDB6C914A43F00203D364AA
S315080414808F4BDB6C03F00203FB61FB690123C7F88E
S3150804149084300323C7F888300023C7F88C3007F153
S315080414A084031946874804F0C7FB0723C7F8843022
S315080414B00323C7F888300023C7F88C3007F1840360
S315080414C01946814804F0B8FB0123C7F8843003237E
S315080414D0C7F888300023C7F88C3007F18403194607
S315080414E04FF0904004F0A8FB0223C7F88430032386
S315080414F0C7F888300023C7F88C3007F184031946E7
S31508041500724804F099FB724B724A1A60704B0522B2
S315080415105A606F4B00229A606D4B0022DA606C4B5E
S3150804152080221A616A4B4FF480725A61684B4FF4F1
S3150804153080629A61664B0022DA61654B4FF4005269
S315080415401A62634804F03AF80346002B01D000F007
S3150804155065FD7B685E4A5A655D4A7B689362A9E0C5
S315080415607B681B685C4A934240F0A4804FF40043AE
S315080415703B634FF000537B6707F13003184606F0C8
S315080415806FF90346002B01D000F048FD4B4B1B684E
S3150804159001334A4A1360494B1B68012B0BD1484B4C
S315080415A0DB6C474A43F40053D364454BDB6C03F4C2
S315080415B00053BB61BB69424BDB6C414A43F00103F0
S315080415C0D3643F4BDB6C03F001037B617B693C4BC3
S315080415D0DB6C3B4A43F00403D364394BDB6C03F0FE
S315080415E004033B613B69364BDB6C354A43F0020323
S315080415F0D364334BDB6C03F00203FB60FB68C02344
S31508041600C7F884300323C7F888300023C7F88C301A
S3150804161007F1840319464FF0904004F00DFB20238C
S31508041620C7F884300323C7F888300023C7F88C30FA
S3150804163007F184031946244804F0FEFA48F604031D
S31508041640C7F884300323C7F888300023C7F88C30DA
S3150804165007F1840319461D4804F0EEFA1F4B204A85
S315080416601A601E4B24225A601C4B00229A601B4B9C
S315080416700022DA60194B80221A61184B4FF48072E3
S315080416805A61164B4FF480629A61144B0022DA6150
S31508041690124B4FF480521A62104803F08FFF034628
S315080416A0002B01D000F0BAFC7B680C4A5A650B4A39
S315080416B07B68936200BF9837BD4680BD704300209F
S315080416C000100240001400480008004800040048BE
S315080416D0B0420020080002400001005010430020D8
S315080416E04400024080B58CB000AF3B46302200214E
S315080416F0184627F025FF1B4B1B4A1A60194803F0A6
S31508041700C4FC0346002B01D000F088FC02233B608E
S3150804171000233B7100237B710023BB600023FB601D
S3150804172000233B6102237B610123BB610023FB6128
S315080417303B46002219460B4803F086FD0346002B58
S3150804174001D000F06BFC3B4610221946054803F00D
S315080417507BFD0346002B01D000F060FC00BF303748
S31508041760BD4680BD744300200008005080B58AB089
S3150804177000AF786007F1140300221A605A609A6071
S31508041780DA601A617B681B68154A934224D1154BA3
S31508041790DB6C144A43F48033D364124BDB6C03F4D6
S315080417A080333B613B690F4BDB6C0E4A43F0010304
S315080417B0D3640C4BDB6C03F00103FB60FB6830233A
S315080417C07B610323BB610023FB6107F114031946FC
S315080417D04FF0904004F030FA00BF2837BD4680BD6C
S315080417E0000800500010024080B584B000AF384BA2
S315080417F09B6C374A43F004039364354B9B6C03F0A4
S315080418000403FB60FB68324B9B6C314A43F00103CB
S3150804181093642F4B9B6C03F00103BB60BB682C4B92
S315080418209B6C2B4A43F002039364294B9B6C03F08D
S3150804183002037B607B68002201210B2003F0F1FB85
S315080418400B2003F008FC002200210C2003F0E9FB1E
S315080418500C2003F000FC002200210D2003F0E1FB1C
S315080418600D2003F0F8FB002200210E2003F0D9FB1B
S315080418700E2003F0F0FB002200210F2003F0D1FB19
S315080418800F2003F0E8FB00220021102003F0C9FB17
S31508041890102003F0E0FB00220021112003F0C1FB15
S315080418A0112003F0D8FB00220021382003F0B9FBED
S315080418B0382003F0D0FB00220021602003F0B1FB9E
S315080418C0602003F0C8FB00BF1037BD4680BD00BFCB
S315080418D00010024080B58CB000AF07F11C0300224B
S315080418E01A605A609A60DA601A61864BDB6C854A1C
S315080418F043F00403D364834BDB6C03F00403BB613A
S31508041900BB69804BDB6C7F4A43F02003D3647D4B71
S31508041910DB6C03F020037B617B697A4BDB6C794AC9
S3150804192043F00103D364774BDB6C03F001033B619B
S315080419303B69744BDB6C734A43F00203D364714B03
S31508041940DB6C03F00203FB60FB686E4BDB6C6D4AD1
S3150804195043F01003D3646B4BDB6C03F01003BB60DA
S31508041960BB68684BDB6C674A43F00803D364654B72
S31508041970DB6C03F008037B607B6800220221624863
S3150804198004F0F4FA00224FF40141604804F0EEFA38
S31508041990002241F210415E4804F0E8FA002240F2BF
S315080419A006715C4804F0E2FA00224FF410615A48C2
S315080419B004F0DCFA01224FF40071574804F0D6FA11
S315080419C00223FB6101233B6200237B620023BB6283
S315080419D007F11C0319464C4804F02EF90823FB6149
S315080419E04FF444133B6201237B6207F11C03194637
S315080419F0494804F021F98023FB6100233B62002354
S31508041A007B6207F11C031946404804F015F94FF4A4
S31508041A108073FB6101233B6200237B620023BB6264
S31508041A2007F11C031946394804F006F94FF4004334
S31508041A30FB6101233B6200237B620323BB6207F13C
S31508041A401C031946314804F0F7F841F21043FB61C8
S31508041A5001233B6200237B620023BB6207F11C035C
S31508041A6019462B4804F0E8F840F20273FB61012397
S31508041A703B6200237B620023BB6207F11C03194601
S31508041A80244804F0D9F84FF43063FB6101233B6220
S31508041A9000237B620023BB6207F11C0319461E4818
S31508041AA004F0CAF80423FB6101233B6200237B622A
S31508041AB00323BB6207F11C031946164804F0BCF855
S31508041AC04FF40073FB614FF444133B6200237B62BB
S31508041AD007F11C0319460E4804F0AEF8002201214A
S31508041AE0092003F09EFA092003F0B5FA0022012121
S31508041AF0172003F096FA172003F0ADFA00BF303723
S31508041B00BD4680BD0010024000140048001000487D
S31508041B1000040048000C00480008004880B500AFDF
S31508041B201B4B1C4A1A601A4B1B4A5A60184B002254
S31508041B309A60174B0122DA60154B00221A61144B7E
S31508041B4000225A61124B00229A61114B0022DA6173
S31508041B500F4B00221A620E4804F038FA0346002B8B
S31508041B6001D000F05BFA0021094804F07FFF034620
S31508041B70002B01D000F052FA0021054804F0C1FFF9
S31508041B800346002B01D000F049FA00BF80BD00BF10
S31508041B908843002000780040F2A6E11080B500AF23
S31508041BA01B4B1C4A1A601A4B1B4A5A60184B0022D4
S31508041BB09A60174B0122DA60154B00221A61144BFE
S31508041BC000225A61124B00229A61114B0022DA61F3
S31508041BD00F4B00221A620E4804F0F8F90346002B4C
S31508041BE001D000F01BFA0021094804F03FFF034620
S31508041BF0002B01D000F012FA0021054804F081FFF9
S31508041C000346002B01D000F009FA00BF80BD00BFCF
S31508041C10DC43002000840040F2A6E11080B5A2B09F
S31508041C2000AF786007F1740300221A605A609A605C
S31508041C30DA601A6107F1200354220021184627F0B6
S31508041C407FFC7B681B685E4A934259D14FF48073C4
S31508041C503B6200237B6407F12003184605F000FE67
S31508041C600346002B01D000F0D9F9564BDB6C554AD4
S31508041C7043F00103D364534BDB6C03F00103FB61AC
S31508041C80FB69504BDB6C4F4A43F00203D3644D4B5C
S31508041C90DB6C03F00203BB61BB694FF480737B679B
S31508041CA01223BB670023FB670023C7F8803002238F
S31508041CB0C7F8843007F1740319464FF0904003F0CF
S31508041CC0BBFF20237B671223BB670023FB67002324
S31508041CD0C7F880300823C7F8843007F17403194617
S31508041CE0394803F0A9FF374B9B6D364A43F08043C6
S31508041CF09365344B9B6D03F080437B617B695BE0A2
S31508041D007B681B68314A934256D14FF400333B62D1
S31508041D100023BB6407F12003184605F0A1FD03461A
S31508041D20002B01D000F07AF9264BDB6C254A43F0E8
S31508041D300403D364234BDB6C03F004033B613B6964
S31508041D40204BDB6C1F4A43F00203D3641D4BDB6C48
S31508041D5003F00203FB60FB6840237B671223BB671F
S31508041D600023FB670023C7F880300823C7F88430AC
S31508041D7007F174031946164803F05EFF80237B6750
S31508041D801223BB670023FB670023C7F880300323AD
S31508041D90C7F8843007F1740319460B4803F04CFF5F
S31508041DA0084BDB6D074A43F00203D365054BDB6D2D
S31508041DB003F00203BB60BB6800BF8837BD4680BD1D
S31508041DC000780040001002400004004800840040E7
S31508041DD00008004880B586B000AF01F018FB00F093
S31508041DE099F8FFF777FDFFF7FFFCFFF733F9FFF7DD
S31508041DF005FAFFF777FCFFF791FEFFF7CFFE00F031
S31508041E00EBF900F027FA0BF001F90346002B01D091
S31508041E1000F004F901F02CF900F0E6FC01F0D8F81A
S31508041E2000F01AFE00F01AF900F09EFD00224FF4A5
S31508041E3080712E4804F09AF824F008FD0A2001F06F
S31508041E4057FB25F0C3FB26F01FF8294815F098F927
S31508041E500BF066FEC82001F04BFB1EF04BF80A2077
S31508041E6001F046FB20F086FF0A2001F041FB00231F
S31508041E707B607B6901337B611EF098FB00237B61E1
S31508041E80BB680133BB601B480BF052FE1A4821F0AD
S31508041E9097F90023BB603B6901333B61174815F08A
S31508041EA0DBFF00233B61FB680133FB60144824F025
S31508041EB0D5FB144824F0D2FB0023FB607A68531C34
S31508041EC07B60114B83FB0231D317C91A0B465B009F
S31508041ED00B44D11A0029CCD10C4820F08FFE0C48AB
S31508041EE020F08CFE00237B60C3E700BF000C00488B
S31508041EF01C4C00202C00002084AB0020344C00200D
S31508041F001C290020202B002056555555404C0020EE
S31508041F10CC50002080B59AB000AF07F130033822C0
S31508041F200021184627F00CFB07F11C0300221A604F
S31508041F305A609A60DA601A613B1D00221A605A6078
S31508041F409A60DA601A615A61002004F0A7FE04F068
S31508041F5025FE314BD3F890302F4A23F01803C2F8E4
S31508041F60903006233B630123BB634FF48073FB6302
S31508041F7040233B640223FB6402233B6504237B65FD
S31508041F805523BB650223FB6502233B6602237B6656
S31508041F9007F13003184604F035FF0346002B01D039
S31508041FA000F03CF80F23FB6103233B6200237B62AA
S31508041FB04FF48063BB624FF48063FB6207F11C0332
S31508041FC00421184605F030FA0346002B01D000F028
S31508041FD025F8114B9B6D104A43F4807393650E4B99
S31508041FE09B6D03F480733B603B6800237B604FF072
S31508041FF08053BB600023FB6040F2B7533B61222346
S315080420007B612023BB613B1D184605F077FE00BFA4
S315080420106837BD4680BD00BF0010024080B500AFDA
S31508042020102026F003FB0346002B0BD026F094FA67
S315080420300649074826F058FA064826F055FA064887
S3150804204026F052FA72B600BFFEE700BFA0D606080D
S31508042050A8D60608B0D60608DCD6060880B586B023
S3150804206000AF3B1D00221A605A609A60DA601A6152
S3150804207000233B60374B384A1A60364B00225A60B5
S31508042080344B7F229A60334BFF22DA60314B0022AD
S315080420901A61304B00225A612E4B00229A612D4B4D
S315080420A04FF08042DA612B4B00221A62294805F068
S315080420B067FE0346002B01D0FFF7B0FF274BD3F882
S315080420C0943003F00063002B06D1244BD3F89430E4
S315080420D003F08063002B08D001211E4806F08EF910
S315080420E0034641F23522934230D000233B71002344
S315080420F07B710023BB710023BB6000233B61002373
S315080421007B613B1D01221946124805F0B8FE0346B9
S31508042110002B01D0FFF782FF01233B7001237B705C
S315080421200123BB700023FB703B460122194609486C
S3150804213005F09EFF0346002B01D0FFF76FFF41F21F
S3150804214035220121034806F041F900E000BF18379B
S31508042150BD4680BD304400200028004000100240DF
S3150804216080B598B000AF786007F10C0354220021BB
S31508042170184627F0E5F97B681B68154A934223D16C
S315080421804FF40023FB604FF48073FB6507F10C03DF
S31508042190184605F065FB0346002B01D0FFF73EFF02
S315080421A00C4BD3F890300B4A43F40043C2F89030F2
S315080421B0084B9B6D074A43F480639365054B9B6DF7
S315080421C003F48063BB60BB6800BF6037BD4680BD4F
S315080421D0002800400010024080B500AF1B4B1C4A83
S315080421E01A601A4B4FF482725A60184B00229A608E
S315080421F0164B4FF4E062DA60144B02221A61134B51
S3150804220001225A61114B4FF400729A610F4B002256
S31508042210DA610E4B00221A620C4B00225A620B4BEF
S3150804222000229A62094B0722DA62084B00221A63D3
S31508042230064B00225A63054806F0F6F80346002BB7
S3150804224001D0FFF7EBFE00BF80BD00BF5844002055
S315080422500038004080B500AF1B4B1C4A1A601A4B65
S315080422604FF482725A60184B00229A60164B4FF448
S31508042270E062DA60144B00221A61134B00225A6199
S31508042280114B4FF480229A610F4B1022DA610E4BE0
S3150804229000221A620C4B00225A620B4B00229A62E5
S315080422A0094B0722DA62084B00221A63064B0822F6
S315080422B05A63054806F0B8F80346002B01D0FFF721
S315080422C0ADFE00BF80BD00BFBC440020003C0140F9
S315080422D080B58CB000AF786007F11C0300221A6041
S315080422E05A609A60DA601A617B681B684F4A93429F
S315080422F058D14F4B9B6D4E4A43F4804393654C4BE0
S315080423009B6D03F48043BB61BB69494BDB6C484A4C
S3150804231043F00203D364464BDB6C03F002037B6190
S315080423207B69434BDB6C424A43F00103D364404B5D
S31508042330DB6C03F001033B613B694FF40053FB611B
S3150804234002233B6200237B620323BB620523FB62F1
S3150804235007F11C031946374803F06EFC4FF4804313
S31508042360FB6102233B6200237B620023BB620523D5
S31508042370FB6207F11C0319462E4803F05DFC4FF473
S315080423800063FB6102233B6200237B620323BB6277
S315080423900523FB6207F11C0319464FF0904003F02E
S315080423A04BFC3EE07B681B68234A934239D1204B99
S315080423B01B6E1F4A43F4004313661D4B1B6E03F43E
S315080423C00043FB60FB681A4BDB6C194A43F01003A5
S315080423D0D364174BDB6C03F01003BB60BB684FF484
S315080423E00063FB6102233B6200237B620223BB6218
S315080423F00523FB6207F11C031946104803F01CFC6D
S315080424004FF4E043FB6102233B6200237B62032310
S31508042410BB620523FB6207F11C031946074803F050
S315080424200BFC00BF3037BD4680BD00BF00380040F6
S315080424300010024000040048003C01400010004817
S3150804244080B584B000AF07F1080300221A605A6009
S31508042450164B1B6E154A43F001031366134B1B6E8A
S3150804246003F001037B607B68104B9B6D0F4A43F0B6
S31508042470805393650D4B9B6D03F080533B603B681B
S315080424800C23BB600023FB6007F10803184604F01D
S3150804249095FB04F0F3FB022001F04CF801F05EF81A
S315080424A004F0A0FC00BF1037BD4680BD00100240F2
S315080424B080B400AFFEE780B400AFFEE780B400AF97
S315080424C0FEE780B400AFFEE780B400AFFEE780B451
S315080424D000AF00BFBD465DF8047B704780B400AF0B
S315080424E000BFBD465DF8047B704780B400AF00BFEB
S315080424F0BD465DF8047B704780B500AF00F0DAFF8F
S3150804250000BF80BD80B500AF082003F047FD00BFBB
S3150804251080BD000080B500AF024803F032FA00BF60
S3150804252080BD00BFB042002080B500AF024803F06A
S3150804253028FA00BF80BD00BFCC46002080B500AF96
S31508042540024803F01EFA00BF80BD00BF0C460020F7
S3150804255080B500AF024803F014FA00BF80BD00BF7F
S315080425601043002080B500AF024803F00AFA00BF02
S3150804257080BD00BF2C47002080B500AF024803F099
S3150804258000FA00BF80BD00BF6C46002080B500AFCE
S31508042590024803F0F6F900BF80BD00BFB448002026
S315080425A080B500AF4FF4007003F0F8FC00BF80BD9F
S315080425B080B500AF024807F06BFA00BF80BD00BFC4
S315080425C02845002080B500AF094809F083F8084B70
S315080425D01B68DB6903F01003102B06D1044B1B6838
S315080425E010221A6202481DF06BFE00BF80BD00BFB0
S315080425F08C47002080B500AF024809F06BF800BF8D
S3150804260080BD00BF2048002080B500AF024803F013
S31508042610B8F900BF80BD00BF1449002080B500AFDB
S31508042620024803F0AEF900BF80BD00BF744900201C
S3150804263080B400AF01231846BD465DF8047B704795
S3150804264080B582B000AF7860396028F035F8034663
S3150804265016221A604FF0FF3318460837BD4680BD68
S3150804266080B582B000AF78604FF0FF317868FFF725
S31508042670E7FFFEE780B586B000AFF860B9607A6018
S3150804268000237B610AE0AFF300800146BB685A1C4D
S31508042690BA60CAB21A707B6901337B617A697B684E
S315080426A09A42F0DB7B6818461837BD4680BD80B56C
S315080426B086B000AFF860B9607A6000237B6109E0F0
S315080426C0BB685A1CBA601B781846AFF300807B694E
S315080426D001337B617A697B689A42F1DB7B68184629
S315080426E01837BD4680BD80B483B000AF78604FF01C
S315080426F0FF3318460C37BD465DF8047B704780B433
S3150804270083B000AF786039603B684FF400525A6072
S31508042710002318460C37BD465DF8047B704780B421
S3150804272083B000AF7860012318460C37BD465DF8C0
S31508042730047B704780B485B000AFF860B9607A60EE
S31508042740002318461437BD465DF8047B704700001D
S3150804275080B586B000AF7860144A154BD31A7B61EE
S315080427607B693B61134B1B68002B02D1114B124A40
S315080427701A60104B1A687B6813443A699A4207D25E
S3150804278027F09AFF03460C221A604FF0FF3309E03C
S31508042790084B1B68FB60074B1A687B681344054A99
S315080427A01360FB6818461837BD4680BD0000022032
S315080427B0000400002445002028B6002080B400AF99
S315080427C0084BD3F88830074A43F47003C2F88830B4
S315080427D0044B4FF000629A6000BFBD465DF8047B67
S315080427E0704700BF00ED00E080B59CB000AF07F16C
S315080427F0600300221A605A609A60DA6007F154038B
S3150804280000221A605A609A6007F1380300221A6097
S315080428105A609A60DA601A615A619A613B1D3422D9
S315080428200021184626F08CFE4D4B4E4A1A604C4B36
S3150804283000225A604A4B20229A60494B40F2FF1202
S31508042840DA60474B4FF400721A61454B20225A61ED
S31508042850434B00229A61424806F08AFB0346002B42
S3150804286001D0FFF7DBFB4FF480533B6607F16003A7
S3150804287019463B4807F070FB0346002B01D0FFF7C7
S31508042880CDFB374806F0CBFB0346002B01D0FFF7F8
S31508042890C5FB00237B650023BB650023FB6507F1A5
S315080428A0540319462E4808F07DFB0346002B01D035
S315080428B0FFF7B4FB6023BB632023FB6300233B645D
S315080428C000237B640423BB640023FB6400233B6569
S315080428D007F1380300221946214807F029FA034666
S315080428E0002B01D0FFF79AFB07F138030422194697
S315080428F01B4807F01DFA0346002B01D0FFF78EFB91
S31508042900174808F079FC00237B600023BB6000238A
S31508042910FB6006233B6100237B614FF40053BB61D4
S315080429200023FB6100233B6200237B624FF00073A4
S31508042930BB620023FB6200233B6300237B633B1DCE
S315080429401946074808F0C4FB0346002B01D0FFF7D5
S3150804295065FB034800F04EFA00BF7037BD4680BDDC
S3150804296028450020002C014080B58EB000AF07F141
S31508042970280300221A605A609A60DA6007F11C0379
S3150804298000221A605A609A603B4600221A605A600E
S315080429909A60DA601A615A619A612D4B2D4A1A6057
S315080429A02B4BA0225A602A4B00229A60284B4FF4DC
S315080429B07A72DA60264B00221A61254B80229A61C4
S315080429C0234806F0D5FA0346002B01D0FFF726FB69
S315080429D04FF48053BB6207F1280319461C4807F0D5
S315080429E0BBFA0346002B01D0FFF718FB184806F07C
S315080429F016FB0346002B01D0FFF710FB0023FB61EF
S31508042A0000237B6207F11C031946114808F0CAFA29
S31508042A100346002B01D0FFF701FB60233B6000232C
S31508042A207B600023BB6000233B613B4604221946B6
S31508042A30074807F07DF90346002B01D0FFF7EEFAA5
S31508042A40034800F0D7F900BF3837BD4680BD00BF3C
S31508042A5074450020000C004080B59CB000AF07F117
S31508042A60600300221A605A609A60DA6007F1540318
S31508042A7000221A605A609A6007F1380300221A6025
S31508042A805A609A60DA601A615A619A613B1D342267
S31508042A900021184626F054FD4D4B4E4A1A604C4BFD
S31508042AA000225A604A4B20229A60494B40F2FF1290
S31508042AB0DA60474B4FF400721A61454B20225A617B
S31508042AC0434B00229A61424806F052FA0346002B09
S31508042AD001D0FFF7A3FA4FF480533B6607F160036E
S31508042AE019463B4807F038FA0346002B01D0FFF78E
S31508042AF095FA374806F093FA0346002B01D0FFF7F8
S31508042B008DFA00237B650023BB650023FB6507F16B
S31508042B10540319462E4808F045FA0346002B01D0FB
S31508042B20FFF77CFA6023BB632023FB6300233B6423
S31508042B3000237B640423BB640023FB6400233B65F6
S31508042B4007F1380300221946214807F0F1F803462D
S31508042B50002B01D0FFF762FA07F13803042219465D
S31508042B601B4807F0E5F80346002B01D0FFF756FA91
S31508042B70174808F041FB00237B600023BB60002351
S31508042B80FB6006233B6100237B614FF40053BB6162
S31508042B900023FB6100233B6200237B624FF0007332
S31508042BA0BB620023FB6200233B6300237B633B1D5C
S31508042BB01946074808F08CFA0346002B01D0FFF79C
S31508042BC02DFA034800F016F900BF7037BD4680BDDC
S31508042BD0C04500200034014080B586B000AF786057
S31508042BE07B681B68774A93426CD1774B1B6E764A8F
S31508042BF043F400631366744B1B6E03F400637B6132
S31508042C007B69724B724A1A60704B2A225A606F4B60
S31508042C1010229A606D4B0022DA606C4B80221A618E
S31508042C206A4B4FF400725A61684B4FF400629A611A
S31508042C30664B2022DA61654B4FF400521A626348E8
S31508042C4002F0BCFC0346002B01D0FFF7E7F97B68CA
S31508042C505E4A5A625D4A7B6893625E4B5E4A1A60B4
S31508042C605C4B2B225A605B4B10229A60594B00220C
S31508042C70DA60584B80221A61564B4FF400725A6137
S31508042C80544B4FF400629A61524B2022DA61514B3D
S31508042C904FF400521A624F4802F090FC0346002B88
S31508042CA001D0FFF7BBF97B684A4A9A62494A7B68AE
S31508042CB0936200220021192002F0B3F9192002F0C8
S31508042CC0CAF97AE07B681B68444A93420CD13E4BA6
S31508042CD09B6D3D4A43F0080393653B4B9B6D03F09C
S31508042CE008033B613B6968E07B681B683C4A93427E
S31508042CF063D1354B1B6E344A43F400531366324B87
S31508042D001B6E03F40053FB60FB68364B364A1A60A5
S31508042D10344B31225A60334B10229A60314B0022CD
S31508042D20DA60304B80221A612E4B4FF400725A61D6
S31508042D302C4B4FF400629A612A4B2022DA61294B04
S31508042D404FF400521A62274802F038FC0346002B57
S31508042D5001D0FFF763F97B68224A5A62214A7B68E5
S31508042D609362224B224A1A60204B32225A601F4B26
S31508042D7010229A601D4B0022DA601C4B80221A61CD
S31508042D801A4B4FF400725A61184B4FF400629A6159
S31508042D90164B2022DA61154B4FF400521A62134877
S31508042DA002F00CFC0346002B01D0FFF737F97B68C9
S31508042DB00E4A9A620D4A7B68936200BF1837BD466D
S31508042DC080BD00BF002C0140001002400C460020C4
S31508042DD0300002406C4600206C000240000C0040A3
S31508042DE000340140CC4600201C0002402C47002039
S31508042DF05800024080B58EB000AF786007F124030E
S31508042E0000221A605A609A60DA601A617B681B6845
S31508042E10684A934258D1684BDB6C674A43F004030B
S31508042E20D364654BDB6C03F004033B623B6A624B79
S31508042E30DB6C614A43F01003D3645F4BDB6C03F02D
S31508042E401003FB61FB695C4BDB6C5B4A43F00103D3
S31508042E50D364594BDB6C03F00103BB61BB694FF4C4
S31508042E6000537B620223BB620023FB6200233B639D
S31508042E7004237B6307F124031946504802F0DCFE59
S31508042E804FF4C0637B620223BB620023FB62002308
S31508042E903B6302237B6307F124031946484802F07F
S31508042EA0CBFE4FF400737B620223BB620023FB62F2
S31508042EB000233B6306237B6307F1240319464FF07B
S31508042EC0904002F0B9FE70E07B681B683D4A934265
S31508042ED01DD1394BDB6C384A43F00403D364364BB3
S31508042EE0DB6C03F004037B617B694FF480537B62DC
S31508042EF00223BB620023FB6200233B6301237B633B
S31508042F0007F1240319462D4802F096FE4DE07B6826
S31508042F101B682D4A934248D1274BDB6C264A43F05B
S31508042F200203D364244BDB6C03F002033B613B6965
S31508042F30214BDB6C204A43F00403D3641E4BDB6C41
S31508042F4003F00403FB60FB6801237B620223BB6274
S31508042F500023FB6200233B6304237B6307F12403FA
S31508042F6019461A4802F068FE4FF490637B620223FE
S31508042F70BB620023FB6200233B6304237B6307F1E4
S31508042F80240319460D4802F057FE40237B620223A8
S31508042F90BB620023FB6200233B6305237B6307F1C3
S31508042FA024031946094802F047FE00BF3837BD46D0
S31508042FB080BD00BF002C01400010024000080048F4
S31508042FC000100048000C004000340140000400488A
S31508042FD080B500AF244B254A1A60234B4FF4E132DF
S31508042FE05A60214B00229A601F4B0022DA601E4B5E
S31508042FF000221A611C4B0C225A611B4B00229A614F
S31508043000194B0022DA61184B00221A62164B002269
S315080430105A62154B00229A620023002200211248A4
S3150804302009F06AFE0346002B01D0FEF7F7FF0021DC
S315080430300D4809F021FF0346002B01D0FEF7EEFFE9
S315080430400021094809F056FF0346002B01D0FEF774
S31508043050E5FF054809F0D7FE0346002B01D0FEF725
S31508043060DDFF00BF80BD00BF8C470020003801404B
S3150804307080B500AF244B254A1A60234B4FF4E1323E
S315080430805A60214B00229A601F4B0022DA601E4BBD
S3150804309000221A611C4B0C225A611B4B00229A61AE
S315080430A0194B0022DA61184B00221A62164B0022C9
S315080430B05A62154B00229A62002300220021124804
S315080430C009F01AFE0346002B01D0FEF7A7FF0021DC
S315080430D00D4809F0D1FE0346002B01D0FEF79EFFEA
S315080430E00021094809F006FF0346002B01D0FEF724
S315080430F095FF054809F087FE0346002B01D0FEF725
S315080431008DFF00BF80BD00BF20480020004400405A
S3150804311080B5A2B000AF786007F1740300221A6084
S315080431205A609A60DA601A6107F120035422002172
S31508043130184626F005FA7B681B68964A934240F0BF
S31508043140B58001233B6201237B6207F120031846FD
S3150804315004F086FB0346002B01D0FEF75FFF8E4B77
S315080431601B6E8D4A43F4804313668B4B1B6E03F424
S315080431708043FB61FB69884BDB6C874A43F0040395
S31508043180D364854BDB6C03F00403BB61BB69824BD8
S31508043190DB6C814A43F00103D3647F4BDB6C03F099
S315080431A001037B617B6910237B670223BB670023CA
S315080431B0FB670023C7F880300723C7F8843007F174
S315080431C074031946754802F037FD4FF4A0537B671C
S315080431D00223BB670023FB670023C7F88030072355
S315080431E0C7F8843007F1740319464FF0904002F08B
S315080431F023FD6B4B6B4A1A60694B18225A60684B5D
S3150804320000229A60664B0022DA60654B80221A61B6
S31508043210634B00225A61624B00229A61604B20225A
S31508043220DA615F4B4FF440521A625D4802F0C6F900
S315080432300346002B01D0FEF7F1FE7B68584AC3F813
S315080432408020574A7B689362574B584A1A60564BF4
S3150804325019225A60544B10229A60534B0022DA60A2
S31508043260514B80221A61504B00225A614E4B002260
S315080432709A614D4B0022DA614B4B00221A624A4886
S3150804328002F09CF90346002B01D0FEF7C7FE7B68C3
S31508043290454ADA67444A7B6893620022002125205E
S315080432A001F0BFFE252001F0D6FE6FE07B681B689F
S315080432B03F4A93426AD102233B620023BB6207F169
S315080432C02003184604F0CCFA0346002B01D0FEF777
S315080432D0A5FE314B9B6D304A43F4003393652E4B60
S315080432E09B6D03F400333B613B692B4BDB6C2A4A29
S315080432F043F00103D364284BDB6C03F00103FB6042
S31508043300FB680E237B670223BB670023FB67002346
S31508043310C7F880300723C7F8843007F174031946C1
S315080433204FF0904002F088FC224B234A1A60214B46
S315080433301B225A601F4B10229A601E4B0022DA6029
S315080433401C4B80221A611B4B00225A61194B00221E
S315080433509A61184B0022DA61164B4FF400521A622E
S31508043360144802F02BF90346002B01D0FEF756FE4B
S315080433707B68104ADA670F4A7B6893620022002149
S31508043380262001F04EFE262001F065FE00BF883790
S31508043390BD4680BD003801400010024000080048C0
S315080433A0B448002080000240144900200804024062
S315080433B00044004074490020940002400D488546A4
S315080433C0FFF7FCF90C480D490D4A002302E0D458CE
S315080433D0C4500433C4188C42F9D30A4A0A4C00234D
S315080433E001E013600432A242FBD327F06BF9FEF71F
S315080433F0F1FCFEE70000022000000020BC4100208A
S315080434001C150708BC41002024B60020FEE780B539
S3150804341082B000AF0023FB71032001F0F7FD002002
S3150804342000F00EF80346002B02D00123FB7101E0DD
S31508043430FFF706F8FB7918460837BD4680BD000035
S3150804344080B584B000AF78600023FB73164B1B6805
S31508043450002B22D0154B1A68134B1B684FF47A714C
S31508043460B1FBF3F3B2FBF3F3184601F002FE03468D
S31508043470002B0FD17B680F2B09D8002279684FF0EF
S31508043480FF3001F0CEFD0A4A7B68136007E001238A
S31508043490FB7304E00123FB7301E00123FB73FB7B4D
S315080434A018461037BD4680BD0C00002004000020D5
S315080434B00800002080B400AF054B1A68054B1B684A
S315080434C01344034A136000BFBD465DF8047B704786
S315080434D0D44900200C00002080B400AF034B1B68BD
S315080434E01846BD465DF8047B704700BFD4490020E2
S315080434F080B584B000AF7860FFF7EEFFB8607B68EC
S31508043500FB60FB68B3F1FF3F04D0094B1B68FA68FC
S315080435101344FB6000BFFFF7DFFF0246BB68D31AFC
S31508043520FA689A42F7D800BF00BF1037BD4680BD77
S315080435300C00002080B483B000AF7860064B1B688B
S3150804354023F0020204497B6813430B6000BF0C375F
S31508043550BD465DF8047B70473000014080B400AF77
S31508043560054B1B68044A23F00103136000BFBD46DC
S315080435705DF8047B704700BF3000014080B483B017
S3150804358000AF786039607B689B6823F47C123B68DB
S315080435901A437B689A6000BF0C37BD465DF8047B06
S315080435A0704780B483B000AF786039607B689B68E5
S315080435B023F0E0723B681A437B689A6000BF0C37B5
S315080435C0BD465DF8047B704780B483B000AF78606D
S315080435D07B689B6803F0E07318460C37BD465DF8B4
S315080435E0047B704780B487B000AFF860B9607A602E
S315080435F03B60FB6860331A46BB689B0013447B61D7
S315080436007B691A68084B13407A6802F0F8413A68ED
S315080436100A43134343F000427B691A6000BF1C3710
S31508043620BD465DF8047B704700F0FF0380B485B09F
S3150804363000AF786039607B6860331A463B689B0044
S315080436401344FB60FB681B6803F0F84318461437F9
S31508043650BD465DF8047B704780B487B000AFF86058
S31508043660B9607A60FB6860331A46BB689B001344EA
S315080436707B617B691B6823F000427B681A437B697C
S315080436801A6000BF1C37BD465DF8047B704780B4DA
S3150804369087B000AFF860B9607A60FB6860331A4691
S315080436A0BB689B0013447B617B691B6823F08072AB
S315080436B07B681A437B691A6000BF1C37BD465DF8F0
S315080436C0047B704780B487B000AFF860B9607A604D
S315080436D0FB6860331A46BB689B0013447B617B69AD
S315080436E01B6823F000727B681A437B691A6000BF63
S315080436F01C37BD465DF8047B704780B483B000AFC1
S31508043700786039607B685B6923F000423B681A433A
S315080437107B685A6100BF0C37BD465DF8047B704769
S3150804372080B483B000AF78607B68DB6803F44063D9
S31508043730002B01D1012300E0002318460C37BD46AF
S315080437405DF8047B704780B487B000AFF860B96051
S315080437507A60FB6830331A46BB681B0A9B0003F081
S315080437600C0313447B617B691A68BB6803F01F0367
S315080437701F2101FA03F3DB431A407B689B0E03F00F
S315080437801F01BB6803F01F0301FA03F31A437B699D
S315080437901A6000BF1C37BD465DF8047B704780B4C9
S315080437A087B000AFF860B9607A60FB6814331A46CC
S315080437B0BB685B0E9B0003F0040313447B617B69BF
S315080437C01A68BB681B0D03F01F03072101FA03F3EC
S315080437D0DB431A40BB681B0D03F01F03796801FA23
S315080437E003F31A437B691A6000BF1C37BD465DF8AC
S315080437F0047B704780B485B000AFF860B9607A601E
S31508043800FB68D3F8B020BB68C3F31203DB431A4042
S315080438107B6803F018030849D940BB680B40C3F317
S3150804382012031A43FB68C3F8B02000BF1437BD4619
S315080438305DF8047B704700BFFFFF070080B483B0C0
S3150804384000AF78607B689B6803F01F0318460C3743
S31508043850BD465DF8047B704780B483B000AF7860DA
S315080438607B689B6823F0204323F03F037A689360C0
S3150804387000BF0C37BD465DF8047B704780B483B03F
S3150804388000AF78607B689B6803F00053B3F1005F70
S3150804389001D1012300E0002318460C37BD465DF824
S315080438A0047B704780B483B000AF78607B689B68FC
S315080438B023F0104323F03F0343F080527B689A6059
S315080438C000BF0C37BD465DF8047B704780B483B0EF
S315080438D000AF78607B689B6803F08053B3F1805F20
S315080438E001D1012300E0002318460C37BD465DF8D4
S315080438F0047B704780B483B000AF78607B689B68AC
S3150804390023F0004323F03F0343F001027B689A60E7
S3150804391000BF0C37BD465DF8047B704780B483B09E
S3150804392000AF78607B689B6823F0004323F03F036D
S3150804393043F002027B689A6000BF0C37BD465DF807
S31508043940047B704780B483B000AF78607B689B685B
S3150804395003F00103012B01D1012300E000231846DB
S315080439600C37BD465DF8047B704780B483B000AF5E
S3150804397078607B689B6803F00203022B01D101235C
S3150804398000E0002318460C37BD465DF8047B7047F3
S3150804399080B483B000AF78607B689B6823F00043EB
S315080439A023F03F0343F004027B689A6000BF0C3798
S315080439B0BD465DF8047B704780B483B000AF786079
S315080439C07B689B6803F00403042B01D1012300E000
S315080439D0002318460C37BD465DF8047B704780B44F
S315080439E083B000AF78607B689B6803F00803082BF4
S315080439F001D1012300E0002318460C37BD465DF8C3
S31508043A00047B704790B589B000AF78600023FB77D4
S31508043A100023FB607B68002B01D10123A9E17B68A5
S31508043A205B69002B7B68DB6D002B09D17868FDF791
S31508043A30BFFC7B6800221A667B68002283F858203C
S31508043A407B681B681846FFF719FF0346002B04D04A
S31508043A507B681B681846FFF7FFFE7B681B681846D9
S31508043A60FFF734FF0346002B15D17B681B681846FD
S31508043A70FFF718FF9C4B1B689B099C4AA2FB032370
S31508043A809B0901335B00FB6002E0FB68013BFB60BA
S31508043A90FB68002BF9D17B681B681846FFF716FFED
S31508043AA00346002B0DD17B68DB6D43F010027B685F
S31508043AB0DA657B681B6E43F001027B681A6601238C
S31508043AC0FB777B681B681846FFF776FF78617B6887
S31508043AD0DB6D03F01003002B40F042817B69002B59
S31508043AE040F03E817B68DB6D23F4817343F0020268
S31508043AF07B68DA657B681B681846FFF723FF03466D
S31508043B00002B41D17B681B68B3F1A04F04D07B68B6
S31508043B101B68774A93420FD14FF0A040FFF712FF74
S31508043B2004467348FFF70EFF03462343002B0CBFD6
S31508043B3001230023DBB212E06E48FFF703FF0446B5
S31508043B406D48FFF7FFFE03461C436C48FFF7FAFE71
S31508043B5003462343002B0CBF01230023DBB2002BAF
S31508043B6012D07B681B68B3F1A04F04D07B681B682E
S31508043B705F4A934201D1624A00E0624A7B685B6805
S31508043B8019461046FFF7FAFC7B685B7F5A037B6885
S31508043B90DB6B1A437B68DB681A437B689B681A43AA
S31508043BA07B6893F824301B041343BB617B6893F842
S31508043BB02430012B06D17B689B6A013B5B04BA69F6
S31508043BC01343BB617B68DB6A002B09D07B68DB6A1D
S31508043BD003F478727B681B6B1343BA691343BB619E
S31508043BE07B681B68DA68484B13407A681268B969B7
S31508043BF00B43D3607B681B681B6923F040617B68B1
S31508043C005A6B7B681B680A431A617B681B681846EB
S31508043C10FFF7E5FE38617B69002B7FD13B69002BF2
S31508043C207CD17B681B7F9A037B6893F838305B00EA
S31508043C301343BB617B681B68DB6823F4804323F06A
S31508043C4002037A681268B9690B43D3607B681B69F7
S31508043C50002B17D07B681B681A697B681B6842F4BB
S31508043C6080321A617B681B68D3F8C03023F47F530B
S31508043C7023F03F037A6811697A6812680B43C2F81D
S31508043C80C03013E07B681B681A697B681B6822F4DA
S31508043C9080321A617B681B68D3F8C0307A68126868
S31508043CA023F47F5323F03F03C2F8C0307B6893F8AC
S31508043CB04030012B2AD17B681B681B6923F4FF63F8
S31508043CC023F004037A68516C7A68926C11437A6813
S31508043CD0D26C11437A68126D0A431A437B681B68CF
S31508043CE042F001021A6119E004000020632D3E0522
S31508043CF00001005000040050000500500006005062
S31508043D0000030050000700500740F0FF7B681B685B
S31508043D101A697B681B6822F001021A617B685B6971
S31508043D20012B0CD17B681B681B6B23F00F017B6886
S31508043D301B6A5A1E7B681B680A431A6307E07B687A
S31508043D401B681A6B7B681B6822F00F021A637B6870
S31508043D50DB6D23F0030343F001027B68DA6507E0B1
S31508043D607B68DB6D43F010027B68DA650123FB7719
S31508043D70FB7F18462437BD4690BD00BF80B586B084
S31508043D8000AFF860B9607A60FB681B68B3F1A04FAE
S31508043D9004D0FB681B685A4A934201D1594B00E088
S31508043DA0594B1846FFF74AFD3861FB681B681846E5
S31508043DB0FFF702FE0346002B40F09B80FB6893F84E
S31508043DC05830012B01D1022396E0FB68012283F8BF
S31508043DD05820FB681B684D4A934208D03B69002B60
S31508043DE005D03B69052B02D03B69092B7AD1F868C3
S31508043DF000F0F6FC0346FB75FB7D002B6DD1FB68D2
S31508043E00DB6D23F4706323F0010343F48072FB68CB
S31508043E10DA65FB681B683A4A934209D0FB681B6853
S31508043E203B4A934202D0FB681B6803E0394B01E026
S31508043E304FF0A043FA681268934202D03B69002BFC
S31508043E4005D1FB68DB6D23F48012FB68DA65FB6831
S31508043E50DB6D03F48053002B06D0FB681B6E23F03E
S31508043E600602FB681A6602E0FB6800221A66FB680B
S31508043E705B6D294ADA62FB685B6D284A1A63FB683C
S31508043E805B6D274A5A63FB681B681C221A60FB6829
S31508043E90002283F85820FB681B685A68FB681B686D
S31508043EA042F010025A60FB681B68DA68FB681B68F4
S31508043EB042F00102DA60FB68586DFB681B68403300
S31508043EC01946BA687B6801F021FC0346FB75FB6852
S31508043ED01B681846FFF75CFD0DE0FB68002283F8B3
S31508043EE0582008E00123FB75FB68002283F8582054
S31508043EF001E00223FB75FB7D18461837BD4680BDD5
S31508043F00000100500003005000070050000600504E
S31508043F100005005000040050CB490408A34A0408CD
S31508043F20BF4A040880B483B000AF786000BF0C377A
S31508043F30BD465DF8047B704780B483B000AF7860F3
S31508043F4000BF0C37BD465DF8047B704780B483B068
S31508043F5000AF786000BF0C37BD465DF8047B704738
S31508043F6080B5B6B000AF78603960002387F8D730DB
S31508043F700023FB607B6893F85830012B02D1022397
S31508043F8000F013BC7B68012283F858207B681B6801
S31508043F901846FFF711FD0346002B40F0F3837B68B0
S31508043FA018683B6859683B681B681A46FFF7CBFBD9
S31508043FB07B681B681846FFF7FFFCC7F8D0007B68C8
S31508043FC01B681846FFF70BFDC7F8CC00D7F8D030A6
S31508043FD0002B40F0D981D7F8CC30002B40F0D4819F
S31508043FE03B689B68B3F1004F0FD17B6818683B6840
S31508043FF01B6800221946FFF7D2FB7B681B684FF043
S3150804400000411846FFF779FB0EE07B6818683B68A1
S3150804401019683B689B681A46FFF7C1FB7B681B68EF
S3150804402000211846FFF769FB3B685A697B681B68D9
S31508044030DB68DB0803F003035B0002FA03F3C7F843
S31508044040C8303B681B69042B22D07B6818683B6818
S3150804405019693B681A68D7F8C830FFF7C3FA7B684A
S3150804406018683B6819693B689B691A46FFF70FFB92
S315080440707B6818683B6819693B681B7F012B02D16A
S315080440804FF0007300E000231A46FFF71BFB7BE1A1
S315080440907B681B6800211846FFF7C8FA0346C3F372
S315080440A01203002B0AD17B681B6800211846FFF708
S315080440B0BDFA03469B0E03F01F021EE07B681B68CD
S315080440C000211846FFF7B2FA0346C7F8BC30D7F8FA
S315080440D0BC3093FAA3F3C7F8B830D7F8B830C7F8A2
S315080440E0C030D7F8C030002B01D1202304E0D7F81C
S315080440F0C030B3FA83F3DBB21A463B681B68C3F3D2
S315080441001203002B05D13B681B689B0E03F01F03A3
S3150804411018E03B681B68C7F8B030D7F8B03093FA94
S31508044120A3F3C7F8AC30D7F8AC30C7F8B430D7F82F
S31508044130B430002B01D1202304E0D7F8B430B3FA05
S3150804414083F3DBB29A4206D17B681B6800220021FE
S315080441501846FFF781FA7B681B6801211846FFF7A2
S3150804416065FA0346C3F31203002B0AD17B681B685E
S3150804417001211846FFF75AFA03469B0E03F01F025D
S315080441801EE07B681B6801211846FFF74FFA0346B1
S31508044190C7F8A430D7F8A43093FAA3F3C7F8A03025
S315080441A0D7F8A030C7F8A830D7F8A830002B01D123
S315080441B0202304E0D7F8A830B3FA83F3DBB21A460F
S315080441C03B681B68C3F31203002B05D13B681B68C5
S315080441D09B0E03F01F0318E03B681B68C7F898306A
S315080441E0D7F8983093FAA3F3C7F89430D7F89430ED
S315080441F0C7F89C30D7F89C30002B01D1202304E063
S31508044200D7F89C30B3FA83F3DBB29A4206D17B68BB
S315080442101B68002201211846FFF71EFA7B681B68F3
S3150804422002211846FFF702FA0346C3F31203002BCA
S315080442300AD17B681B6802211846FFF7F7F903467B
S315080442409B0E03F01F021EE07B681B6802211846BA
S31508044250FFF7ECF90346C7F88C30D7F88C3093FA95
S31508044260A3F3C7F88830D7F88830C7F89030D7F85A
S315080442709030002B01D1202304E0D7F89030B3FA0C
S3150804428083F3DBB21A463B681B68C3F31203002B9D
S3150804429005D13B681B689B0E03F01F0316E03B68B9
S315080442A01B68C7F88030D7F8803093FAA3F3FB6706
S315080442B0FB6FC7F88430D7F88430002B01D120234C
S315080442C004E0D7F88430B3FA83F3DBB29A4206D112
S315080442D07B681B68002202211846FFF7BDF97B6834
S315080442E01B6803211846FFF7A1F90346C3F3120313
S315080442F0002B0AD17B681B6803211846FFF796F939
S3150804430003469B0E03F01F0217E07B681B68032114
S315080443101846FFF78BF903467B677B6F93FAA3F37B
S315080443203B673B6FBB67BB6F002B01D1202303E0C0
S31508044330BB6FB3FA83F3DBB21A463B681B68C3F355
S315080443401203002B05D13B681B689B0E03F01F0361
S3150804435011E03B681B68BB66BB6E93FAA3F37B66E6
S315080443607B6EFB66FB6E002B01D1202303E0FB6EFC
S31508044370B3FA83F3DBB29A4206D17B681B68002240
S3150804438003211846FFF768F97B681B681846FFF788
S31508044390D9FA0346002B40F03D817B6818683B68D0
S315080443A019683B68DB681A46FFF724FA3B68DB683A
S315080443B0A24A934240F02E817B6818683B681B68C2
S315080443C0C3F31203002B0BD13B681B689B0E013306
S315080443D003F01F03092B94BF01230023DBB219E062
S315080443E03B681B68FB65FB6D93FAA3F3BB65BB6D62
S315080443F03B663B6E002B01D1202303E03B6EB3FAE8
S3150804440083F3DBB2013303F01F03092B94BF0123A3
S315080444100023DBB2002B79D03B681B68C3F3120375
S31508044420002B07D13B681B689B0E01339B0603F0E0
S31508044430F84215E03B681B683B653B6D93FAA3F3AA
S31508044440FB64FB6C7B657B6D002B01D1202303E0A9
S315080444507B6DB3FA83F3DBB201339B0603F0F842B0
S315080444603B681B68C3F31203002B09D13B681B681E
S315080444709B0E013303F01F03012101FA03F317E02E
S315080444803B681B687B647B6C93FAA3F33B643B6CC5
S31508044490BB64BB6C002B01D1202303E0BB6CB3FACD
S315080444A083F3DBB2013303F01F03012101FA03F39B
S315080444B042EA03013B681B68C3F31203002B0AD1C3
S315080444C03B681B689B0E013303F01F0213465B000F
S315080444D013441B0518E03B681B68BB63BB6B93FA64
S315080444E0A3F37B637B6BFB63FB6B002B01D120235C
S315080444F003E0FB6BB3FA83F3DBB2013303F01F0269
S3150804450013465B0013441B050B437EE03B681B689C
S31508044510C3F31203002B07D13B681B689B0E0133B8
S315080445209B0603F0F84215E03B681B68FB62FB6ACE
S3150804453093FAA3F3BB62BB6A3B633B6B002B01D1C3
S31508044540202303E03B6BB3FA83F3DBB201339B0608
S3150804455003F0F8423B681B68C3F31203002B09D126
S315080445603B681B689B0E013303F01F03012101FA04
S3150804457003F317E03B681B683B623B6A93FAA3F3B1
S31508044580FB61FB697B627B6A002B01D1202303E074
S315080445907B6AB3FA83F3DBB2013303F01F03012109
S315080445A001FA03F342EA03013B681B68C3F31203E7
S315080445B0002B0DD13B681B689B0E013303F01F02C9
S315080445C013465B0013441E3B1B0543F000731BE0B4
S315080445D03B681B687B617B6993FAA3F33B613B6980
S315080445E0BB61BB69002B01D1202303E0BB69B3FA85
S315080445F083F3DBB2013303F01F0213465B00134453
S315080446001E3B1B0543F000730B433A689268194630
S31508044610FFF7C5F83B681A68094B1340002B00F0EE
S31508044620BE807B681B68B3F1A04F04D07B681B6807
S31508044630044A93420AD1044B09E000BF00007F40B4
S31508044640000008800001005000030050594B18462A
S31508044650FEF7BAFFC7F8C4003B681B68564A93427C
S3150804466004D03B681B68554A93423AD1D7F8C430FC
S3150804467003F40003002B34D17B681B68B3F1A04F05
S3150804468005D07B681B684E4A934240F085807B6858
S315080446901B68B3F1A04F04D07B681B68494A934250
S315080446A001D1494A00E0434AD7F8C43043F4000329
S315080446B019461046FEF775FF444B1B689B09444A86
S315080446C0A2FB03239B095A1C13465B0013449B0055
S315080446D0FB6002E0FB68013BFB60FB68002BF9D139
S315080446E05AE03B681B683B4A934225D1D7F8C43045
S315080446F003F08073002B1FD17B681B68314A9342F1
S3150804470004D17B681B68344A934247D07B681B688C
S31508044710B3F1A04F04D07B681B682A4A934201D19F
S31508044720294A00E0234AD7F8C43043F0807319466F
S315080447301046FEF736FF31E03B681B68274A93426A
S315080447402DD1D7F8C43003F48003002B27D17B6816
S315080447501B681C4A934222D07B681B68B3F1A04F9E
S3150804476004D07B681B68174A934201D1164A00E0B5
S31508044770104AD7F8C43043F4800319461046FEF7A6
S3150804478010FF0CE07B68DB6D43F020027B68DA657A
S31508044790012387F8D73002E000BF00E000BF7B683A
S315080447A0002283F8582097F8D7301846D837BD46DC
S315080447B080BD00BF00070050000021C31000C09050
S315080447C000060050000100500003005004000020B9
S315080447D0632D3E05000052C700050050000084CB37
S315080447E080B584B000AF78600023BB607B681B6823
S315080447F01846FFF7A7F80346002B76D17B681B6893
S315080448009A683C4B1340002B0DD07B68DB6D43F054
S3150804481010027B68DA657B681B6E43F001027B68CD
S315080448201A66012362E07B681B681846FFF762F87C
S315080448307B681B68B3F1A04F04D07B681B682E4ABB
S31508044840934201D12D4B00E02D4B1846FEF7BCFED2
S31508044850034603F40003002B13D02A4B1B689B0959
S31508044860294AA2FB03239B095A1C13465B001344DB
S315080448709B00BB6002E0BB68013BBB60BB68002BC6
S31508044880F9D1FEF729FEF86028E07B681B6818460C
S31508044890FFF758F80346002B04D17B681B681846B3
S315080448A0FFF728F8FEF718FE0246FB68D31A022B10
S315080448B014D97B681B681B6803F00103012B0DD010
S315080448C07B68DB6D43F010027B68DA657B681B6ED8
S315080448D043F001027B681A66012307E07B681B68BC
S315080448E01B6803F00103012BCFD1002318461037A8
S315080448F0BD4680BD3F000080000100500003005003
S315080449000007005004000020632D3E0580B584B0DE
S3150804491000AF78607B681B681846FFF726F8F860CE
S315080449207B681B681846FFF70DF80346002B47D02B
S31508044930FB68002B44D17B681B689B6803F00D0356
S31508044940012B0CD17B681B681846FEF7E7FF7B68CA
S315080449501B6803221A60FEF7BFFDB86029E07B686E
S31508044960DB6D43F010027B68DA657B681B6E43F0E7
S3150804497001027B681A66012323E0FEF7ADFD0246B1
S31508044980BB68D31A022B14D97B681B689B6803F08F
S315080449900103002B0DD07B68DB6D43F010027B68A6
S315080449A0DA657B681B6E43F001027B681A6601238D
S315080449B007E07B681B689B6803F00103002BDCD1C6
S315080449C0002318461037BD4680BD80B584B000AFB5
S315080449D078607B689B6AFB60FB68DB6D03F05003B9
S315080449E0002B4BD1FB68DB6D43F40072FB68DA6578
S315080449F0FB681B681B6803F00803002B21D0FB68BF
S31508044A001B681846FEF78CFE0346002B32D0FB685B
S31508044A101B68DB6803F40053002B2BD1FB68DB6DA2
S31508044A2023F48072FB68DA65FB68DB6D03F4805354
S31508044A30002B1FD1FB68DB6D43F00102FB68DA65C6
S31508044A4018E0FB681B68DB6803F00203002B11D12E
S31508044A50FB68DB6D23F48072FB68DA65FB68DB6D43
S31508044A6003F48053002B05D1FB68DB6D43F0010288
S31508044A70FB68DA65F868FFF755FA0EE0FB68DB6D44
S31508044A8003F01003002B03D0F868FFF75FFA04E07D
S31508044A90FB685B6D5B6B7868984700BF1037BD464B
S31508044AA080BD80B584B000AF78607B689B6AFB6084
S31508044AB0F868FFF741FA00BF1037BD4680BD80B5D8
S31508044AC084B000AF78607B689B6AFB60FB68DB6D2B
S31508044AD043F04002FB68DA65FB681B6E43F0040288
S31508044AE0FB681A66F868FFF731FA00BF1037BD4647
S31508044AF080BD80B483B000AF78607B689B6803F0A0
S31508044B000103012B01D1012300E0002318460C37C9
S31508044B10BD465DF8047B704780B483B000AF786007
S31508044B2039607B689B6823F0404323F03F033A6867
S31508044B3002F08042134343F000427B689A6000BF48
S31508044B400C37BD465DF8047B704780B483B000AF6C
S31508044B5078607B689B6803F00043B3F1004F01D18A
S31508044B60012300E0002318460C37BD465DF8047B94
S31508044B70704780B483B000AF78607B689B6803F0A5
S31508044B800403042B01D1012300E0002318460C3743
S31508044B90BD465DF8047B704780B584B000AF786085
S31508044BA039600023BB607B6893F85830012B01D128
S31508044BB002234DE07B68012283F858207868FFF7C2
S31508044BC0A5FE0346FB73FB7B002B36D17B68DB6DA6
S31508044BD023F4885323F0020343F002027B68DA6560
S31508044BE07B681B6839681846FFF796FF14E0BB68AC
S31508044BF00133BB60BB68184A93420DD97B68DB6DE9
S31508044C0023F0120343F010027B68DA657B680022FE
S31508044C1083F8582001231BE07B681B681846FFF7B6
S31508044C2094FF0346002BE2D17B68DB6D23F0030374
S31508044C3043F001027B68DA6505E07B68DB6D43F0C7
S31508044C4010027B68DA657B68002283F85820FB7BB0
S31508044C5018461037BD4680BD01DE040090B5A1B0E4
S31508044C6000AF78603960002387F87F307B6893F853
S31508044C705830012B01D10223E7E07B68012283F82F
S31508044C80582000237B660023BB667B681B68B3F148
S31508044C90A04F02D16F4BBB6009E07B681B686E4A64
S31508044CA0934202D16D4BBB6001E00023BB60BB6835
S31508044CB0002B0BD17B68DB6D43F020027B68DA6539
S31508044CC07B68002283F858200123BEE0BB68184697
S31508044CD0FFF74FFFB8677B681B681846FFF749FF5D
S31508044CE00346002B40F0A080BB6F002B40F09C804D
S31508044CF07B681B68B3F1A04F04D07B681B68554AD0
S31508044D00934201D1564B00E0564B7B673B681B68C0
S31508044D10002B4BD07B6F9B6823F460423B68596831
S31508044D207B6893F838305B030B431A437B6F9A60AE
S31508044D307B681B68B3F1A04F04D07B681B68454A9F
S31508044D4093420FD14FF0A040FFF7D3FE04464148E3
S31508044D50FFF7CFFE03462343002B0CBF0123002392
S31508044D60DBB212E03C48FFF7C4FE04463B48FFF7B3
S31508044D70C0FE03461C433C48FFF7BBFE03462343D9
S31508044D80002B0CBF01230023DBB2002B56D07B6F0C
S31508044D909B6823F4716323F00F033A6811683A6831
S31508044DA092680A431A437B6F9A6047E07B6F9B6855
S31508044DB023F460427B6F9A607B681B68B3F1A04F4B
S31508044DC004D07B681B68234A93420FD14FF0A04056
S31508044DD0FFF78FFE04461F48FFF78BFE034623435F
S31508044DE0002B0CBF01230023DBB212E01A48FFF79D
S31508044DF080FE04461948FFF77CFE03461C431A48FE
S31508044E00FFF777FE03462343002B0CBF0123002339
S31508044E10DBB2002B12D07B6F9B6823F4716323F0FB
S31508044E200F037A6F936009E07B68DB6D43F0200219
S31508044E307B68DA65012387F87F3000E000BF7B686A
S31508044E40002283F8582097F87F3018468437BD46E1
S31508044E5090BD00BF0001005000040050000500503A
S31508044E6000030050000700500006005080B485B0C7
S31508044E7000AF78607B6803F00703FB600C4BDB68C4
S31508044E80BB60BA684FF6FF031340BB60FB681A029F
S31508044E90BB68134343F0BF6343F40033BB60044A5F
S31508044EA0BB68D36000BF1437BD465DF8047B704702
S31508044EB000ED00E080B400AF044BDB681B0A03F086
S31508044EC007031846BD465DF8047B704700ED00E00D
S31508044ED080B483B000AF0346FB7197F90730002B03
S31508044EE00BDBFB7903F01F02074997F907305B09C7
S31508044EF0012000FA02F241F8232000BF0C37BD4610
S31508044F005DF8047B704700BF00E100E080B483B01D
S31508044F1000AF03463960FB7197F90730002B0ADBAB
S31508044F203B68DAB20C4997F907301201D2B20B443E
S31508044F3083F800230AE03B68DAB20849FB7903F0F0
S31508044F400F03043B1201D2B20B441A7600BF0C3786
S31508044F50BD465DF8047B704700E100E000ED00E023
S31508044F6080B489B000AFF860B9607A60FB6803F072
S31508044F700703FB61FB69C3F10703042B28BF04235A
S31508044F80BB61FB690433062B02D9FB69033B00E0CA
S31508044F9000237B614FF0FF32BB6902FA03F3DA435D
S31508044FA0BB681A407B699A404FF0FF317B6901FA66
S31508044FB003F3D9437B680B40134318462437BD468D
S31508044FC05DF8047B7047000080B582B000AF786056
S31508044FD07B68013BB3F1807F01D301230FE00A4AC2
S31508044FE07B68013B53600F214FF0FF30FFF78EFFBC
S31508044FF0054B00229A60044B07221A6000231846C0
S315080450000837BD4680BD00BF10E000E080B582B019
S3150804501000AF78607868FFF729FF00BF0837BD46F8
S3150804502080BD80B586B000AF0346B9607A60FB736D
S31508045030FFF740FF78617A68B9687869FFF790FFE7
S31508045040024697F90F3011461846FFF75FFF00BF6F
S315080450501837BD4680BD80B582B000AF0346FB71E4
S3150804506097F907301846FFF733FF00BF0837BD46E0
S3150804507080BD80B582B000AF78607868FFF7A4FF7A
S31508045080034618460837BD4680BD80B582B000AFD2
S3150804509078607B68002B01D1012314E07B681B79B7
S315080450A0DBB2002B05D17B6800225A717868FCF7BD
S315080450B05DFB7B6802221A717B6800221A617B6891
S315080450C001221A71002318460837BD4680BD000020
S315080450D080B485B000AF786039607B68002B01D155
S315080450E0012356E07B685B79012B01D1022350E04A
S315080450F07B6801225A717B6802221A717B681B68D5
S3150804510019683B6803F0100301229A407B681B6800
S315080451100A431A60224B1B689B09224AA2FB0323F3
S315080451209B090133FB6002E0FB68013BFB60FB68FB
S31508045130002BF9D13B68002B0FD17B681B681B68D1
S3150804514003F03E03022B1DD17B681B685A687B68F3
S315080451501B6842F001025A6014E07B681B681B68EE
S3150804516003F478123B6803F01003022101FA03F3EF
S315080451709A4207D17B681B685A687B681B6842F0A9
S3150804518002025A607B6801221A717B6800225A71EE
S31508045190002318461437BD465DF8047B704700BFE4
S315080451A004000020632D3E0580B483B000AF786008
S315080451B039607B68002B01D1012311E07B681B68E9
S315080451C019683B6803F01003012202FA03F3DA4371
S315080451D07B681B680A401A607B6801221A710023DF
S315080451E018460C37BD465DF8047B704780B487B013
S315080451F000AFF860B9607A603B6000237B61FB68A6
S31508045200002B01D1012318E0FB681B68DB6BFB68E4
S315080452101B687B61BB68002B05D17A697B681344DC
S3150804522008337B6104E07A697B68134414337B6131
S315080452307B691A463B681360002318461C37BD462B
S315080452405DF8047B7047000080B58AB000AFF8604B
S31508045250B9607A600023FB77FB68002B02D0BB6831
S31508045260002B01D10123A1E1BB689B68042BFB68D1
S315080452705B79012B01D1022398E1FB6801225A715B
S31508045280FB6802221A71BB689B68042B7AD1FEF765
S3150804529023F9B8617B68002B3DD118E0FEF71CF9A9
S315080452A00246BB69D31A012B11D9FB681B685B6BD1
S315080452B003F40043002B0AD0FB681B6943F0080279
S315080452C0FB681A61FB6803221A7103236EE1FB6803
S315080452D01B685B6B03F40043002BDFD1FB681B6878
S315080452E0BA68526A1A6420E0FEF7F6F80246BB6901
S315080452F0D31A012B0FD9FB681B685B6B002B0ADAE0
S31508045300FB681B6943F00802FB681A61FB68032201
S315080453101A7103234AE1FB681B685B6B002BE3DB0A
S31508045320FB681B68BA68526A5A64FB681B689A6CFD
S315080453307B6803F0100340F2FF3101FA03F3DB4301
S3150804534002EA0301BB689A6A7B6803F010039A4071
S31508045350FB681B680A439A64FB681B68DA6C7B68FB
S3150804536003F01003FF2101FA03F3DB4302EA030106
S31508045370BB68DA6A7B6803F010039A40FB681B680B
S315080453800A43DA64BB68DB69012B1DD1FB681B6819
S315080453909B6B7B627B6803F010031F2202FA03F3FC
S315080453A0DB437A6A13407B62BB681B6A7B617B6852
S315080453B003F010037A6902FA03F37A6A13437B62E9
S315080453C0FB681B687A6A9A63FB681B68DB6B7B62FB
S315080453D07B6803F01003072202FA03F3DB437A6AB5
S315080453E013407B62BB689B69012B02D100233B6295
S315080453F00FE0BB689B69022B02D101233B6208E0DC
S31508045400BB685B69002B02D101233B6201E00023E0
S315080454103B62BB689A68BB685B6913433A6A134381
S315080454207B617B6803F010034FF4807202FA03F37E
S31508045430DB437A6A13407B62BB681B79012B02D172
S315080454404FF4807300E000237A6913437B617B6819
S3150804545003F010034FF4007202FA03F3DB437A6A8B
S3150804546013407B62BB685B79012B02D14FF400734E
S3150804547000E000237A6913437B617B6A23F4404383
S315080454807B62BB681B68022B14D102F06BF9386186
S315080454903B69484A934204D97B6A43F400437B62D6
S315080454A00FE03B69444A93420AD97B6A43F4804332
S315080454B07B6206E0BB681B687A6A13437B6200E07A
S315080454C000BF7B6803F010037A6902FA03F37A6A69
S315080454D013437B62FB681B687A6ADA63FB681B689A
S315080454E019687B6803F010034FF4804202FA03F349
S315080454F0DA43FB681B680A401A60FB681B681B686A
S315080455007B627B6803F0100340F6FE7202FA03F32B
S31508045510DB437A6A13407B62BB68DB687B617B6822
S3150804552003F010037A6902FA03F37A6A13437B6277
S31508045530FB681B687A6A1A60FB681B6819687B68CB
S3150804554003F01003C02202FA03F3DA43FB681B686C
S315080455500A401A60BB68DB689B0803F00F037B618B
S31508045560BB681B699B081B0203F470637A691343BF
S315080455707B61FB681B681A6E7B6803F0100340F6B0
S315080455800F7101FA03F3DB4302EA03017B6803F0B4
S3150804559010037A699A40FB681B680A431A66FB6813
S315080455A001221A71FB6800225A71FB7F18462837B4
S315080455B0BD4680BD0068890900B4C40480B584B0BA
S315080455C000AF78607B68002B01D101238DE07B68EE
S315080455D01B681A46474B9A420FD87B681B681A46BB
S315080455E0454B1344454AA2FB03231B099A007B68CF
S315080455F05A647B68424A1A640EE07B681B681A463A
S31508045600404B13443D4AA2FB03231B099A007B68BB
S315080456105A647B683C4A1A647B68022283F825200C
S315080456207B681B681B68FB60FB6823F4FF4323F055
S315080456307003FB607B689A687B68DB681A437B683F
S315080456401B691A437B685B691A437B689B691A431F
S315080456507B68DB691A437B681B6A1343FA6813433E
S31508045660FB607B681B68FA681A60786800F082FA3F
S315080456707B689B68B3F5804F02D17B6800225A6029
S315080456807B685A687B689B6CD2B21A607B68DB6C51
S315080456907A68126D5A607B685B68002B10D07B6849
S315080456A05B68042B0CD8786800F0A2FA7B685B6DFB
S315080456B000221A607B689B6D7A68D26D5A6008E08E
S315080456C07B6800225A657B6800229A657B680022FB
S315080456D0DA657B680022DA637B68012283F8252071
S315080456E07B68002283F82420002318461037BD4619
S315080456F080BD00BF07040240F8FFFDBFCDCCCCCC6B
S3150804570000000240F8FBFDBF0004024080B586B0E5
S3150804571000AFF860B9607A603B600023FB75FB68EC
S3150804572093F82430012B01D1022366E0FB68012299
S3150804573083F82420FB6893F82530DBB2012B55D176
S31508045740FB68022283F82520FB680022DA63FB68DB
S315080457501B681A68FB681B6822F001021A603B681A
S315080457607A68B968F86800F0C7F9FB681B6B002B00
S3150804577008D0FB681B681A68FB681B6842F00E02AF
S315080457801A600FE0FB681B681A68FB681B6822F03E
S3150804579004021A60FB681B681A68FB681B6842F0F7
S315080457A00A021A60FB689B6C1B6803F48033002B9F
S315080457B007D0FB689B6C1A68FB689B6C42F4807282
S315080457C01A60FB685B6D002B07D0FB685B6D1A6873
S315080457D0FB685B6D42F480721A60FB681B681A6882
S315080457E0FB681B6842F001021A6005E0FB680022A8
S315080457F083F824200223FB75FB7D18461837BD461B
S3150804580080BD80B485B000AF78600023FB737B68E5
S3150804581093F82530DBB2022B05D07B680422DA63C1
S315080458200123FB7337E07B681B681A687B681B686F
S3150804583022F00E021A607B689B6C1A687B689B6C64
S3150804584022F480721A607B681B681A687B681B6876
S3150804585022F001021A607B685B6C03F01F027B6806
S315080458601B6C012101FA02F25A607B68DB6C7A68C8
S31508045870126D5A607B685B6D002B0CD07B685B6D80
S315080458801A687B685B6D22F480721A607B689B6D6C
S315080458907A68D26D5A607B68012283F825207B6872
S315080458A0002283F82420FB7B18461437BD465DF88E
S315080458B0047B704780B584B000AF78600023FB731F
S315080458C07B6893F82530DBB2022B0DD07B68042263
S315080458D0DA637B68012283F825207B68002283F833
S315080458E024200123FB7347E07B681B681A687B68DE
S315080458F01B6822F00E021A607B681B681A687B68AC
S315080459001B6822F001021A607B689B6C1A687B6824
S315080459109B6C22F480721A607B685B6C03F01F022E
S315080459207B681B6C012101FA02F25A607B68DB6C06
S315080459307A68126D5A607B685B6D002B0CD07B68A5
S315080459405B6D1A687B685B6D22F480721A607B68EB
S315080459509B6D7A68D26D5A607B68012283F825208C
S315080459607B68002283F824207B689B6B002B03D07A
S315080459707B689B6B78689847FB7B18461037BD464F
S3150804598080BD80B584B000AF78607B681B6C1B68EB
S31508045990FB607B681B681B68BB607B685B6C03F0F9
S315080459A01F0304229A40FB681340002B26D0BB68C9
S315080459B003F00403002B21D07B681B681B6803F0E3
S315080459C02003002B07D17B681B681A687B681B6851
S315080459D022F004021A607B685B6C03F01F027B6882
S315080459E01B6C042101FA02F25A607B681B6B002BBC
S315080459F071D07B681B6B786898476CE07B685B6C36
S31508045A0003F01F0302229A40FB681340002B2ED092
S31508045A10BB6803F00203002B29D07B681B681B684C
S31508045A2003F02003002B0BD17B681B681A687B687C
S31508045A301B6822F00A021A607B68012283F8252073
S31508045A407B685B6C03F01F027B681B6C022101FAFE
S31508045A5002F25A607B68002283F824207B68DB6A9A
S31508045A60002B38D07B68DB6A7868984733E07B6814
S31508045A705B6C03F01F0308229A40FB681340002B53
S31508045A802AD0BB6803F00803002B25D07B681B6863
S31508045A901A687B681B6822F00E021A607B685B6CC6
S31508045AA003F01F027B681B6C012101FA02F25A609B
S31508045AB07B680122DA637B68012283F825207B68E8
S31508045AC0002283F824207B685B6B002B04D07B6858
S31508045AD05B6B7868984700BF00BF1037BD4680BD2A
S31508045AE080B483B000AF78607B68DB6B18460C37EC
S31508045AF0BD465DF8047B704780B485B000AFF86096
S31508045B00B9607A603B60FB68DB6CFA68126D5A60B0
S31508045B10FB685B6D002B04D0FB689B6DFA68D26D3D
S31508045B205A60FB685B6C03F01F02FB681B6C01215F
S31508045B3001FA02F25A60FB681B683A685A60FB6805
S31508045B409B68102B08D1FB681B687A689A60FB6807
S31508045B501B68BA68DA6007E0FB681B68BA689A606B
S31508045B60FB681B687A68DA6000BF1437BD465DF8BF
S31508045B70047B704780B487B000AF78607B681B6885
S31508045B801A46164B9A4202D8154B7B6101E0154B0F
S31508045B907B617B693B617B681B68DBB2083B124A05
S31508045BA0A2FB03231B09FB607B685B6C9B089A00BA
S31508045BB03B6913441A467B689A647B680B4ADA6421
S31508045BC0FB6803F01F0301229A407B681A6500BF2D
S31508045BD01C37BD465DF8047B704700BF07040240C6
S31508045BE00008024020080240CDCCCCCC80080240F4
S31508045BF080B485B000AF78607B685B68DBB2FB6015
S31508045C00FA680B4B13449B001A467B685A657B68F3
S31508045C10084A9A65FB68013B03F01F0301229A4070
S31508045C207B68DA6500BF1437BD465DF8047B7047A8
S31508045C303F8200104009024080B487B000AF786004
S31508045C40396000237B615AE13B681A6801217B6944
S31508045C5001FA03F31340FB60FB68002B00F04C8148
S31508045C603B685B6803F00303012B05D03B685B685C
S31508045C7003F00303022B30D17B689B683B617B6985
S31508045C805B00032202FA03F3DB433A6913403B61E0
S31508045C903B68DA687B695B0002FA03F33A691343E3
S31508045CA03B617B683A699A607B685B683B61012261
S31508045CB07B6902FA03F3DB433A6913403B613B68A9
S31508045CC05B681B0903F001027B6902FA03F33A696C
S31508045CD013433B617B683A695A603B685B6803F027
S31508045CE00303032B17D07B68DB683B617B695B0086
S31508045CF0032202FA03F3DB433A6913403B613B6828
S31508045D009A687B695B0002FA03F33A6913433B61B9
S31508045D107B683A69DA603B685B6803F00303022B25
S31508045D2023D17B69DA087B68083253F822303B6151
S31508045D307B6903F007039B000F2202FA03F3DB4394
S31508045D403A6913403B613B681A697B6903F00703A8
S31508045D509B0002FA03F33A6913433B617B69DA0849
S31508045D607B680832396943F822107B681B683B61F3
S31508045D707B695B00032202FA03F3DB433A691340A7
S31508045D803B613B685B6803F003027B695B0002FACC
S31508045D9003F33A6913433B617B683A691A603B68C3
S31508045DA05B6803F44033002B00F0A6805B4B1B6E44
S31508045DB05A4A43F001031366584B1B6E03F001035A
S31508045DC0BB60BB68564A7B699B08023352F823308A
S31508045DD03B617B6903F003039B000F2202FA03F37A
S31508045DE0DB433A6913403B617B68B3F1904F1FD09C
S31508045DF07B684C4A934219D07B684B4A934213D02A
S31508045E007B684A4A93420DD07B68494A934207D035
S31508045E107B68484A934201D105230AE0062308E031
S31508045E20042306E0032304E0022302E0012300E03E
S31508045E3000237A6902F00302920093403A691343F5
S31508045E403B6137497B699B0802333A6941F8232049
S31508045E50394B9B683B61FB68DB433A6913403B61FA
S31508045E603B685B6803F48013002B03D03A69FB682C
S31508045E7013433B61304A3B6993602F4BDB683B61B4
S31508045E80FB68DB433A6913403B613B685B6803F490
S31508045E900013002B03D03A69FB6813433B61264A77
S31508045EA03B69D360244B5B683B61FB68DB433A6917
S31508045EB013403B613B685B6803F40033002B03D053
S31508045EC03A69FB6813433B611B4A3B6953601A4BA7
S31508045ED01B683B61FB68DB433A6913403B613B68DB
S31508045EE05B6803F48033002B03D03A69FB681343D9
S31508045EF03B61114A3B6913607B6901337B613B68EB
S31508045F001A687B6922FA03F3002B7FF49DAE00BF5F
S31508045F1000BF1C37BD465DF8047B7047001002407D
S31508045F20000001400004004800080048000C00482E
S31508045F3000100048001400480004014080B485B0ED
S31508045F4000AF78600B467B807B681A697B881340B0
S31508045F50002B02D00123FB7301E00023FB73FB7BB8
S31508045F6018461437BD465DF8047B704780B483B081
S31508045F7000AF78600B467B8013467B707B78002BDA
S31508045F8003D07A887B689A6102E07A887B689A6289
S31508045F9000BF0C37BD465DF8047B704780B582B0F8
S31508045FA000AF0346FB80084B5A69FB881340002B55
S31508045FB006D0054AFB885361FB88184610F0A4FDF1
S31508045FC000BF0837BD4680BD0004014080B582B0D5
S31508045FD000AF78607B68002B01D101238DE07B68D4
S31508045FE093F84130DBB2002B06D17B68002283F894
S31508045FF040207868FBF712FE7B68242283F8412048
S315080460007B681B681A687B681B6822F001021A60A1
S315080460107B685A687B681B6822F070621A617B6821
S315080460201B689A687B681B6822F400429A607B683E
S31508046030DB68012B07D17B689A687B681B6842F486
S3150804604000429A6006E07B689A687B681B6842F49B
S3150804605004429A607B68DB68022B08D17B681B685C
S315080460605A687B681B6842F400625A6007E07B68DA
S315080460701B685A687B681B6822F400625A607B684E
S315080460801B685B687A68126843F0007343F400433C
S3150804609053607B681B68DA687B681B6822F40042D5
S315080460A0DA607B681A697B685B6942EA03017B6884
S315080460B09B691A027B681B680A43DA607B68D9699C
S315080460C07B681A6A7B681B680A431A607B681B68C4
S315080460D01A687B681B6842F001021A607B68002212
S315080460E05A647B68202283F841207B6800221A635D
S315080460F07B68002283F84220002318460837BD46E9
S3150804610080BD000080B588B002AFF8607A601A4690
S315080461100B467B8113463B81FB6893F84130DBB21F
S31508046120202B40F0FD80FB6893F84030012B01D109
S315080461300223F6E0FB68012283F84020FDF7CCF938
S3150804614038613B690093192301224FF40041F8682A
S3150804615000F00AFA0346002B01D00123E1E0FB68AC
S31508046160212283F84120FB68102283F84220FB6829
S3150804617000225A64FB687A685A62FB683A895A8527
S31508046180FB6800225A63FB685B8D9BB2FF2B06D91A
S31508046190FB68FF221A854FF080737B6107E0FB6872
S315080461A05B8D9AB2FB681A854FF000737B61FB68B6
S315080461B01B8D002B24D0FB685B6A1A78FB681B6866
S315080461C09A62FB685B6A5A1CFB685A62FB685B8DB9
S315080461D09BB2013B9AB2FB685A85FB681B8D013B4F
S315080461E09AB2FB681A85FB681B8DDBB20133DAB2F7
S315080461F079894E4B00937B69F86800F005FC66E0E4
S31508046200FB681B8DDAB27989484B00937B69F86879
S3150804621000F0FAFB5BE03A69396AF86800F0FDF9C0
S315080462200346002B01D001237BE0FB685B6A1A78DE
S31508046230FB681B689A62FB685B6A5A1CFB685A62AD
S31508046240FB685B8D9BB2013B9AB2FB685A85FB6877
S315080462501B8D013B9AB2FB681A85FB685B8D9BB262
S31508046260002B34D0FB681B8D002B30D13B6900937F
S315080462703B6A00228021F86800F076F90346002B71
S3150804628001D001234DE0FB685B8D9BB2FF2B0ED931
S31508046290FB68FF221A85FB681B8DDAB2798900230D
S315080462A000934FF08073F86800F0AEFB0FE0FB68CC
S315080462B05B8D9AB2FB681A85FB681B8DDAB27989FD
S315080462C0002300934FF00073F86800F09DFBFB6809
S315080462D05B8D9BB2002B9ED13A69396AF86800F047
S315080462E0E3F90346002B01D001231AE0FB681B6877
S315080462F02022DA61FB681B685968FB681A680C4B2C
S315080463000B405360FB68202283F84120FB68002277
S3150804631083F84220FB68002283F84020002300E02B
S31508046320022318461837BD4680BD00BF00200080EA
S3150804633000E800FE80B588B002AFF8607A601A46B5
S315080463400B467B8113463B81FB6893F84130DBB2ED
S31508046350202B40F0DB80FB6893F84030012B01D1F9
S315080463600223D4E0FB68012283F84020FDF7B4F841
S3150804637078617B690093192301224FF40041F86878
S3150804638000F0F2F80346002B01D00123BFE0FB68B6
S31508046390222283F84120FB68102283F84220FB68F6
S315080463A000225A64FB687A685A62FB683A895A85F5
S315080463B0FB6800225A63FB685B8D9BB2FF2B0ED9E0
S315080463C0FB68FF221A85FB681B8DDAB27989524B62
S315080463D000934FF08073F86800F016FB6DE0FB68D5
S315080463E05B8D9AB2FB681A85FB681B8DDAB27989CC
S315080463F0494B00934FF00073F86800F005FB5CE026
S315080464007A69396AF86800F093F90346002B01D0D3
S3150804641001237CE0FB681B685A6AFB685B6AD2B294
S315080464201A70FB685B6A5A1CFB685A62FB681B8D08
S31508046430013B9AB2FB681A85FB685B8D9BB2013BEC
S315080464409AB2FB685A85FB685B8D9BB2002B34D0E5
S31508046450FB681B8D002B30D17B6900933B6A0022B5
S315080464608021F86800F080F80346002B01D0012348
S315080464704DE0FB685B8D9BB2FF2B0ED9FB68FF22B0
S315080464801A85FB681B8DDAB27989002300934FF0CD
S315080464908073F86800F0B8FA0FE0FB685B8D9AB26F
S315080464A0FB681A85FB681B8DDAB279890023009389
S315080464B04FF00073F86800F0A7FAFB685B8D9BB28F
S315080464C0002B9DD17A69396AF86800F0EDF803461D
S315080464D0002B01D001231AE0FB681B682022DA612D
S315080464E0FB681B685968FB681A680C4B0B405360B9
S315080464F0FB68202283F84120FB68002283F84220A7
S31508046500FB68002283F84020002300E00223184693
S315080465101837BD4680BD00BF0024008000E800FE91
S3150804652080B483B000AF78607B681B689B6903F00E
S315080465300203022B03D17B681B6800229A627B68DC
S315080465401B689B6903F00103012B07D07B681B6852
S315080465509A697B681B6842F001029A6100BF0C378E
S31508046560BD465DF8047B704780B584B000AFF8601B
S31508046570B9603B601346FB713BE0BA693968F86851
S3150804658000F062F90346002B01D0012341E03B6881
S31508046590B3F1FF3F2DD0FCF79FFF0246BB69D31A20
S315080465A03A689A4202D33B68002B22D1FB681B68DF
S315080465B09A69BB681340BA689A420CBF0123002340
S315080465C0DBB21A46FB799A4213D1FB685B6C43F03B
S315080465D02002FB685A64FB68202283F84120FB6882
S315080465E0002283F84220FB68002283F84020012316
S315080465F00FE0FB681B689A69BB681340BA689A423D
S315080466000CBF01230023DBB21A46FB799A42B4D0A5
S31508046610002318461037BD4680BD80B584B000AF48
S31508046620F860B9607A6033E07A68B968F86800F0A7
S315080466300BF90346002B01D0012331E0BB68B3F103
S31508046640FF3F25D0FCF748FF02467B68D31ABA6891
S315080466509A4202D3BB68002B1AD1FB681B689B6954
S3150804666003F00203022B13D0FB685B6C43F0200291
S31508046670FB685A64FB68202283F84120FB680022E1
S3150804668083F84220FB68002283F84020012307E0B0
S31508046690FB681B689B6903F00203022BC4D1002321
S315080466A018461037BD4680BD80B584B000AFF86083
S315080466B0B9607A602FE07A68B968F86800F0C4F8B7
S315080466C00346002B01D001232DE0FCF705FF024603
S315080466D07B68D31ABA689A4202D3BB68002B1AD1CC
S315080466E0FB681B689B6903F02003202B13D0FB6807
S315080466F05B6C43F02002FB685A64FB68202283F82B
S315080467004120FB68002283F84220FB68002283F8B4
S315080467104020012307E0FB681B689B6903F02003FC
S31508046720202BC8D1002318461037BD4680BD00006B
S3150804673080B586B000AFF860B9607A600023FB754F
S3150804674071E07A68B968F86800F07EF80346002BA9
S3150804675001D00123FB75FB681B689B6903F02003C2
S31508046760202B3BD1FB7D002B38D1FB681B689B692A
S3150804677003F00403042B05D1FB681B8D002B01D001
S315080467800023FB75FB681B689B6903F01003102B39
S3150804679021D1FB681B681022DA61FB6804225A645B
S315080467A0FB681B682022DA61FB681B685968FB686A
S315080467B01A68244B0B405360FB68202283F8412057
S315080467C0FB68002283F84220FB68002283F84020F5
S315080467D00123FB7502E0FB6800225A64FCF77CFE81
S315080467E002467B68D31ABA689A4202D3BB68002B5E
S315080467F019D1FB7D002B16D1FB681B689B6903F036
S315080468000403042B0FD0FB685B6C43F02002FB687F
S315080468105A64FB68202283F84120FB68002283F827
S3150804682040200123FB75FB681B689B6903F004037E
S31508046830042B02D0FB7D002B83D0FB7D184618372A
S31508046840BD4680BD00E800FE80B58AB000AFF8609A
S31508046850B9607A60002387F82730FB681B689B6950
S31508046860BB6100233B627B68FB61BB6903F01003D1
S31508046870002B68D0FB681B681022DA6149E0BB6804
S31508046880B3F1FF3F45D0FCF727FE0246FB69D31A4E
S31508046890BA689A4202D3BB68002B3AD1FB681B68D4
S315080468A05B6803F480437B61FB6893F84230FB74AE
S315080468B0FB681B689B6903F40043B3F5004F21D1B9
S315080468C07B69B3F5804F1DD0FB7C202B1AD0FB685F
S315080468D01B685A68FB681B6842F480425A60FCF7D6
S315080468E0FBFDF8610EE0FCF7F7FD0246FB69D31AD7
S315080468F0192B07D93B6A43F020033B62012387F827
S31508046900273006E0FB681B689B6903F02003202BED
S31508046910E9D1FB681B689B6903F02003202B03D08D
S3150804692097F82730002BAAD097F82730002B03D1E5
S31508046930FB681B682022DA613B6A43F004033B6266
S31508046940012387F82730FB681B689B69BB61BB6911
S3150804695003F48073002B0BD03B6A43F001033B62BC
S31508046960FB681B684FF48072DA61012387F82730C5
S31508046970BB6903F48063002B0BD03B6A43F008031E
S315080469803B62FB681B684FF48062DA61012387F86F
S315080469902730BB6903F40073002B0BD03B6A43F022
S315080469A002033B62FB681B684FF40072DA61012339
S315080469B087F8273097F82730002B1CD0F868FFF79C
S315080469C0AFFDFB681B685968FB681A680D4B0B40DA
S315080469D05360FB685A6C3B6A1A43FB685A64FB6843
S315080469E0202283F84120FB68002283F84220FB68B2
S315080469F0002283F8402097F8273018462837BD46E2
S31508046A0080BD00BF00E800FE80B487B000AFF86020
S31508046A107B600B467B8113467B727B89C3F3090231
S31508046A207B7A1B0403F47F031A437B681A433B6A85
S31508046A30134323F000437B61FB681B685A683B6A6F
S31508046A405B0D03F48061084B0B43DB4302EA030145
S31508046A50FB681B687A690A435A6000BF1C37BD463F
S31508046A605DF8047B704700BFFF63FF0380B483B0FF
S31508046A7000AF786039607B6893F84130DBB2202B2D
S31508046A8038D17B6893F84030012B01D1022332E0D8
S31508046A907B68012283F840207B68242283F84120FE
S31508046AA07B681B681A687B681B6822F001021A60F7
S31508046AB07B681B681A687B681B6822F480521A6014
S31508046AC07B681B6819687B681B683A680A431A60FE
S31508046AD07B681B681A687B681B6842F001021A60A7
S31508046AE07B68202283F841207B68002283F84020B3
S31508046AF0002300E0022318460C37BD465DF8047BE4
S31508046B00704780B485B000AF786039607B6893F8C5
S31508046B104130DBB2202B39D17B6893F84030012B06
S31508046B2001D1022333E07B68012283F840207B6885
S31508046B30242283F841207B681B681A687B681B68D3
S31508046B4022F001021A607B681B681B68FB60FB68FD
S31508046B5023F47063FB603B681B02FA681343FB600B
S31508046B607B681B68FA681A607B681B681A687B6806
S31508046B701B6842F001021A607B68202283F84120D0
S31508046B807B68002283F84020002300E0022318468D
S31508046B901437BD465DF8047B7047000080B400AF27
S31508046BA0054B1B68044A43F48073136000BFBD4653
S31508046BB05DF8047B704700BF0070004080B483B062
S31508046BC000AF78602B4B5B6823F00E027B681B686A
S31508046BD0284913434B60284B5B68274A23F48033C0
S31508046BE05360254B1B68244A23F480331360224BD5
S31508046BF0DB68214A23F48033D3601F4B9B681E4A03
S31508046C0023F4803393607B685B6803F48033002B3A
S31508046C1005D0194B1B68184A43F4803313607B6804
S31508046C205B6803F40033002B05D0134B5B68124AE8
S31508046C3043F4803353607B685B6803F00103002BDD
S31508046C4005D00D4B9B680C4A43F4803393607B68EC
S31508046C505B6803F00203002B05D0074BDB68064A82
S31508046C6043F48033D360002318460C37BD465DF8D9
S31508046C70047B7047007000400004014080B400AFF4
S31508046C80054B5B68044A43F00103536000BFBD46E5
S31508046C905DF8047B704700BF0070004080B485B07F
S31508046CA000AF78607B68002B41D14B4B1B6803F41B
S31508046CB0C063B3F5806F31D1474BD3F88030464A69
S31508046CC023F48073C2F88030434B1B6823F4C063F3
S31508046CD0414A43F400731360404B1B68322202FB9B
S31508046CE003F33F4AA2FB03239B0C0133FB6002E038
S31508046CF0FB68013BFB60384B5B6903F48063B3F5BF
S31508046D00806F02D1FB68002BF2D1334B5B6903F425
S31508046D108063B3F5806F58D1032357E02E4BD3F81D
S31508046D2080302D4A23F48073C2F880304DE07B68A6
S31508046D30B3F5007F41D1284B1B6803F4C063B3F550
S31508046D40806F31D1244BD3F88030234A43F48073BF
S31508046D50C2F88030204B1B6823F4C0631E4A43F4F0
S31508046D60007313601D4B1B68322202FB03F31C4A93
S31508046D70A2FB03239B0C0133FB6002E0FB68013B87
S31508046D80FB60154B5B6903F48063B3F5806F02D12E
S31508046D90FB68002BF2D1104B5B6903F48063B3F5EF
S31508046DA0806F12D1032311E00B4BD3F880300A4AC3
S31508046DB043F48073C2F8803007E0074B1B6823F45A
S31508046DC0C063054A43F480631360002318461437E6
S31508046DD0BD465DF8047B704700700040040000203F
S31508046DE083DE1B4380B400AF054B9B68044A43F417
S31508046DF08043936000BFBD465DF8047B704700BFBF
S31508046E000070004080B588B000AF78607B68002BBE
S31508046E1001D10123FEE27B681B6803F00103002B02
S31508046E2075D0974B9B6803F00C03BB61944BDB68E6
S31508046E3003F003037B61BB690C2B02D17B69032B2B
S31508046E4002D0BB69082B0BD18D4B1B6803F40033A6
S31508046E50002B5BD07B685B68002B57D10123D9E2F2
S31508046E607B685B68B3F5803F06D1854B1B68844A0B
S31508046E7043F4803313601DE07B685B68B3F5A02F89
S31508046E800CD17F4B1B687E4A43F4802313607C4BEA
S31508046E901B687B4A43F4803313600BE0784B1B680A
S31508046EA0774A23F480331360754B1B68744A23F4BA
S31508046EB0802313607B685B68002B13D0FCF70CFBFC
S31508046EC0386108E0FCF708FB02463B69D31A642BD1
S31508046ED001D903239EE26A4B1B6803F40033002B93
S31508046EE0F0D014E0FCF7F8FA386108E0FCF7F4FA95
S31508046EF002463B69D31A642B01D903238AE2604B01
S31508046F001B6803F40033002BF0D100E000BF7B6854
S31508046F101B6803F00203002B75D0594B9B6803F0DA
S31508046F200C03BB61564BDB6803F003037B61BB6947
S31508046F300C2B02D17B69022B02D0BB69042B1FD10F
S31508046F404F4B1B6803F48063002B05D07B68DB6812
S31508046F50002B01D101235DE2494B5B6823F0FE4215
S31508046F607B681B691B06464913434B60454B1B68E4
S31508046F701846FCF765FA0346002B43D0012349E279
S31508046F807B68DB68002B23D03D4B1B683C4A43F4E3
S31508046F9080731360FCF7A0FA386108E0FCF79CFAE2
S31508046FA002463B69D31A022B01D9032332E2344B36
S31508046FB01B6803F48063002BF0D0314B5B6823F025
S31508046FC0FE427B681B691B062D4913434B601AE076
S31508046FD02B4B1B682A4A23F480731360FCF77CFA4C
S31508046FE0386108E0FCF778FA02463B69D31A022BA3
S31508046FF001D903230EE2224B1B6803F48063002B9A
S31508047000F0D100E000BF7B681B6803F00803002B7F
S3150804701041D07B685B69002B1CD0194BD3F894309C
S31508047020174A43F00103C2F89430FCF755FA38615D
S3150804703008E0FCF751FA02463B69D31A022B01D938
S315080470400323E7E10E4BD3F8943003F00203002B35
S31508047050EFD020E00A4BD3F89430094A23F0010311
S31508047060C2F89430FCF738FA38610DE0FCF734FAC4
S3150804707002463B69D31A022B06D90323CAE100BF89
S3150804708000100240080000208C4BD3F8943003F01B
S315080470900203002BEAD17B681B6803F00403002B68
S315080470A000F0A6800023FB77844B9B6D03F0805386
S315080470B0002B01D1012300E00023002B0DD07F4BC8
S315080470C09B6D7E4A43F0805393657C4B9B6D03F01E
S315080470D08053FB60FB680123FB77794B1B6803F439
S315080470E08073002B18D1764B1B68754A43F480735A
S315080470F01360FCF7F1F9386108E0FCF7EDF902468C
S315080471003B69D31A022B01D9032383E16C4B1B6811
S3150804711003F48073002BF0D07B689B68012B08D19D
S31508047120664BD3F89030654A43F00103C2F89030B1
S3150804713024E07B689B68052B10D1604BD3F890300C
S315080471405E4A43F00403C2F890305C4BD3F890309F
S315080471505A4A43F00103C2F890300FE0574BD3F86C
S315080471609030564A23F00103C2F89030534BD3F8B3
S315080471709030524A23F00403C2F890307B689B6827
S31508047180002B16D0FCF7A8F938610AE0FCF7A4F935
S3150804719002463B69D31A41F28832934201D9032342
S315080471A038E1464BD3F8903003F00203002BEDD0B8
S315080471B015E0FCF791F938610AE0FCF78DF9024607
S315080471C03B69D31A41F28832934201D9032321E158
S315080471D03A4BD3F8903003F00203002BEDD1FB7F32
S315080471E0012B05D1354B9B6D344A23F080539365A7
S315080471F07B681B6803F02003002B3CD07B689B69E3
S31508047200002B1CD02D4BD3F898302C4A43F001039D
S31508047210C2F89830FCF760F9386108E0FCF75CF9C5
S3150804722002463B69D31A022B01D90323F2E0234B06
S31508047230D3F8983003F00203002BEFD01BE01F4B62
S31508047240D3F898301D4A23F00103C2F89830FCF7A6
S3150804725043F9386108E0FCF73FF902463B69D31A5B
S31508047260022B01D90323D5E0144BD3F8983003F045
S315080472700203002BEFD17B68DB69002B00F0C98081
S315080472800E4B9B6803F00C030C2B00F083807B6881
S31508047290DB69022B5ED1094B1B68084A23F080730D
S315080472A01360FCF719F938610CE0FCF715F9024686
S315080472B03B69D31A022B05D90323ABE0001002401D
S315080472C000700040554B1B6803F00073002BECD18B
S315080472D0524BDA68524B13407A68116A7A68526AD2
S315080472E0013A120111437A68926A120211437A68C2
S315080472F0126B5208013A520511437A68526B5208C6
S31508047300013A520611437A68D26AD2060A434349B5
S315080473101343CB60414B1B68404A43F080731360A8
S315080473203E4BDB683D4A43F08073D360FCF7D4F8E0
S31508047330386108E0FCF7D0F802463B69D31A022BF9
S3150804734001D9032366E0354B1B6803F00073002B51
S31508047350F0D05EE0314B1B68304A23F0807313602B
S31508047360FCF7BAF8386108E0FCF7B6F802463B6958
S31508047370D31A022B01D903234CE0284B1B6803F0CC
S315080473800073002BF0D1254BDA682449254B1340AA
S31508047390CB603EE07B68DB69012B01D1012339E030
S315080473A01E4BDB687B617B6903F003027B681B6AFF
S315080473B09A422CD17B6903F0F0027B685B6A013B35
S315080473C01B019A4223D17B6903F4FE427B689B6ABC
S315080473D01B029A421BD17B6903F078427B68DB6AFD
S315080473E0DB069A4213D17B6903F4C0027B681B6BE4
S315080473F05B08013B5B059A4209D17B6903F0C062CD
S315080474007B685B6B5B08013B5B069A4201D00123F0
S3150804741000E0002318462037BD4680BD0010024010
S315080474200C809F01FCFFEEFE80B586B000AF786045
S31508047430396000237B617B68002B01D101231EE19F
S31508047440914B1B6803F00F033A689A4210D98E4B86
S315080474501B6823F00F028C493B6813430B608A4B65
S315080474601B6803F00F033A689A4201D0012306E128
S315080474707B681B6803F00103002B73D07B685B6889
S31508047480032B29D1814B1B6803F00073002B01D110
S315080474900123F4E000F09EF938613B697C4A934283
S315080474A03FD97A4B9B6803F0F003002B09D07B681D
S315080474B01B6803F00203002B33D07B689B68002B00
S315080474C02FD1724B9B6823F0F003704A43F0800374
S315080474D0936080237B6124E07B685B68022B07D179
S315080474E06A4B1B6803F40033002B09D10123C6E059
S315080474F0664B1B6803F48063002B01D10123BEE0AD
S3150804750000F0CEF838613B69614A934209D95F4B6A
S315080475109B6823F0F0035D4A43F08003936080235D
S315080475207B615A4B9B6823F003027B685B68574967
S3150804753013438B60FBF7D0FFF8600AE0FBF7CCFF38
S315080475400246FB68D31A41F28832934201D90323CF
S3150804755095E04E4B9B6803F00C027B685B689B00C6
S315080475609A42EBD17B681B6803F00203002B23D0F5
S315080475707B681B6803F00403002B05D0434B9B6808
S31508047580424A43F4E06393607B681B6803F008038C
S31508047590002B07D03D4B9B6823F47C533B4A43F4AA
S315080475A0E0639360394B9B6823F0F0027B689B6821
S315080475B0364913438B6008E07B69802B05D1334B2E
S315080475C09B68324A23F0F00393602F4B1B6803F041
S315080475D00F033A689A421DD22B4B1B6823F00F02FD
S315080475E029493B6813430B60FBF776FFF8600AE00A
S315080475F0FBF772FF0246FB68D31A41F288329342BC
S3150804760001D903233BE0204B1B6803F00F033A68B8
S315080476109A42EDD17B681B6803F00403002B08D05B
S315080476201A4B9B6823F4E0627B68DB6817491343AB
S315080476308B607B681B6803F00803002B09D0134B87
S315080476409B6823F460527B681B69DB000F4913436C
S315080476508B6000F025F802460C4B9B681B0903F067
S315080476600F030C49CB5C03F01F0322FA03F30A4AFF
S3150804767013600A4B1B681846FBF7E2FE03461846D6
S315080476801837BD4680BD00BF0020024000100240E6
S3150804769000B4C404F0F8060804000020080000201A
S315080476A080B487B000AF2C4B9B6803F00C03042B03
S315080476B002D12A4B3B6147E0274B9B6803F00C0336
S315080476C0082B02D1264B3B613EE0234B9B6803F013
S315080476D00C030C2B36D1204BDB6803F00303FB6049
S315080476E01D4BDB681B0903F00F030133BB60FB6802
S315080476F0032B0CD11A4ABB68B2FBF3F3164AD268B9
S31508047700120A02F07F0202FB03F37B610CE0134AC0
S31508047710BB68B2FBF3F3104AD268120A02F07F027E
S3150804772002FB03F37B6100BF0B4BDB685B0E03F0C4
S31508047730030301335B007B607A697B68B2FBF3F36E
S315080477403B6101E000233B613B6918461C37BD4693
S315080477505DF8047B704700BF001002400024F40063
S3150804776000127A0080B400AF034B1B681846BD4666
S315080477705DF8047B704700BF0400002080B500AFA5
S31508047780FFF7F0FF0246064B9B681B0A03F0070344
S315080477900449CB5C03F01F0322FA03F3184680BDA1
S315080477A00010024000F9060880B500AFFFF7DAFFBB
S315080477B00246064B9B68DB0A03F007030449CB5CC5
S315080477C003F01F0322FA03F3184680BD0010024093
S315080477D000F9060880B487B000AF1E4BDB6803F0D7
S315080477E003033B611B4BDB681B0903F00F030133DF
S315080477F0FB603B69032B0CD1174AFB68B2FBF3F316
S31508047800144AD268120A02F07F0202FB03F37B6170
S315080478100CE0124AFB68B2FBF3F30E4AD268120A6A
S3150804782002F07F0202FB03F37B6100BF094BDB68AE
S315080478305B0E03F0030301335B00BB607A69BB6824
S31508047840B2FBF3F37B607B6818461C37BD465DF8CC
S31508047850047B70470010024000127A000024F400EA
S3150804786080B586B000AF78600023FB740023BB7430
S315080478707B681B6803F40023002B00F09880002320
S315080478807B74434B9B6D03F08053002B0DD1404B07
S315080478909B6D3F4A43F0805393653D4B9B6D03F0C4
S315080478A08053BB60BB6801237B743A4B1B68394A17
S315080478B043F480731360FBF70FFEF86009E0FBF7E7
S315080478C00BFE0246FB68D31A022B02D90323FB7468
S315080478D005E0304B1B6803F48073002BEFD0FB7C68
S315080478E0002B59D12A4BD3F8903003F440737B61AB
S315080478F07B69002B1ED07B681B6D7A699A4219D066
S31508047900234BD3F8903023F440737B61204BD3F890
S3150804791090301F4A43F48033C2F890301C4BD3F896
S3150804792090301B4A23F48033C2F89030184A7B6996
S31508047930C2F890307B6903F00103002B16D0FBF7DD
S31508047940CBFDF8600BE0FBF7C7FD0246FB68D31ACC
S3150804795041F28832934202D90323FB7406E00C4BA6
S31508047960D3F8903003F00203002BECD0FB7C002BF9
S315080479700BD1074BD3F8903023F440727B681B6D08
S3150804798003491343C1F8903008E0FB7CBB7405E057
S315080479900010024000700040FB7CBB747B7C012B0A
S315080479A005D1A74B9B6DA64A23F0805393657B6844
S315080479B01B6803F00103002B0AD0A14BD3F88830C7
S315080479C023F003027B685B689D491343C1F888303A
S315080479D07B681B6803F00203002B0AD0984BD3F884
S315080479E0883023F00C027B689B6895491343C1F8D9
S315080479F088307B681B6803F00403002B0AD0904B7D
S31508047A00D3F8883023F030027B68DB688C4913434B
S31508047A10C1F888307B681B6803F00803002B0AD07A
S31508047A20874BD3F8883023F0C0027B681B698449E6
S31508047A301343C1F888307B681B6803F01003002BD6
S31508047A400AD07F4BD3F8883023F440727B685B698D
S31508047A507B491343C1F888307B681B6803F020030D
S31508047A60002B0AD0764BD3F8883023F440627B681F
S31508047A709B6973491343C1F888307B681B6803F014
S31508047A804003002B0AD06E4BD3F8883023F44052B7
S31508047A907B68DB696A491343C1F888307B681B68CD
S31508047AA003F08003002B0AD0654BD3F8883023F4FF
S31508047AB040427B681B6A62491343C1F888307B6875
S31508047AC01B6803F48073002B0AD05D4BD3F8883007
S31508047AD023F440327B685B6A59491343C1F88830FA
S31508047AE07B681B6803F40033002B0AD0544BD3F885
S31508047AF09C3023F003027B689B6A51491343C1F8FF
S31508047B009C307B681B6803F40073002B0AD04C4B2B
S31508047B10D3F8883023F440227B68DB6A4849134348
S31508047B20C1F888307B681B6803F48063002B15D082
S31508047B30434BD3F8883023F440127B681B6B4049C7
S31508047B401343C1F888307B681B6BB3F5801F05D1D6
S31508047B503B4BDB683A4A43F48013D3607B681B6863
S31508047B6003F40063002B15D0354BD3F8883023F47F
S31508047B7040027B685B6B32491343C1F888307B68E3
S31508047B805B6BB3F5800F05D12D4BDB682C4A43F4A8
S31508047B908013D3607B681B6803F48053002B15D0CD
S31508047BA0274BD3F8883023F040727B689B6B2449B3
S31508047BB01343C1F888307B689B6BB3F1807F05D18A
S31508047BC01F4BDB681E4A43F48013D3607B681B682B
S31508047BD003F40053002B15D0194BD3F8883023F03F
S31508047BE040627B68DB6B16491343C1F888307B68AF
S31508047BF0DB6BB3F1006F05D1114BDB68104A43F414
S31508047C008013D3607B681B6803F48043002B19D068
S31508047C100B4BD3F8883023F040627B681B6C084909
S31508047C201343C1F888307B681B6CB3F1006F09D124
S31508047C30034BDB68024A43F48013D36002E000BFB7
S31508047C40001002407B681B6803F40043002B15D020
S31508047C50294BD3F8883023F040527B685B6C26495D
S31508047C601343C1F888307B685B6CB3F1805F05D138
S31508047C70214BDB68204A43F48033D3607B681B6856
S31508047C8003F48033002B15D01B4BD3F8883023F02C
S31508047C9040427B689B6C18491343C1F888307B685B
S31508047CA09B6CB3F1804F05D1134BDB68124A43F43E
S31508047CB08033D3607B681B6803F48023002B15D0BC
S31508047CC00D4BD3F89C3023F440127B68DB6C0A49CD
S31508047CD01343C1F89C307B68DB6CB3F5001F05D1F0
S31508047CE0054BDB68044A43F48013D360BB7C18460F
S31508047CF01837BD4680BD00BF0010024080B485B069
S31508047D0000AF78601C4B9B6B1B4A43F480739363E8
S31508047D10194B9B6B184A23F4807393637B681A6820
S31508047D207B685B681A437B689B681343FB607B68C4
S31508047D30DB68FA681343FB607B681B691B04FA68F3
S31508047D401343FB600D4AFB6853600C4B1B6823F412
S31508047D50FE427B685B691B02084913430B60074BA9
S31508047D601B68064A43F06003136000BF1437BD4618
S31508047D705DF8047B704700BF0010024000200040F5
S31508047D8080B584B000AF78600123FB737B68002B51
S31508047D9070D07B6893F82530DBB2002B06D17B685C
S31508047DA0002283F824207868FAF7DAF97B68022235
S31508047DB083F825207B681B68DB6803F01003102B07
S31508047DC04FD07B681B68CA225A627B681B68532299
S31508047DD05A62786800F044FA0346FB73FB7B002B6F
S31508047DE026D17B681B689B697A68126823F08E63C0
S31508047DF023F0400393617B681B6899697B685A681A
S31508047E007B681B691A437B689B691A437B681B68F2
S31508047E100A439A617B68D9687B689B681A047B68FD
S31508047E201B680A431A61786800F050FA0346FB7324
S31508047E30FB7B002B10D17B681B689B6923F0604190
S31508047E407B681A6A7B68DB691A437B685B691A4331
S31508047E507B681B680A439A617B681B68FF225A621F
S31508047E6001E00023FB73FB7B002B03D17B68012213
S31508047E7083F82520FB7B18461037BD4680BD90B590
S31508047E8087B000AFF860B9607A60FB6893F824306D
S31508047E90012B01D102238BE0FB68012283F82420FD
S31508047EA0FB68022283F82520FB681B68CA225A62EB
S31508047EB0FB681B6853225A62F86800F0D1F9034636
S31508047EC0FB74FB7C002B63D17B68002B26D1FB68F3
S31508047ED01B689B6903F04003002B02D1BB68002290
S31508047EE0DA70BB681B78184600F033FA03461C049C
S31508047EF0BB685B78184600F02CFA03461B021C4341
S31508047F00BB689B78184600F024FA034644EA030241
S31508047F10BB68DB789B0513437B6118E0FB681B6829
S31508047F209B6903F04003002B02D1BB680022DA7078
S31508047F30BB681B781A04BB685B781B021343BA68D0
S31508047F4092781A43BB68DB789B0513437B61FB680D
S31508047F501A687B6903F07F3323F0FE431360FB68DA
S31508047F601B689A69FB681B6822F480229A61FB687D
S31508047F701B689969BB68DA68BB681B691A43FB689E
S31508047F801B680A439A61F86800F0A0F90346FB7473
S31508047F90FB681B68FF225A62FB7C002B03D1FB6833
S31508047FA0012283F82520FB68002283F82420FB7C21
S31508047FB018461C37BD4690BD80B586B000AFF8603C
S31508047FC0B9607A60FB681B689A68BB685A60FB6884
S31508047FD01B681B69C3F30E02BB689A60FB681B68BF
S31508047FE01B6803F07F3323F0FE437B617B691B0C1C
S31508047FF0DBB203F03F03DAB2BB681A707B691B0A6B
S31508048000DBB203F07F03DAB2BB685A707B69DBB272
S3150804801003F07F03DAB2BB689A707B699B0DDBB207
S3150804802003F00103DAB2BB68DA707B68002B1AD155
S31508048030BB681B78184600F0ACF903461A46BB68B9
S315080480401A70BB685B78184600F0A3F903461A460B
S31508048050BB685A70BB689B78184600F09AF90346C1
S315080480601A46BB689A70002318461837BD4680BD61
S3150804807090B587B000AFF860B9607A60FB6893F88A
S315080480802430012B01D1022375E0FB68012283F811
S315080480902420FB68022283F825207B68002B0ED156
S315080480A0BB685B7803F01003002B08D0BB685B78C9
S315080480B023F01003DBB20A33DAB2BB685A707B6862
S315080480C0002B1CD1BB68DB78184600F042F903463E
S315080480D01C04BB685B78184600F03BF903461B0290
S315080480E01C43BB689B78184600F033F9034644EAF8
S315080480F00302BB681B785B0313437B610EE0BB6812
S31508048100DB781A04BB685B781B021343BA68927857
S315080481101A43BB681B785B0313437B61FB681B68C4
S31508048120CA225A62FB681B6853225A62F86800F02E
S3150804813097F80346FB74FB7C002B0CD1FB681A6882
S315080481407B6923F07F4323F0C0035360F86800F08B
S31508048150BDF80346FB74FB681B68FF225A62FB7C66
S31508048160002B03D1FB68012283F82520FB68002233
S3150804817083F82420FB7C18461C37BD4690BD80B581
S3150804818086B000AFF860B9607A60FB681B685B6804
S3150804819023F07F4323F0C0037B617B691B0CDAB2AF
S315080481A0BB68DA707B691B0ADBB203F01F03DAB219
S315080481B0BB685A707B69DBB203F03F03DAB2BB686B
S315080481C09A707B695B0BDBB203F00703DAB2BB6810
S315080481D01A707B68002B1AD1BB68DB78184600F046
S315080481E0D8F803461A46BB68DA70BB685B78184643
S315080481F000F0CFF803461A46BB685A70BB689B78EA
S31508048200184600F0C6F803461A46BB689A70002357
S3150804821018461837BD4680BD80B584B000AF78606F
S315080482207B681B680D4ADA60FBF756F9F86009E0C3
S31508048230FBF752F90246FB68D31AB3F57A7F01D9DC
S31508048240032307E07B681B68DB6803F02003002B25
S31508048250EED0002318461037BD4680BD5F000100E6
S3150804826080B584B000AF78600023FB737B681B6815
S31508048270DB6803F04003002B23D17B681B68DA68AC
S315080482807B681B6842F08002DA60FBF725F9B86060
S315080482900DE0FBF721F90246BB68D31AB3F57A7FDA
S315080482A005D90323FB737B68032283F825207B689F
S315080482B01B68DB6803F04003002B02D1FB7B032B0E
S315080482C0E7D1FB7B18461037BD4680BD80B584B020
S315080482D000AF78600023FB737B681B68DA687B68E9
S315080482E01B6822F08002DA607B681B689B6903F0CE
S315080482F02003002B0CD17868FFF78EFF0346002B6A
S3150804830022D07B68032283F825200323FB731BE012
S315080483107B681B689A697B681B6822F020029A614D
S315080483207868FFF779FF0346002B05D07B6803229C
S3150804833083F825200323FB737B681B689A697B688B
S315080483401B6842F020029A61FB7B18461037BD462B
S3150804835080BD80B485B000AF0346FB710023FB6083
S31508048360FB79FB7205E0FB680133FB60FB7A0A3B89
S31508048370FB72FB7A092BF6D8FB68DBB21B01DAB26F
S31508048380FB7A1343DBB218461437BD465DF8047B03
S31508048390704780B485B000AF0346FB71FB791B09AF
S315080483A0DBB21A4613469B0013445B00FB60FB686A
S315080483B0DAB2FB7903F00F03DBB21344DBB21846D7
S315080483C01437BD465DF8047B7047000080B487B057
S315080483D000AFF860B9607A60074B7B61BB689B00A5
S315080483E07A6913447B617B697A681A6000BF1C3713
S315080483F0BD465DF8047B70470025004080B485B00F
S3150804840000AF78603960074BFB603B689B00FA68ED
S315080484101344FB60FB681B6818461437BD465DF8B1
S31508048420047B70470025004080B584B000AF7860AF
S315080484307B68002B01D101239DE07B685B6A002BD6
S3150804844008D17B685B68B3F5827F09D07B68002214
S31508048450DA6105E07B6800221A617B6800225A61AA
S315080484607B6800229A627B6893F85D30DBB2002B46
S3150804847006D17B68002283F85C207868F9F728FF20
S315080484807B68022283F85D207B681B681A687B6810
S315080484901B6822F040021A607B68DB68B3F5E06F5C
S315080484A002D90023FB6002E04FF48053FB607B682B
S315080484B0DB68B3F5706F07D07B68DB68B3F5E06FEC
S315080484C002D07B6800229A627B685B6803F4827236
S315080484D07B689B6803F404431A437B681B6903F0AF
S315080484E002031A437B685B6903F001031A437B683A
S315080484F09B6903F400731A437B68DB6903F038034A
S315080485001A437B681B6A03F0800342EA03017B680B
S315080485109B6A03F400527B681B680A431A607B68EB
S315080485209B691B0C03F004027B685B6A03F0100367
S315080485301A437B685B6B03F008031A437B68DB68A2
S3150804854003F4706342EA0301FB6803F480527B6810
S315080485501B680A435A607B681B68DA697B681B6870
S3150804856022F40062DA617B6800221A667B680122BB
S3150804857083F85D20002318461037BD4680BD80B5B4
S3150804858088B000AFF860B9603B601346FB80FAF721
S31508048590A3FFF861FB887B83FB6893F85D30DBB245
S315080485A0012B01D002235CE1BB68002B02D0FB88B7
S315080485B0002B01D1012354E1FB6893F85C30012BAD
S315080485C001D102234DE1FB68012283F85C20FB6894
S315080485D0032283F85D20FB6800221A66FB68BA68E2
S315080485E09A63FB68FA889A87FB68FA88DA87FB68CD
S315080485F000221A64FB680022A3F84420FB680022C0
S31508048600A3F84620FB6800221A65FB680022DA6490
S31508048610FB689B68B3F5004F0FD1FB681B681A68A3
S31508048620FB681B6822F040021A60FB681B681A681C
S31508048630FB681B6842F480421A60FB681B681B6867
S3150804864003F04003402B07D0FB681B681A68FB68D5
S315080486501B6842F040021A60FB68DB68B3F5E06FFA
S3150804866052D9FB685B68002B02D07B8B012B45D162
S31508048670FB689B6B1A88FB681B68DA60FB689B6B54
S315080486809A1CFB689A63FB68DB8F9BB2013B9AB220
S31508048690FB68DA8732E0FB681B689B6803F0020311
S315080486A0022B12D1FB689B6B1A88FB681B68DA607D
S315080486B0FB689B6B9A1CFB689A63FB68DB8F9BB20F
S315080486C0013B9AB2FB68DA8718E0FAF705FF024617
S315080486D0FB69D31A3A689A4203D83B68B3F1FF3F59
S315080486E002D13B68002B09D1FB68012283F85D207F
S315080486F0FB68002283F85C200323B2E0FB68DB8F67
S315080487009BB2002BC7D183E0FB685B68002B02D0C1
S315080487107B8B012B77D1FB68DB8F9BB2012B12D99C
S31508048720FB689B6B1A88FB681B68DA60FB689B6BA3
S315080487309A1CFB689A63FB68DB8F9BB2023B9AB26E
S31508048740FB68DA875FE0FB689A6BFB681B680C3387
S3150804875012781A70FB689B6B5A1CFB689A63FB6851
S31508048760DB8F9BB2013B9AB2FB68DA874BE0FB6866
S315080487701B689B6803F00203022B2BD1FB68DB8F73
S315080487809BB2012B12D9FB689B6B1A88FB681B6882
S31508048790DA60FB689B6B9A1CFB689A63FB68DB8F41
S315080487A09BB2023B9AB2FB68DA872CE0FB689A6BA9
S315080487B0FB681B680C3312781A70FB689B6B5A1C8F
S315080487C0FB689A63FB68DB8F9BB2013B9AB2FB6832
S315080487D0DA8718E0FAF780FE0246FB69D31A3A6884
S315080487E09A4203D83B68B3F1FF3F02D13B68002B9A
S315080487F009D1FB68012283F85D20FB68002283F80F
S315080488005C2003232DE0FB68DB8F9BB2002BAED1E3
S31508048810FA693968F86800F065FB0346002B02D04C
S31508048820FB6820221A66FB689B68002B0AD1002382
S315080488307B61FB681B68DB687B61FB681B689B685C
S315080488407B617B69FB68012283F85D20FB68002253
S3150804885083F85C20FB681B6E002B01D0012300E023
S31508048860002318462037BD4680BD80B58AB000AFC0
S31508048870F860B9607A607B8001237B62FAF72CFE84
S315080488803862FB6893F85D30FB77FB685B68BB610D
S315080488907B88FB827B88BB82FB7F012B0CD0BB6960
S315080488A0B3F5827F06D1FB689B68002B02D1FB7F58
S315080488B0042B01D00223F3E1BB68002B05D07B68A7
S315080488C0002B02D07B88002B01D10123E8E1FB6849
S315080488D093F85C30012B01D10223E1E1FB68012204
S315080488E083F85C20FB6893F85D30DBB2042B03D075
S315080488F0FB68052283F85D20FB6800221A66FB687C
S315080489007A681A64FB687A88A3F84620FB687A882A
S31508048910A3F84420FB68BA689A63FB687A88DA87FE
S31508048920FB687A889A87FB680022DA64FB68002267
S315080489301A65FB68DB68B3F5E06F02D8BB8A012BBE
S3150804894008D9FB681B685A68FB681B6822F48052BE
S315080489505A6007E0FB681B685A68FB681B6842F4A0
S3150804896080525A60FB681B681B6803F04003402B5F
S3150804897007D0FB681B681A68FB681B6842F040024C
S315080489801A60FB68DB68B3F5E06F40F28380FB6826
S315080489905B68002B02D0FB8A012B6FD1FB689B6BAB
S315080489A01A88FB681B68DA60FB689B6B9A1CFB6871
S315080489B09A63FB68DB8F9BB2013B9AB2FB68DA8742
S315080489C05CE0FB681B689B6803F00203022B1BD15F
S315080489D0FB68DB8F9BB2002B16D07B6A012B13D165
S315080489E0FB689B6B1A88FB681B68DA60FB689B6BE1
S315080489F09A1CFB689A63FB68DB8F9BB2013B9AB2AD
S31508048A00FB68DA8700237B62FB681B689B6803F0B4
S31508048A100103012B1CD1FB68B3F846309BB2002B2B
S31508048A2016D0FB681B68DA68FB681B6C92B21A805E
S31508048A30FB681B6C9A1CFB681A64FB68B3F846301F
S31508048A409BB2013B9AB2FB68A3F8462001237B62DA
S31508048A50FAF742FD02463B6AD31A3A6B9A420DD894
S31508048A603B6BB3F1FF3F09D0FB68012283F85D2015
S31508048A70FB68002283F85C20032311E1FB68DB8F83
S31508048A809BB2002B9DD1FB68B3F846309BB2002BF2
S31508048A9097D1E5E0FB685B68002B03D0FB8A012BC2
S31508048AA040F0D180FB68DB8F9BB2012B12D9FB689F
S31508048AB09B6B1A88FB681B68DA60FB689B6B9A1CBD
S31508048AC0FB689A63FB68DB8F9BB2023B9AB2FB682E
S31508048AD0DA87B8E0FB689A6BFB681B680C33127874
S31508048AE01A70FB689B6B5A1CFB689A63FB68DB8FDE
S31508048AF09BB2013B9AB2FB68DA87A4E0FB681B6861
S31508048B009B6803F00203022B34D1FB68DB8F9BB20C
S31508048B10002B2FD07B6A012B2CD1FB68DB8F9BB2F1
S31508048B20012B12D9FB689B6B1A88FB681B68DA60F1
S31508048B30FB689B6B9A1CFB689A63FB68DB8F9BB28A
S31508048B40023B9AB2FB68DA8712E0FB689A6BFB6809
S31508048B501B680C3312781A70FB689B6B5A1CFB68EB
S31508048B609A63FB68DB8F9BB2013B9AB2FB68DA8790
S31508048B7000237B62FB681B689B6803F00103012BD7
S31508048B8048D1FB68B3F846309BB2002B42D0FB6849
S31508048B90B3F846309BB2012B23D9FB681B68DA6805
S31508048BA0FB681B6C92B21A80FB681B6C9A1CFB68E8
S31508048BB01A64FB68B3F846309BB2023B9AB2FB6868
S31508048BC0A3F84620FB68B3F846309BB2012B1FD89E
S31508048BD0FB681B685A68FB681B6842F480525A6033
S31508048BE016E0FB681B6803F10C02FB681B6C127821
S31508048BF0D2B21A70FB681B6C5A1CFB681A64FB68B1
S31508048C00B3F846309BB2013B9AB2FB68A3F84620F8
S31508048C1001237B62FAF760FC02463B6AD31A3A6B75
S31508048C209A4203D83B6BB3F1FF3F02D13B6B002B4F
S31508048C3009D1FB68012283F85D20FB68002283F8CA
S31508048C405C2003232CE0FB68DB8F9BB2002B7FF4AC
S31508048C5055AFFB68B3F846309BB2002B7FF44EAF92
S31508048C603A6A396BF86800F03DF90346002B08D0D8
S31508048C70FB6820221A66FB68002283F85C2001231D
S31508048C800EE0FB68012283F85D20FB68002283F866
S31508048C905C20FB681B6E002B01D0012300E0002337
S31508048CA018462837BD4680BD80B588B000AFF86041
S31508048CB0B9603B601346FB71FAF70EFC0246BB6AC1
S31508048CC09B1A3A681344FB61FAF706FCB861394BF8
S31508048CD01B685B011B0DFA6902FB03F37B6154E015
S31508048CE03B68B3F1FF3F50D0FAF7F6FB0246BB697F
S31508048CF0D31AFA699A4202D9FB69002B3DD1FB685B
S31508048D001B685A68FB681B6822F0E0025A60FB6815
S31508048D105B68B3F5827F11D1FB689B68B3F5004F96
S31508048D2004D0FB689B68B3F5806F07D1FB681B68A2
S31508048D301A68FB681B6822F040021A60FB689B6A83
S31508048D40B3F5005F0FD1FB681B681A68FB681B68DC
S31508048D5022F400521A60FB681B681A68FB681B68D1
S31508048D6042F400521A60FB68012283F85D20FB680E
S31508048D70002283F85C20032317E07B69002B01D1CA
S31508048D800023FB617B69013B7B61FB681B689A686E
S31508048D90BB681340BA689A420CBF01230023DBB2AE
S31508048DA01A46FB799A429BD1002318462037BD46BA
S31508048DB080BD00BF0400002080B58AB000AFF8600B
S31508048DC0B9607A603B600023FB75FAF785FB0246B7
S31508048DD03B6B9B1A3A6813447B62FAF77DFB38624D
S31508048DE0FB681B680C33FB613D4B1A6813469B00F2
S31508048DF01344DA00D31A1B0D7A6A02FB03F3BB6128
S31508048E0060E0BB68B3F5C06F07D17B68002B04D15B
S31508048E10FB691B78DBB2FB75FB7D3B68B3F1FF3F4F
S31508048E2050D0FAF759FB02463B6AD31A7A6A9A4231
S31508048E3002D97B6A002B3DD1FB681B685A68FB681C
S31508048E401B6822F0E0025A60FB685B68B3F5827F10
S31508048E5011D1FB689B68B3F5004F04D0FB689B6887
S31508048E60B3F5806F07D1FB681B681A68FB681B6833
S31508048E7022F040021A60FB689B6AB3F5005F0FD1C3
S31508048E80FB681B681A68FB681B6822F400521A60A0
S31508048E90FB681B681A68FB681B6842F400521A6070
S31508048EA0FB68012283F85D20FB68002283F85C20B6
S31508048EB0032310E0BB69002B01D100237B62BB6945
S31508048EC0013BBB61FB681B689A68BB6813407A68F8
S31508048ED09A4296D1002318462837BD4680BD00BF5E
S31508048EE00400002080B586B002AFF860B9607A60E5
S31508048EF07B680093BB6800224FF4C051F868FFF7FB
S31508048F005BFF0346002B07D0FB681B6E43F0200269
S31508048F10FB681A66032327E07B680093BB68002274
S31508048F208021F868FFF7C0FE0346002B07D0FB68CC
S31508048F301B6E43F02002FB681A66032314E07B6861
S31508048F400093BB6800224FF4C061F868FFF734FF4A
S31508048F500346002B07D0FB681B6E43F02002FB6810
S31508048F601A66032300E0002318461037BD4680BD61
S31508048F7080B582B000AF78607B68002B01D10123ED
S31508048F8049E07B6893F83D30DBB2002B06D17B6859
S31508048F90002283F83C207868F9F71EFE7B680222D3
S31508048FA083F83D207B681A687B68043319461046A3
S31508048FB001F038FA7B68012283F848207B6801228D
S31508048FC083F83E207B68012283F83F207B680122D0
S31508048FD083F840207B68012283F841207B680122BC
S31508048FE083F842207B68012283F843207B680122A8
S31508048FF083F844207B68012283F845207B68012294
S3150804900083F846207B68012283F847207B6801227F
S3150804901083F83D20002318460837BD4680BD80B531
S3150804902082B000AF78607B68002B01D1012349E048
S315080490307B6893F83D30DBB2002B06D17B680022AF
S3150804904083F83C20786800F041F87B68022283F8AC
S315080490503D207B681A687B6804331946104601F07C
S31508049060E1F97B68012283F848207B68012283F8AA
S315080490703E207B68012283F83F207B68012283F81F
S3150804908040207B68012283F841207B68012283F80B
S3150804909042207B68012283F843207B68012283F8F7
S315080490A044207B68012283F845207B68012283F8E3
S315080490B046207B68012283F847207B68012283F8CF
S315080490C03D20002318460837BD4680BD80B483B0CA
S315080490D000AF786000BF0C37BD465DF8047B704767
S315080490E080B584B000AF786039603B68002B09D13D
S315080490F07B6893F83E30DBB2012B14BF01230023AF
S31508049100DBB23CE03B68042B09D17B6893F83F301B
S31508049110DBB2012B14BF01230023DBB22FE03B682B
S31508049120082B09D17B6893F84030DBB2012B14BFB6
S3150804913001230023DBB222E03B680C2B09D17B68B0
S3150804914093F84130DBB2012B14BF01230023DBB2B1
S3150804915015E03B68102B09D17B6893F84230DBB2E3
S31508049160012B14BF01230023DBB208E07B6893F8C4
S315080491704330DBB2012B14BF01230023DBB2002BDF
S3150804918001D00123A6E03B68002B04D17B680222A8
S3150804919083F83E2023E03B68042B04D17B68022233
S315080491A083F83F201BE03B68082B04D17B68022226
S315080491B083F8402013E03B680C2B04D17B68022219
S315080491C083F841200BE03B68102B04D17B6802220C
S315080491D083F8422003E07B68022283F843207B68F5
S315080491E01B6801223968184601F096FD7B681B68DE
S315080491F03A4A934218D07B681B68394A934213D07B
S315080492007B681B68374A93420ED07B681B68364ACC
S31508049210934209D07B681B68344A934204D07B681E
S315080492201B68334A934201D1012300E00023002B33
S3150804923007D07B681B685A6C7B681B6842F400423B
S315080492405A647B681B68254A934222D07B681B684C
S31508049250B3F1804F1DD07B681B68264A934218D009
S315080492607B681B68244A934213D07B681B68234A8D
S3150804927093420ED07B681B68194A934209D07B68CF
S315080492801B68184A934204D07B681B68184A9342A1
S3150804929015D17B681B689A68194B1340FB60FB68F9
S315080492A0062B15D0FB68B3F5803F11D07B681B6885
S315080492B01A687B681B6842F001021A6008E07B683A
S315080492C01B681A687B681B6842F001021A6000E092
S315080492D000BF002318461037BD4680BD002C014048
S315080492E00034014000400140004401400048014068
S315080492F0005001400004004000080040000C0040F3
S315080493000700010080B582B000AF786039607B68D9
S315080493101B6800223968184601F0FEFC7B681B6846
S31508049320404A934218D07B681B683F4A934213D03D
S315080493307B681B683D4A93420ED07B681B683C4A8F
S31508049340934209D07B681B683A4A934204D07B68E7
S315080493501B68394A934201D1012300E00023002BFC
S3150804936017D07B681B681A6A41F211131340002B45
S315080493700FD17B681B681A6A44F244431340002BD6
S3150804938007D17B681B685A6C7B681B6822F4004209
S315080493905A647B681B681A6A41F211131340002B3E
S315080493A00FD17B681B681A6A44F244431340002BA6
S315080493B007D17B681B681A687B681B6822F0010260
S315080493C01A603B68002B04D17B68012283F83E208F
S315080493D023E03B68042B04D17B68012283F83F20F1
S315080493E01BE03B68082B04D17B68012283F84020E4
S315080493F013E03B680C2B04D17B68012283F84120D7
S315080494000BE03B68102B04D17B68012283F84220C9
S3150804941003E07B68012283F84320002318460837B3
S31508049420BD4680BD002C0140003401400040014087
S3150804943000440140004801400050014080B586B010
S3150804944000AFF860B9607A607B800023FB75BB685F
S31508049450002B09D1FB6893F83E30DBB2022B0CBF14
S3150804946001230023DBB23CE0BB68042B09D1FB686B
S3150804947093F83F30DBB2022B0CBF01230023DBB287
S315080494802FE0BB68082B09D1FB6893F84030DBB2A0
S31508049490022B0CBF01230023DBB222E0BB680C2B92
S315080494A009D1FB6893F84130DBB2022B0CBF0123C8
S315080494B00023DBB215E0BB68102B09D1FB6893F8CF
S315080494C04230DBB2022B0CBF01230023DBB208E0D7
S315080494D0FB6893F84330DBB2022B0CBF012300234D
S315080494E0DBB2002B01D00223B5E1BB68002B09D1FE
S315080494F0FB6893F83E30DBB2012B0CBF0123002333
S31508049500DBB23CE0BB68042B09D1FB6893F83F3017
S31508049510DBB2012B0CBF01230023DBB22FE0BB68AF
S31508049520082B09D1FB6893F84030DBB2012B0CBF3A
S3150804953001230023DBB222E0BB680C2B09D1FB68AC
S3150804954093F84130DBB2012B0CBF01230023DBB2B5
S3150804955015E0BB68102B09D1FB6893F84230DBB2DF
S31508049560012B0CBF01230023DBB208E0FB6893F848
S315080495704330DBB2012B0CBF01230023DBB2002BE3
S3150804958034D07B68002B02D07B88002B01D10123C1
S3150804959061E1BB68002B04D1FB68022283F83E20F4
S315080495A026E0BB68042B04D1FB68022283F83F201B
S315080495B01EE0BB68082B04D1FB68022283F840200E
S315080495C016E0BB680C2B04D1FB68022283F8412001
S315080495D00EE0BB68102B04D1FB68022283F84220F4
S315080495E006E0FB68022283F8432001E0012332E106
S315080495F0BB680C2B00F2AE8001A252F823F000BF20
S315080496003596040855970408559704085597040889
S315080496107D96040855970408559704085597040831
S31508049620C5960408559704085597040855970408D9
S315080496300D970408FB685B6A894ADA62FB685B6A09
S31508049640884A1A63FB685B6A874A5A63FB68586ADE
S315080496507968FB681B6834331A467B88FCF756F826
S315080496600346002B01D00123F5E0FB681B68DA6882
S31508049670FB681B6842F40072DA606EE0FB689B6A5A
S31508049680774ADA62FB689B6A764A1A63FB689B6ABE
S31508049690754A5A63FB68986A7968FB681B683833A5
S315080496A01A467B88FCF732F80346002B01D00123BF
S315080496B0D1E0FB681B68DA68FB681B6842F48062C1
S315080496C0DA604AE0FB68DB6A654ADA62FB68DB6AE9
S315080496D0644A1A63FB68DB6A634A5A63FB68D86A96
S315080496E07968FB681B683C331A467B88FCF70EF8D6
S315080496F00346002B01D00123ADE0FB681B68DA683A
S31508049700FB681B6842F40062DA6026E0FB681B6BA0
S31508049710534ADA62FB681B6B524A1A63FB681B6B73
S31508049720514A5A63FB68186B7968FB681B684033AF
S315080497301A467B88FBF7EAFF0346002B01D0012370
S3150804974089E0FB681B68DA68FB681B6842F4805288
S31508049750DA6002E00123FB7500BFFB7D002B79D19B
S31508049760FB681B680122B968184601F0D5FAFB683C
S315080497701B683E4A934218D0FB681B683C4A9342CE
S3150804978013D0FB681B683B4A93420ED0FB681B68E0
S31508049790394A934209D0FB681B68384A934204D075
S315080497A0FB681B68364A934201D1012300E0002373
S315080497B0002B07D0FB681B685A6CFB681B6842F4CD
S315080497C000425A64FB681B68284A934222D0FB6805
S315080497D01B68B3F1804F1DD0FB681B68294A934266
S315080497E018D0FB681B68284A934213D0FB681B6889
S315080497F0264A93420ED0FB681B681D4A934209D039
S31508049800FB681B681B4A934204D0FB681B681C4A06
S31508049810934215D1FB681B689A681D4B13403B613C
S315080498203B69062B15D03B69B3F5803F11D0FB681D
S315080498301B681A68FB681B6842F001021A6008E094
S31508049840FB681B681A68FB681B6842F001021A6009
S3150804985000E000BFFB7D18461837BD4680BD00BF33
S3150804986015A30408BDA3040883A20408002C014018
S3150804987000340140004001400044014000480140D2
S31508049880005001400004004000080040000C00405D
S315080498900700010080B584B000AF78603960002302
S315080498A0FB733B680C2B55D801A252F823F000BF72
S315080498B0E59804085599040855990408559904081F
S315080498C001990408559904085599040855990408F2
S315080498D01D990408559904085599040855990408C6
S315080498E0399904087B681B68DA687B681B6822F464
S315080498F00072DA607B685B6A1846FBF7DBFF2CE0CC
S315080499007B681B68DA687B681B6822F48062DA6005
S315080499107B689B6A1846FBF7CDFF1EE07B681B68CD
S31508049920DA687B681B6822F40062DA607B68DB6AA3
S315080499301846FBF7BFFF10E07B681B68DA687B688C
S315080499401B6822F48052DA607B681B6B1846FBF7A7
S31508049950B1FF02E00123FB7300BFFB7B002B40F041
S3150804996086807B681B6800223968184601F0D4F99A
S315080499707B681B68404A934218D07B681B683F4A39
S31508049980934213D07B681B683D4A93420ED07B688A
S315080499901B683C4A934209D07B681B683A4A93423F
S315080499A004D07B681B68394A934201D1012300E03D
S315080499B00023002B17D07B681B681A6A41F211131F
S315080499C01340002B0FD17B681B681A6A44F2444380
S315080499D01340002B07D17B681B685A6C7B681B688D
S315080499E022F400425A647B681B681A6A41F211130E
S315080499F01340002B0FD17B681B681A6A44F2444350
S31508049A001340002B07D17B681B681A687B681B68A0
S31508049A1022F001021A603B68002B04D17B680122FC
S31508049A2083F83E2023E03B68042B04D17B6801229B
S31508049A3083F83F201BE03B68082B04D17B6801228E
S31508049A4083F8402013E03B680C2B04D17B68012281
S31508049A5083F841200BE03B68102B04D17B68012274
S31508049A6083F8422003E07B68012283F84320FB7BCA
S31508049A7018461037BD4680BD002C0140003401400D
S31508049A8000400140004401400048014000500140A4
S31508049A9080B584B000AF78607B681B68DB68FB60C0
S31508049AA07B681B681B69BB60BB6803F00203002B59
S31508049AB020D0FB6803F00203002B1BD07B681B68CD
S31508049AC06FF002021A617B6801221A777B681B68A9
S31508049AD09B6903F00303002B03D0786800F066FB48
S31508049AE005E0786800F058FB786800F069FB7B6845
S31508049AF000221A77BB6803F00403002B20D0FB6806
S31508049B0003F00403002B1BD07B681B686FF0040268
S31508049B101A617B6802221A777B681B689B6903F4BF
S31508049B204073002B03D0786800F040FB05E07868A2
S31508049B3000F032FB786800F043FB7B6800221A7752
S31508049B40BB6803F00803002B20D0FB6803F0080366
S31508049B50002B1BD07B681B686FF008021A617B68B0
S31508049B6004221A777B681B68DB6903F00303002B5E
S31508049B7003D0786800F01AFB05E0786800F00CFB5F
S31508049B80786800F01DFB7B6800221A77BB6803F02F
S31508049B901003002B20D0FB6803F01003002B1BD006
S31508049BA07B681B686FF010021A617B6808221A77B3
S31508049BB07B681B68DB6903F44073002B03D0786861
S31508049BC000F0F4FA05E0786800F0E6FA786800F040
S31508049BD0F7FA7B6800221A77BB6803F00103002BA7
S31508049BE00CD0FB6803F00103002B07D07B681B68C5
S31508049BF06FF001021A61786800F0C4FABB6803F0D2
S31508049C008003002B04D1BB6803F40053002B0CD04B
S31508049C10FB6803F08003002B07D07B681B686FF48E
S31508049C2002521A61786801F004FBBB6803F4807376
S31508049C30002B0CD0FB6803F08003002B07D07B684D
S31508049C401B686FF480721A61786801F0FCFABB68C5
S31508049C5003F04003002B0CD0FB6803F04003002BF1
S31508049C6007D07B681B686FF040021A61786800F0B9
S31508049C70BBFABB6803F02003002B0CD0FB6803F087
S31508049C802003002B07D07B681B686FF020021A613B
S31508049C90786801F0C4FABB6803F48013002B0CD06F
S31508049CA0FB6803F48013002B07D07B681B686FF4EA
S31508049CB080121A61786801F0D0FABB6803F40013BD
S31508049CC0002B0CD0FB6803F40013002B07D07B6829
S31508049CD01B686FF400121A61786801F0C8FABB6849
S31508049CE003F48003002B0CD0FB6803F48003002BD9
S31508049CF007D07B681B686FF480021A61786801F0E4
S31508049D00C0FABB6803F40003002B0CD0FB6803F409
S31508049D100003002B07D07B681B686FF400021A61E6
S31508049D20786801F0B8FA00BF1037BD4680BD000058
S31508049D3080B586B000AFF860B9607A600023FB7519
S31508049D40FB6893F83C30012B01D10223FFE0FB6842
S31508049D50012283F83C207B68142B00F2F08001A2D0
S31508049D6052F823F0B99D04083F9F04083F9F04084E
S31508049D703F9F0408F99D04083F9F04083F9F040871
S31508049D803F9F04083B9E04083F9F04083F9F04081E
S31508049D903F9F04087B9E04083F9F04083F9F0408CE
S31508049DA03F9F0408BD9E04083F9F04083F9F04087C
S31508049DB03F9F0408FD9E0408FB681B68B96818469B
S31508049DC000F0E4FBFB681B689A69FB681B6842F0B1
S31508049DD008029A61FB681B689A69FB681B6822F08B
S31508049DE004029A61FB681B689969BB681A69FB686F
S31508049DF01B680A439A61A5E0FB681B68B96818469C
S31508049E0000F05EFCFB681B689A69FB681B6842F4F1
S31508049E1000629A61FB681B689A69FB681B6822F4EE
S31508049E2080629A61FB681B689969BB681B691A0298
S31508049E30FB681B680A439A6184E0FB681B68B96877
S31508049E40184600F0D1FCFB681B68DA69FB681B68D6
S31508049E5042F00802DA61FB681B68DA69FB681B686A
S31508049E6022F00402DA61FB681B68D969BB681A69BF
S31508049E70FB681B680A43DA6164E0FB681B68B96817
S31508049E80184600F043FDFB681B68DA69FB681B6823
S31508049E9042F40062DA61FB681B68DA69FB681B68CE
S31508049EA022F48062DA61FB681B68D969BB681B699E
S31508049EB01A02FB681B680A43DA6143E0FB681B68FD
S31508049EC0B968184600F0B6FDFB681B681A6DFB688E
S31508049ED01B6842F008021A65FB681B681A6DFB6862
S31508049EE01B6822F004021A65FB681B68196DBB68B7
S31508049EF01A69FB681B680A431A6523E0FB681B6832
S31508049F00B968184600F000FEFB681B681A6DFB6802
S31508049F101B6842F400621A65FB681B681A6DFB68C5
S31508049F201B6822F480621A65FB681B68196DBB6896
S31508049F301B691A02FB681B680A431A6502E00123B7
S31508049F40FB7500BFFB68002283F83C20FB7D18469E
S31508049F501837BD4680BD00BF80B584B000AF7860B1
S31508049F6039600023FB737B6893F83C30012B01D1DD
S31508049F700223F6E07B68012283F83C207B680222F0
S31508049F8083F83D207B681B689B68BB60BB6823F429
S31508049F90441323F07703BB60BB6823F47F43BB6099
S31508049FA07B681B68BA689A603B681B686F4A934269
S31508049FB000F0C1806D4A934200F2C6806C4A93420F
S31508049FC000F0B9806A4A934200F2BE80694A934215
S31508049FD000F0B180674A934200F2B680664A93421B
S31508049FE000F0A980644A934200F2AE80634A934221
S31508049FF000F0A180614A934200F2A680604A934227
S3150804A00000F099805E4A934200F29E80B3F1101FD5
S3150804A01000F09180B3F1101F00F29680B3F5801F0B
S3150804A02000F08980B3F5801F00F28E80B3F5005FD7
S3150804A0303ED0B3F5005F00F28780B3F5805F00F089
S3150804A0408680B3F5805F7FD8702B1AD0702B7BD8A7
S3150804A050602B50D0602B77D8502B3CD0502B73D81C
S3150804A060402B58D0402B6FD8302B64D0302B6BD86C
S3150804A070202B60D0202B67D8002B5CD0102B5AD00D
S3150804A08062E07B6818683B6899683B685A683B686D
S3150804A090DB6800F021FE7B681B689B68BB60BB68B5
S3150804A0A043F07703BB607B681B68BA689A604FE025
S3150804A0B07B6818683B6899683B685A683B68DB683C
S3150804A0C000F00AFE7B681B689A687B681B6842F482
S3150804A0D080429A603CE07B6818683B6859683B682C
S3150804A0E0DB681A4600F07CFD7B681B68502118461D
S3150804A0F000F0D5FD2CE07B6818683B6859683B6816
S3150804A100DB681A4600F09BFD7B681B6860211846CD
S3150804A11000F0C5FD1CE07B6818683B6859683B6815
S3150804A120DB681A4600F05CFD7B681B68402118460C
S3150804A13000F0B5FD0CE07B681A683B681B68194695
S3150804A140104600F0ACFD03E00123FB7300E000BFFA
S3150804A1507B68012283F83D207B68002283F83C2033
S3150804A160FB7B18461037BD4680BD00BF7000100043
S3150804A170600010005000100040001000300010006D
S3150804A1802000100080B483B000AF786000BF0C379D
S3150804A190BD465DF8047B704780B483B000AF786031
S3150804A1A000BF0C37BD465DF8047B704780B483B0A6
S3150804A1B000AF786000BF0C37BD465DF8047B704776
S3150804A1C080B483B000AF786000BF0C37BD465DF835
S3150804A1D0047B704780B483B000AF786000BF0C3747
S3150804A1E0BD465DF8047B704780B483B000AF7860E1
S3150804A1F000BF0C37BD465DF8047B704780B483B056
S3150804A20000AF786000BF0C37BD465DF8047B704725
S3150804A21080B485B000AF786039603B68002B04D100
S3150804A2207B6893F83E30DBB223E03B68042B04D109
S3150804A2307B6893F83F30DBB21BE03B68082B04D1FC
S3150804A2407B6893F84030DBB213E03B680C2B04D1EF
S3150804A2507B6893F84130DBB20BE03B68102B04D1E2
S3150804A2607B6893F84230DBB203E07B6893F84330AB
S3150804A270DBB2FB73FB7B18461437BD465DF8047BDB
S3150804A280704780B584B000AF78607B689B6AFB60D2
S3150804A290FB685B6A7A689A4207D1FB6801221A77D7
S3150804A2A0FB68012283F83E202AE0FB689B6A7A68E9
S3150804A2B09A4207D1FB6802221A77FB68012283F8BF
S3150804A2C03F201DE0FB68DB6A7A689A4207D1FB687F
S3150804A2D004221A77FB68012283F8402010E0FB6801
S3150804A2E01B6B7A689A4207D1FB6808221A77FB68BF
S3150804A2F0012283F8412003E0FB68012283F83D200C
S3150804A300F868FFF77BFFFB6800221A7700BF10374F
S3150804A310BD4680BD80B584B000AF78607B689B6A13
S3150804A320FB60FB685B6A7A689A420BD1FB68012278
S3150804A3301A777B68DB69002B36D1FB68012283F820
S3150804A3403E2031E0FB689B6A7A689A420BD1FB6827
S3150804A35002221A777B68DB69002B25D1FB68012268
S3150804A36083F83F2020E0FB68DB6A7A689A420BD1BF
S3150804A370FB6804221A777B68DB69002B14D1FB6817
S3150804A380012283F840200FE0FB681B6B7A689A4227
S3150804A3900AD1FB6808221A777B68DB69002B03D18C
S3150804A3A0FB68012283F84120F868FFF709FFFB6878
S3150804A3B000221A7700BF1037BD4680BD80B584B029
S3150804A3C000AF78607B689B6AFB60FB685B6A7A68A7
S3150804A3D09A4203D1FB6801221A7719E0FB689B6A43
S3150804A3E07A689A4203D1FB6802221A7710E0FB685E
S3150804A3F0DB6A7A689A4203D1FB6804221A7707E073
S3150804A400FB681B6B7A689A4202D1FB6808221A77A2
S3150804A410F868FFF7DFFEFB6800221A7700BF1037DB
S3150804A420BD4680BD80B485B000AF786039607B686E
S3150804A4301B68FB607B684C4A934217D07B68B3F170
S3150804A440804F13D07B68494A93420FD07B68484AA9
S3150804A45093420BD07B68474A934207D07B68464AA7
S3150804A460934203D07B68454A934208D1FB6823F09C
S3150804A4707003FB603B685B68FA681343FB607B68A0
S3150804A480394A934223D07B68B3F1804F1FD07B6847
S3150804A490364A93421BD07B68354A934217D07B6869
S3150804A4A0344A934213D07B68334A93420FD07B686D
S3150804A4B0334A93420BD07B68324A934207D07B686F
S3150804A4C0314A934203D07B682C4A934208D1FB68ED
S3150804A4D023F44073FB603B68DB68FA681343FB604C
S3150804A4E0FB6823F080023B685B691343FB607B6867
S3150804A4F0FA681A603B689A687B68DA623B681A6885
S3150804A5007B689A627B68184A934213D07B681A4A16
S3150804A51093420FD07B681A4A93420BD07B68194A38
S3150804A520934207D07B68184A934203D07B68134A40
S3150804A530934203D13B681A697B681A637B680122D4
S3150804A5405A617B681B6903F00103012B05D17B68FB
S3150804A5501B6923F001027B681A6100BF1437BD46E4
S3150804A5605DF8047B704700BF002C014000040040DE
S3150804A57000080040000C004000340140005001402F
S3150804A58000400140004401400048014080B487B0BF
S3150804A59000AF786039607B681B6A7B617B681B6ADD
S3150804A5A023F001027B681A627B685B683B617B68FF
S3150804A5B09B69FB60FB6823F4803323F07003FB601C
S3150804A5C0FB6823F00303FB603B681B68FA681343C4
S3150804A5D0FB607B6923F002037B613B689B687A69AD
S3150804A5E013437B617B68304A934213D07B682F4AB6
S3150804A5F093420FD07B682E4A93420BD07B682D4A30
S3150804A600934207D07B682C4A934203D07B682B4A33
S3150804A61093420CD17B6923F008037B613B68DB68B2
S3150804A6207A6913437B617B6923F004037B617B6846
S3150804A6301D4A934213D07B681C4A93420FD07B6809
S3150804A6401B4A93420BD07B681A4A934207D07B680D
S3150804A650194A934203D07B68184A934211D13B693D
S3150804A66023F480733B613B6923F400733B613B68C5
S3150804A6705B693A6913433B613B689B693A691343CF
S3150804A6803B617B683A695A607B68FA689A613B68F9
S3150804A6905A687B685A637B687A691A6200BF1C37F2
S3150804A6A0BD465DF8047B7047002C01400034014028
S3150804A6B00040014000440140004801400050014068
S3150804A6C080B487B000AF786039607B681B6A7B61A9
S3150804A6D07B681B6A23F010027B681A627B685B68D6
S3150804A6E03B617B689B69FB60FB6823F0807323F4FA
S3150804A6F0E043FB60FB6823F44073FB603B681B681C
S3150804A7001B02FA681343FB607B6923F020037B6111
S3150804A7103B689B681B017A6913437B617B682C4AF7
S3150804A720934207D07B682B4A934203D07B682A4A14
S3150804A73093420DD17B6923F080037B613B68DB6818
S3150804A7401B017A6913437B617B6923F040037B61B0
S3150804A7507B681F4A934213D07B681E4A93420FD0E4
S3150804A7607B681E4A93420BD07B681D4A934207D0E6
S3150804A7707B681C4A934203D07B68174A934213D1D9
S3150804A7803B6923F480633B613B6923F400633B61C3
S3150804A7903B685B699B003A6913433B613B689B6969
S3150804A7A09B003A6913433B617B683A695A607B6844
S3150804A7B0FA689A613B685A687B689A637B687A691F
S3150804A7C01A6200BF1C37BD465DF8047B704700BF9C
S3150804A7D0002C014000340140005001400040014073
S3150804A7E0004401400048014080B487B000AF786057
S3150804A7F039607B681B6A7B617B681B6A23F48072F9
S3150804A8007B681A627B685B683B617B68DB69FB6013
S3150804A810FB6823F4803323F07003FB60FB6823F0A2
S3150804A8200303FB603B681B68FA681343FB607B6998
S3150804A83023F400737B613B689B681B027A691343A4
S3150804A8407B617B682B4A934207D07B682A4A9342EA
S3150804A85003D07B68294A93420DD17B6923F40063AC
S3150804A8607B613B68DB681B027A6913437B617B69FE
S3150804A87023F480637B617B681E4A934213D07B680A
S3150804A8801D4A93420FD07B681D4A93420BD07B68BE
S3150804A8901C4A934207D07B681B4A934203D07B68C1
S3150804A8A0164A934213D13B6923F480533B613B69AF
S3150804A8B023F400533B613B685B691B013A69134304
S3150804A8C03B613B689B691B013A6913433B617B689F
S3150804A8D03A695A607B68FA68DA613B685A687B6841
S3150804A8E0DA637B687A691A6200BF1C37BD465DF86D
S3150804A8F0047B7047002C014000340140005001409D
S3150804A90000400140004401400048014080B487B03B
S3150804A91000AF786039607B681B6A7B617B681B6A59
S3150804A92023F480527B681A627B685B683B617B68A8
S3150804A930DB69FB60FB6823F0807323F4E043FB6068
S3150804A940FB6823F44073FB603B681B681B02FA68C8
S3150804A9501343FB607B6923F400537B613B689B6864
S3150804A9601B037A6913437B617B682C4A934207D09D
S3150804A9707B682B4A934203D07B682A4A93420DD1BB
S3150804A9807B6923F400437B613B68DB681B037A69B4
S3150804A99013437B617B6923F480437B617B681F4A8D
S3150804A9A0934213D07B681E4A93420FD07B681E4A93
S3150804A9B093420BD07B681D4A934207D07B681C4A96
S3150804A9C0934203D07B68174A934213D13B6923F415
S3150804A9D080433B613B6923F400433B613B685B6905
S3150804A9E09B013A6913433B613B689B699B013A693E
S3150804A9F013433B617B683A695A607B68FA68DA6193
S3150804AA003B685A687B681A647B687A691A6200BF6D
S3150804AA101C37BD465DF8047B704700BF002C014017
S3150804AA200034014000500140004001400044014008
S3150804AA300048014080B487B000AF786039607B680D
S3150804AA401B6A3B617B681B6A23F480327B681A6243
S3150804AA507B685B687B617B681B6DFB60FB6823F422
S3150804AA60803323F07003FB603B681B68FA68134362
S3150804AA70FB603B6923F400333B613B689B681B041A
S3150804AA803A6913433B617B68194A934213D07B683E
S3150804AA90184A93420FD07B68174A93420BD07B68B7
S3150804AAA0164A934207D07B68154A934203D07B68BB
S3150804AAB0144A934209D17B6923F480337B613B684A
S3150804AAC05B691B027A6913437B617B687A695A60FE
S3150804AAD07B68FA681A653B685A687B689A647B6877
S3150804AAE03A691A6200BF1C37BD465DF8047B704795
S3150804AAF0002C01400034014000400140004401405C
S3150804AB00004801400050014080B487B000AF786027
S3150804AB1039607B681B6A3B617B681B6A23F4801275
S3150804AB207B681A627B685B687B617B681B6DFB606C
S3150804AB30FB6823F0807323F4E043FB603B681B68DF
S3150804AB401B02FA681343FB603B6923F400133B6159
S3150804AB503B689B681B053A6913433B617B681A4A41
S3150804AB60934213D07B68194A93420FD07B68184ADC
S3150804AB7093420BD07B68174A934207D07B68164AE0
S3150804AB80934203D07B68154A934209D17B6923F41F
S3150804AB9080237B613B685B699B027A6913437B610B
S3150804ABA07B687A695A607B68FA681A653B685A68EA
S3150804ABB07B68DA647B683A691A6200BF1C37BD464B
S3150804ABC05DF8047B704700BF002C01400034014047
S3150804ABD00040014000440140004801400050014043
S3150804ABE080B487B000AFF860B9607A60FB681B6A06
S3150804ABF07B61FB681B6A23F00102FB681A62FB6827
S3150804AC009B693B613B6923F0F0033B617B681B014D
S3150804AC103A6913433B617B6923F00A037B617A69CA
S3150804AC20BB6813437B61FB683A699A61FB687A6976
S3150804AC301A6200BF1C37BD465DF8047B704780B4B2
S3150804AC4087B000AFF860B9607A60FB681B6A7B61FD
S3150804AC50FB681B6A23F01002FB681A62FB689B698F
S3150804AC603B613B6923F470433B617B681B033A6988
S3150804AC7013433B617B6923F0A0037B61BB681B011B
S3150804AC807A6913437B61FB683A699A61FB687A6956
S3150804AC901A6200BF1C37BD465DF8047B704780B452
S3150804ACA085B000AF786039607B689B68FB60FB6899
S3150804ACB023F4401323F07003FB603A68FB681343DC
S3150804ACC043F00703FB607B68FA689A6000BF143791
S3150804ACD0BD465DF8047B704780B487B000AFF86062
S3150804ACE0B9607A603B60FB689B687B617B6923F487
S3150804ACF07F437B613B681A027B681A43BB6813432C
S3150804AD007A6913437B61FB687A699A6000BF1C37CA
S3150804AD10BD465DF8047B704780B487B000AFF86021
S3150804AD20B9607A60BB6803F01F03012202FA03F3D1
S3150804AD307B61FB681A6A7B69DB431A40FB681A6203
S3150804AD40FB681A6ABB6803F01F03796801FA03F300
S3150804AD501A43FB681A6200BF1C37BD465DF8047BBC
S3150804AD607047000080B584B000AF786039603B68EE
S3150804AD70002B09D17B6893F84430DBB2012B14BF4E
S3150804AD8001230023DBB222E03B68042B09D17B684C
S3150804AD9093F84530DBB2012B14BF01230023DBB241
S3150804ADA015E03B68082B09D17B6893F84630DBB27B
S3150804ADB0012B14BF01230023DBB208E07B6893F858
S3150804ADC04730DBB2012B14BF01230023DBB2002B6F
S3150804ADD001D0012373E03B68002B04D17B6802226F
S3150804ADE083F8442013E03B68042B04D17B680222D1
S3150804ADF083F845200BE03B68082B04D17B680222C4
S3150804AE0083F8462003E07B68022283F847207B68A0
S3150804AE101B6804223968184600F047FA7B681B68E1
S3150804AE205A6C7B681B6842F400425A647B681B6848
S3150804AE30254A934222D07B681B68B3F1804F1DD004
S3150804AE407B681B68214A934218D07B681B68204A92
S3150804AE50934213D07B681B681E4A93420ED07B68C4
S3150804AE601B681D4A934209D07B681B681B4A934298
S3150804AE7004D07B681B681A4A934215D17B681B6801
S3150804AE809A68184B1340FB60FB68062B15D0FB68C1
S3150804AE90B3F5803F11D07B681B681A687B681B680A
S3150804AEA042F001021A6008E07B681B681A687B682E
S3150804AEB01B6842F001021A6000E000BF002318462E
S3150804AEC01037BD4680BD00BF002C01400004004079
S3150804AED000080040000C00400034014000400140D6
S3150804AEE0005001400700010080B582B000AF7860C9
S3150804AEF039607B681B6800223968184600F0D5F962
S3150804AF007B681B681A6A41F211131340002B0FD190
S3150804AF107B681B681A6A44F244431340002B07D122
S3150804AF207B681B685A6C7B681B6822F400425A6467
S3150804AF307B681B681A6A41F211131340002B0FD160
S3150804AF407B681B681A6A44F244431340002B07D1F2
S3150804AF507B681B681A687B681B6822F001021A6002
S3150804AF603B68002B04D17B68012283F8442013E054
S3150804AF703B68042B04D17B68012283F845200BE047
S3150804AF803B68082B04D17B68012283F8462003E03A
S3150804AF907B68012283F84720002318460837BD46F4
S3150804AFA080BD000080B485B000AF786039607B68E6
S3150804AFB093F83C30012B01D1022374E07B6801220B
S3150804AFC083F83C207B68022283F83D207B681B6853
S3150804AFD05B68FB607B681B689B68BB607B681B6857
S3150804AFE0344A934209D07B681B68334A934204D097
S3150804AFF07B681B68314A934208D1FB6823F47003C3
S3150804B000FB603B685B68FA681343FB60FB6823F0E4
S3150804B010007323F07003FB603B681B68FA681343EC
S3150804B020FB607B681B68FA685A607B681B68214A60
S3150804B030934222D07B681B68B3F1804F1DD07B688E
S3150804B0401B681F4A934218D07B681B681D4A9342A3
S3150804B05013D07B681B681C4A93420ED07B681B6816
S3150804B060154A934209D07B681B68184A934204D050
S3150804B0707B681B68114A93420CD1BB6823F0800392
S3150804B080BB603B689B68BA681343BB607B681B68F4
S3150804B090BA689A607B68012283F83D207B6800229F
S3150804B0A083F83C20002318461437BD465DF8047B14
S3150804B0B0704700BF002C0140003401400050014095
S3150804B0C00004004000080040000C00400040014015
S3150804B0D080B485B000AF786039600023FB607B6874
S3150804B0E093F83C30012B01D1022378E07B680122D6
S3150804B0F083F83C20FB6823F0FF023B68DB681343B4
S3150804B100FB60FB6823F440723B689B681343FB604F
S3150804B110FB6823F480623B685B681343FB60FB6847
S3150804B12023F400623B681B681343FB60FB6823F443
S3150804B13080523B681B691343FB60FB6823F4005287
S3150804B1403B685B691343FB60FB6823F480423B68F6
S3150804B1501B6B1343FB60FB6823F470223B689B69F3
S3150804B1601B041343FB60FB6823F080523B68DB69CE
S3150804B1701343FB607B681B681C4A934209D07B68AF
S3150804B1801B681B4A934204D07B681B68194A93427E
S3150804B1901CD1FB6823F470023B689B6A1B051343A6
S3150804B1A0FB60FB6823F080723B681B6A1343FB60F1
S3150804B1B0FB6823F000723B685B6A1343FB60FB6819
S3150804B1C023F000523B68DB6A1343FB607B681B6809
S3150804B1D0FA685A647B68002283F83C2000231846E0
S3150804B1E01437BD465DF8047B704700BF002C014048
S3150804B1F0003401400050014080B483B000AF786049
S3150804B2007B681B685A6D7B681B6842F400325A6572
S3150804B210002318460C37BD465DF8047B704780B496
S3150804B22083B000AF786000BF0C37BD465DF8047B79
S3150804B230704780B483B000AF786000BF0C37BD4652
S3150804B2405DF8047B704780B483B000AF786000BFB4
S3150804B2500C37BD465DF8047B704780B483B000AFF5
S3150804B260786000BF0C37BD465DF8047B704780B430
S3150804B27083B000AF786000BF0C37BD465DF8047B29
S3150804B280704780B483B000AF786000BF0C37BD4602
S3150804B2905DF8047B704780B483B000AF786000BF64
S3150804B2A00C37BD465DF8047B704780B487B000AFA1
S3150804B2B0F860B9607A60BB6803F00F03042202FAE7
S3150804B2C003F37B61FB681A6A7B69DB431A40FB68F4
S3150804B2D01A62FB681A6ABB6803F00F03796801FAF5
S3150804B2E003F31A43FB681A6200BF1C37BD465DF8B0
S3150804B2F0047B704780B58AB002AFF860B9603B60DA
S3150804B3001346FB80FB68D3F88830202B7BD1BB68B7
S3150804B310002B02D0FB88002B01D1012374E0FB68C3
S3150804B3200022C3F89020FB682122C3F88820F8F786
S3150804B330D3F87861FB68FA88A3F85420FB68FA887E
S3150804B340A3F85620FB689B68B3F5805F08D1FB68B1
S3150804B3501B69002B04D10023FB61BB68BB6103E0B6
S3150804B360BB68FB610023BB6130E03B6800937B69E3
S3150804B37000228021F86801F077F90346002B05D0EE
S3150804B380FB682022C3F8882003233DE0FB69002BD1
S3150804B3900BD1BB691B881A46FB681B68C2F30802F3
S3150804B3A09A62BB690233BB6107E0FB691A78FB68DA
S3150804B3B01B689A62FB690133FB61FB68B3F8563074
S3150804B3C09BB2013B9AB2FB68A3F85620FB68B3F814
S3150804B3D056309BB2002BC8D13B6800937B69002288
S3150804B3E04021F86801F040F90346002B05D0FB68B4
S3150804B3F02022C3F88820032306E0FB682022C3F82A
S3150804B4008820002300E0022318462037BD4680BD65
S3150804B41080B58AB000AFF860B9601346FB80FB6854
S3150804B420D3F88830202B67D1BB68002B02D0FB8861
S3150804B430002B01D1012360E0FB68BA681A65FB6832
S3150804B440FA88A3F85420FB68FA88A3F85620FB6800
S3150804B4500022C3F89020FB682122C3F88820FB68E1
S3150804B460DB6F002B28D0FB68DB6F264ADA62FB68A1
S3150804B470DB6F254A1A63FB68DB6F244A5A63FB6849
S3150804B480DB6F00229A63FB68D86FFB681B6D19464D
S3150804B490FB681B6828331A46FB88FAF737F903460C
S3150804B4A0002B09D0FB681022C3F89020FB682022E1
S3150804B4B0C3F88820012320E0FB681B6840221A622F
S3150804B4C0FB681B6808337B617B6953E8003F3B6173
S3150804B4D03B6943F080037B62FB681B6808337A6A1E
S3150804B4E03A62FB61F9693A6A41E80023BB61BB69C0
S3150804B4F0002BE5D1002300E0022318462837BD4671
S3150804B50080BD00BFDFC9040879CA0408FFCB040854
S3150804B51080B58AB000AFF860B9601346FB80FB6853
S3150804B520D3F88C30202B37D1BB68002B02D0FB888C
S3150804B530002B01D1012330E0FB680022DA66FB68A0
S3150804B5401B68184A93421FD0FB681B685B6803F4A0
S3150804B5500003002B18D0FB681B687B617B6953E8E2
S3150804B560003F3B613B6943F080637B62FB681B6871
S3150804B5701A467B6A3B62FA61F9693A6A41E800232A
S3150804B580BB61BB69002BE6D1FB881A46B968F86823
S3150804B59001F0D8F8034600E0022318462837BD46CA
S3150804B5A080BD00BF0080004080B590B000AF7860D1
S3150804B5B07B68D3F88830FB637B68D3F88C30BB632D
S3150804B5C07B681B689B6803F08003802B39D1FB6B6F
S3150804B5D0212B36D17B681B6808333B623B6A53E8E8
S3150804B5E0003FFB61FB6923F080037B637B681B6870
S3150804B5F008337A6BFA62BB62B96AFA6A41E80023CD
S3150804B6007B627B6A002BE5D17B68DB6F002B15D048
S3150804B6107B68DB6F1846FAF7F4F80346002B0DD05F
S3150804B6207B68DB6F1846FAF75BFA0346202B05D1CD
S3150804B6307B681022C3F89020032347E0786801F05A
S3150804B64027F97B681B689B6803F04003402B3CD1B1
S3150804B650BB6B222B39D17B681B680833FB60FB68FC
S3150804B66053E8003FBB60BB6823F040033B637B6839
S3150804B6701B6808333A6BBA617B617969BA6941E830
S3150804B68000233B613B69002BE5D17B68D3F8803006
S3150804B690002B17D07B68D3F880301846FAF7B1F830
S3150804B6A00346002B0ED07B68D3F880301846FAF789
S3150804B6B017FA0346202B05D17B681022C3F890207D
S3150804B6C0032303E0786801F024F900231846403779
S3150804B6D0BD4680BD80B5BAB000AF78607B681B688C
S3150804B6E0DB69C7F8E4307B681B681B68C7F8E03079
S3150804B6F07B681B689B68C7F8DC30D7F8E42040F6FB
S3150804B7000F031340C7F8D830D7F8D830002B1BD10D
S3150804B710D7F8E43003F02003002B15D0D7F8E0302F
S3150804B72003F02003002B05D1D7F8DC3003F080534F
S3150804B730002B09D07B685B6F002B00F000837B68C5
S3150804B7405B6F78689847FAE2D7F8D830002B00F090
S3150804B7502381D7F8DC208D4B1340002B06D1D7F86C
S3150804B760E0208B4B1340002B00F01681D7F8E43009
S3150804B77003F00103002B11D0D7F8E03003F48073EB
S3150804B780002B0BD07B681B6801221A627B68D3F8EE
S3150804B790903043F001027B68C3F89020D7F8E43070
S3150804B7A003F00203002B11D0D7F8DC3003F00103B1
S3150804B7B0002B0BD07B681B6802221A627B68D3F8BD
S3150804B7C0903043F004027B68C3F89020D7F8E4303D
S3150804B7D003F00403002B11D0D7F8DC3003F001037F
S3150804B7E0002B0BD07B681B6804221A627B68D3F88B
S3150804B7F0903043F002027B68C3F89020D7F8E4300F
S3150804B80003F00803002B17D0D7F8E03003F0200321
S3150804B810002B05D1D7F8DC205C4B1340002B0BD04A
S3150804B8207B681B6808221A627B68D3F8903043F059
S3150804B83008027B68C3F89020D7F8E43003F4006361
S3150804B840002B12D0D7F8E03003F08063002B0CD01D
S3150804B8507B681B684FF400621A627B68D3F89030E1
S3150804B86043F020027B68C3F890207B68D3F89030B5
S3150804B870002B00F06682D7F8E43003F02003002B8F
S3150804B88013D0D7F8E03003F02003002B05D1D7F8FE
S3150804B890DC3003F08053002B07D07B685B6F002BEA
S3150804B8A003D07B685B6F786898477B68D3F89030D9
S3150804B8B0C7F8D4307B681B689B6803F04003402BA9
S3150804B8C005D0D7F8D43003F02803002B54D0786871
S3150804B8D001F01FF87B681B689B6803F04003402B44
S3150804B8E046D17B681B680833C7F89C30D7F89C3068
S3150804B8F053E8003FC7F89830D7F8983023F0400348
S3150804B900C7F8D0307B681B680833D7F8D020C7F847
S3150804B910A820C7F8A430D7F8A410D7F8A82041E877
S3150804B9200023C7F8A030D7F8A030002BD9D17B68FC
S3150804B930D3F88030002B17D07B68D3F88030154AAB
S3150804B9409A637B68D3F880301846F9F7B3FF034641
S3150804B950002B19D07B68D3F880309B6B7A68D2F8B1
S3150804B9608020104698470FE0786800F009FA0BE043
S3150804B970786800F005FA07E0786800F001FA7B6851
S3150804B9800022C3F89020DCE100BFDAE101000010D0
S3150804B990200100047FCC04087B68DB6E012B40F091
S3150804B9A07081D7F8E43003F01003002B00F06981A6
S3150804B9B0D7F8E03003F01003002B00F062817B68AF
S3150804B9C01B6810221A627B681B689B6803F0400395
S3150804B9D0402B40F0D8807B68D3F880301B685B68BE
S3150804B9E0A7F8BE30B7F8BE30002B00F0AF807B68EE
S3150804B9F0B3F85C30B7F8BE209A4280F0A7807B681B
S3150804BA00B7F8BE20A3F85E207B68D3F880301B689D
S3150804BA101B6803F02003002B40F087807B681B68B3
S3150804BA20C7F88830D7F8883053E8003FC7F8843019
S3150804BA30D7F8843023F48073C7F8B8307B681B685A
S3150804BA401A46D7F8B830C7F89430C7F89020D7F80C
S3150804BA509010D7F8942041E80023C7F88C30D7F81B
S3150804BA608C30002BDAD17B681B6808337B677B6FC5
S3150804BA7053E8003F3B673B6F23F00103C7F8B43034
S3150804BA807B681B680833D7F8B420C7F88020FB679F
S3150804BA90F96FD7F8802041E80023BB67BB6F002BFA
S3150804BAA0E1D17B681B6808333B663B6E53E8003F6D
S3150804BAB0FB65FB6D23F04003C7F8B0307B681B6851
S3150804BAC00833D7F8B020FA66BB66B96EFA6E41E851
S3150804BAD000237B667B6E002BE3D17B682022C3F8A8
S3150804BAE08C207B680022DA667B681B68FB64FB6C27
S3150804BAF053E8003FBB64BB6C23F01003C7F8AC30B3
S3150804BB007B681B681A46D7F8AC30BB657A65796DCD
S3150804BB10BA6D41E800233B653B6D002BE4D17B6895
S3150804BB20D3F880301846F9F76CFE7B6802221A6748
S3150804BB307B68B3F85C207B68B3F85E309BB2D31A93
S3150804BB409BB21946786800F025F9FCE07B68B3F8DF
S3150804BB505C30B7F8BE209A4240F0F5807B68D3F88B
S3150804BB6080301B681B6803F02003202B40F0EB8011
S3150804BB707B6802221A677B68B3F85C3019467868D2
S3150804BB8000F008F9DFE07B68B3F85C207B68B3F85B
S3150804BB905E309BB2D31AA7F8CE307B68B3F85E3012
S3150804BBA09BB2002B00F0D180B7F8CE30002B00F002
S3150804BBB0CC807B681B68BB63BB6B53E8003F7B6325
S3150804BBC07B6B23F49073C7F8C8307B681B681A46E6
S3150804BBD0D7F8C8307B643A64396C7A6C41E8002338
S3150804BBE0FB63FB6B002BE4D17B681B6808337B6221
S3150804BBF07B6A53E8003F3B623B6A23F0805323F099
S3150804BC000103C7F8C4307B681B680833D7F8C42017
S3150804BC103A63FB62F96A3A6B41E80023BB62BB6A82
S3150804BC20002BE1D17B682022C3F88C207B68002294
S3150804BC30DA667B6800225A677B681B683B613B6946
S3150804BC4053E8003FFB60FB6823F01003C7F8C030D5
S3150804BC507B681B681A46D7F8C030FB61BA61B969B4
S3150804BC60FA6941E800237B617B69002BE4D17B6890
S3150804BC7002221A67B7F8CE301946786800F08AF8AF
S3150804BC8063E0D7F8E43003F48013002B0ED0D7F81A
S3150804BC90DC3003F48003002B08D07B681B684FF460
S3150804BCA080121A62786801F090F851E0D7F8E43007
S3150804BCB003F08003002B14D0D7F8E03003F0800398
S3150804BCC0002B05D1D7F8DC3003F40003002B08D089
S3150804BCD07B689B6F002B3AD07B689B6F7868984784
S3150804BCE035E0D7F8E43003F04003002B09D0D7F841
S3150804BCF0E03003F04003002B03D0786800F0D1FF4E
S3150804BD0026E0D7F8E43003F40003002B09D0D7F86B
S3150804BD10E03003F08043002B03D0786801F069F81B
S3150804BD2016E0D7F8E43003F08073002B10D0D7F868
S3150804BD30E030002B0CDA786801F051F808E000BF0F
S3150804BD4006E000BF04E000BF02E000BF00E000BF59
S3150804BD50E837BD4680BD00BF80B483B000AF7860C5
S3150804BD6000BF0C37BD465DF8047B704780B483B0CA
S3150804BD7000AF786000BF0C37BD465DF8047B70479A
S3150804BD8080B483B000AF786000BF0C37BD465DF859
S3150804BD90047B704780B483B000AF78600B467B8021
S3150804BDA000BF0C37BD465DF8047B704780B485B088
S3150804BDB000AF78607B68D3F88830FB607B68D3F87B
S3150804BDC08C30BB60FA68BB68134318461437BD4603
S3150804BDD05DF8047B704700002DE9B04F8CB000AFC6
S3150804BDE07861002387F82A307B699A687B691B691E
S3150804BDF01A437B695B691A437B69DB691343FB62F4
S3150804BE007B691B681A68AA4B13407A691268F96A2F
S3150804BE100B4313607B691B685B6823F440517B6999
S3150804BE20DA687B691B680A435A607B699B69FB620B
S3150804BE307B691B689F4A934204D07B691B6AFA6A2A
S3150804BE401343FB627B691B689B6823F06E4323F4E8
S3150804BE5030637A691268F96A0B4393607B691B68D5
S3150804BE60DB6A23F00F017B695A6A7B691B680A43FC
S3150804BE70DA627B691B68904A934225D18F4BD3F8C3
S3150804BE80883003F00303032B1AD801A252F823F0CF
S3150804BE90A1BE0408B1BE0408A9BE0408B9BE0408B4
S3150804BEA0012387F82B3016E1022387F82B3012E199
S3150804BEB0042387F82B300EE1082387F82B300AE190
S3150804BEC0102387F82B3006E17B691B687C4A93426A
S3150804BED038D17A4BD3F8883003F00C030C2B2DD8C1
S3150804BEE001A252F823F000BF1DBF04083DBF040891
S3150804BEF03DBF04083DBF04082DBF04083DBF040820
S3150804BF003DBF04083DBF040825BF04083DBF040817
S3150804BF103DBF04083DBF040835BF0408002387F85D
S3150804BF202B30D8E0022387F82B30D4E0042387F893
S3150804BF302B30D0E0082387F82B30CCE0102387F881
S3150804BF402B30C8E07B691B685E4A934225D15B4B5C
S3150804BF50D3F8883003F03003302B16D0302B18D89A
S3150804BF60202B0AD0202B14D8002B02D0102B08D053
S3150804BF700FE0002387F82B30ADE0022387F82B3037
S3150804BF80A9E0042387F82B30A5E0082387F82B308B
S3150804BF90A1E0102387F82B309DE07B691B684A4A89
S3150804BFA0934225D1454BD3F8883003F0C003C02B00
S3150804BFB016D0C02B18D8802B0AD0802B14D8002B67
S3150804BFC002D0402B08D00FE0002387F82B3082E0FC
S3150804BFD0022387F82B307EE0042387F82B307AE097
S3150804BFE0082387F82B3076E0102387F82B3072E085
S3150804BFF07B691B68354A93422AD1304BD3F888307B
S3150804C00003F44073B3F5407F1AD0B3F5407F1BD8C9
S3150804C010B3F5007F0CD0B3F5007F15D8002B03D0F9
S3150804C020B3F5807F08D00FE0002387F82B3052E061
S3150804C030022387F82B304EE0042387F82B304AE096
S3150804C040082387F82B3046E0102387F82B3042E084
S3150804C0507B691B68174A93423AD1184BD3F8883040
S3150804C06003F44063B3F5406F1AD0B3F5406F1BD899
S3150804C070B3F5006F0CD0B3F5006F15D8002B03D0B9
S3150804C080B3F5806F08D00FE0002387F82B3022E041
S3150804C090022387F82B301EE0042387F82B301AE096
S3150804C0A0082387F82B3016E0102387F82B3012E084
S3150804C0B0F369FFCF008000400038014000100240B9
S3150804C0C00044004000480040004C00400050004036
S3150804C0D0102387F82B307B691B68AE4A934240F0DD
S3150804C0E0978097F82B30082B23D801A252F823F00F
S3150804C0F015C1040833C104081DC1040833C1040862
S3150804C10023C1040833C1040833C1040833C104082D
S3150804C1102BC10408FBF732FB786210E09E4B7B6266
S3150804C1200DE0FBF7BDFA786209E04FF400437B6241
S3150804C13005E000237B62012387F82A3000BF7B6A67
S3150804C140002B00F030817B695B6A944A32F813301D
S3150804C1501A467B6AB3FBF2F3BB617B695A681346DA
S3150804C1605B001344BA699A4205D37B695B681B036F
S3150804C170BA699A4203D9012387F82A3013E17B6AFC
S3150804C1800022BB60FA607B695B6A844A32F8133022
S3150804C1909BB200223B607A60D7E90023D7E9020103
S3150804C1A0F4F7DAFD02460B46104619464FF000022C
S3150804C1B04FF000030B0243EA1063020279694968E7
S3150804C1C0490800200C46054612EB040843EB05090A
S3150804C1D07B695B6800229A46934652465B4640460C
S3150804C1E04946F4F7B9FD02460B4613463B623B6AD9
S3150804C1F0B3F5407F08D33B6AB3F5801F04D27B6945
S3150804C2001B683A6ADA60CEE0012387F82A30CAE066
S3150804C2107B69DB69B3F5004F66D197F82B30082B99
S3150804C22027D801A252F823F04DC2040855C20408BF
S3150804C2305DC2040873C2040863C2040873C204080E
S3150804C24073C2040873C204086BC20408FBF796FA9F
S3150804C250786214E0FBF7A8FA786210E04E4B7B622A
S3150804C2600DE0FBF71DFA786209E04FF400437B62A0
S3150804C27005E000237B62012387F82A3000BF7B6A26
S3150804C280002B00F090807B695B6A444A32F81330CD
S3150804C2901A467B6AB3FBF2F35A007B695B685B0850
S3150804C2A01A447B695B68B2FBF3F33B623B6A0F2B68
S3150804C2B016D93B6AB3F5803F12D23B6A9BB223F088
S3150804C2C00F03FB833B6A5B089BB203F007039AB22E
S3150804C2D0FB8B1343FB837B691B68FA8BDA6062E08A
S3150804C2E0012387F82A305EE097F82B30082B28D8E4
S3150804C2F001A252F823F000BF1DC3040825C304088D
S3150804C3002DC3040843C3040833C3040843C30408F9
S3150804C31043C3040843C304083BC30408FBF72EFAC3
S3150804C320786214E0FBF740FA786210E01A4B7B62F5
S3150804C3300DE0FBF7B5F9786209E04FF400437B6238
S3150804C34005E000237B62012387F82A3000BF7B6A55
S3150804C350002B28D07B695B6A104A32F813301A46D8
S3150804C3607B6AB3FBF2F27B695B685B081A447B69F8
S3150804C3705B68B2FBF3F33B623B6A0F2B10D93B6A4B
S3150804C380B3F5803F0CD23B6A9AB27B691B68DA60C4
S3150804C39009E000BF008000400024F40008F90608FC
S3150804C3A0012387F82A307B690122A3F86A207B696E
S3150804C3B00122A3F868207B6900225A677B69002258
S3150804C3C09A6797F82A3018463037BD46BDE8B08FC5
S3150804C3D080B483B000AF78607B689B6A03F0080377
S3150804C3E0002B0AD07B681B685B6823F400417B68D2
S3150804C3F09A6B7B681B680A435A607B689B6A03F0DE
S3150804C4000103002B0AD07B681B685B6823F40031A0
S3150804C4107B68DA6A7B681B680A435A607B689B6A8E
S3150804C42003F00203002B0AD07B681B685B6823F4BD
S3150804C43080317B681A6B7B681B680A435A607B6881
S3150804C4409B6A03F00403002B0AD07B681B685B68AD
S3150804C45023F480217B685A6B7B681B680A435A60FD
S3150804C4607B689B6A03F01003002B0AD07B681B6861
S3150804C4709B6823F480517B68DA6B7B681B680A43E4
S3150804C4809A607B689B6A03F02003002B0AD07B68BA
S3150804C4901B689B6823F400517B681A6C7B681B68CD
S3150804C4A00A439A607B689B6A03F04003002B1AD000
S3150804C4B07B681B685B6823F480117B685A6C7B680D
S3150804C4C01B680A435A607B685B6CB3F5801F0AD104
S3150804C4D07B681B685B6823F4C0017B689A6C7B687D
S3150804C4E01B680A435A607B689B6A03F08003002B27
S3150804C4F00AD07B681B685B6823F400217B68DA6CC6
S3150804C5007B681B680A435A6000BF0C37BD465DF852
S3150804C510047B704780B598B002AF78607B680022C8
S3150804C520C3F89020F6F7D8FF78657B681B681B6804
S3150804C53003F00803082B2FD16FF07E4300937B6D1D
S3150804C54000224FF40011786800F08EF80346002B99
S3150804C55022D07B681B68BB63BB6B53E8003F7B63D5
S3150804C5607B6B23F080033B657B681B681A463B6D2F
S3150804C5707B643A64396C7A6C41E80023FB63FB6B91
S3150804C580002BE6D17B682022C3F888207B6800222A
S3150804C59083F88420032363E07B681B681B6803F025
S3150804C5A00403042B49D16FF07E4300937B6D00226C
S3150804C5B04FF48001786800F057F80346002B3CD006
S3150804C5C07B681B687B627B6A53E8003F3B623B6A75
S3150804C5D023F49073FB647B681B681A46FB6C3B6305
S3150804C5E0FA62F96A3A6B41E80023BB62BB6A002B1C
S3150804C5F0E6D17B681B6808333B613B6953E8003F17
S3150804C600FB60FB6823F00103BB647B681B68083383
S3150804C610BA6CFA61BB61B969FA6941E800237B61BE
S3150804C6207B69002BE5D17B682022C3F88C207B68C4
S3150804C630002283F88420032312E07B682022C3F8AF
S3150804C64088207B682022C3F88C207B680022DA665F
S3150804C6507B6800221A677B68002283F884200023FB
S3150804C66018465837BD4680BD80B584B000AFF8601B
S3150804C670B9603B601346FB714FE0BB69B3F1FF3FFA
S3150804C6804BD0F6F729FF02463B68D31ABA699A4291
S3150804C69002D3BB69002B01D103234EE0FB681B6858
S3150804C6A01B6803F00403002B37D0BB68802B34D0F7
S3150804C6B0BB68402B31D0FB681B68DB6903F00803B1
S3150804C6C0082B10D1FB681B6808221A62F86800F068
S3150804C6D020F9FB680822C3F89020FB68002283F837
S3150804C6E08420012329E0FB681B68DB6903F40063E3
S3150804C6F0B3F5006F11D1FB681B684FF400621A6228
S3150804C700F86800F006F9FB682022C3F89020FB6855
S3150804C710002283F8842003230FE0FB681B68DA6988
S3150804C720BB681340BA689A420CBF01230023DBB2E4
S3150804C7301A46FB799A42A0D0002318461037BD46FC
S3150804C74080BD000080B596B000AFF860B9601346A6
S3150804C750FB80FB68BA689A65FB68FA88A3F85C20CC
S3150804C760FB680022C3F89020FB682222C3F88C20B9
S3150804C770FB68D3F88030002B2DD0FB68D3F88030C3
S3150804C780404ADA62FB68D3F880303F4A1A63FB688A
S3150804C790D3F880303D4A5A63FB68D3F880300022C8
S3150804C7A09A63FB68D3F88000FB681B682433194630
S3150804C7B0FB689B6D1A46FB88F8F7A8FF0346002B0F
S3150804C7C009D0FB681022C3F89020FB682022C3F81E
S3150804C7D08C20012351E0FB681B69002B18D0FB68E9
S3150804C7E01B68FB63FB6B53E8003FBB63BB6B43F4FB
S3150804C7F080737B65FB681B681A467B6DBB647A6429
S3150804C800796CBA6C41E800233B643B6C002BE6D197
S3150804C810FB681B680833BB62BB6A53E8003F7B624C
S3150804C8207B6A43F001033B65FB681B6808333A6D72
S3150804C8307A633B63396B7A6B41E80023FB62FB6AD4
S3150804C840002BE5D1FB681B6808337B617B6953E8D9
S3150804C850003F3B613B6943F04003FB64FB681B688C
S3150804C8600833FA6C3A62FB61F9693A6A41E80023CB
S3150804C870BB61BB69002BE5D1002318465837BD4672
S3150804C88080BD00BF95CA0408C1CB0408FFCB0408C1
S3150804C89080B48FB000AF78607B681B683B623B6AE4
S3150804C8A053E8003FFB61FB6923F0C0037B637B68A5
S3150804C8B01B681A467B6BFB62BA62B96AFA6A41E874
S3150804C8C000237B627B6A002BE6D17B681B680833EE
S3150804C8D0FB60FB6853E8003FBB60BB6823F40003B6
S3150804C8E03B637B681B6808333A6BBA617B61796979
S3150804C8F0BA6941E800233B613B69002BE5D17B68B3
S3150804C9002022C3F8882000BF3C37BD465DF8047B67
S3150804C910704780B495B000AF78607B681B687B630A
S3150804C9207B6B53E8003F3B633B6B23F49073FB64D8
S3150804C9307B681B681A46FB6C3B64FA63F96B3A6CB2
S3150804C94041E80023BB63BB6B002BE6D17B681B68FD
S3150804C95008333B623B6A53E8003FFB61FB6923F0FB
S3150804C960805323F00103BB647B681B680833BA6CE5
S3150804C970FA62BB62B96AFA6A41E800237B627B6A97
S3150804C980002BE3D17B68DB6E012B18D17B681B680F
S3150804C990FB60FB6853E8003FBB60BB6823F01003E9
S3150804C9A07B647B681B681A467B6CBB617A61796910
S3150804C9B0BA6941E800233B613B69002BE6D17B68F1
S3150804C9C02022C3F88C207B680022DA667B68002262
S3150804C9D05A6700BF5437BD465DF8047B704780B577
S3150804C9E090B000AF78607B689B6AFB637B681B68C2
S3150804C9F01B6803F02003002B37D1FB6B0022A3F836
S3150804CA005620FB6B1B6808337B627B6A53E8003F3E
S3150804CA103B623B6A23F08003BB63FB6B1B680833EA
S3150804CA20BA6B3A63FB62F96A3A6B41E80023BB6264
S3150804CA30BB6A002BE5D1FB6B1B683B613B6953E87A
S3150804CA40003FFB60FB6843F040037B63FB6B1B689A
S3150804CA501A467B6BFB61BA61B969FA6941E8002336
S3150804CA607B617B69002BE6D102E0F86B13F086FD47
S3150804CA7000BF4037BD4680BD80B584B000AF78603E
S3150804CA807B689B6AFB60F868FFF766F900BF103796
S3150804CA90BD4680BD80B59CB000AF78607B689B6A54
S3150804CAA0FB667B681B681B6803F02003002B71D1A7
S3150804CAB0FB6E0022A3F85E20FB6E1B68FB64FB6C0E
S3150804CAC053E8003FBB64BB6C23F48073BB66FB6E00
S3150804CAD01B681A46BB6EBB657A65796DBA6D41E803
S3150804CAE000233B653B6D002BE6D1FB6E1B680833C0
S3150804CAF0BB63BB6B53E8003F7B637B6B23F001038B
S3150804CB007B66FB6E1B6808337A6E7A643B64396C01
S3150804CB107A6C41E80023FB63FB6B002BE5D1FB6EC3
S3150804CB201B6808337B627B6A53E8003F3B623B6AB7
S3150804CB3023F040033B66FB6E1B6808333A6E3A6380
S3150804CB40FB62F96A3A6B41E80023BB62BB6A002BB5
S3150804CB50E5D1FB6E2022C3F88C20FB6EDB6E012B1D
S3150804CB6018D1FB6E1B683B613B6953E8003FFB60C9
S3150804CB70FB6823F01003FB65FB6E1B681A46FB6D06
S3150804CB80FB61BA61B969FA6941E800237B617B698B
S3150804CB90002BE6D1FB6E00221A67FB6EDB6E012BB7
S3150804CBA007D1FB6EB3F85C301946F86EFFF7F2F856
S3150804CBB002E0F86E13F0CAFC00BF7037BD4680BDAC
S3150804CBC080B584B000AF78607B689B6AFB60FB68BD
S3150804CBD001221A67FB68DB6E012B09D1FB68B3F8DF
S3150804CBE05C305B089BB21946F868FFF7D3F802E095
S3150804CBF0F868FFF7BBF800BF1037BD4680BD80B59F
S3150804CC0086B000AF78607B689B6A7B617B69D3F8E2
S3150804CC1088303B617B69D3F88C30FB607B691B6881
S3150804CC209B6803F08003802B09D13B69212B06D12D
S3150804CC307B690022A3F856207869FFF729FE7B69E9
S3150804CC401B689B6803F04003402B09D1FB68222B21
S3150804CC5006D17B690022A3F85E207869FFF759FE9E
S3150804CC607B69D3F8903043F010027B69C3F89020AF
S3150804CC707869FFF785F800BF1837BD4680BD80B5CB
S3150804CC8084B000AF78607B689B6AFB60FB6800220F
S3150804CC90A3F85E20F868FFF773F800BF1037BD469F
S3150804CCA080BD80B588B000AF78607B681B68FB6080
S3150804CCB0FB6853E8003FBB60BB6823F04003FB6195
S3150804CCC07B681B681A46FB69BB617A617969BA692C
S3150804CCD041E800233B613B69002BE6D17B682022AF
S3150804CCE0C3F888207B6800229A67786813F046FCA4
S3150804CCF000BF2037BD4680BD80B586B000AFF8605A
S3150804CD00B9607A603B60FB68002B01D1012358E0C7
S3150804CD10FB68D3F88830002B06D1FB68002283F819
S3150804CD208420F868F6F7F4F9FB682422C3F8882007
S3150804CD30FB681B681A68FB681B6822F001021A6004
S3150804CD40FB689B6A002B02D0F868FFF741FBF8687A
S3150804CD50FFF742F80346012B01D1012331E0FB68B2
S3150804CD601B689A68FB681B6842F480429A60FB68F1
S3150804CD701B689B6823F40041FB681B68BA680A436E
S3150804CD809A607B685B057B613B681B047A6913437D
S3150804CD907B61FB681B681B6823F07F7323F44033AD
S3150804CDA0FA68126879690B431360FB681B681A688A
S3150804CDB0FB681B6842F001021A60F868FFF7AAFBD1
S3150804CDC0034618461837BD4680BD80B483B000AF05
S3150804CDD0786000BF0C37BD465DF8047B704780B4A5
S3150804CDE083B000AF786000BF0C37BD465DF8047B9E
S3150804CDF0704780B483B000AF786000BF0C37BD4677
S3150804CE005DF8047B704780B485B000AF78607B68B2
S3150804CE1093F88430012B01D1022327E07B68012291
S3150804CE2083F884207B682422C3F888207B681B68DF
S3150804CE301B68FB607B681B681A687B681B6822F0A2
S3150804CE4001021A60FB6823F00053FB607B6800222A
S3150804CE505A667B681B68FA681A607B682022C3F8DE
S3150804CE6088207B68002283F8842000231846143718
S3150804CE70BD465DF8047B704780B584B000AF786022
S3150804CE8039607B6893F88430012B01D102232DE0A5
S3150804CE907B68012283F884207B682422C3F88820CF
S3150804CEA07B681B681B68FB607B681B681A687B6861
S3150804CEB01B6822F001021A607B681B689B6823F0D2
S3150804CEC060417B681B683A680A439A60786800F090
S3150804CED04FF87B681B68FA681A607B682022C3F8D7
S3150804CEE088207B68002283F884200023184610379C
S3150804CEF0BD4680BD80B584B000AF786039607B6874
S3150804CF0093F88430012B01D102232DE07B6801229A
S3150804CF1083F884207B682422C3F888207B681B68EE
S3150804CF201B68FB607B681B681A687B681B6822F0B1
S3150804CF3001021A607B681B689B6823F060617B6842
S3150804CF401B683A680A439A60786800F011F87B68A7
S3150804CF501B68FA681A607B682022C3F888207B68F5
S3150804CF60002283F88420002318461037BD4680BD66
S3150804CF7080B485B000AF78607B685B6E002B08D1FF
S3150804CF807B680122A3F86A207B680122A3F868203B
S3150804CF9031E00823FB730823BB737B681B689B6813
S3150804CFA05B0EDBB203F007037B737B681B689B6825
S3150804CFB05B0FDBB203F007033B73BB7B3A7B114978
S3150804CFC08A5C02FB03F33A7B0F498A5C93FBF2F310
S3150804CFD09AB27B68A3F86A20FB7B7A7B09498A5C48
S3150804CFE002FB03F37A7B08498A5C93FBF2F39AB251
S3150804CFF07B68A3F8682000BF1437BD465DF8047B38
S3150804D000704700BF20F9060828F9060880B500AF5E
S3150804D0100749084806F0C6FA0346002B02D04FF023
S3150804D020FF3303E0044B01221A700023184680BD1F
S3150804D030D849002014000020DC49002080B586B0B9
S3150804D04000AF3B46002219461048FAF7B5FF07F128
S3150804D0501403002219460D48FBF791F8FB7D143397
S3150804D0605A067B7D5B051A43BB7D1B041A433B7832
S3150804D070DB021A437B785B011343BA785208D2B2AF
S3150804D080134318461837BD4680BD00BF30440020F8
S3150804D09080B582B000AF0346FB71FB79184600F0F1
S3150804D0A0EBF903461A46044B1A70034B1B78DBB29A
S3150804D0B018460837BD4680BD1000002080B582B0EA
S3150804D0C000AF0346FB71FB79184600F0C1FA034624
S3150804D0D01A46044B1A70034B1B78DBB218460837FA
S3150804D0E0BD4680BD1000002080B584B000AFB9608D
S3150804D0F07A603B600346FB73F87B3B687A68B968D9
S3150804D10000F0BCFA034618461037BD4680BD80B504
S3150804D11084B000AFB9607A603B600346FB73F87B62
S3150804D1203B687A68B96800F00FFB0346184610375F
S3150804D130BD4680BD80B584B000AF03463A60FB7136
S3150804D1400B46BB71B979FB793A68184600F078FB47
S3150804D1500346FB73FB7B18461037BD4680BD0000AB
S3150804D16080B582B000AF7860F6F7B6F90346044A8C
S3150804D1701360044A7B68136000BF0837BD4680BD48
S3150804D180E0490020E449002080B500AFF6F7A4F989
S3150804D1900246064B1B68D21A054B1B689A4234BFD3
S3150804D1A001230023DBB2184680BD00BFE0490020F6
S3150804D1B0E449002080B586B002AF0346FB7107F147
S3150804D1C00E02F91D3223009301230548FBF74DFB94
S3150804D1D00346FB73BB7B18461037BD4680BD00BFAC
S3150804D1E0BC44002090B585B000AF78603960002350
S3150804D1F0FB600AE07A68FB68D418FF20FFF7DAFFB9
S3150804D20003462370FB680133FB60FA683B689A425D
S3150804D210F0D300BF00BF1437BD4690BD80B582B0B9
S3150804D22000AF786039603B689AB24FF0FF3379688B
S3150804D2300348FBF7A4F900BF0837BD4680BD00BF05
S3150804D240BC44002080B586B000AF7860F6F744F990
S3150804D25078617B683B61FF20FFF7ACFF0346FB73ED
S3150804D260FB7BFF2B07D0F6F737F902467B69D31AFF
S3150804D2703A699A42EFD8FB7BFF2B0CBF01230023A4
S3150804D280DBB218461837BD4680BD000080B500AF2E
S3150804D29001224FF400610448F8F768FEFF20FFF7FF
S3150804D2A089FF00BF80BD00BF0010004880B500AFED
S3150804D2B000224FF400610A48F8F758FEFF20FFF7EA
S3150804D2C079FF4FF4FA70FFF7BDFF0346002B01D030
S3150804D2D0012302E0FFF7DAFF0023184680BD00BFEA
S3150804D2E00010004880B584B000AF78603960C82063
S3150804D2F0FFF736FFFF20FFF75DFF0346FB73FB7B53
S3150804D300FF2B04D1FFF740FF0346002BF2D1FB7B2A
S3150804D310FE2B01D000230AE039687868FFF762FF1C
S3150804D320FF20FFF747FFFF20FFF744FF01231846B6
S3150804D3301037BD4680BD80B584B000AF78600B4613
S3150804D340FB704FF4FA70FFF77DFF0346002B01D1FB
S3150804D35000231EE0FB781846FFF72CFFFB78FD2B0D
S3150804D36016D04FF400717868FFF758FFFF20FFF7CF
S3150804D37021FFFF20FFF71EFFFF20FFF71BFF0346D1
S3150804D380FB73FB7B03F01F03052B01D0002300E08E
S3150804D390012318461037BD4680BD80B584B000AF5A
S3150804D3A003463960FB7197F90730002B0EDAFB79CF
S3150804D3B003F07F03FB7100213720FFF7EEFF0346D6
S3150804D3C0BB73BB7B012B01D9BB7B51E0FB790C2BCF
S3150804D3D008D0FFF75BFFFFF769FF0346002B01D16F
S3150804D3E0FF2345E0FB7943F04003DBB21846FFF719
S3150804D3F0E1FE3B681B0EDBB21846FFF7DBFE3B6813
S3150804D4001B0CDBB21846FFF7D5FE3B681B0ADBB2DA
S3150804D4101846FFF7CFFE3B68DBB21846FFF7CAFE8D
S3150804D4200123FB73FB79002B01D19523FB73FB794D
S3150804D430082B01D18723FB73FB7B1846FFF7BAFE3B
S3150804D440FB790C2B02D1FF20FFF7B4FE0A23FB73EA
S3150804D450FF20FFF7AFFE0346BB7397F90E30002B88
S3150804D46005DAFB7B013BFB73FB7B002BF0D1BB7B13
S3150804D47018461037BD4680BD90B585B000AF034643
S3150804D480FB71FB79002B01D00123D6E06D4B1B7889
S3150804D490DBB203F00203002B03D06A4B1B78DBB222
S3150804D4A0CBE0694B1B681B6823F03802664B1B6884
S3150804D4B042F030021A600A23FB7305E0FF20FFF7E7
S3150804D4C079FEFB7B013BFB73FB7B002BF6D1002328
S3150804D4D07B7300210020FFF760FF0346012B40F011
S3150804D4E08B804FF47A70FFF73BFE4FF4D571082012
S3150804D4F0FFF753FF0346012B51D10023FB730DE0BD
S3150804D500FC7BFF20FFF756FE03461A4604F1100378
S3150804D5103B4403F8082CFB7B0133FB73FB7B032B8F
S3150804D520EED9BB7A012B67D1FB7AAA2B64D100BF4B
S3150804D530FFF72AFE0346002B07D04FF08041A920A7
S3150804D540FFF72BFF0346002BF2D1FFF71DFE034618
S3150804D550002B51D000213A20FFF71FFF0346002B6A
S3150804D5604AD10023FB730DE0FC7BFF20FFF722FE64
S3150804D57003461A4604F110033B4403F8082CFB7BC4
S3150804D5800133FB73FB7B032BEED93B7A03F0400391
S3150804D590002B01D00C2300E004237B732CE000212C
S3150804D5A0A920FFF7FAFE0346012B04D802237B734E
S3150804D5B0A923BB7303E001237B730123BB7300BF59
S3150804D5C0FFF7E2FD0346002B07D0BB7B0021184674
S3150804D5D0FFF7E3FE0346002BF2D1FFF7D5FD03461A
S3150804D5E0002B07D04FF400711020FFF7D6FE034630
S3150804D5F0002B01D000237B73144A7B7B1370FFF73F
S3150804D60045FE7B7B002B12D00F4B1B681B6823F04F
S3150804D61038020D4B1B6842F010021A60094B1B783E
S3150804D620DBB223F00103DAB2064B1A7002E0054BAB
S3150804D63001221A70034B1B78DBB218461437BD4611
S3150804D64090BD00BF28000020BC440020DD4900200E
S3150804D65080B483B000AF0346FB71FB79002B01D07D
S3150804D660012302E0044B1B78DBB218460C37BD468F
S3150804D6705DF8047B704700BF2800002080B584B09D
S3150804D68000AFB9607A603B600346FB73FB7B002BF3
S3150804D69002D13B68002B01D104234DE0284B1B78AB
S3150804D6A0DBB203F00103002B01D0032344E0254B2E
S3150804D6B01B7803F00803002B02D17B685B027B60AE
S3150804D6C03B68012B11D179681120FFF766FE0346E2
S3150804D6D0002B29D14FF40071B868FFF703FE0346FF
S3150804D6E0002B21D000233B601EE079681220FFF747
S3150804D6F054FE0346002B17D14FF40071B868FFF7A0
S3150804D700F1FD0346002B0AD0BB6803F50073BB6022
S3150804D7103B68013B3B603B68002BEDD100E000BF52
S3150804D72000210C20FFF739FEFFF7B0FD3B68002BFC
S3150804D73014BF01230023DBB218461037BD4680BD4B
S3150804D74028000020DD49002080B584B000AFB96008
S3150804D7507A603B600346FB73FB7B002B02D13B6874
S3150804D760002B01D1042363E0334B1B78DBB203F0AF
S3150804D7700103002B01D003235AE02F4B1B78DBB29D
S3150804D78003F00403002B01D0022351E02B4B1B7832
S3150804D79003F00803002B02D17B685B027B603B68BD
S3150804D7A0012B10D179681820FFF7F7FD0346002BE3
S3150804D7B036D1FE21B868FFF7BEFD0346002B2FD0ED
S3150804D7C000233B602CE01D4B1B7803F00603002B5B
S3150804D7D003D039689720FFF7E0FD79681920FFF729
S3150804D7E0DCFD0346002B1BD1FC21B868FFF7A3FD1B
S3150804D7F00346002B0AD0BB6803F50073BB603B687D
S3150804D800013B3B603B68002BEED100E000BFFD21E5
S3150804D8100020FFF790FD0346002B01D101233B604E
S3150804D820FFF734FD3B68002B14BF01230023DBB24A
S3150804D83018461037BD4680BD28000020DD49002063
S3150804D84080B58CB000AF03463A60FB710B46BB71DA
S3150804D850FB79002B01D004235AE1AF4B1B78DBB2CA
S3150804D86003F00103002B01D0032351E1012387F8B8
S3150804D8702F30BB79042B00F2368101A252F823F02B
S3150804D88095D80408A9D80408E7DA040855D9040879
S3150804D8904BDA0408FFF70AFD0346002B00F027813C
S3150804D8A0002387F82F3022E100210920FFF775FDB0
S3150804D8B00346002B40F01D8107F10C03102118467E
S3150804D8C0FFF710FD0346002B00F013813B7B9B09F1
S3150804D8D0DBB2012B11D17B7D1A463B7D1B02134417
S3150804D8E01A46FB7C1B0403F47C1313440133FB61C3
S3150804D8F0FB699A023B681A6028E07B7C03F00F03F5
S3150804D900DAB2BB7DDB09DBB21344DAB27B7D5B009A
S3150804D910DBB203F00603DBB21344DBB2023387F847
S3150804D9202E303B7D9B09DBB21A46FB7C9B001A44CE
S3150804D930BB7C9B0203F4406313440133FB6197F8F1
S3150804D9402E30093BFA699A403B681A60002387F827
S3150804D9502F30CEE0714B1B7803F00403002B31D033
S3150804D96000218D20FFF719FD0346002B40F0C380E4
S3150804D970FF20FFF71FFC07F10C0310211846FFF7D9
S3150804D980B1FC0346002B00F0B680302387F82E300E
S3150804D99007E0FF20FFF70EFC97F82E30013B87F8C7
S3150804D9A02E3097F82E30002BF3D1BB7D1B09DBB242
S3150804D9B01A46102303FA02F23B681A60002387F812
S3150804D9C02F3098E000210920FFF7E7FC0346002BD7
S3150804D9D040F0918007F10C0310211846FFF782FCEA
S3150804D9E00346002B00F087804C4B1B7803F0020398
S3150804D9F0002B12D0BB7D5B0003F07E03FA7DD209AF
S3150804DA00D2B213445A1C7B7E9B09DBB2013B02FA51
S3150804DA1003F31A463B681A6013E0BB7D9B109BB25E
S3150804DA2003F01F030133FA7DD20002F01802F97DD0
S3150804DA304909C9B20A44013202FB03F31A463B6890
S3150804DA401A60002387F82F3055E0344B1B7803F00F
S3150804DA500603002B51D007F10C02FB790B2118465B
S3150804DA60FFF7EEFE0346002B49D13B7B9B09DBB24D
S3150804DA70002B04D1BB7D03F04003002B41D03B6847
S3150804DA803B623B6A1B68BB623B6A5B687B62234BEF
S3150804DA901B7803F00803002B05D1BB6A5B02BB6243
S3150804DAA07B6A5B027B62B96A2020FFF776FC034631
S3150804DAB0002B28D1796A2120FFF76FFC0346002B37
S3150804DAC021D100212620FFF768FC0346002B1AD132
S3150804DAD047F23050FFF7B6FB0346002B13D000235A
S3150804DAE087F82F300FE0042387F82F300CE000BFA7
S3150804DAF00AE000BF08E000BF06E000BF04E000BF7C
S3150804DB0002E000BF00E000BFFFF7C0FB97F82F3024
S3150804DB1018463037BD4680BD28000020DD49002060
S3150804DB2080B400AF00BFBD465DF8047B70470000B3
S3150804DB3080B582B000AF78607B6893F86A31052BAC
S3150804DB401CD17B6893F8693119462C4A0B465B004D
S3150804DB500B449B00134404331B68002B49D07B6891
S3150804DB6093F869311946254A0B465B000B449B001A
S3150804DB70134404331B68786898473AE07B6893F83B
S3150804DB806931032B1BD87B6893F8693119461B4AFC
S3150804DB900B465B000B449B00134408331B68002B9D
S3150804DBA00DD07B6893F869311946144A0B465B0015
S3150804DBB00B449B00134408331B68786898477B68B2
S3150804DBC093F86A3119460D4A0B465B000B449B00D1
S3150804DBD013441B68002B0CD07B6893F86A311946EA
S3150804DBE0064A0B465B000B449B0013441B68786883
S3150804DBF0984700BF0837BD4680BD00BF30F9060800
S3150804DC0080B582B000AF786002201AF00FFD034693
S3150804DC10002B13D01AF0A0FC124913481AF064FC1E
S3150804DC207B6893F8693119467B6893F86A311A4612
S3150804DC300E481AF059FC0E481AF056FC7B6893F8FD
S3150804DC4069217B6883F868217B6893F86A217B6875
S3150804DC5083F869217B68052283F86A2100BF08379F
S3150804DC60BD4680BDE0D60608E4D60608ECD6060806
S3150804DC7004D7060890B587B004AF78607B68264950
S3150804DC8018461BF0D7FB7B6803F12000234BB3F837
S3150804DC90E03D1C46214BB3F8E23D1A461F4BB3F848
S3150804DCA0E43D19461D4BB3F8E63D029301910092F3
S3150804DCB023461B4A20211BF089FB7B68032283F831
S3150804DCC040207B68052283F842207B68032283F878
S3150804DCD044207B680022A3F846207B680022A3F828
S3150804DCE048207B68F022A3F84A207B684FF4A07288
S3150804DCF0A3F84C207B680022A3F850207B684FF6D3
S3150804DD00FF72A3F84E207B68903318460DF0BAFCD0
S3150804DD1000BF0C37BD4690BD08D70608344C002012
S3150804DD2018D7060880B58EB000AF786007F10803E7
S3150804DD302E22002118461BF003FC7B684233184642
S3150804DD400AF046FE7A6807F10803083311461846AE
S3150804DD501BF070FB03233B720323BB727B68B3F887
S3150804DD604C305B089BB2BB817B68B3F84A309B088E
S3150804DD709BB2FB814FF6FF73BB8600237B86022387
S3150804DD8087F8303007F1080318460BF027F97B6843
S3150804DD9003F1200207F108030833114618461BF05D
S3150804DDA049FB7B68B3F876309B089BB21A46520047
S3150804DDB013449BB2FB8107F1080318460BF00EF9CE
S3150804DDC000BF3837BD4680BD80B483B000AF7860E5
S3150804DDD07B68B3F846207B68A3F878207B68B3F899
S3150804DDE048207B68A3F87A207B68B3F84C305B0834
S3150804DDF09AB27B68A3F87C207B68B3F84A207B68D0
S3150804DE00A3F87E207B68B3F846207B68B3F84C30C9
S3150804DE105B089BB213449AB27B68A3F880207B689C
S3150804DE20B3F848207B68A3F882207B68B3F84C30A3
S3150804DE305B089AB27B68A3F884207B68B3F84A2007
S3150804DE407B68A3F886207B68B3F846207B68A3F82A
S3150804DE5088207B68B3F848207B68A3F88A207B6807
S3150804DE60B3F84C207B68A3F88C207B68B3F84A2067
S3150804DE707B68A3F88E207B687A68C3F86C217B6874
S3150804DE80974AC3F8EC2A7B68012283F8F02A7B6850
S3150804DE90D3F8EC3A202283F81C247B68D3F8EC3AAE
S3150804DEA0082283F83C247B68D3F8EC3A0122C3F8A9
S3150804DEB040247B68D3F8EC3A002283F84A247B682A
S3150804DEC0D3F8EC3A45F25842A3F846247B68D3F8CB
S3150804DED0EC3A45F25842A3F848247B68D3F8EC3A5E
S3150804DEE0222283F844247B68D3F8EC3A002283F888
S3150804DEF04A247B68D3F8EC3A45F25842A3F84624F8
S3150804DF007B68D3F8EC3A45F25842A3F848247B6870
S3150804DF10D3F8EC3A222283F844247B687A68C3F857
S3150804DF20A02B7B6803F580531A466E4BC2F820353E
S3150804DF307B6803F58053022283F824257B6803F55E
S3150804DF408053D3F82035202283F81C247B6803F5F4
S3150804DF508053D3F82035082283F83C247B6803F5DC
S3150804DF608053D3F820350122C3F840247B6803F58F
S3150804DF708053D3F82035002283F84A247B6803F5B6
S3150804DF808053D3F8203545F25842A3F846247B68D3
S3150804DF9003F58053D3F8203545F25842A3F84824AC
S3150804DFA07B6803F58053D3F82035222283F844246A
S3150804DFB07B6803F58053D3F82035002283F84A2476
S3150804DFC07B6803F58053D3F8203545F25842A3F805
S3150804DFD046247B6803F58053D3F8203545F2584226
S3150804DFE0A3F848247B6803F58053D3F82035222206
S3150804DFF083F844247B6803F580531A467B68C2F881
S3150804E000D4357B6803F580531A46374BC2F8543F18
S3150804E0107B6803F58053032283F8582F7B6803F53E
S3150804E0208053D3F8543F202283F81C247B6803F5D5
S3150804E0308053D3F8543F082283F83C247B6803F5BD
S3150804E0408053D3F8543F0122C3F840247B6803F570
S3150804E0508053D3F8543F002283F84A247B6803F597
S3150804E0608053D3F8543F45F25842A3F846247B68B4
S3150804E07003F58053D3F8543F45F25842A3F848248D
S3150804E0807B6803F58053D3F8543F222283F844244B
S3150804E0907B6803F58053D3F8543F002283F84A2457
S3150804E0A07B6803F58053D3F8543F45F25842A3F8E6
S3150804E0B046247B6803F58053D3F8543F45F2584207
S3150804E0C0A3F848247B6803F58053D3F8543F2222E7
S3150804E0D083F8442400BF0C37BD465DF8047B7047BB
S3150804E0E0404C0020CC5000205855002080B582B002
S3150804E0F000AF786001F0F6FA7B6893F8403018466A
S3150804E10001F0F6F87868FFF77BFD7868FFF7B2FD4B
S3150804E1107868FFF707FE7868FFF756FE00BF0837EA
S3150804E120BD4680BD80B483B000AF78607B680122A9
S3150804E13083F86A2100BF0C37BD465DF8047B704737
S3150804E14080B483B000AF786000BF0C37BD465DF875
S3150804E150047B704780B582B000AF78607868FFF7B3
S3150804E1604FFD00BF0837BD4680BD80B582B000AFFD
S3150804E17078607B6803F5B673184611F005F97B6871
S3150804E18003F53A63184611F0FFF87B6893F8713182
S3150804E190082B00BF0837BD4680BD80B483B000AFE6
S3150804E1A0786000BF0C37BD465DF8047B704780B5C0
S3150804E1B082B000AF78607868FFF722FD00BF0837A1
S3150804E1C0BD4680BD80B582B000AF78607B6803F534
S3150804E1D0AE531433184611F0D7F800BF0837BD46B6
S3150804E1E080BD80B483B000AF786000BF0C37BD46ED
S3150804E1F05DF8047B704780B582B000AF78607868B4
S3150804E200FFF7FEFC00BF0837BD4680BD80B483B067
S3150804E21000AF786000BF0C37BD465DF8047B7047D5
S3150804E22080B483B000AF786000BF0C37BD465DF894
S3150804E230047B704790B589B000AF0446084611467A
S3150804E2401A462346FB800346BB800B467B8013464F
S3150804E2507B707B88FB610023BB6101237B610123FF
S3150804E2603B617B885B007A69D31AFB60B4E097F953
S3150804E2700130002B0DDAFB699AB2FB88134498B275
S3150804E280BB699AB2BB8813449BB23A8E194601F00D
S3150804E290EBF87B7803F04003002B0DD0BB699AB2E8
S3150804E2A0FB88134498B2FB699AB2BB8813449BB2A1
S3150804E2B03A8E194601F0D8F87B7803F02003002B30
S3150804E2C00DD0BB699BB2FA88D31A98B2FB699AB285
S3150804E2D0BB8813449BB23A8E194601F0C5F87B787D
S3150804E2E003F01003002B0DD0FB699BB2FA88D31AEE
S3150804E2F098B2BB699AB2BB8813449BB23A8E194644
S3150804E30001F0B2F87B7803F00803002B0DD0FB6903
S3150804E3109BB2FA88D31A98B2BB699BB2BA88D31A45
S3150804E3209BB23A8E194601F09FF87B7803F00403F2
S3150804E330002B0DD0BB699BB2FA88D31A98B2FB6935
S3150804E3409BB2BA88D31A9BB23A8E194601F08CF856
S3150804E3507B7803F00203002B0DD0BB699AB2FB88C5
S3150804E360134498B2FB699BB2BA88D31A9BB23A8E05
S3150804E370194601F079F87B7803F00103002B0DD0D8
S3150804E380FB699AB2FB88134498B2BB699BB2BA88F4
S3150804E390D31A9BB23A8E194601F066F8FB68002B2D
S3150804E3A009DCBB690133BB61FA683B691344FB604A
S3150804E3B03B6902333B61FB68002B0DDDFB69013BBE
S3150804E3C0FB617B6902337B617B885B425A007B690C
S3150804E3D01344FA681344FB60FA69BB699A42BFF6A8
S3150804E3E046AF00BF00BF2437BD4690BD2DE9F043B4
S3150804E3F095B002AF0646084611461A463346FB81CF
S3150804E4000346BB810B467B8113467B727B897B64FF
S3150804E41000233B647B6CC3F10103FB637B895B00CC
S3150804E4200133BB627B8901337B62BE6A731E3B621E
S3150804E43032460023904699464FF000024FF00003F7
S3150804E4404FEA091343EA18734FEA0812BB6A3246BD
S3150804E4505200114618461AF03BF90346FB61796ADD
S3150804E46079604B1EBB610A46002314461D464FF0CD
S3150804E47000024FF000032B0143EA147322017B6A5E
S3150804E4800A465200114618461AF022F903467B61D9
S3150804E4900023BB6318E000237B630EE03246BB6BA4
S3150804E4A002FB03F35B00FA6913447A6BB7F86C1042
S3150804E4B023F812107B6B01337B637A6BBB6A9A422F
S3150804E4C0ECDBBB6B0133BB63BA6BBB6A9A42E2DB18
S3150804E4D0ABE0FA897B6CD31A3B633EE07A893B6BE3
S3150804E4E01A44FB89D31ABB63BB6B002B12DA1020C0
S3150804E4F01AF09CF80346002B0CD01AF02DF8A44900
S3150804E500A44819F0F1FFB96BA34819F0EDFFA34825
S3150804E51019F0EAFF7B893A6C13447B633246BB6B7A
S3150804E52002FB03F35B00FA6913447A6BB7F86810C5
S3150804E53023F812107A893B6CD31A7B633246BB6B79
S3150804E54002FB03F35B00FA6913447A6BB7F86810A5
S3150804E55023F812103B6B01333B63FA897B6C134433
S3150804E5603A6B9A42BADDFA893B6CD31AFB623EE0EF
S3150804E5707A89FB6A1A44FB89D31ABB63BB6B002BE3
S3150804E58012DA10201AF052F80346002B0CD019F0B0
S3150804E590E3FF7F497F4819F0A7FFB96B7E4819F056
S3150804E5A0A3FF7E4819F0A0FF7B897A6C13447B632A
S3150804E5B03246BB6B02FB03F35B00FA6913447A6BBE
S3150804E5C0B7F8681023F812107A897B6CD31A7B6320
S3150804E5D03246BB6B02FB03F35B00FA6913447A6B9E
S3150804E5E0B7F8681023F81210FB6A0133FB62FA893C
S3150804E5F03B6C1344FA6A9A42BADD3B6C01333B64BA
S3150804E600FB6B002B06DC3B6C5B000133FA6B134493
S3150804E610FB630AE07B6C013B7B643A6C7B6CD31A24
S3150804E6205B000133FA6B1344FB637A6C3B6C9A42C6
S3150804E630BFF64FAF7B7A032B00F23F8101A252F853
S3150804E64023F000BF55E60408EBE6040883E704084C
S3150804E65029E804080023BB6322E000237B6318E04F
S3150804E6603246BB6B02FB03F35B00FA691A447989E9
S3150804E6707B6B19447868BB6B00FB03F35B00786912
S3150804E680034432F811107A6B23F812107B6B0133AA
S3150804E6907B637B897A6B9A42E2DDBB6B0133BB638E
S3150804E6A07B89BA6B9A42D8DDBA897B89D31A9CB21C
S3150804E6B07B6A9DB27B6A9EB27B697A6A91B27A6AF0
S3150804E6C092B211FB02F292B2F88901920093334690
S3150804E6D02A46214600F0AEFF7A89B989F8890023CB
S3150804E6E000930323FFF7A6FDE7E00023BB6320E0BE
S3150804E6F000237B6316E03246BB6B02FB03F35B0025
S3150804E700FA691A447968BB6B01FB03F35B00796900
S3150804E7100B44796B32F811107A6B23F812107B6B61
S3150804E72001337B637A6B7B6A9A42E4DBBB6B013306
S3150804E730BB63BA6B7B6A9A42DADBFA897B89D31A9A
S3150804E74098B2BA897B89D31A9CB27B6A9DB27B6AD2
S3150804E7509EB27B697A6A91B27A6A92B211FB02F224
S3150804E76092B20192009333462A46214600F062FF8C
S3150804E7707A89B989F889002300930C23FFF75AFD8F
S3150804E7809BE00023BB632BE000237B6321E000BFEF
S3150804E79030D7060834D706083CD7060844D70608EF
S3150804E7A07A89BB6B1344324602FB03F35B00FA69AE
S3150804E7B01A447968BB6B01FB03F35B0079690B4464
S3150804E7C0796B32F811107A6B23F812107B6B0133CC
S3150804E7D07B637B897A6B9A42E2DDBB6B0133BB634D
S3150804E7E07B89BA6B9A42CFDDFA897B89D31A98B2A8
S3150804E7F07B6A9CB27B6A9DB27B697A6A91B27A6AB1
S3150804E80092B211FB02F292B2B989019200932B4695
S3150804E810224600F00FFF7A89B989F8890023009304
S3150804E8203023FFF707FD48E00023BB6324E00023F9
S3150804E8307B631AE07A89BB6B1344324602FB03F303
S3150804E8405B00FA691A4479897B6B19447868BB6B4F
S3150804E85000FB03F35B007869034432F811107A6B02
S3150804E86023F812107B6B01337B637B897A6B9A429C
S3150804E870E0DDBB6B0133BB637B89BA6B9A42D6DD99
S3150804E8807B6A9CB27B6A9DB27B697A6A91B27A6A20
S3150804E89092B211FB02F292B2B989F88901920093F5
S3150804E8A02B46224600F0C6FE7A89B989F8890023E0
S3150804E8B00093C023FFF7BEFC00BFF86919F02EFFCA
S3150804E8C0786919F02BFF00BF4C37BD46BDE8F083C5
S3150804E8D090B587B000AF0446084611461A46234643
S3150804E8E0FB800346BB800B467B8013463B80002394
S3150804E8F0FB820023BB820023FB740023BB744FF006
S3150804E9000003FB607A88FB88D31A07EE903AF8EE80
S3150804E910E77AC7ED037AD7ED037AF5EEC07AF1EE16
S3150804E92010FA01D50123FB744FF00003FB603A8803
S3150804E930BB88D31A07EE903AF8EEE77AC7ED037A5E
S3150804E940D7ED037AF5EEC07AF1EE10FA01D5012374
S3150804E950BB74FB7C002B04D17A88FB88D31AFB8210
S3150804E96003E0FA887B88D31AFB823B8DFA8AB98836
S3150804E970F88800F0CAFF3B8DFA8A3988F88800F0CF
S3150804E980C4FFBB7C002B04D13A88BB88D31ABB824C
S3150804E99003E0BA883B88D31ABB823B8DBA8AB98806
S3150804E9A0F88801F010F83B8DBA8AB988788801F09E
S3150804E9B00AF8FB8A002B02D1BB8A002B05D03A8DB4
S3150804E9C039887B88184600F04FFD00BF1C37BD46C2
S3150804E9D090BD90B589B002AF0446084611461A465A
S3150804E9E02346FB800346BB800B467B8013463B804D
S3150804E9F00023FB820023BB820023FB740023BB7421
S3150804EA000023BB6000233B820023FB817A88FB88B2
S3150804EA10D31ABB60BB68002B01DA0123FB740023FD
S3150804EA20BB603A88BB88D31ABB60BB68002B01DA83
S3150804EA300123BB74FB7C002B06D17A88FB88D31A86
S3150804EA40FB82FB883B8205E0FA887B88D31AFB8223
S3150804EA507B883B82BB7C002B06D13A88BB88D31AB9
S3150804EA60BB82BB88FB8105E0BA883B88D31ABB8284
S3150804EA703B88FB81BC8AFA8AF989388A3B8D0093DC
S3150804EA80234600F07BFD00BF1C37BD4690BD000041
S3150804EA90F0B5ADF5057D02AF84460E461046194617
S3150804EAA007F50273A3F2012362461A7007F5027387
S3150804EAB0A3F5017332461A8007F50273A3F20623F7
S3150804EAC002461A8007F50273A3F502730A461A80EA
S3150804EAD0B7F8202213465B0013445B001E46731ED8
S3150804EAE0C7F8FC313246002314461D464FF000028F
S3150804EAF04FF000032B0143EA14732201B7F82032BE
S3150804EB00DB001A4633465B001946104619F0E0FD49
S3150804EB100346C7F8F83107F5CA7360220021184678
S3150804EB201AF00EFD07F50273A3F5FA7318464FF4A7
S3150804EB30C0731A4600211AF003FD07F50273A3F2FF
S3150804EB4001231B7887F8F73197F8F7311F2B05D877
S3150804EB5007F50273A3F2012300221A70002387F82B
S3150804EB60033217E097F8F72197F8030297F8031288
S3150804EB70AB4C13465B0013445B00234403441A78E6
S3150804EB8007F50273A3F5FE735A5497F80332013353
S3150804EB9087F8033297F80332052BE3D9002387F85D
S3150804EBA0063218E2002387F807320AE297F8063293
S3150804EBB007F50272A2F5FE72D35C1A4697F8073275
S3150804EBC042FA03F303F00103002B00F0FC80B7F8C4
S3150804EBD02032012B12D197F80732324602FB03F38F
S3150804EBE05B00D7F8F821134497F8062207F5027153
S3150804EBF0A1F50271098823F81210DDE1002387F8CC
S3150804EC00053234E0002387F8043224E097F8073203
S3150804EC10B7F8202203FB02F297F80532134432466A
S3150804EC2002FB03F35B00D7F8F821134497F806228E
S3150804EC30B7F8201202FB01F197F804220A4407F5F3
S3150804EC400271A1F50271098823F8121097F80432A3
S3150804EC50013387F8043297F804329BB2B7F82022B6
S3150804EC609A42D3D897F80532013387F8053297F8CC
S3150804EC7005329BB2B7F820229A42C3D8B7F8203295
S3150804EC80022B74D197F80732B7F8202203FB02F255
S3150804EC9097F80632B7F8201201FB03F007F502735A
S3150804ECA0A3F5FA7113465B0013449B00034407F566
S3150804ECB00272A2F50272128821F8132097F8073215
S3150804ECC0B7F8202202FB03F35A1C97F80632B7F862
S3150804ECD0201201FB03F007F50273A3F5FA71134634
S3150804ECE05B0013449B00034407F50272A2F5027203
S3150804ECF0128821F8132097F80732B7F8202203FB65
S3150804ED0002F297F80632B7F8201201FB03F3581CEF
S3150804ED1007F50273A3F5FA7113465B0013449B00C7
S3150804ED20034407F50272A2F50272128821F8132029
S3150804ED3097F80732B7F8202202FB03F35A1C97F810
S3150804ED400632B7F8201201FB03F3581C07F50273C1
S3150804ED50A3F5FA7113465B0013449B00034407F5B5
S3150804ED600272A2F50272128821F8132024E197F898
S3150804ED7006329BB2B7F8202212FB03F39AB207F5C0
S3150804ED800273A3F501731B88134498B297F80732E4
S3150804ED909BB2B7F8202212FB03F39AB207F5027363
S3150804EDA0A3F206231B88134499B2B7F82042B7F88E
S3150804EDB0202207F50273A3F502731B8800932346E2
S3150804EDC000F0DCFBF8E0B7F82032012B20D197F8E5
S3150804EDD0072297F8061213465B0013445B000B449C
S3150804EDE05B0003F502733B44B7F8242223F8742C1A
S3150804EDF097F80732324602FB03F35B00D7F8F8218B
S3150804EE00134497F80622B7F8241223F81210D3E00D
S3150804EE10002387F8053233E0002387F8043223E019
S3150804EE203420002097F80732B7F8202203FB02F2B1
S3150804EE3097F805321344324602FB03F35B00D7F80E
S3150804EE40F821134497F80622B7F8201202FB01F1B9
S3150804EE5097F804220A44B7F8241223F8121097F8EC
S3150804EE600432013387F8043297F804329BB2B7F8B0
S3150804EE7020229A42D6D897F80532013387F8053204
S3150804EE8097F805329BB2B7F820229A42C4D8B7F845
S3150804EE902032022B68D197F80732B7F8202203FBF1
S3150804EEA002F297F80632B7F8201201FB03F007F5C9
S3150804EEB00273A3F5FA7113465B0013449B000344DB
S3150804EEC0B7F8242221F8132097F80732B7F8202236
S3150804EED002FB03F35A1C97F80632B7F8201201FB13
S3150804EEE003F007F50273A3F5FA7113465B0013449E
S3150804EEF09B000344B7F8242221F8132097F8073215
S3150804EF00B7F8202203FB02F297F80632B7F8201264
S3150804EF1001FB03F3581C07F50273A3F5FA711346AC
S3150804EF205B0013449B000344B7F8242221F81320FA
S3150804EF3097F80732B7F8202202FB03F35A1C97F80E
S3150804EF400632B7F8201201FB03F3581C07F50273BF
S3150804EF50A3F5FA7113465B0013449B000344B7F800
S3150804EF60242221F8132027E097F806329BB2B7F833
S3150804EF70202212FB03F39AB207F50273A3F5017371
S3150804EF801B88134498B297F807329BB2B7F8202225
S3150804EF9012FB03F39AB207F50273A3F206231B883E
S3150804EFA0134499B2B7F82042B7F82022B7F82432A6
S3150804EFB00093234600F0E2FA97F80732013387F8FC
S3150804EFC0073297F80732072B7FF6F0AD97F8063223
S3150804EFD0013387F8063297F80632052B7FF6E2AD39
S3150804EFE0B7F820321A46520013445B009DB2B7F8AC
S3150804EFF02032DB009EB2D7F8F821B7F8203213FB8B
S3150804F00003F39BB2194649000B441B019BB207F54F
S3150804F0100271A1F206210C8807F50271A1F50171A6
S3150804F02008880193009233462A46214600F002FBDB
S3150804F030D7F8F80119F072FB00BF07F50377BD4648
S3150804F040F0BD00BF90B587B002AFBA601A46034652
S3150804F050FB810B46BB811346FB8016E0BB685A1C32
S3150804F060BA6018783C8CBA89F989BB8C0193FB88F9
S3150804F07000932346FFF70CFDFB881A4652001344F7
S3150804F0805B009AB2FB891344FB81BB681B78002B8F
S3150804F090E4D100BF00BF1437BD4690BD90B585B016
S3150804F0A002AF0446084611461A462346FB80034621
S3150804F0B0BB800B467B8013463B80FA887B881344C7
S3150804F0C09AB23B8BD31A9BB2013B98B2BA883B8B54
S3150804F0D0134499B23A8B3B8C0193BB8B0093002360
S3150804F0E0FFF784F9FA883B8B134498B2BA883B8BAA
S3150804F0F0134499B23A8B3B8C0193BB8B009301233F
S3150804F100FFF774F9FA883B8B134498B2BA883B889C
S3150804F11013449AB23B8BD31A9BB2013B99B23A8BEE
S3150804F1203B8C0193BB8B00930223FFF75FF9FA88A4
S3150804F1307B8813449AB23B8BD31A9BB2013B98B291
S3150804F140BA883B8813449AB23B8BD31A9BB2013BC9
S3150804F15099B23A8B3B8C0193BB8B00930323FFF73D
S3150804F16045F9FA883B8B134498B23B8B5B009BB2F8
S3150804F1707A88D31A9AB23C88B988BB8B00932346FB
S3150804F18000F0FCF9FA883B8B134498B23B8B5B007E
S3150804F1909BB27A88D31A9AB2B988002300F0B5FBD1
S3150804F1A0FA883B8B134498B2BA883B8813449BB2BB
S3150804F1B0013B99B23B8B5B009BB27A88D31A9AB20D
S3150804F1C0002300F0A2FBBA883B8B134499B23B8B0D
S3150804F1D05B009BB23A88D31A9CB27A88F888BB8BB0
S3150804F1E00093234600F0CAF9BA883B8B134499B2B4
S3150804F1F03B8B5B009BB23A88D31A9AB2F8880023F1
S3150804F20000F0E1FBFA887B8813449BB2013B98B271
S3150804F210BA883B8B134499B23B8B5B009BB23A8802
S3150804F220D31A9AB2002300F0CEFB00BF0C37BD46B2
S3150804F23090BD000080B500AF01224FF4004102489A
S3150804F240F6F794FE00BF80BD0010004880B500AFF5
S3150804F25000224FF400410848F6F788FE0A20F4F71E
S3150804F26047F901224FF400410348F6F77FFEC82008
S3150804F270F4F73EF900BF80BD0010004880B582B09F
S3150804F28000AF0346FB71F91D012301220348F9F770
S3150804F29076F900BF0837BD4680BD00BF5844002034
S3150804F2A080B582B000AF0346FB71002204210548ED
S3150804F2B0F6F75CFEFB791846FFF7E0FF00BF083750
S3150804F2C0BD4680BD000C004880B582B000AF034639
S3150804F2D0FB71012204210548F6F748FEFB79184616
S3150804F2E0FFF7CCFF00BF0837BD4680BD000C0048B9
S3150804F2F080B582B000AF0346FB713620FFF7D0FF16
S3150804F300FB79032B1AD801A252F823F01DF304083B
S3150804F31025F304082DF3040835F30408C020FFF781
S3150804F320D3FF0CE0A020FFF7CFFF08E00020FFF78B
S3150804F330CBFF04E06020FFF7C7FF00E000BF00BF73
S3150804F3400837BD4680BD00BF2DE9F0438DB000AF38
S3150804F35003463960FB806B461E460023FB623B6806
S3150804F3605B00B3F5FA7F02D23B68FB6202E04FF416
S3150804F370FA73FB62012204213948F6F7F7FDFB8884
S3150804F3801B0A9BB287F82330F96A0B46013BFB61DB
S3150804F3900023884699464FF000024FF000034FEACF
S3150804F3A0C90343EA58734FEAC80200230C461D46AC
S3150804F3B04FF000024FF00003EB0043EA5473E200F7
S3150804F3C0CB1DDB08DB00ADEB030D6B460033BB61DD
S3150804F3D00023BB620EE0BA69BB6A134497F823207C
S3150804F3E01A70BB6A0133FA88D1B2BA69D154BB6AB6
S3150804F3F00233BB62BA6AFB6A9A42ECD33B685B0087
S3150804F4007B617A69FB6AB2FBF3F33B617B69FA6A4F
S3150804F410B3FBF2F2F96A01FB02F29B1AFB603B6941
S3150804F420002B10D000237B6209E0FB6A9AB264239E
S3150804F430B9690C48F9F7A3F87B6A01337B627A6ADF
S3150804F4403B699A42F1D3FB689AB26423B9690548C1
S3150804F450F9F795F8B54600BF3437BD46BDE8F083DD
S3150804F460000C00485844002080B586B000AF034617
S3150804F470FB800B46BB8013467B803C4B1B889BB2A8
S3150804F480FA889A426ED23A4B1B889BB2BA889A4239
S3150804F49068D2002204213748F6F768FD2A20FFF7C8
S3150804F4A0EDFE012204213348F6F760FDFB881B0AAA
S3150804F4B09BB2DBB23B75FB88DBB27B75FB880133F9
S3150804F4C01B12DBB2BB75FB88DBB20133DBB2FB75FF
S3150804F4D007F11401012304222748F9F750F80022FA
S3150804F4E004212448F6F742FD2B20FFF7C7FE012224
S3150804F4F004212048F6F73AFDBB881B0A9BB2DBB207
S3150804F5003B74BB88DBB27B74BB8801331B12DBB24A
S3150804F510BB74BB88DBB20133DBB2FB7407F11001A1
S3150804F520012304221448F9F72AF800220421114871
S3150804F530F6F71CFD2C20FFF7A1FE012204210D4835
S3150804F540F6F714FD7B881B0A9BB2DBB23B737B88F8
S3150804F550DBB27B7307F10C01012302220648F9F793
S3150804F5600EF800E000BF1837BD4680BD36260020D9
S3150804F57034260020000C00485844002090B583B077
S3150804F58000AF0446084611461A462346FB8003463E
S3150804F590BB800B467B8013463B80244B1B889BB25F
S3150804F5A0FA889A423DD2224B1B889BB2BA889A4261
S3150804F5B037D2FA887B8813441C4A128892B293423B
S3150804F5C005DD1A4B1B889AB2FB88D31A7B80BA8846
S3150804F5D03B881344164A128892B2934205DD144BAB
S3150804F5E01B889AB2BB88D31A3B80FA887B88134453
S3150804F5F09BB2013B9CB2BA883B8813449BB2013B3D
S3150804F6009BB2B988F888224600F033F93B887A8891
S3150804F61002FB03F31A463B8B11461846FFF794FE82
S3150804F62000E000BF0C37BD4690BD00BF362600205B
S3150804F6303426002090B585B000AF04460846114626
S3150804F6401A462346FB800346BB800B467B8013463B
S3150804F6503B80FA887B8813449BB2013B9CB2BA88E8
S3150804F6603B8813449BB2013B9BB2B988F88822466F
S3150804F67000F0FFF8012204211848F6F777FC002366
S3150804F680FB811BE0FB895B003A6A13441B88BB8138
S3150804F690FB895B003A6A13441B881B021AB2BB89AE
S3150804F6A01B0A9BB21BB2134319B2FB895B003A6A65
S3150804F6B013448AB21A80FB890133FB81FA89BB8C0D
S3150804F6C09A42DFD3BB8C5B009AB26423396A044836
S3150804F6D0F8F755FF00BF1437BD4690BD000C004827
S3150804F6E05844002080B500AFFFF7A4FD0120F3F7C6
S3150804F6F0FFFEFFF7ABFD0A20F3F7FAFEFFF79AFDC4
S3150804F7007820F3F7F5FE3A20FFF7CAFD5520FFF7F0
S3150804F710DBFDB220FFF7C4FD0C20FFF7D5FD0C2056
S3150804F720FFF7D2FD0020FFF7CFFD3320FFF7CCFD0E
S3150804F7303320FFF7C9FDB720FFF7B2FD3520FFF7E1
S3150804F740C3FDBB20FFF7ACFD1920FFF7BDFDC020A4
S3150804F750FFF7A6FD2C20FFF7B7FDC220FFF7A0FD93
S3150804F7600120FFF7B1FDC320FFF79AFD1220FFF72A
S3150804F770ABFDC420FFF794FD2020FFF7A5FDC620A6
S3150804F780FFF78EFD0F20FFF79FFDD020FFF788FDBA
S3150804F790A420FFF799FDA120FFF796FDE020FFF7C7
S3150804F7A07FFDD020FFF790FD0420FFF78DFD0D2087
S3150804F7B0FFF78AFD1120FFF787FD1320FFF784FD65
S3150804F7C02B20FFF781FD3F20FFF77EFD5420FFF72E
S3150804F7D07BFD4C20FFF778FD1820FFF775FD0D20FB
S3150804F7E0FFF772FD0B20FFF76FFD1F20FFF76CFD77
S3150804F7F02320FFF769FDE120FFF752FDF020FFF70C
S3150804F80063FD0720FFF760FD0A20FFF75DFD0D2065
S3150804F810FFF75AFD0B20FFF757FD0720FFF754FDA6
S3150804F8202820FFF751FD3320FFF74EFD3E20FFF752
S3150804F8304BFD3620FFF748FD1420FFF745FD14203D
S3150804F840FFF742FD2920FFF73FFD3220FFF73CFD75
S3150804F8502120FFF725FD1120FFF722FD7820F3F775
S3150804F86047FE1320FFF71CFD2920FFF719FD00BFEB
S3150804F87080BD90B583B000AF0446084611461A46C3
S3150804F8802346FB800346BB800B467B8013463B809E
S3150804F8902A20FFF705FDFB881B0A9BB2DBB2184634
S3150804F8A0FFF712FDFB88DBB21846FFF70DFD7B88D0
S3150804F8B01B0A9BB2DBB21846FFF706FD7B88DBB250
S3150804F8C01846FFF701FD2B20FFF7EAFCBB881B0A45
S3150804F8D09BB2DBB21846FFF7F7FCBB88DBB21846C7
S3150804F8E0FFF7F2FC3B881B0A9BB2DBB21846FFF70C
S3150804F8F0EBFC3B88DBB21846FFF7E6FC2C20FFF747
S3150804F900CFFC00BF0C37BD4690BDB0B5ADF5267D1E
S3150804F91002AF05460C461046194607F52473A3F2AA
S3150804F9208A232A461A8007F52473A3F523732246E5
S3150804F9301A8007F52473A3F28E2302461A8007F564
S3150804F9402473A3F524730A461A800023A7F88E3273
S3150804F9500023A7F88E3211E0B7F88E2207F5247330
S3150804F960A3F5217307F52471A1F52471098823F8F1
S3150804F9701210B7F88E320133A7F88E32B7F88E32E2
S3150804F980B3F5A07FE8D307F52473A3F28E231A8868
S3150804F99007F52473A3F52373198807F52473A3F2CB
S3150804F9A08A23188807F52473A3F28E231B880193E8
S3150804F9B007F10C0300930123FFF73CFE00BF07F58C
S3150804F9C02477BD46B0BDB0B5ADF5267D02AF054674
S3150804F9D00C461046194607F52473A3F28A232A46C9
S3150804F9E01A8007F52473A3F5237322461A8007F5AC
S3150804F9F02473A3F28E2302461A8007F52473A3F50B
S3150804FA0024730A461A800023A7F88E320023A7F81F
S3150804FA108E3211E0B7F88E2207F52473A3F5217305
S3150804FA2007F52471A1F52471098823F81210B7F88B
S3150804FA308E320133A7F88E3207F52473A3F28E2388
S3150804FA40B7F88E221B889A42E4D307F52473A3F2E7
S3150804FA508E231A8807F52473A3F52373198807F5E3
S3150804FA602473A3F28A23188807F52473A3F28E2332
S3150804FA701B88019307F10C03009313460122FFF731
S3150804FA80D9FD00BF07F52477BD46B0BD80B584B05F
S3150804FA9000AF0346FB71FB79084A9B0013445B6875
S3150804FAA05B68FA7905490A44127A10469847034668
S3150804FAB0FB73FB7B18461037BD4680BD104C0020EF
S3150804FAC080B584B000AF0346FB710023FB73FB7952
S3150804FAD00D4AD35C002B11D1FB790B4A0121D15471
S3150804FAE0FB79094A9B0013445B681B68FA79064943
S3150804FAF00A44127A104698470346FB73FB7B18465A
S3150804FB001037BD4680BD00BF104C002090B587B0A5
S3150804FB1000AFB9607A603B600346FB73FB7B0A4A15
S3150804FB209B0013445B689C68FB7B074A1344187A5A
S3150804FB303B687A68B968A0470346FB75FB7D184697
S3150804FB401C37BD4690BD00BF104C002090B587B049
S3150804FB5000AFB9607A603B600346FB73FB7B0A4AD5
S3150804FB609B0013445B68DC68FB7B074A1344187ADA
S3150804FB703B687A68B968A0470346FB75FB7D184657
S3150804FB801C37BD4690BD00BF104C002080B584B01C
S3150804FB9000AF03463A60FB710B46BB71FB79094A11
S3150804FBA09B0013445B681B69FA7906490A44107A70
S3150804FBB0B9793A6898470346FB73FB7B18461037AE
S3150804FBC0BD4680BD104C002080B485B000AF786077
S3150804FBD07B6801331B78FB81FB891B021AB27B689D
S3150804FBE01B781BB213431BB2FB81FB8918461437D7
S3150804FBF0BD465DF8047B704780B485B000AF786075
S3150804FC007B6803331B78FB60FB681B027A68023245
S3150804FC1012781343FB60FB681B027A680132127878
S3150804FC201343FB60FB681B027A6812781343FB6074
S3150804FC30FB6818461437BD465DF8047B704780B4E4
S3150804FC4083B000AF78600B467B807B685A1C7A6069
S3150804FC507A88D2B21A707B881B0A7B807B685A1C06
S3150804FC607A607A88D2B21A7000BF0C37BD465DF83E
S3150804FC70047B704780B483B000AF786039607B68D2
S3150804FC805A1C7A603A68D2B21A703B681B0A3B60FF
S3150804FC907B685A1C7A603A68D2B21A703B681B0AA7
S3150804FCA03B607B685A1C7A603A68D2B21A703B6821
S3150804FCB01B0A3B607B685A1C7A603A68D2B21A708F
S3150804FCC000BF0C37BD465DF8047B704780B487B027
S3150804FCD000AFF860B9607A60FB687B61BB683B611A
S3150804FCE07B68002B0DD03A69531C3B617B69591C10
S3150804FCF0796112781A707B68013B7B607B68002BFC
S3150804FD00F1D100BF1C37BD465DF8047B704780B44B
S3150804FD1087B000AFF860B9607A60FB687B617B697D
S3150804FD205A1C7A61BA68D2B21A707B68013B7B6046
S3150804FD307B68002BF3D100BF00BF1C37BD465DF8B6
S3150804FD40047B704780B489B000AFF860B9607A6004
S3150804FD50FB68FB61BB68BB6100237B61FB695A1CBA
S3150804FD60FA611B781946BB695A1CBA611B78CB1A07
S3150804FD707B617B68013B7B607B68002B02D07B69D7
S3150804FD80002BEBD07B6918462437BD465DF8047B07
S3150804FD90704780B483B000AF7860396002E07B684E
S3150804FDA001337B607B681B78002B05D07B681B7846
S3150804FDB01A463B689342F2D17B681B7818460C377F
S3150804FDC0BD465DF8047B704780B485B000AF7860A3
S3150804FDD039600023BB60BB68FB6029E0274AFB68DF
S3150804FDE01B0113441B68002B1DD0244AFB681B0106
S3150804FDF013441A687B681B689A4216D11F4AFB6823
S3150804FE001B01134404331A687B689B689A420CD115
S3150804FE101A4AFB681B01134408331A687B685B6932
S3150804FE209A4202D107E00123BB60FB680133FB60F9
S3150804FE30FB68012BD2D9FB68022B09D1BB68002BBE
S3150804FE4002D13B68022B01D1002310E012230EE0F5
S3150804FE503B68002B08D1094AFB681B0113440C3381
S3150804FE601B88B3F5807F01D1102300E000231846D0
S3150804FE701437BD465DF8047B704700BFF04900207F
S3150804FE8080B483B000AF00237B6002E07B68013353
S3150804FE907B607B68012B06D8094A7B681B011344DF
S3150804FEA01B68002BF2D17B68022B14BF01230023A5
S3150804FEB0DBB218460C37BD465DF8047B704700BFB5
S3150804FEC0F049002080B485B000AF7860396000231B
S3150804FED0FB601FE0414AFB681B0113441A687B68F0
S3150804FEE01B689A4213D13D4AFB681B011344043329
S3150804FEF01A687B689B689A4209D1384AFB681B01D1
S3150804FF00134408331A687B685B699A4206D0FB680F
S3150804FF100133FB60FB68012BDCD900E000BFFB68FA
S3150804FF20022B32D10023FB6002E0FB680133FB603D
S3150804FF30FB68012B06D8294AFB681B0113441B6876
S3150804FF40002BF2D1FB68022B01D1002340E07B6829
S3150804FF501A682249FB681B010B441A607B689A6875
S3150804FF601E49FB681B010B4404331A607B685A69F3
S3150804FF701A49FB681B010B4408331A60174AFB68C5
S3150804FF801B0113440C3300221A803B68002B09D04A
S3150804FF90124AFB681B0113440C331B88002B01D03F
S3150804FFA0002315E03B68002B08D10C4AFB681B01AB
S3150804FFB013440C331B8801339AB201E04FF4807260
S3150804FFC00649FB681B010B440C331A80FB68013392
S3150804FFD018461437BD465DF8047B7047F04900207F
S3150804FFE080B485B000AF78607B68013B7B607B6832
S3150804FFF0012B25D8174A7B681B0113440C331B882D
S31508050000FB81FB89B3F5807F01D10023FB81FB8941
S31508050010002B02D0FB89013BFB810E4A7B681B013D
S3150805002013440C33FA891A80FB89002B05D1094A32
S315080500307B681B01134400221A6000237B7301E0C9
S3150805004002237B737B7B18461437BD465DF8047B14
S31508050050704700BFF049002080B485B000AF7860CE
S315080500600023FB6010E00D4AFB681B0113441B685F
S315080500707A689A4205D1094AFB681B01134400228E
S315080500801A60FB680133FB60FB68012BEBD900BFDF
S3150805009000BF1437BD465DF8047B7047F04900205C
S315080500A080B586B000AF78600023FB737B68DB7884
S315080500B0002B34D07B681B6B7B617B6858787B6823
S315080500C003F1340101237A69FFF740FD0346002B46
S315080500D002D00123FB7322E07B680022DA707B6875
S315080500E05B6A7A69D21A7B68DB699A4217D27B689A
S315080500F09B783B6110E07B68DB697A6913447B6111
S315080501007B6858787B6803F1340101237A69FFF720
S315080501101DFD3B69013B3B613B69012BEBD8FB7B2D
S3150805012018461837BD4680BD80B584B000AF7860DF
S3150805013039600023FB737B681B6B3A689A421BD0B0
S315080501407868FFF7ADFF0346FB73FB7B002B13D1DE
S315080501507B6858787B6803F1340101233A68FFF711
S31508050160D5FC0346002B04D04FF0FF333B60012333
S31508050170FB737B683A681A63FB7B18461037BD46DE
S3150805018080BD000080B584B000AF78607868FFF759
S3150805019087FF0346FB73FB7B002B58D17B681B78CF
S315080501A0032B48D17B681B79012B44D17B683433F3
S315080501B04FF4007200211846FFF7A9FD7B68343312
S315080501C003F5FF734AF655211846FFF738FD7B6890
S315080501D0343321491846FFF74DFD7B68343303F55B
S315080501E0F2731E491846FFF745FD7B68343303F558
S315080501F0F4727B685B6919461046FFF73BFD7B6819
S31508050200343303F5F6727B681B6919461046FFF702
S3150805021031FD7B681B6A5A1C7B681A637B685878AC
S315080502207B6803F134017B681A6B0123FFF78EFCA3
S315080502307B6800221A717B685B78002200211846C4
S31508050240FFF7A4FC0346002B01D00123FB73FB7BB8
S3150805025018461037BD4680BD5252614172724161DA
S3150805026080B483B000AF786039603B68023B3B6079
S315080502707B689B69023B3A689A4201D3002308E0EA
S315080502807B685B891A463B6803FB02F27B68DB6A77
S31508050290134418460C37BD465DF8047B704780B590
S315080502A086B000AF786039607B681B683B613B6840
S315080502B0012B04D93B699B693A689A4202D3012303
S315080502C07B618FE04FF0FF337B613B691B78032B1E
S315080502D062D0032B7CDC012B02D0022B42D077E0BF
S315080502E03B68FB60FB685B08FA681344FB603B697F
S315080502F05A6AFB685B0A134419463869FFF714FFFF
S315080503000346002B67D1FB685A1CFA60C3F308033A
S315080503103A69134493F83430BB603B695A6AFB68FB
S315080503205B0A134419463869FFF7FEFE0346002B98
S3150805033053D1FB68C3F308033A69134493F8343079
S315080503401B021A46BB681343BB603B6803F00103EF
S31508050350002B02D0BB681B0902E0BB68C3F30B037D
S315080503607B613FE03B695A6A3B681B0A1344194699
S315080503703869FFF7D9FE0346002B30D13B6903F1EF
S3150805038034023B685B0003F4FF7313441846FFF712
S315080503901BFC03467B6125E03B695A6A3B68DB091A
S315080503A0134419463869FFF7BFFE0346002B18D1D3
S315080503B03B6903F134023B689B0003F4FE7313445F
S315080503C01846FFF719FC034623F070437B6109E0DD
S315080503D001237B6106E000BF04E000BF02E000BF21
S315080503E000E000BF7B6918461837BD4680BD90B545
S315080503F089B000AFF860B9607A600223FB77BB68FD
S31508050400012B40F2D980FB689B69BA689A4280F04D
S31508050410D380FB681B78032B00F09680032B00F32B
S31508050420CB80012B02D0022B6ED0C5E0BB68BB6121
S31508050430BB695B08BA691344BB61FB685A6ABB6941
S315080504405B0A13441946F868FFF76EFE0346FB7701
S31508050450FB7F002B40F0A980FB6803F13402BB69DA
S31508050460591CB961C3F3080313447B61BB6803F0E0
S315080504700103002B0DD07B691B785BB203F00F03D4
S315080504805AB27B68DBB21B015BB213435BB2DBB2C4
S3150805049001E07B68DBB27A691370FB680122DA70C2
S315080504A0FB685A6ABB695B0A13441946F868FFF77D
S315080504B03BFE0346FB77FB7F002B78D1FB6803F1F0
S315080504C03402BB69C3F3080313447B61BB6803F0B5
S315080504D00103002B03D07B681B09DBB20EE07B69A1
S315080504E01B785BB223F00F035AB27B681B0A5BB213
S315080504F003F00F035BB213435BB2DBB27A69137081
S31508050500FB680122DA7057E0FB685A6ABB681B0A62
S3150805051013441946F868FFF707FE0346FB77FB7F82
S31508050520002B46D1FB6803F13402BB685B0003F474
S31508050530FF7313447A6892B211461846FFF77FFB94
S31508050540FB680122DA7037E0FB685A6ABB68DB0983
S3150805055013441946F868FFF7E7FD0346FB77FB7F63
S31508050560002B28D17B6823F07044FB6803F134021D
S31508050570BB689B0003F4FE7313441846FFF73CFB60
S31508050580034603F0704323437B60FB6803F134029B
S31508050590BB689B0003F4FE73134479681846FFF796
S315080505A069FBFB680122DA7006E000BF04E000BFBC
S315080505B002E000BF00E000BFFB7F18462437BD46B2
S315080505C090BD80B588B000AFF860B9607A60002341
S315080505D0FB77FB681B68BB61BB68012B04D9BB6944
S315080505E09B69BA689A4201D302234BE07B68002BC4
S315080505F00CD04FF0FF327968B869FFF7F8FE034665
S31508050600FB77FB7F002B01D0FB7F3BE0B968F868D9
S31508050610FFF745FE78617B69002B31D07B69012B95
S3150805062001D102232EE07B69B3F1FF3F01D10123F6
S3150805063028E00022B968B869FFF7D9FE0346FB77B3
S31508050640FB7F002B01D0FB7F1CE0BB695A69BB69A0
S315080506509B69023B9A420BD2BB695B695A1CBB690B
S315080506605A61BB691B7943F00103DAB2BB691A7192
S315080506707B69BB60BB699B69BA689A42C6D300E0C9
S3150805068000BF002318462037BD4680BD80B588B013
S3150805069000AF786039607B681B683B613B68002B57
S315080506A00DD13B691B69BB61BB69002B04D03B694E
S315080506B09B69BA699A421BD30123BB6118E039685D
S315080506C07868FFF7ECFDF860FB68012B01D8012374
S315080506D070E0FB68B3F1FF3F01D1FB686AE03B694F
S315080506E09B69FA689A4201D2FB6863E03B68BB617D
S315080506F0BB69FB61FB690133FB613B699B69FA6968
S315080507009A4207D30223FB61FA69BB699A4201D962
S3150805071000234FE0F9697868FFF7C1FDF860FB68C3
S31508050720002B0ED0FB68012B03D0FB68B3F1FF3F06
S3150805073001D1FB683EE0FA69BB699A42DAD1002322
S3150805074038E000BF4FF0FF32F9693869FFF74FFE09
S315080507500346FB75FB7D002B09D13B68002B06D0AC
S31508050760FA6939683869FFF742FE0346FB75FB7D6A
S31508050770002B16D13B69FA691A613B695A693B69C7
S315080507809B69023B9A4204D83B695B695A1E3B69D9
S315080507905A613B691B7943F00103DAB23B691A7161
S315080507A007E0FB7D012B02D14FF0FF3300E0012363
S315080507B0FB61FB6918462037BD4680BD80B487B006
S315080507C000AF786039607B681B68FB607B68DB6A0D
S315080507D004333B613B685B0AFA685289B3FBF2F35B
S315080507E07B613B691A1D3A611B68BB60BB68002BB8
S315080507F001D1002310E07A69BB689A4207D37A6962
S31508050800BB68D31A7B613B6904333B61E9E700BFE3
S315080508103B691A687B69134418461C37BD465DF85B
S31508050820047B704780B586B000AF786039607B6811
S315080508301B683B613B68B3F5001F04D23B6803F0B0
S315080508401F03002B01D0022363E07B683A685A61CF
S315080508507B689B687B617B69002B06D13B691B78A6
S31508050860022B02D93B699B6A7B617B69002B0CD1FC
S315080508703B685B093A691289934201D3022348E02A
S315080508803B699A6A7B68DA6129E03B695B895B02A1
S31508050890FB6019E07B6879691846FFF700FD786102
S315080508A07B69B3F1FF3F01D1012332E07B69012B57
S315080508B004D93B699B697A699A4201D3022328E0E0
S315080508C03A68FB68D31A3B603A68FB689A42E1D2F4
S315080508D079693869FFF7C4FC02467B68DA617B6883
S315080508E07A699A617B68DB69002B01D1022310E0DE
S315080508F07B68DA693B685B0A1A447B68DA613B6997
S3150805090003F134023B68C3F308031A447B681A6289
S31508050910002318461837BD4680BD80B586B000AF9A
S31508050920786039607B681B68FB607B685B69203388
S31508050930BB607B68DB69002B03D0BB68B3F5001F7A
S3150805094001D30423AAE0BB68C3F30803002B40F0D0
S3150805095098807B68DB695A1C7B68DA617B689B69CA
S31508050960002B0BD1BB685B09FA6812899342C0F064
S3150805097088807B680022DA6104238FE0BB685B0AFE
S31508050980FA685289013A1340002B7AD17A687B684E
S315080509909B6919461046FFF782FC78617B69012B2E
S315080509A001D802237AE07B69B3F1FF3F01D1012320
S315080509B074E0FB689B697A699A4258D33B68002BB1
S315080509C004D17B680022DA61042367E07A687B68CC
S315080509D09B6919461046FFF759FE78617B69002B16
S315080509E001D107235AE07B69012B01D1022355E082
S315080509F07B69B3F1FF3F01D101234FE0F868FFF7A3
S31508050A004FFB0346002B01D0012347E0FB6834332F
S31508050A104FF4007200211846FFF779F900233B6168
S31508050A207969F868FFF71CFC0246FB681A6312E049
S31508050A30FB680122DA70F868FFF732FB0346002BDC
S31508050A4001D001232AE03B6901333B61FB681B6B37
S31508050A505A1CFB681A63FB685B891A463B6993420D
S31508050A60E6D3FB681A6B3B69D21AFB681A637B687F
S31508050A707A699A617969F868FFF7F2FB02467B6835
S31508050A80DA617B68BA685A61FB6803F13402BB68A8
S31508050A90C3F308031A447B681A62002318461837F5
S31508050AA0BD4680BD80B586B000AF786039607B6885
S31508050AB01B68FB6000217868FFF7B4FE0346FB75E3
S31508050AC0FB7D002B2BD100233B617B68DB6919462F
S31508050AD0F868FFF729FB0346FB75FB7D002B1DD13F
S31508050AE07B681B6A1B78E52B04D07B681B6A1B7819
S31508050AF0002B07D13B6901333B613A693B689A424A
S31508050B0002D10CE000233B6101217868FFF705FF58
S31508050B100346FB75FB7D002BD7D000E000BFFB7DA8
S31508050B20042B01D10723FB75FB7D18461837BD46EF
S31508050B3080BD80B584B000AF786039603B681A33EC
S31508050B401846FFF741F80346FB607B681B78032BBD
S31508050B5009D13B6814331846FFF736F803461B04D4
S31508050B60FA681343FB60FB6818461037BD4680BD17
S31508050B7080B584B000AFF860B9607A60BB681A338F
S31508050B807A6892B211461846FFF759F8FB681B783A
S31508050B90032B09D1BB6803F114027B681B0C9BB2B6
S31508050BA019461046FFF74BF800BF1037BD4680BDFE
S31508050BB090B587B000AF786039603B681A33184638
S31508050BC0FFF702F80346002B01D0002359E03B68DE
S31508050BD01B7803F03F035A1E13465B0013449B001C
S31508050BE013447B610123FB8100233B6133E0274ADC
S31508050BF03B6913441B781A463B6813441846FEF7A7
S31508050C00E3FF0346BB81FB89002B1AD07B69FE2BC4
S31508050C1012D8BB89184602F011FD03461C467B69A6
S31508050C205A1C7A615B007A6813441B88184602F0D9
S31508050C3005FD03469C4201D0002322E0BB89FB81C2
S31508050C4006E0BB894FF6FF72934201D0002318E0F0
S31508050C503B6901333B613B690C2BC8D93B681B785B
S31508050C6003F04003002B0BD0FB89002B08D07B69CA
S31508050C705B007A6813441B88002B01D0002300E02B
S31508050C80012318461C37BD4690BD00BFE0F9060886
S31508050C9080B586B000AF786039603B681A33184668
S31508050CA0FEF792FF0346002B01D000234DE03B6873
S31508050CB01B7823F040035A1E13465B0013449B001A
S31508050CC013447B610123FB8100233B6128E0214A0C
S31508050CD03B6913441B781A463B6813441846FEF7C6
S31508050CE073FF0346BB81FB89002B0FD07B69FE2B5F
S31508050CF001D9002329E0BB89FB817B695A1C7A61E6
S31508050D005B007A681344FA891A8006E0BB894FF6B0
S31508050D10FF72934201D0002317E03B6901333B611B
S31508050D203B690C2BD3D93B681B7803F04003002B92
S31508050D300AD07B69FE2B01D9002306E07B695B0097
S31508050D407A68134400221A80012318461837BD46C7
S31508050D5080BD00BFE0F9060880B588B000AFF86029
S31508050D60B96011461A460B46FB711346BB71BB683B
S31508050D700D33BA791A70BB680B330F221A70BB6824
S31508050D800C3300221A70BB681A3300211846FEF781
S31508050D9056FFFB795A1E13465B0013449B00134402
S31508050DA0FB610023FB820023BB61FB8A4FF6FF72BA
S31508050DB0934207D0FB695A1CFA615B00FA6813442B
S31508050DC01B88FB82174ABB6913441B781A46BB68FE
S31508050DD01344FA8A11461846FEF731FFFB8A002B9B
S31508050DE002D14FF6FF73FB82BB690133BB61BB6951
S31508050DF00C2BDAD9FB8A4FF6FF72934206D0FB69AC
S31508050E005B00FA6813441B88002B03D1FB7943F072
S31508050E104003FB71BB68FA791A7000BF2037BD46D7
S31508050E2080BD00BFE0F9060880B58CB000AFF86054
S31508050E30B9607A603B600B22B968F868FEF746FF29
S31508050E403B68052B2BD93B68FB6122E07B689A1C1E
S31508050E507A601B887B840023BB6217E0FB695A000E
S31508050E607B8C03F001031344FB617B8C5B087B8455
S31508050E70FB6903F48033002B05D0FB6983F48833BB
S31508050E8083F02103FB61BB6A0133BB62BB6A0F2B87
S31508050E90E4D97B681B88002BD8D1FB693B600723FF
S31508050EA0BB623B68DBB203F00F03DBB2303387F86E
S31508050EB02F3097F82F30392B04D997F82F30073369
S31508050EC087F82F30BB6A5A1EBA6230333B4497F807
S31508050ED02F2003F81C2C3B681B093B603B68002B3D
S31508050EE0DFD107F11402BB6A13447E221A70002368
S31508050EF07B6202E07B6A01337B627A6ABB6A9A4245
S31508050F0005D2FA687B6A13441B78202BF2D1BB6A93
S31508050F10072B07D8BB6A5A1CBA6230333B4413F809
S31508050F201C1C00E020217B6A5A1C7A62FA68134465
S31508050F300A461A707B6A072BE9D900BF00BF303706
S31508050F40BD4680BD80B485B000AF78600023FB73CD
S31508050F500B23BB60FB7BDAB25208DB011343DAB21B
S31508050F607B68591C79601B781344FB73BB68013B86
S31508050F70BB60BB68002BEDD1FB7B18461437BD4615
S31508050F805DF8047B704780B586B000AF7860396038
S31508050F900423FB757B681B683B61FF237B75FF2371
S31508050FA03B7581E07B68DB6919463869FFF7BCF84C
S31508050FB00346FB75FB7D002B7CD17B681B6A1B787A
S31508050FC0BB75BB7D002B02D10423FB7577E07B68D7
S31508050FD01B6A0B331B7803F03F03FB737B68FA7BAD
S31508050FE09A71BB7DE52B0ED0BB7D2E2B0BD0FB7BDB
S31508050FF023F02003082B0CBF01230023DBB21A4676
S315080510003B68934202D0FF237B7544E0FB7B0F2B9D
S315080510102FD1BB7D03F04003002B0DD07B681B6ADF
S315080510205B7B3B75BB7D23F04003BB75BB7D7B7541
S315080510307B685A697B681A63BA7D7B7D9A4215D1A6
S315080510407B681B6A0D331B783A7D9A420ED13B693C
S31508051050DA687B681B6A19461046FFF719FE0346C8
S31508051060002B03D07B7D013BDBB200E0FF237B75BC
S3150805107011E07B7D002B09D17B681B6A1846FFF7B3
S3150805108061FF03461A463B7D934215D07B684FF0B0
S31508051090FF321A6310E000217868FFF73EFC034625
S315080510A0FB75FB7D002B09D17B68DB69002B7FF47B
S315080510B079AF04E000BF02E000BF00E000BFFB7D9A
S315080510C0002B02D07B680022DA61FB7D18461837AB
S315080510D0BD4680BD80B586B000AF78607B681B6865
S315080510E03B6100217868FFF79DFB0346FB75FB7D91
S315080510F0002B01D0FB7DA9E0FF233B753B7D7B7566
S315080511007B684FF0FF321A637B68DB6919463869D5
S31508051110FFF70AF80346FB75FB7D002B40F0908028
S315080511207B681B6A1B78BB75BB7D002B02D1042324
S31508051130FB758AE07B681B6A0B331B7803F03F0354
S31508051140FB737B68FA7B9A71BB7DE52B07D0FB7B26
S3150805115003F00803002B09D0FB7B0F2B06D0FF23D2
S315080511607B757B684FF0FF321A635EE0FB7B0F2BBE
S3150805117036D17B6893F82F3003F04003002B54D102
S31508051180BB7D03F04003002B0DD07B681B6A5B7B98
S315080511903B75BB7D23F04003BB75BB7D7B757B68C3
S315080511A05A697B681A63BA7D7B7D9A4215D17B6835
S315080511B01B6A0D331B783A7D9A420ED13B69DA686C
S315080511C07B681B6A19461046FFF7F2FC0346002B97
S315080511D003D07B7D013BDBB200E0FF237B7524E072
S315080511E07B7D002B09D17B681B6A1846FFF7AAFE8B
S315080511F003461A463B7D934224D07B6893F82F30E5
S3150805120003F00103002B0AD17B68186A7B6824332F
S315080512100B221946FEF796FD0346002B14D0FF232D
S315080512207B757B684FF0FF321A6300217868FFF7F4
S3150805123074FB0346FB75FB7D002B3FF465AF04E0A5
S3150805124000BF02E000BF00E000BFFB7D1846183767
S31508051250BD4680BD80B58CB000AF78607B681B68DD
S31508051260FB617B6893F82F3003F0A003002B01D0B0
S315080512700623E0E000237B6202E07B6A01337B629A
S31508051280FB69DA687B6A5B0013441B88002BF4D17B
S315080512907B6803F1240107F10C030C221846FEF7B7
S315080512A015FDFB7D03F00103002B32D07B68402238
S315080512B083F82F200123BB6216E07B6803F124001F
S315080512C0FB69DA6807F10C01BB6AFFF7ADFD7868BB
S315080512D0FFF700FF034687F82F3097F82F30002BC6
S315080512E006D1BB6A0133BB62BB6A632BE5D900E04D
S315080512F000BFBB6A642B01D107239CE097F82F3002
S31508051300042B02D097F82F3095E0FA7D7B6883F891
S315080513102F20FB7D03F00203002B07D07B6A0C33D5
S31508051320474AA2FB03239B08013300E001233B62DE
S31508051330396A7868FFF7B6FB034687F82F3097F8BA
S315080513402F30002B48D13B6A013B3B623B6A002B99
S3150805135042D07B685A693B6A5B01D31A1946786895
S31508051360FFF760FA034687F82F3097F82F30002BDA
S3150805137032D17B6824331846FFF7E4FD0346FB762E
S315080513807B68DB691946F869FEF7CEFE034687F8DA
S315080513902F3097F82F30002B1DD1FB69D8687B684D
S315080513A0196A3B6ADAB2FB7EFFF7D6FCFB690122AE
S315080513B0DA7000217868FFF7B0FA034687F82F3008
S315080513C097F82F30002B07D13B6A013B3B623B6AF6
S315080513D0002BD5D100E000BF97F82F30002B28D178
S315080513E07B68DB691946F869FEF79EFE034687F8AA
S315080513F02F3097F82F30002B1BD17B681B6A2022CC
S3150805140000211846FEF783FC7B68186A7B68243337
S315080514100B221946FEF75AFC7B6893F82F207B6842
S315080514201B6A0C3302F01802D2B21A70FB69012244
S31508051430DA7097F82F3018463037BD4680BD00BF9D
S315080514404FECC44E80B586B000AF78607B681B68E4
S315080514503B617B685B69FB607B681B6BB3F1FF3F90
S3150805146007D07B681B6B19467868FFF7DBF90346D7
S3150805147000E00023FB75FB7D002B28D17B68DB6923
S3150805148019463869FEF750FE0346FB75FB7D002BAA
S3150805149015D17B681B6AE5221A703B690122DA7049
S315080514A07B685B69FA689A420BD900217868FFF769
S315080514B034FA0346FB75FB7D002BDFD002E000BF3F
S315080514C000E000BFFB7D042B01D10223FB75FB7DE4
S315080514D018461837BD4680BD80B588B000AF786018
S315080514E039607B681B683B613B6800229A757B6897
S315080514F0DB69002B00F0C9807B681B6BB3F1FF3FE6
S3150805150032D00023BB61BB69FB611BE0FB89002167
S31508051510184602F057F80346FB81FB89002B02D1D2
S315080515200023FB611AE0FB69FE2B02D90023FB6148
S3150805153014E0FB695A1CFA61FA89D1B23A68134470
S315080515400A469A753B69DA68BB69591CB9615B0035
S3150805155013441B88FB81FB89002BD7D13A68FB69A5
S315080515601344163300221A700023BB61BB69FB615D
S315080515703A68FB69134416331B78BB814CE07B68D4
S315080515801A6AFB69591CF96113441B78FB75FB7DBF
S31508051590202B00D140E0FB7D052B01D1E523FB750A
S315080515A0FB69092B0FD1BB89002B05D13A68BB69A5
S315080515B0134416332E221A70BB695A1CBA613A6847
S315080515C013442E225A723A68BB6913440933FA7DC5
S315080515D01A70BB89002B1CD1FB7D402B13D9FB7DCB
S315080515E05A2B10D87B681B6A0C331B781A46FB697D
S315080515F0082B01D9102300E008231340002B02D03D
S31508051600FB7D2033FB753A68BB6913441633FA7DAF
S315080516101A70BB690133BB61FB690A2BAFD9BB8954
S31508051620002B0DD13A68BB691344163300221A708C
S315080516307B681B6A0C331B78002B01D10023BB6121
S315080516403A68BB691344093300221A707B681B6A1A
S31508051650DA7A3B681A727B681B6A1C331846FEF7EA
S31508051660CBFA02463B681A607B681B6A163318462E
S31508051670FEF7C2FAB860BB689AB23B68DA80BB68FF
S315080516801B0C9AB23B689A8000E000BF2037BD461E
S3150805169080BD000080B58AB000AF786039603B68C8
S315080516A01B683B617B681B68DB68FB6000237B6105
S315080516B07B69BB61BB695A1CBA613A6913441B78D5
S315080516C0BB84BB8C1F2B40D9BB8C2F2B06D0BB8C60
S315080516D05C2B10D102E0BB690133BB613A69BB6972
S315080516E013441B782F2BF6D03A69BB6913441B782C
S315080516F05C2BF0D02AE07B69FE2B01D906237DE118
S31508051700BB8CDBB2BB84BB8C0121184601F05AFFA2
S315080517100346BB84BB8C002B01D106236EE1BB8C2B
S315080517207F2B09D8BB8C19468D48FEF732FB034635
S31508051730002B01D0062361E17B695A1C7A615B009F
S31508051740FA681344BA8C1A80B4E700BF3A69BB69CC
S315080517501A443B681A60BB8C1F2B01D8042300E08A
S31508051760002387F8273011E07B6903F10043013B25
S315080517705B00FA6813441B88BB84BB8C202B02D0FC
S31508051780BB8C2E2B06D17B69013B7B617B69002BC4
S31508051790EAD100E000BF7B695B00FA6813440022C2
S315080517A01A807B69002B01D1062327E17B68243340
S315080517B00B2220211846FEF7AAFA0023BB6102E090
S315080517C0BB690133BB61BB695B00FA6813441B88B7
S315080517D0202BF5D0BB695B00FA6813441B882E2BB2
S315080517E0EED0BB69002B09D097F8273043F00303E1
S315080517F087F8273002E07B69013B7B617B69002B13
S3150805180009D07B6903F10043013B5B00FA68134481
S315080518101B882E2BEFD1002387F8263000233B6241
S315080518200823FB61BB695A1CBA615B00FA68134455
S315080518301B88BB84BB8C002B00F09080BB8C202BAF
S3150805184006D0BB8C2E2B0AD1BA697B699A4206D07B
S3150805185097F8273043F0030387F827307DE03A6A7F
S31508051860FB699A4203D2BA697B699A4223D1FB6915
S315080518700B2B06D197F8273043F0030387F8273053
S3150805188075E0BA697B699A4205D097F8273043F01F
S31508051890030387F82730BA697B699A4266D87B6954
S315080518A0BB6108233B620B23FB6197F826309B0037
S315080518B087F8263051E0BB8C7F2B14D9BB8C0021C9
S315080518C0184601F07FFE0346BB84BB8C002B04D06B
S315080518D0BB8C803B234AD35CBB8497F8273043F0FF
S315080518E0020387F82730BB8C002B07D0BB8C19461B
S315080518F01D48FEF74EFA0346002B08D05F23BB8426
S3150805190097F8273043F0030387F827301BE0BB8C8D
S31508051910402B09D9BB8C5A2B06D897F8263043F0A5
S31508051920020387F826300EE0BB8C602B0BD9BB8CDF
S315080519307A2B08D897F8263043F0010387F826301E
S31508051940BB8C203BBB843B6A5A1C3A62BA8CD1B223
S315080519507A6813440A4683F8242063E700BF06E03D
S3150805196054D7060860F9060860D7060800BF7B68DD
S3150805197093F82430E52B03D17B68052283F82420C8
S31508051980FB69082B04D197F826309B0087F8263083
S3150805199097F8263003F00C030C2B05D097F826305C
S315080519A003F00303032B05D197F8273043F0020309
S315080519B087F8273097F8273003F00203002B17D14D
S315080519C097F8263003F00303012B05D197F827303E
S315080519D043F0100387F8273097F8263003F00C03F1
S315080519E0042B05D197F8273043F0080387F82730E5
S315080519F07B6897F8272083F82F2000231846283771
S31508051A00BD4680BD80B586B000AF786039607B6815
S31508051A103B613B691B68FB6002E03B6801333B6041
S31508051A203B681B782F2BF8D03B681B785C2BF4D0CA
S31508051A303B6900229A603B681B781F2B0AD87B688E
S31508051A40802283F82F2000217868FEF7EBFE0346EF
S31508051A50FB7543E03B4619467868FFF71BFE0346C8
S31508051A60FB75FB7D002B34D17868FFF733FB0346FE
S31508051A70FB757B6893F82F30FB72FB7D002B0AD02C
S31508051A80FB7D042B27D1FB7A03F00403002B22D117
S31508051A900523FB751FE0FB7A03F00403002B1CD115
S31508051AA03B699B7903F01003002B02D10523FB75CF
S31508051AB014E0FB6803F134027B685B69C3F308032A
S31508051AC013441946F868FFF734F802463B699A60E5
S31508051AD0C0E700BF02E000BF00E000BFFB7D184677
S31508051AE01837BD4680BD80B487B000AF78604FF023
S31508051AF0FF333B617B681B68002B31D07B681B680D
S31508051B007B6102E07B6901337B617B691B781F2B4F
S31508051B1003D97B691B783A2BF4D17B691B783A2B59
S31508051B201CD17B681B68FB60FB685A1CFA601B782E
S31508051B30303BBB60BB68092B0ED8FA687B699A42AD
S31508051B400AD1BB68002B07D1BB683B617B690133AA
S31508051B507B617B687A691A603B6902E000233B6111
S31508051B603B6918461C37BD465DF8047B704700007F
S31508051B7080B582B000AF786039607B680022DA707C
S31508051B807B684FF0FF321A6339687868FEF7CCFA36
S31508051B900346002B01D0042338E07B68343303F56C
S31508051BA0FF731846FEF710F803461A464AF65523F4
S31508051BB09A4201D0032329E07B6893F83430E92B50
S31508051BC009D07B6893F83430EB2B1ED17B6893F8E4
S31508051BD03630902B19D17B68343336331846FEF7E1
S31508051BE00BF8034623F07F430A4A934201D10023A3
S31508051BF00CE07B68343352331846FDF7FDFF034680
S31508051C00054A934201D1002300E002231846083706
S31508051C10BD4680BD464154004641543380B596B00D
S31508051C2000AFF860B9601346FB71BB6800221A60FD
S31508051C30F868FFF758FFF863FB6B002B01DA0B23EF
S31508051C4030E2A14AFB6B52F82330BB63BB6B002B12
S31508051C5001D10C2326E2BB68BA6B1A60FB7923F01F
S31508051C600103FB71BB6B1B78002B1AD0BB6B5B782A
S31508051C701846FDF70BFF034687F8373097F83730D0
S31508051C8003F00103002B0CD1FB79002B07D097F83D
S31508051C90373003F00403002B01D00A2302E20023A0
S31508051CA000E2BB6B00221A70FB6BDAB2BB6B5A708B
S31508051CB0BB6B5B781846FDF703FF034687F8373095
S31508051CC097F8373003F00103002B01D00323E9E128
S31508051CD0FB79002B07D097F8373003F00403002B60
S31508051CE001D00A23DEE100233B65396DB86BFFF7A2
S31508051CF03FFF034687F8573097F85730022B49D1E7
S31508051D0000233B641EE0BB6B03F134023B6C1B01ED
S31508051D1003F5DF7313443B633B6B04331B78002BD6
S31508051D2006D03B6B08331846FDF766FF024600E00A
S31508051D3000223B6C9B0058333B4443F8442C3B6CD0
S31508051D4001333B643B6C032BDDD900233B643B6CB9
S31508051D50002B02D03B6C013B3B643B6C9B00583324
S31508051D603B4453F8443C3B653B6D002B05D0396D28
S31508051D70B86BFFF7FDFE034600E0032387F85730E7
S31508051D8097F85730012B05D93B6C01333B643B6CFF
S31508051D90032BE2D997F85730042B01D1012381E1AA
S31508051DA097F85730012B01D90D237BE1BB6B3433EB
S31508051DB00B331846FDF708FF0346B3F5007F01D038
S31508051DC00D236FE1BB6B343316331846FDF7FCFE5E
S31508051DD00346FB64FB6C002B06D1BB6B34332433FB
S31508051DE01846FDF709FFF864BB6BFA6CDA61BB6B3D
S31508051DF093F84420BB6B9A70BB6B9B78012B05D077
S31508051E00BB6B9B78022B01D00D234BE1BB6B9B78F3
S31508051E101A46FB6C02FB03F3FB64BB6B93F8413074
S31508051E209AB2BB6B5A81BB6B5B89002B08D0BB6B1F
S31508051E305B891A46BB6B5B89013B1340002B01D0B6
S31508051E400D232FE1BB6B343311331846FDF7BCFE62
S31508051E5003461A46BB6B1A81BB6B1B8903F00F0336
S31508051E609BB2002B01D00D231CE1BB6B3433133316
S31508051E701846FDF7A9FE0346BB64BB6C002B06D1C5
S31508051E80BB6B343320331846FDF7B6FEB864BB6B17
S31508051E9034330E331846FDF797FE0346FB85FB8D4F
S31508051EA0002B01D10D23FDE0FA8DFB6C1344BA6BAB
S31508051EB01289120992B21344BB62BA6CBB6A9A427A
S31508051EC004D20D23EEE000BFE8490020BA6CBB6AD0
S31508051ED0D31ABA6B5289B3FBF2F37B627B6A002B82
S31508051EE001D10D23DEE0032387F857307B6A4FF6C9
S31508051EF0F572934202D8022387F857307B6A40F673
S31508051F00F572934202D8012387F857307B6A9A1CE3
S31508051F10BB6B9A61BB6B3A6D1A62FA8D3B6D1A44B7
S31508051F20BB6B5A623A6DBB6A1A44BB6BDA6297F8A1
S31508051F305730032B1ED1BB6B34332A331846FDF7AE
S31508051F4043FE0346002B01D00D23ABE0BB6B1B8973
S31508051F50002B01D00D23A5E0BB6B34332C33184673
S31508051F60FDF74AFE0246BB6B9A62BB6B9B699B00F3
S31508051F707B641FE0BB6B1B89002B01D10D2391E008
S31508051F80BB6B5A6AFB6C1A44BB6B9A6297F8573057
S31508051F90022B03D1BB6B9B695B000AE0BB6B9A6995
S31508051FA013465B0013445A08BB6B9B6903F0010390
S31508051FB013447B64BB6BDA697B6C03F2FF135B0A1C
S31508051FC09A4201D20D236DE0BB6B4FF0FF325A6181
S31508051FD0BB6B5A69BB6B1A61BB6B80221A7197F882
S31508051FE05730032B49D1BB6B343330331846FDF7CD
S31508051FF0EBFD0346012B40D13B6D01331946B86B02
S31508052000FEF792F80346002B37D1BB6B00221A71EF
S31508052010BB6B343303F5FF731846FDF7D5FD034649
S315080520201A464AF655239A4227D1BB6B34331846C6
S31508052030FDF7E2FD03461D4A93421ED1BB6B3433B9
S3150805204003F5F2731846FDF7D7FD0346184A93427A
S3150805205013D1BB6B343303F5F4731846FDF7CCFD82
S315080520600246BB6B5A61BB6B343303F5F6731846E8
S31508052070FDF7C2FD0246BB6B1A61BB6B97F8572085
S315080520801A700C4B1B8801339AB20A4B1A80094BF6
S315080520901A88BB6BDA80BB6B074ADA60B86BFDF743
S315080520A0DBFF002318465837BD4680BD52526141AD
S315080520B072724161EC490020104A002080B584B04F
S315080520C000AF786039600923FB737B68002B1CD049
S315080520D07B681B68002B18D07B681B681B78002B50
S315080520E013D07B689A887B681B68DB889A420CD173
S315080520F07B681B685B781846FDF7C8FC034603F042
S315080521000103002B01D10023FB73FB7B002B02D1B6
S315080521107B681B6800E000233A681360FB7B18465A
S315080521201037BD4680BD000080B588B000AFF860A1
S31508052130B9601346FB71BB683B6107F11003184686
S31508052140FFF7D1FCF861FB69002B01DA0B232BE0BD
S31508052150174AFB6952F82330BB61BB69002B05D0CA
S31508052160B869FDF779FFBB6900221A70FB68002B71
S3150805217002D0FB6800221A70FA680D49FB6941F816
S315080521802320FB68002B02D0FB79012B01D0002305
S315080521900AE007F10C0107F1080300221846FFF7C4
S315080521A03DFD0346FB75FB7D18462037BD4680BDBC
S315080521B0E849002080B59AB000AFF860B9601346C3
S315080521C0FB71FB68002B01D10923ADE1FB7903F00F
S315080521D03F03FB71FA7907F1140107F1080318465D
S315080521E0FFF71CFD034687F8673097F86730002B1D
S315080521F040F091817B69BB61BA6807F118031146FE
S315080522001846FFF7FFFB034687F8673097F86730E8
S31508052210002B1AD197F847305BB2002B03DA062351
S3150805222087F8673011E0FB7923F00103002B14BF0B
S3150805223001230023DBB21A4607F11803114618468F
S31508052240FDF7C2FD034687F86730FB7903F01C03E3
S31508052250002B7FD097F86730002B17D097F8673093
S31508052260042B0ED1FDF70CFE0346002B06D007F10D
S3150805227018031846FEF7EEFF034600E0122387F813
S315080522806730FB7943F00803FB7110E0BB7F03F069
S315080522901103002B03D0072387F8673007E0FB797E
S315080522A003F00403002B02D0082387F8673097F854
S315080522B06730002B68D1FB7903F00803002B63D040
S315080522C0FAF7BCFEB865BB6B0E33B96D1846FDF754
S315080522D0D1FCBB6B1633B96D1846FDF7CBFCBB6B4A
S315080522E00B3320221A707B69BA6B11461846FEF71E
S315080522F020FC78657B69B96B00221846FEF738FC21
S31508052300BB6B1C3300211846FDF7B4FC7B6901221B
S31508052310DA707B6D002B37D07B691B6BBB6507F1C4
S3150805232018030022796D1846FEF74BF9034687F818
S31508052330673097F86730002B26D17B69B96D184643
S31508052340FDF7F2FE034687F867307B697A6D013A31
S315080523501A6119E097F86730002B15D1BB7F03F092
S315080523601003002B03D0042387F867300CE0FB79AC
S3150805237003F00203002B07D0BB7F03F00103002BF4
S3150805238002D0072387F8673097F86730002B28D1DE
S31508052390FB7903F00803002B03D0FB7943F04003D0
S315080523A0FB717B691A6BFB685A62BA6BFB689A62A2
S315080523B0FB7923F00103002B14BF01230023DBB2AD
S315080523C01A4607F1180311461846FDF77BFD02461E
S315080523D0FB681A61FB681B69002B02D1022387F883
S315080523E0673097F86730002B40F095807B69BA6BA4
S315080523F011461846FEF79DFB0246FB689A60BB6BBD
S315080524001C331846FDF7F8FB0246FB68DA60FB68DD
S315080524100022DA627A69FB681A607B69DA88FB68E2
S315080524209A80FB68FA791A75FB6800225A75FB6863
S3150805243000221A62FB6800229A61FB6830334FF462
S31508052440007200211846FDF762FCFB7903F02003AC
S31508052450002B60D0FB68DB68002B5CD0FB68DA686C
S31508052460FB689A617B695B895B023B65FB689B68D0
S315080524703B66FB68DB68FB6516E0FB68396E184644
S31508052480FDF70DFF38663B6E012B02D8022387F848
S3150805249067303B6EB3F1FF3F02D1012387F86730FA
S315080524A0FA6D3B6DD31AFB6597F86730002B03D198
S315080524B0FA6D3B6D9A42E0D8FB683A6EDA6197F891
S315080524C06730002B27D1FB6DC3F30803002B22D0F9
S315080524D07B69396E1846FDF7C3FEF864FB6C002B5D
S315080524E003D1022387F8673015E0FB6D5A0AFB6CA2
S315080524F01A44FB681A627B695878FB6803F1300150
S31508052500FB681A6A0123FDF701FB0346002B02D077
S31508052510012387F8673097F86730002B02D0FB68E8
S3150805252000221A6097F8673018466837BD4680BD99
S3150805253080B58EB000AFF860B9607A603B60BB685D
S315080525407B623B6800221A60FB6807F11402114694
S315080525501846FFF7B3FD034687F8373097F837303F
S31508052560002B07D1FB685B7D87F8373097F837303E
S31508052570002B02D097F8373015E1FB681B7D03F071
S315080525800103002B01D107230DE1FB68DA68FB6817
S315080525909B69D31A3B627A683B6A9A4240F2FE8087
S315080525A03B6A7B60FAE0FB689B69C3F30803002B6B
S315080525B040F0C680FB689B695B0A7A695289013ACD
S315080525C01340FB61FB69002B2FD1FB689B69002B28
S315080525D003D1FB689B683B6313E0FB68DB6A002B4A
S315080525E007D0FB689B691946F868FEF7E7F838636C
S315080525F007E0FA68FB68DB6919461046FDF74FFEE2
S3150805260038633B6B012B04D8FB6802225A750223F3
S31508052610C9E03B6BB3F1FF3F04D1FB6801225A754C
S315080526200123C0E0FB683A6BDA617A69FB68DB6906
S3150805263019461046FDF714FEB861BB69002B04D18F
S31508052640FB6802225A750223ADE0BA69FB69134491
S31508052650BB617B685B0ABB62BB6A002B39D0FA692A
S31508052660BB6A13447A695289934205D97B695B89A2
S315080526701A46FB69D31ABB627B695878BB6ABA697D
S31508052680796AFDF743FA0346002B04D0FB68012255
S315080526905A75012387E0FB681B7D5BB2002B14DAAC
S315080526A0FB681A6ABB69D31ABA6A9A420DD9FB68D6
S315080526B01A6ABB69D31A5B027A6AD018FB68303383
S315080526C04FF400721946FDF701FBBB6A5B02FB6214
S315080526D050E0FB681B6ABA699A422ED0FB681B7DD7
S315080526E05BB2002B18DA7B695878FB6803F1300171
S315080526F0FB681A6A0123FDF729FA0346002B04D05D
S31508052700FB6801225A7501234DE0FB681B7D03F022
S315080527107F03DAB2FB681A757B695878FB6803F19B
S3150805272030010123BA69FDF7F1F90346002B04D0F8
S31508052730FB6801225A75012335E0FB68BA691A62F6
S31508052740FB689B69C3F30803C3F50073FB62FA6A62
S315080527507B689A4201D97B68FB62FB6803F1300204
S31508052760FB689B69C3F308031344FA6A1946786A32
S31508052770FDF7ACFA7A6AFB6A13447B62FB689A69C9
S31508052780FB6A1A44FB689A613B681A68FB6A1A442D
S315080527903B681A607A68FB6AD31A7B607B68002BEC
S315080527A07FF401AF002318463837BD4680BD80B58E
S315080527B08CB000AFF860B9607A603B60BB68FB61B6
S315080527C03B6800221A60FB6807F110021146184695
S315080527D0FFF774FC034687F82F3097F82F30002B40
S315080527E007D1FB685B7D87F82F3097F82F30002BCC
S315080527F002D097F82F304BE1FB681B7D03F00203E7
S31508052800002B01D1072343E1FB689A697B681A44C3
S31508052810FB689B699A4280F02D81FB689B69DB43BF
S315080528207B6027E1FB689B69C3F30803002B40F02F
S31508052830E380FB689B695B0A3A695289013A13404A
S31508052840BB61BB69002B43D1FB689B69002B0CD187
S31508052850FB689B68BB62BB6A002B1AD1FB68002123
S315080528601846FDF713FFB86213E0FB68DB6A002B11
S3150805287007D0FB689B691946F868FDF79FFFB8629C
S3150805288007E0FA68FB68DB6919461046FDF7FEFEA0
S31508052890B862BB6A002B00F0F280BB6A012B04D133
S315080528A0FB6802225A750223F2E0BB6AB3F1FF3FC1
S315080528B004D1FB6801225A750123E9E0FB68BA6A67
S315080528C0DA61FB689B68002B02D1FB68BA6A9A60D5
S315080528D0FB681B7D5BB2002B18DA3B695878FB68E9
S315080528E003F13001FB681A6A0123FDF72FF9034640
S315080528F0002B04D0FB6801225A750123C8E0FB6842
S315080529001B7D03F07F03DAB2FB681A753A69FB6823
S31508052910DB6919461046FDF7A3FC78617B69002B30
S3150805292004D1FB6802225A750223B1E07A69BB69AC
S3150805293013447B617B685B0A3B623B6A002B3CD090
S31508052940BA693B6A13443A695289934205D93B6980
S315080529505B891A46BB69D31A3B623B6958783B6A59
S315080529607A69F969FDF7F2F80346002B04D0FB6886
S3150805297001225A7501238BE0FB681A6A7B69D31A0B
S315080529803A6A9A4215D9FB6803F13000FB681A6A58
S315080529907B69D31A5B02FA6913444FF40072194628
S315080529A0FDF794F9FB681B7D03F07F03DAB2FB6834
S315080529B01A753B6A5B027B623FE0FB681B6A7A69AC
S315080529C09A4216D0FB689A69FB68DB689A4210D268
S315080529D03B695878FB6803F1300101237A69FDF7ED
S315080529E095F80346002B04D0FB6801225A75012386
S315080529F04EE0FB687A691A62FB689B69C3F30803AC
S31508052A00C3F500737B627A6A7B689A4201D97B684B
S31508052A107B62FB6803F13002FB689B69C3F3080315
S31508052A2013447A6AF9691846FDF750F9FB681B7D60
S31508052A3063F07F03DAB2FB681A75FA697B6A134491
S31508052A40FB61FB689A697B6A1A44FB689A61FB68AD
S31508052A50DA68FB689B699A4238BF1A46FB68DA60EA
S31508052A603B681A687B6A1A443B681A607A687B6A07
S31508052A70D31A7B607B68002B7FF4D4AE00E000BFD9
S31508052A80FB681B7D43F04003DAB2FB681A75002321
S31508052A9018463037BD4680BD80B586B000AF78602C
S31508052AA07B6807F1080211461846FFF707FB034638
S31508052AB0FB75FB7D002B68D17B681B7D03F0400306
S31508052AC0002B62D07B681B7D5BB2002B15DABB68D1
S31508052AD058787B6803F130017B681A6A0123FDF78C
S31508052AE035F80346002B01D001234FE07B681B7D93
S31508052AF003F07F03DAB27B681A75FAF79FFA38612D
S31508052B00BA687B685B6A19461046FDF70DFB0346EE
S31508052B10FB75FB7D002B38D17B689B6AFB60FB68E0
S31508052B200B331A78FB680B3342F02002D2B21A70BF
S31508052B307B6818687B689B681A46F968FEF718F873
S31508052B40FB6803F11C027B68DB6819461046FDF72E
S31508052B5091F8FB68163339691846FDF78BF8FB6853
S31508052B60123300211846FDF76AF8BB680122DA70A8
S31508052B70BB681846FDF706FB0346FB757B681B7D98
S31508052B8023F04003DAB27B681A75FB7D18461837B9
S31508052B90BD4680BD80B584B000AF78607868FFF71C
S31508052BA07BFF0346FB73FB7B002B18D17B6807F17C
S31508052BB0080211461846FFF781FA0346FB73FB7BA5
S31508052BC0002B0CD17B681B691846FDF709FA0346E5
S31508052BD0FB73FB7B002B02D17B6800221A60FB7B0B
S31508052BE018461037BD4680BD80B590B000AF7860F1
S31508052BF039607B6807F1080211461846FFF75EFA41
S31508052C00034687F83F3097F83F30002B03D17B689A
S31508052C105B7D87F83F3097F83F30002B02D097F851
S31508052C203F30E6E17B68DB6A002B00F0D1803B6824
S31508052C30B3F1FF3F5AD17B68DB6A7B627B6A1A1D53
S31508052C407A621B687B610223BB627B689B683B6370
S31508052C503B6B002B3AD03B6B3B610023FB62BB6A9F
S31508052C600233BB623B6BFB60FB6A0133FB627B6825
S31508052C70396B1846FDF713FB38633B6B012B04D8F4
S31508052C807B6802225A750223B3E13B6BB3F1FF3F1A
S31508052C9004D17B6801225A750123AAE1FB68013331
S31508052CA03A6B9A42DED0BA6A7B699A4209D87B6A38
S31508052CB01A1D7A62FA6A1A607B6A1A1D7A623A6975
S31508052CC01A60BB689B693A6B9A42C4D37B68DB6A10
S31508052CD0BA6A1A60BA6A7B699A4203D87B6A00227D
S31508052CE01A6084E1112387F83F3080E17B68DB6849
S31508052CF03A689A4202D97B68DB683B607B683A6822
S31508052D009A613B68002B00F072813B68013B1946C6
S31508052D107868FDF753FD02467B68DA61BA687B6811
S31508052D20DB6919461046FDF79BFAB861BB69002BA6
S31508052D3004D17B6802225A7502235AE13B68013B96
S31508052D405B0ABA685289013A1340BA691344BB61EA
S31508052D507B689B69C3F30803002B00F048817B68F1
S31508052D601B6ABA699A4200F042817B681B7D5BB291
S31508052D70002B18DABB6858787B6803F130017B6845
S31508052D801A6A0123FCF7E2FE0346002B04D07B688A
S31508052D9001225A7501232CE17B681B7D03F07F030D
S31508052DA0DAB27B681A75BB6858787B6803F1300117
S31508052DB00123BA69FCF7AAFE0346002B04D07B68F3
S31508052DC001225A75012314E17B68BA691A620EE174
S31508052DD07B68DB683A689A4208D97B681B7D03F0ED
S31508052DE00203002B02D17B68DB683B607B689B6925
S31508052DF03B6200237B637B687A6B9A613B68002B91
S31508052E0000F0A780BB685B895B02FB613B6A002B08
S31508052E101BD03B685A1EFB69B2FBF3F23B6A591E87
S31508052E20FB69B1FBF3F39A420FD33B6A5A1EFB695A
S31508052E305B421A407B689A617B689B693A68D31A34
S31508052E403B607B68DB69BB6322E07B689B68BB6389
S31508052E50BB6B002B19D17B6800211846FDF716FCBC
S31508052E60B863BB6B012B04D17B6802225A75022312
S31508052E70BFE0BB6BB3F1FF3F04D17B6801225A75EE
S31508052E800123B6E07B68BA6B9A607B68BA6BDA6130
S31508052E90BB6B002B5DD03AE03A68FB69D31A3B60F9
S31508052EA07B689A69FB691A447B689A617B681B7D0E
S31508052EB003F00203002B0BD07B68B96B1846FDF7A8
S31508052EC0E5FBB863BB6B002B08D100233B6022E00A
S31508052ED07B68B96B1846FDF7E2F9B863BB6BB3F1C6
S31508052EE0FF3F04D17B6801225A75012381E0BB6B3C
S31508052EF0012B04D9BB689B69BA6B9A4204D37B68D4
S31508052F0002225A75022374E07B68BA6BDA613A685D
S31508052F10FB699A42C0D87B689A693B681A447B68FC
S31508052F209A613B68C3F30803002B12D0BB68B96BDB
S31508052F301846FDF795F978637B6B002B04D17B68FA
S31508052F4002225A75022354E03B685B0A7A6B1344DE
S31508052F507B637B689A697B68DB689A420AD97B68D2
S31508052F609A697B68DA607B681B7D43F04003DAB2B1
S31508052F707B681A757B689B69C3F30803002B36D0F3
S31508052F807B681B6A7A6B9A4231D07B681B7D5BB27C
S31508052F90002B18DABB6858787B6803F130017B6823
S31508052FA01A6A0123FCF7D2FD0346002B04D07B6879
S31508052FB001225A7501231CE07B681B7D03F07F03FC
S31508052FC0DAB27B681A75BB6858787B6803F13001F5
S31508052FD001237A6BFCF79AFD0346002B04D07B6820
S31508052FE001225A75012304E07B687A6B1A6297F801
S31508052FF03F3018464037BD4680BD80B586B000AF20
S31508053000786039607B68002B01D1092364E07B6809
S315080530103B6107F10C013B4600221846FEF7FEFD0B
S315080530200346FB75FB7D002B4FD1FA683B691A6091
S315080530303B6819467868FEF7E5FC0346FB75FB7D94
S31508053040002B3DD17B6893F82F305BB2002B12DB42
S315080530503B699B7903F01003002B0AD0FA687B6855
S315080530601B6A19461046FDF764FD02463B699A60D8
S3150805307001E00523FB75FB7D002B21D1FB68DA886A
S315080530803B699A8000217868FDF7CCFB0346FB75FA
S31508053090FB7D002B14D13B699B68002B0DD00021C5
S315080530A07868FCF70FFF02463B691A613B691B699D
S315080530B0002B05D11223FB7502E03B6900221A6134
S315080530C0FB7D042B01D10523FB75FB7D002B02D067
S315080530D03B6900221A60FB7D18461837BD4680BD38
S315080530E080B584B000AF78607B6807F108021146A1
S315080530F01846FEF7E3FF0346FB73FB7B002B10D14F
S315080531007B681B69002B06D07B681B691846FCF78C
S3150805311067FF0346FB73FB7B002B02D17B68002206
S315080531201A60FB7B18461037BD4680BD80B584B04E
S3150805313000AF786039607B6807F1080211461846C2
S31508053140FEF7BCFF0346FB73FB7B002B26D13B68CA
S31508053150002B06D100217868FDF764FB0346FB734F
S315080531601CE000217868FDF70EFF0346FB73FB7B21
S31508053170042B01D10023FB73FB7B002B0ED1396889
S315080531807868FEF7A9F900217868FDF7C6FB0346B6
S31508053190FB73FB7B042B01D10023FB73FB7B1846D2
S315080531A01037BD4680BD80B5A0B000AF7860002356
S315080531B0BB6707F10C013B1D02221846FEF72EFDDB
S315080531C0034687F87F30FB687B6497F87F30002BCA
S315080531D040F08E807A6807F1440311461846FEF7D3
S315080531E011FC034687F87F3097F87F30002B08D106
S315080531F007F1440302211846FCF7E6FD034687F85E
S315080532007F3097F87F30002B72D197F873305BB211
S31508053210002B03DA062387F87F3008E097F84A304B
S3150805322003F00103002B02D0072387F87F3097F8B0
S315080532307F30002B34D1FB687A6E11461846FDF7A8
S3150805324078FCB86797F84A3003F01003002B27D0A7
S31508053250FB683B61BB6FBB6107F11003002118468C
S31508053260FDF7E0FA034687F87F3097F87F30002B9D
S3150805327016D107F1100300211846FDF784FE03460B
S3150805328087F87F3097F87F30002B02D1072387F818
S315080532907F3097F87F30042B02D1002387F87F30DB
S315080532A097F87F30002B23D107F144031846FEF71C
S315080532B0C9F8034687F87F3097F87F30002B0CD17D
S315080532C0BB6F002B09D007F144030022B96F1846D6
S315080532D0FDF777F9034687F87F3097F87F30002B97
S315080532E006D1FB681846FCF74DFF034687F87F307D
S315080532F097F87F3018468037BD4680BD80B598B0AB
S3150805330000AF786007F10C013B1D02221846FEF74F
S3150805331085FC034687F85F30FB683B6197F85F30A5
S31508053320002B40F0EC807A6807F110031146184621
S31508053330FEF768FB034687F85F3097F85F30002B82
S3150805334002D1082387F85F3097F85F30042B40F0E1
S31508053350D68007F1100300211846FDF797F9F8649A
S31508053360FB685B895B02FB61002387F85F30FB6CB2
S31508053370002B02D1072387F85F30FB6C012B02D19E
S31508053380022387F85F30FB6CB3F1FF3F02D10123B7
S3150805339087F85F3097F85F30002B06D1FB6818462B
S315080533A0FCF77EFE034687F85F30F9F747FEB864F3
S315080533B097F85F30002B6AD1FB68F96C1846FCF75D
S315080533C04FFF7865FB6834337B644FF40072002140
S315080533D0786CFCF79CFC0B222021786CFCF797FC93
S315080533E07B6C2E221A707B6C0B3310221A707B6C41
S315080533F01633B96C1846FCF73DFCFB68FA6C796C14
S315080534001846FDF7B5FB7B6C20332022796C1846E8
S31508053410FCF75CFC7B6C21332E221A70BB693B6575
S31508053420FB681B78032B06D1FB689B6A3A6D9A42A3
S3150805343001D100233B65F8687B6C20333A6D194644
S31508053440FDF796FBFB685B89BB651BE07B6D5A1C24
S315080534507A65FA681363FB680122DA70FB68184611
S31508053460FCF71EFE034687F85F3097F85F30002B9A
S315080534700CD14FF400720021786CFCF748FCBB6D43
S31508053480013BBB65BB6D002BE0D100E000BF97F89B
S315080534905F30002B07D107F110031846FDF7DAFE52
S315080534A0034687F85F3097F85F30002B20D13B6BD2
S315080534B07B647B6C1633B96C1846FCF7DBFBFB683B
S315080534C0FA6C796C1846FDF753FB7B6C0B331022A7
S315080534D01A70FB680122DA7097F85F30002B0ED157
S315080534E0FB681846FCF74EFE034687F85F3006E08C
S315080534F007F110030022F96C1846FDF762F897F8EC
S315080535005F3018466037BD4680BD000080B487B079
S3150805351000AFF860B9601346FB710123FB750023FC
S31508053520BB751F4B5B7ADBB2002B31D11C4B5B7A23
S31508053530DBB21A461A4B00219954194B5B7ADBB252
S31508053540174A9B001344FA685A60154B5B7ADBB237
S315080535501A46134B1344FA791A72114B5B7ADBB286
S315080535605A1CD1B20E4A5172BB75BB7D3033DAB2DD
S31508053570BB681A70BB6801333A221A70BB680233F6
S315080535802F221A70BB68033300221A700023FB75B5
S31508053590FB7D18461C37BD465DF8047B704700BFA2
S315080535A0104C002080B582B000AF786039600022E3
S315080535B039687868FFF7AAFF034618460837BD46EF
S315080535C080BD000080B485B000AF03463960FB8036
S315080535D0FB887F2B02D8FB88FB8125E03B68002BFF
S315080535E00BD0FB88FF2B05D8FB88803B124A32F89F
S315080535F0133000E00023FB8116E00023FB8109E078
S31508053600FB890D4A32F81330FA889A4206D0FB89A7
S315080536100133FB81FB897F2BF2D900E000BFFB89CB
S3150805362080339BB2DBB2FB81FB8918461437BD464E
S315080536305DF8047B704700BFF0F9060880B487B0CB
S3150805364000AF0346FB80FB88B3F5805F01D23E4B8E
S3150805365000E03E4B7B617B699A1C7A611B887B82FD
S315080536607B8A002B68D0FA887B8A9A4264D37B6961
S315080536709A1C7A611B883B823B8A1B0AFB813B8A1B
S31508053680DBB23B82FA88798A3B8A0B449A4249DA45
S31508053690FB89082B4FD801A252F823F0C136050835
S315080536A0D3360508E9360508F1360508F936050855
S315080536B001370508093705081137050819370508B3
S315080536C0FA887B8AD31A5B007A6913441B88FB80C0
S315080536D027E0FA887B8AD31A9BB203F001039BB2CB
S315080536E0FA88D31AFB801CE0FB88103BFB8018E0A0
S315080536F0FB88203BFB8014E0FB88303BFB8010E011
S31508053700FB881A3BFB800CE0FB880833FB8008E046
S31508053710FB88503BFB8004E0FB88A3F5E353FB805D
S3150805372000BF08E0FB89002B95D13B8A5B007A69C7
S3150805373013447B618FE700BFFB8818461C37BD46D7
S315080537405DF8047B704700BFF0FA0608E4FC060836
S3150805375080B48FB000AF78607B681A897B681B6870
S315080537601B8A9A4201D3002356E17B681B681A68AF
S315080537707B685B899B0013441B68FB62FB6A1B0A13
S31508053780DAB27B689A75FB6A03F00303022B5AD0F3
S31508053790022B00F29480002B02D0012B1FD08EE05D
S315080537A07B6801229A82FB6A9B089BB203F03F035A
S315080537B09AB27B681A82FB6A1B0E5BB203F00F038B
S315080537C087F83330FB6A1B0CDBB27B63FB6A1B0F7E
S315080537D09BB203F00F039AB27B685A82B4E07B6802
S315080537E01B681A687B685B8901339B0013441B6851
S315080537F0FB61FB6A1B0C9BB2C3F30B039AB27B688E
S315080538009A82FB6A9B089BB203F03F039AB2FB694F
S315080538101B0F9BB29B019BB213439AB27B681A8214
S31508053820FB6A1B0F5BB203F00F0387F83330FB699E
S315080538309BB27B63FB691B0C9BB2C3F30B039AB262
S315080538407B685A8280E07B681B681A687B685B8997
S3150805385001339B0013441B68BB627B681B681A68A7
S315080538607B685B8902339B0013441B687B627B6814
S315080538701B681A687B685B8903339B0013441B68BE
S315080538803B62FB6A1B0C9AB27B689A82FB6A9B08A9
S315080538909BB203F03F039AB2BB6A1B0A9BB29B0114
S315080538A09BB213439AB27B681A82BB6A87F8333090
S315080538B07B6A7B633B6A9AB27B685A8244E07B687B
S315080538C01B681A687B685B8901339B0013441B6870
S315080538D0BB617B681B681A687B685B8902339B003A
S315080538E013441B687B617B681B681A687B685B8960
S315080538F003339B0013441B683B617B681B681A6886
S315080539007B685B8904339B0013441B68FB60FB6873
S315080539109AB27B689A82FB6A9B089BB203F03F03BF
S315080539209AB2BB691B0A9BB29B019BB213439AB217
S315080539307B681A82BB6987F833307B697B633B6989
S315080539409AB27B685A8200BF7B685B68002B06D1F2
S315080539507B6800229A617B6800221A6241E07B68CF
S315080539605A687B6B1A447B689A6197F93330002B42
S3150805397008D07B689A6997F933305B421A447B68A5
S315080539801A621AE07B689B7D03F03003202B11D160
S315080539907B689B7D03F0C003002B05D07B689B7D68
S315080539A003F0C003802B05D17B6803F114027B68FD
S315080539B01A6202E07B6800221A627B689B7D03F027
S315080539C0C003802B09D17B689B69002B05D07B68D2
S315080539D09B691A687B68DA6103E07B689A697B6884
S315080539E0DA617B689B7D03F00F03082B05D07B689E
S315080539F09B7D03F00F03092B0AD17B681B685A6860
S31508053A007B68DB899B0013441A687B685A6202E067
S31508053A107B6800225A62012318463C37BD465DF885
S31508053A20047B704780B485B000AF78607B681B89D6
S31508053A3001339AB27B681A817B681A897B681B6889
S31508053A401B8A9A420CD37B6800221A817B6800225E
S31508053A505A817B680022DA817B6800229A813CE0DC
S31508053A607B681B681A687B685B899B0013441B681F
S31508053A70FB60FB681B0AFB72FB6803F00303012264
S31508053A8002FA03F33B817B685A893B8913449AB248
S31508053A907B685A817B689A89FB7A03F03003002B89
S31508053AA00CBF01230023DBB29BB213449AB27B6891
S31508053AB09A817B68DA89FB7A03F00F03082B04D011
S31508053AC0FB7A03F00F03092B01D1012300E000233C
S31508053AD09BB213449AB27B68DA8100BF1437BD4698
S31508053AE05DF8047B704780B584B000AFF860B960AF
S31508053AF07A6028220021F86815F022FDFB68BA6865
S31508053B001A60FB687A685A60F868FFF721FE03466B
S31508053B1018461037BD4680BD80B586B000AF7860BB
S31508053B2039603B681B689B683B613B691B681B687A
S31508053B30FB60FB681B0A03F0C003802B09D13B68B1
S31508053B4004331A4639697868FFF7CDFF0346FB75CE
S31508053B5008E03B685B681A4639697868FFF7C3FF6A
S31508053B600346FB753B6803F10C027B681A62FB7D0D
S31508053B7018461837BD4680BD80B582B000AF786057
S31508053B807868FFF74FFF7868FFF7E2FD7B681B89C2
S31508053B90002B14BF01230023DBB218460837BD46A0
S31508053BA080BD80B584B000AF786039607B681B8AB4
S31508053BB01A463B68934201D1012344E07B681B689A
S31508053BC09B8A1A463B68934201D900233BE07B68EA
S31508053BD01B89FB817B681B8A1A463B68934204D27C
S31508053BE07B681B681A8A7B681A817868FFF71AFF4B
S31508053BF07B681B681A687B685B899B0013441B688E
S31508053C00BB60BB689A083B68534003F03F03002B2B
S31508053C1010D17868FFF79CFD7B681B8A1A463B68B6
S31508053C20934207D17B689B7D03F00F030A2B01D0CE
S31508053C30012308E07B681B89FA899A42D5D17868F9
S31508053C40FFF786FD002318461037BD4680BD80B5AB
S31508053C5084B000AF78607B689B7D03F00F030A2B61
S31508053C6001D1012322E07B681B89FB817868FFF770
S31508053C70D9FE7B681B681A687B685B899B001344B9
S31508053C801B68BB60BB681B0A03F00F030A2B04D12C
S31508053C907868FFF75DFD034608E07B681B89FA89A6
S31508053CA09A42E3D17868FFF753FD00231846103783
S31508053CB0BD4680BD80B485B000AF78607B68FB6083
S31508053CC0FB6818461437BD465DF8047B704780B512
S31508053CD084B000AFF860B9607A607868FFF7EAFFE4
S31508053CE003461A46B968F868FFF7FDFE03461846FF
S31508053CF01037BD4680BD80B582B000AF78603960A3
S31508053D003868FFF7D7FF034619467868FFF704FFB3
S31508053D10034618460837BD4680BD80B586B000AF50
S31508053D20F860B9607A607B685B8A082B25D17B6861
S31508053D30DB697B617B69002B1FD0FB68002B0CD0E8
S31508053D407B691B68002B08D07B691B687A69043276
S31508053D507968F8689847034610E0BB68002B0CD0CD
S31508053D607B691B68002B08D07B691B687A69043256
S31508053D707968B8689847034600E001231846183756
S31508053D80BD4680BD80B586B000AFF860B9607A607B
S31508053D90FB685B687B61FB685A687B681A44FB6845
S31508053DA05A60BB68002B04D07A687969B86816F03A
S31508053DB0B9FC012318461837BD4680BD80B588B0BD
S31508053DC000AFF860B9607A607B68002B01D10123E2
S31508053DD05FE0BB68002B23D1FB681B682F4A93421B
S31508053DE01ED011E007F1100310221946F868FFF7EF
S31508053DF0E5FF034683F00103DBB2002B01D0002360
S31508053E0047E07B68103B7B607B68102BEAD807F197
S31508053E1010037A681946F868FFF7D0FF034638E0B5
S31508053E20FB689B687A689A420BD9FB68DB68002BA6
S31508053E3002D0FB68DB6800E0194BFA68D3600023FB
S31508053E4027E0FB681B687A68B968F86898470346E7
S31508053E5083F00103DBB2002B0BD0FB68DB68002B74
S31508053E6002D0FB68DB6800E00E4BFA68D3600023D6
S31508053E700FE0FB689B687A689A4203D9FB680022BB
S31508053E809A6005E0FB689A687B68D21AFB689A60AF
S31508053E90012318462037BD4680BD00BF853D050868
S31508053EA09CD70608ACD7060880B582B000AF7860FF
S31508053EB039607B689B68002B0BD17B68DB68002B18
S31508053EC002D07B68DB6800E0134B7A68D360002371
S31508053ED01DE07B681B6801223968786898470346A0
S31508053EE083F00103DBB2002B0BD07B68DB68002B64
S31508053EF002D07B68DB6800E0084B7A68D36000234C
S31508053F0005E07B689B685A1E7B689A6001231846FC
S31508053F100837BD4680BD00BF9CD70608ACD706083E
S31508053F2090B48AB000AFF860B9607A600A4BBB6195
S31508053F30BB687B617B69FB617B683B6200237B62AF
S31508053F40FB681C4607F118030FCB84E80F00F868D1
S31508053F502837BD4690BC7047853D050880B588B0AD
S31508053F6000AFF860B9607A6007F115031946F86875
S31508053F70FFF79AFF034683F00103DBB2002B0BD04C
S31508053F80FB689B68002B05D17B68002B02D07B68F4
S31508053F9001221A70002384E07B7D5BB2002B02DBCD
S31508053FA07B7DFB6179E00723BB617B7D03F07F039E
S31508053FB0FB6107F115031946F868FFF775FF034610
S31508053FC083F00103DBB2002B01D0002369E0BB694E
S31508053FD01F2B2FD9BB693E2B01D8FF2300E00123F0
S31508053FE0FB757B7D03F07F03002B06D0FB69002B51
S31508053FF005DA7B7DFA7D9A4201D1012300E000238B
S31508054000BB75BB7D03F00103BB75BB693F2B05D8A3
S31508054010BB7D83F00103DBB2002B37D0FB68DB6879
S31508054020002B02D0FB68DB6800E0204BFA68D360FA
S31508054030002336E0BB691C2B1FD17B7D03F070037B
S31508054040002B10D07B7D03F07803782B0BD0FB680B
S31508054050DB68002B02D0FB68DB6800E0134BFA68C7
S31508054060D36000231DE07B7D03F00F02BB6902FACE
S3150805407003F3FA691343FB6108E07B7D03F07F02CE
S31508054080BB6902FA03F3FA691343FB61BB69073394
S31508054090BB617B7D5BB2002B8BDBBB68FA691A605B
S315080540A0012318462037BD4680BD00BFB8D7060888
S315080540B080B582B000AF78603960002239687868C3
S315080540C0FFF74CFF034618460837BD4680BD000076
S315080540D02DE9B04F8AB000AFF860B96000237B625E
S315080540E04FF000024FF00003C7E9062307F117034F
S315080540F01946F868FFF7D8FE034683F00103DBB2D5
S31508054100002B01D0002341E07B6A3E2B10D9FB7DAD
S3150805411003F0FE03002B0BD0FB68DB68002B02D0EF
S31508054120FB68DB6800E01C4BFA68D36000232DE0CA
S31508054130FB7DDBB200223B607A603B6803F07F08B3
S315080541404FF000097B6AA3F12001C3F1200209FAA1
S3150805415003F508FA01F10D4328FA02F2154308FAA0
S3150805416003F4D7E9062342EA040A43EA050BC7E935
S3150805417006AB7B6A07337B62FB7D5BB2002BB5DB3F
S31508054180B968D7E90623C1E9002301231846283764
S31508054190BD46BDE8B08F00BFB8D7060880B584B060
S315080541A000AF786007F10F03012219467868FFF713
S315080541B005FE034683F00103DBB2002B01D000237D
S315080541C004E0FB7B5BB2002BECDB012318461037BA
S315080541D0BD4680BD80B584B000AF786007F10C0395
S315080541E019467868FFF764FF034683F00103DBB2D7
S315080541F0002B01D0002306E0FB681A4600217868E3
S31508054200FFF7DCFD034618461037BD4680BD80B569
S3150805421086B000AFF860B9607A603B603B680022FB
S315080542201A70BB6800221A707B6800221A6007F1AB
S3150805423014033A681946F868FFF790FE034683F0B3
S315080542400103DBB2002B01D000230BE07B69DA08FA
S315080542507B681A607B69DBB203F00703DAB2BB68D1
S315080542601A70012318461837BD4680BD80B582B039
S3150805427000AF78600B46FB70FB78052B26D801A2A4
S3150805428052F823F09D420508A7420508B5420508D8
S31508054290CD420508CD420508BF4205087868FFF7EF
S315080542A07DFF03461DE0082200217868FFF786FD95
S315080542B0034616E07868FFF78DFF034611E00422EA
S315080542C000217868FFF77AFD03460AE07B68DB6814
S315080542D0002B02D07B68DB6800E0044B7A68D36064
S315080542E0002318460837BD4680BD00BFC8D706084F
S315080542F080B586B000AFF8607A603B600B46FB7206
S315080543003B681B687B61FB7A052B3FD0052B47DC91
S31508054310002B02D0012B2FD042E03B6800221A6001
S315080543203B681B685A1C3B681A603B681B687A69B8
S315080543309A420BD2FB68DB68002B02D0FB68DB6868
S3150805434000E01F4BFA68D360002334E00122796840
S31508054350F868FFF733FD034683F00103DBB2002B4C
S3150805436001D0002327E07B685A1C7A601B785BB26C
S31508054370002BD5DB01231EE03B6808221A600822BC
S315080543807968F868FFF71AFD034614E03B680422C6
S315080543901A6004227968F868FFF710FD03460AE0F3
S315080543A0FB68DB68002B02D0FB68DB6800E0054B81
S315080543B0FA68D360002318461837BD4680BD00BF86
S315080543C0B8D70608C8D7060890B585B000AF78608F
S315080543D0396007F10C0319467868FFF769FE034645
S315080543E083F00103DBB2002B01D0002320E03A68F5
S315080543F07B6814460FCB84E80F003B689A68FB6810
S315080544009A420BD27B68DB68002B02D07B68DB6897
S3150805441000E0094B7A68D360002309E0FA683B682F
S315080544209A607B689A68FB68D21A7B689A6001234A
S3150805443018461437BD4690BDDCD7060880B582B048
S3150805444000AF786039603B689B68002B0ED03B68E7
S315080544509B681A4600213868FFF7B0FC034683F0C7
S315080544600103DBB2002B01D0002308E03B685A683C
S315080544707B685A603B68DA687B68DA600123184608
S315080544800837BD4680BD000080B584B000AFF8602A
S315080544900B467A60FB727B689B7D03F00F030B2B3B
S315080544A000F2D48001A252F823F000BFDD440508C6
S315080544B00D4505080D4505080D4505083D4505083D
S315080544C071450508A5450508CF450508F9450508B3
S315080544D0F94505084D46050823460508FB7A002BC8
S315080544E00ED0FB7AFF2B0BD0FB68DB68002B02D0BE
S315080544F0FB68DB6800E05D4BFA68D3600023B0E033
S315080545007968F86800F0F6FE0346AAE0FB7A002B00
S315080545100ED0FB7AFF2B0BD0FB68DB68002B02D08D
S31508054520FB68DB6800E0514BFA68D360002398E026
S315080545307968F86800F0EEFE034692E0FB7A052BEB
S315080545400ED0FB7AFF2B0BD0FB68DB68002B02D05D
S31508054550FB68DB6800E0454BFA68D360002380E01A
S315080545607B68DB691946F86800F08AFE034678E039
S31508054570FB7A012B0ED0FB7AFF2B0BD0FB68DB6889
S31508054580002B02D0FB68DB6800E0384BFA68D3607D
S31508054590002366E07B68DB691946F86800F08CFE3F
S315080545A003465EE0FB7A022B0BD0FB68DB68002B23
S315080545B002D0FB68DB6800E02C4BFA68D360002361
S315080545C04FE07968F86800F0D1FF034649E0FB7AC1
S315080545D0022B0BD0FB68DB68002B02D0FB68DB6877
S315080545E000E0224BFA68D36000233AE07968F86858
S315080545F001F030F8034634E0FB7A022B0BD0FB6852
S31508054600DB68002B02D0FB68DB6800E0174BFA680D
S31508054610D360002325E07968F86801F097F8034622
S315080546201FE0FB7A022B0BD0FB68DB68002B02D058
S31508054630FB68DB6800E00D4BFA68D360002310E0E1
S315080546407968F86801F00CF903460AE0FB68DB6847
S31508054650002B02D0FB68DB6800E0054BFA68D360DF
S31508054660002318461037BD4680BD00BFF4D7060897
S3150805467004D8060880B596B000AFF8600B467A6090
S31508054680FB727B689B7D03F03003302B00F0C280FC
S31508054690302B00F21A81202B1FD0202B00F2158112
S315080546A0002B02D0102B08D00FE1FB7A7A68194641
S315080546B0F868FFF7E9FE034612E17B681B6A002BDB
S315080546C003D07B681B6A01221A70FB7A7A68194639
S315080546D0F868FFF7D9FE034602E1FB7A022B6CD18F
S315080546E07B689B7D03F00F03052B66D8012387F8A6
S315080546F057307B681B6A3B657B689B697A68528A73
S3150805470011463A6D128801FB02F21A447B68DA6192
S3150805471007F13C031946F868FFF756FE034683F08A
S315080547200103DBB2002B1FD00023D9E007F13C03B8
S315080547307A68FF211846FFF7A7FE034683F00103AB
S31508054740DBB2002B03D0002387F8573015E03B6D05
S315080547501B8801339AB23B6D1A807B68DB697A68D8
S31508054760528A1A447B68DA617B6C002B05D03B6D4F
S315080547701A887B689B8A9A42D8D37B6C002B0BD008
S31508054780FB68DB68002B02D0FB68DB6800E0564B4C
S31508054790FA68D3600023A3E007F13C031946F868D5
S315080547A0FFF74CFE034683F00103DBB2002B01D06D
S315080547B0002395E097F8573092E07B681B6AFB64FF
S315080547C07B689B697A68528A1146FA6C128801FBDE
S315080547D002F21A447B68DA61FB6C1B885A1C91B293
S315080547E0FA6C11807A68928A93420BD3FB68DB6868
S315080547F0002B02D0FB68DB6800E03B4BFA68D36008
S3150805480000236DE0FB7A7A681946F868FFF73CFEDF
S31508054810034665E07B689B7D03F00F03082B05D0EF
S315080548207B689B7D03F00F03092B41D17B681B6AC7
S315080548301A887B681B8A9A423AD07B68D8697B684E
S315080548405B8A1A46002114F07BFE7B685B6A9B68C7
S31508054850002B0AD17B685B6ADB68002B05D17B6870
S315080548605B6A5B681B68002B22D07B68596A7B6884
S31508054870DA6907F114031846FFF735F90346002BDD
S3150805488016D007F11403184600F04DFA034683F0CF
S315080548900103DBB2002B0BD0FB68DB68002B02D0CB
S315080548A0FB68DB6800E0114BFA68D360002317E064
S315080548B07B681B6A7A68128A1A80FB7A7A681946AF
S315080548C0F868FFF7E1FD03460AE0FB68DB68002B9D
S315080548D002D0FB68DB6800E0054BFA68D360002365
S315080548E018465837BD4680BD18D8060828D806087C
S315080548F004D8060880B485B000AFF8600B467A6020
S31508054900FB72FB68DB68002B02D0FB68DB6800E0FE
S31508054910044BFA68D360002318461437BD465DF87C
S31508054920047B704740D8060890B59BB000AFF86180
S315080549300B467A61FB767B691B68DB68002B06D11B
S31508054940FB7E1946F869FFF791FC034670E0FB7E86
S31508054950022B45D107F154031946F869FFF734FDCB
S31508054960034683F00103DBB2002B01D000235FE089
S31508054970FB6D7B667B691B68DB6807F154007A6902
S3150805498000219847034683F00103DBB2002B10D0BC
S31508054990FB69DB68002B02D0FB69DB6805E03B6E2B
S315080549A0002B01D03B6E00E0234BFA69D360002348
S315080549B03EE0FB6D002B03D0FB6D7A6E9A42D7D885
S315080549C007F154031946F869FFF738FD034683F0DE
S315080549D00103DBB2002B01D0002329E0012327E0E0
S315080549E020233B6407F1400307F12002F97EF869A5
S315080549F0FFF77EFC034683F00103DBB2002B01D0EB
S31508054A00002315E03A6C3B4607F120011846FFF7E7
S31508054A1087FA07F144043B460FCB84E80F007B6908
S31508054A201B68DB6807F144007A6900219847034645
S31508054A3018466C37BD4690BD54D8060880B584B06F
S31508054A4000AFF8600B467A60FB727B689B7D03F0C6
S31508054A50C003802B0ED0802B1CD8002B02D0402BF0
S31508054A6010D017E0FB7A7A681946F868FFF702FE50
S31508054A7003461AE0FB7A7A681946F868FFF73AFF9B
S31508054A80034612E0FB7A7A681946F868FFF74CFF81
S31508054A9003460AE0FB68DB68002B02D0FB68DB6887
S31508054AA000E0044BFA68D360002318461037BD4664
S31508054AB080BD00BF04D8060880B58EB000AFF86083
S31508054AC0B9607A60FB7007F11003B9681846FFF7F5
S31508054AD023F8034683F00103DBB2002B0BD0FB68F2
S31508054AE0DB68002B02D0FB68DB6800E00E4BFA6832
S31508054AF0D360002314E03B8C1A467B68934202D1A7
S31508054B007B69002B01D101230AE0BB6801221A73D0
S31508054B1007F11002FB781946F868FFF78FFF034679
S31508054B2018463837BD4680BD64D8060890B587B09F
S31508054B3000AFF860B9603B601346FB71FB689B687C
S31508054B403B6122E03B681B681B68002B0AD03B6863
S31508054B501B681C68FB79BA683968F868A047034674
S31508054B60FB7507E0FB79BA683968F868FFF7A4FFAB
S31508054B700346FB75FB7D83F00103DBB2002B01D0F1
S31508054B8000230BE03B689B683B603B68002B04D021
S31508054B90FB689B683A699A42D4D0012318461C37A4
S31508054BA0BD4690BD80B58EB000AF78607B689B7DAD
S31508054BB087F8323097F8323003F00F030A2B24D1E1
S31508054BC07B68DB691B687B631BE007F10803796B68
S31508054BD01846FEF7A1FF0346002B0FD07B6B002274
S31508054BE01A7307F10803184600F09DF8034683F083
S31508054BF00103DBB2002B01D0002390E07B6B9B6899
S31508054C007B637B6B002BE0D188E097F8323003F0A5
S31508054C10C003002B66D1012387F8333097F8323065
S31508054C2003F03003102B08D17B681B6A002B04D0D0
S31508054C307B681B6A00221A7012E097F8323003F077
S31508054C403003202B05D097F8323003F03003302B8C
S31508054C5006D17B681B6A00221A80002387F8333041
S31508054C6097F83330002B59D07B689B7D03F00F03EB
S31508054C70082B05D07B689B7D03F00F03092B28D1EC
S31508054C807B685B6A9B68002B0AD17B685B6ADB6875
S31508054C90002B05D17B685B6A5B681B68002B18D0FF
S31508054CA07B68596A7B68DA6907F108031846FEF7CF
S31508054CB01AFF0346002B30D007F10803184600F003
S31508054CC032F8034683F00103DBB2002B25D0002317
S31508054CD025E07B68D8697B685B8A1A46002114F04B
S31508054CE02FFC1BE097F8323003F0C003802B15D153
S31508054CF07B689B6900221A6097F8323003F0300307
S31508054D00202B05D097F8323003F03003302B05D128
S31508054D107B681B6A00221A8000E000BF012318463B
S31508054D203837BD4680BD90B58DB000AF786107F1BF
S31508054D30200300221A605A609A60DA600023FB6134
S31508054D400023FB767B691B689B68002B20D07B6953
S31508054D501B6899683B464FF0FF321846FFF7E0F89F
S31508054D6007F120043B460FCB84E80F0007F11A0329
S31508054D7007F11C0207F11B0107F12000FFF747FAA7
S31508054D80034683F00103DBB2002B01D0002343E081
S31508054D907869FFF707FF034683F00103DBB2002BAB
S31508054DA001D0002338E0FB69002B2ED07B691B8ACE
S31508054DB01A46FB699A4228D1F97E07F120037A69D2
S31508054DC01846FFF73BFE034683F00103DBB2002BCB
S31508054DD001D0002320E007F11A0307F11C0207F1A9
S31508054DE01B0107F12000FFF712FA034683F00103BA
S31508054DF0DBB2002B01D000230EE07B691B6A002B72
S31508054E0003D07B691B6A00221A707869FEF7B4FE1F
S31508054E100346002BBCD1012318463437BD4690BD41
S31508054E2080B59AB000AFF860B9607A603B60002338
S31508054E307B6600233B664FF6FF73A7F85E300023B3
S31508054E40A7F84A300023A7F85C3000233B64002303
S31508054E507B644FF0FF337B6507F118037A68B968F9
S31508054E601846FEF740FE0346002B00F002813B6814
S31508054E7003F00103002B40F0FC8007F118031846E0
S31508054E80FFF751FF034683F00103DBB2002B00F061
S31508054E90F080FB68DB68002B02D0FB68DB6800E066
S31508054EA0994BFA68D36000236DE107F1120307F100
S31508054EB0140207F11301F868FFF7A9F9034683F009
S31508054EC00103DBB2002B05D0BB7C002B40F0D78055
S31508054ED0002358E17B69002B11D13B6803F00403D5
S31508054EE0002B40F0CE80FB68DB68002B02D0FB6800
S31508054EF0DB6800E0854BFA68D360002343E17A69ED
S31508054F0007F1180311461846FEF74BFE034683F0CC
S31508054F100103DBB2002B05D197F82E3003F00F03FA
S31508054F200A2B3CD17B6E002B12D107F118031846C4
S31508054F30FEF78DFE0346002B04D07B6B1B683B668C
S31508054F403B8D7B663B6E002B02D14FF0FF337B66AC
S31508054F507B697A6E9A4215D8FB689B68FB64796902
S31508054F60FA7C3B6EF868FFF7E1FD034683F001031B
S31508054F70DBB2002B01D0002305E1FB689B68FA6CC0
S31508054F809A4273D1FB7C1946F868FFF76FF9034611
S31508054F9083F00103DBB2002B6AD00023F3E097F810
S31508054FA02E3003F03003202B2ED1BA6B07F11803E8
S31508054FB014339A4228D13B8CB7F85E209A4220D002
S31508054FC0B7F85E304FF6FF72934211D0B7F84A30FC
S31508054FD0B7F85C209A420BD0FB68DB68002B02D039
S31508054FE0FB68DB6800E04A4BFA68D3600023CAE031
S31508054FF03B8CA7F85E300023A7F84A30BB8DA7F887
S315080550005C3007F14A03BB6397F82E3003F030038B
S31508055010002B1CD1BB8C3F2B19D8BB8C03F01F0367
S31508055020012202FA03F33B65BB8C5B099BB29B0025
S3150805503068333B4453F8282CBB8C5B099BB219464D
S315080550403B6D1A438B0068333B4443F8282CFB7C9D
S3150805505007F118021946F868FFF7F0FC034683F0CE
S315080550600103DBB2002B04D000238CE000BF00E06F
S3150805507000BFFB689B68002B7FF417AF02E000BFF3
S3150805508000E000BFB7F85E304FF6FF72934211D0C5
S31508055090B7F84A30B7F85C209A420BD0FB68DB684C
S315080550A0002B02D0FB68DB6800E0194BFA68D36071
S315080550B0002368E0BB695B8AA7F85A30B7F85A3007
S315080550C0002B5FD0B7F85A30402B02D94023A7F8F2
S315080550D05A300023A7F8583023E0B7F858309B0014
S315080550E068333B4453F8283C7A6D9A4214D0FB68DA
S315080550F0DB68002B02D0FB68DB6800E0054BFA6825
S31508055100D36000233FE000BF28D8060878D80608EC
S3150805511084D80608A8D80608B7F858300133A7F87A
S315080551205830B7F85A305B099BB2B7F858209A42F7
S31508055130D3D3B7F85A3003F01F03002B22D0B7F89C
S315080551405A305B099BB29B0068333B4453F8282CBD
S31508055150B7F85A30DBB203F01F03DBB2C3F12003FD
S31508055160DBB219467B6DCB409A420BD0FB68DB68F0
S31508055170002B02D0FB68DB6800E0054BFA68D360B4
S31508055180002300E0012318466837BD4680BD00BFE9
S31508055190A8D8060880B586B000AFF860B9607A6009
S315080551A000237A68B968F868FFF73AFE0346FB757F
S315080551B0FB7D18461837BD4680BD80B584B000AF5F
S315080551C07860396007F10C0319467868FEF770FFB1
S315080551D0034683F00103DBB2002B01D0002308E068
S315080551E0FB68002B14BF01230023DAB23B681A704B
S315080551F0012318461037BD4680BD2DE9B04384B056
S3150805520000AF7860396007F1080319467868FEF734
S315080552105FFF034683F00103DBB2002B01D00023B1
S3150805522029E0D7E9022302F00104002554EA05031B
S3150805523013D0D7E902014FF000024FF000034208E8
S3150805524042EAC1724B086FEA02086FEA0309424649
S315080552504B463968C1E900230CE0D7E902014FF04E
S3150805526000024FF00003420842EAC1724B0839684A
S31508055270C1E90023012318461037BD46BDE8B083AA
S3150805528080B584B000AF7860396007F10C03042255
S3150805529019467868FEF792FD034683F00103DBB2EB
S315080552A0002B01D0002303E0FA683B681A60012346
S315080552B018461037BD4680BD80B584B000AF786006
S315080552C0396007F10803082219467868FEF776FD5E
S315080552D0034683F00103DBB2002B01D0002305E06A
S315080552E0D7E902233968C1E900230123184610378F
S315080552F0BD4680BD80B582B000AF786039603B6831
S31508055300DB6919467868FFF758FF034618460837D4
S31508055310BD4680BD2DE9B04F94B000AF78623962BD
S315080553203B6A9B7D03F00F03022B79D107F13803FE
S315080553301946786AFEF7CCFE034683F00103DBB20D
S31508055340002B01D0002307E13B6A5B8A082B0AD1AB
S315080553503B6AD969D7E90E23C1E90023D1E90023B8
S31508055360C7E9122346E03B6A5B8A042B0ED1D7E9C7
S315080553700E013B6ADB6902461A601B6800223B611F
S315080553807A61D7E90434C7E9123433E03B6A5B8AA4
S31508055390022B0FD1D7E90E013B6ADB6982B21A8067
S315080553A01B889BB20022BB60FA60D7E90234C7E9BD
S315080553B012341FE03B6A5B8A012B0FD1D7E90E0130
S315080553C03B6ADB69C2B21A701B78DBB200223B6006
S315080553D07A60D7E90034C7E912340BE07B6ADB68E3
S315080553E0002B02D07B6ADB6800E05E4B7A6AD360E5
S315080553F00023B1E0D7E90E23D7E91201994208BF80
S3150805540090420BD07B6ADB68002B02D07B6ADB688F
S3150805541000E0554B7A6AD36000239DE001239BE0A3
S315080554203B6A9B7D03F00F03032B0DD107F1280378
S315080554301946786AFFF7E1FE034683F00103DBB2F6
S31508055440002B22D0002387E007F130031946786A36
S31508055450FEF73EFE034683F00103DBB2002B01D0BF
S31508055460002379E03B6A5B8A082B04D1D7E90C232C
S31508055470C7E90A2309E0D7E90C231346DA17BB61FE
S31508055480FA61D7E90623C7E90A233B6A5B8A082B2B
S315080554900AD13B6AD969D7E90A23C1E90023D1E9C3
S315080554A00023C7E9102342E03B6A5B8A042B0CD12B
S315080554B0D7E90A013B6ADB6902461A601B68DA17EF
S315080554C09A469346C7E910AB31E03B6A5B8A022BDD
S315080554D00ED1D7E90A013B6ADB6902B21A80B3F92C
S315080554E000301BB2DA1798469146C7E910891EE0BF
S315080554F03B6A5B8A012B0ED1D7E90A013B6ADB6950
S3150805550042B21A7093F900305BB2DA171C46154693
S31508055510C7E910450BE07B6ADB68002B02D07B6A7E
S31508055520DB6800E00F4B7A6AD360002314E0D7E9FD
S315080555300A23D7E91001994208BF90420BD07B6A26
S31508055540DB68002B02D07B6ADB6800E0064B7A6ACB
S31508055550D360002300E0012318465037BD46BDE851
S31508055560B08F00BFC0D80608D4D8060880B586B05F
S3150805557000AF7860396007F10C0319467868FEF7BD
S3150805558097FD034683F00103DBB2002B01D0002308
S3150805559055E0FB68B3F5803F0BD37B68DB68002BCA
S315080555A002D07B68DB6800E0274B7A68D360002366
S315080555B045E0FB6802337B61FB687A699A420BD240
S315080555C07B68DB68002B02D07B68DB6800E01F4B35
S315080555D07A68D360002332E03B689B7D03F0C003FD
S315080555E0802B0BD17B68DB68002B02D07B68DB68D8
S315080555F000E0174B7A68D360002320E03B685B8A96
S315080556001A467B6993420BD97B68DB68002B02D067
S315080556107B68DB6800E00C4B7A68D36000230EE0F4
S315080556203B68DB693B61FB689AB23B691A803B6953
S315080556300233FA6819467868FEF7C0FB034618462A
S315080556401837BD4680BD00BFE8D80608F8D806084D
S3150805565040D8060880B586B000AF786039603B68E3
S31508055660DB697B6107F10C0319467868FEF720FDAF
S31508055670034683F00103DBB2002B01D000235AE071
S31508055680FB68B3F1FF3F0BD17B68DB68002B02D0C3
S315080556907B68DB6800E02A4B7A68D36000234AE01A
S315080556A0FB6801333B61FB683A699A420BD27B6812
S315080556B0DB68002B02D07B68DB6800E0204B7A6844
S315080556C0D360002337E03B689B7D03F0C003802B3E
S315080556D00BD17B68DB68002B02D07B68DB6800E0B2
S315080556E0184B7A68D360002325E03B685B8A1A461F
S315080556F03B6993420BD97B68DB68002B02D07B6834
S31508055700DB6800E0104B7A68D360002313E0FB687A
S315080557107A69134400221A70FB681A46796978680B
S31508055720FEF74CFB034683F00103DBB2002B01D0E1
S31508055730002300E0012318461837BD4680BD00BF83
S31508055740F8D8060840D8060808D9060880B58AB0E4
S3150805575000AF78603960012387F82730002387F87A
S31508055760263007F10C0319467868FEF72DFE034621
S3150805577083F00103DBB2002B01D0002369E03B6807
S315080557805B6A002B0BD17B68DB68002B02D07B6834
S31508055790DB6800E0314B7A68D360002359E03B6843
S315080557A09B7D03F00F03092B1CD13B681B6A002B55
S315080557B018D03B681B6A083BFB61FB691B68002B15
S315080557C010D0FB691B68FA69043207F10C003968C1
S315080557D09847034687F827307B69002B02D10123B2
S315080557E087F8263097F82730002B22D097F82630E9
S315080557F083F00103DBB2002B1BD000233B623B6819
S315080558009B7D03F0C003002B07D13B689B7D03F006
S315080558103003202B01D001233B623B68596A3B685C
S31508055820DA6907F10C003B6AFFF7FAFA034687F8C7
S31508055830273007F10C0319467868FEF7FFFD03467E
S3150805584083F00103DBB2002B01D0002301E097F8B2
S31508055850273018462837BD4680BD00BF18D9060823
S3150805586080B584B000AF7860396007F10C03194636
S315080558707868FEF71DFC034683F00103DBB2002BAF
S3150805588001D0002337E0FB68B3F5803F0BD37B686F
S31508055890DB68002B02D07B68DB6800E0184B7A686A
S315080558A0D360002327E0FB68002B09D13B68D8693C
S315080558B03B685B8A1A46002113F042FE01231AE06B
S315080558C03B685B8A1A46FB689A420BD07B68DB689D
S315080558D0002B02D07B68DB6800E00A4B7A68D36048
S315080558E0002308E03B68D9693B685B8A1A467868ED
S315080558F0FEF764FA034618461037BD4680BD00BF55
S31508055900E8D8060834D9060880B586B000AFF86029
S31508055910B9607A60FB685B687B617A697B681A445B
S31508055920FB685A607A68B968786914F0FBFE012342
S3150805593018461837BD4680BDB0B48BB000AFF860C1
S31508055940B9607A600B4B7B61BB68BB617B68FB61A1
S3150805595000233B6200237B62FB681D4607F114049E
S315080559600FCC0FC523682B60F8682C37BD46B0BC2D
S31508055970704700BF0959050880B584B000AFF860BF
S31508055980B9607A607B68002B37D0FB681B68002BEB
S3150805599033D0FB68DA687B681A44FB68DB689A4289
S315080559A007D3FB68DA687B681A44FB689B689A42E2
S315080559B00BD9FB681B69002B02D0FB681B6900E045
S315080559C0134BFA68136100231EE0FB681B687A68A7
S315080559D0B968F8689847034683F00103DBB2002BDC
S315080559E00BD0FB681B69002B02D0FB681B6900E01E
S315080559F0084BFA681361002306E0FB68DA687B68DA
S31508055A001A44FB68DA60012318461037BD4680BD7F
S31508055A1058D9060864D9060880B485B000AF7860F9
S31508055A207B68BB600023FB600AE0BA68FB68134421
S31508055A301B78002B01D0012306E0FB680133FB60C8
S31508055A40FB68002BF1D0002318461437BD465DF8D0
S31508055A50047B7047B0B58CB000AF786039603B6899
S31508055A601B6A1B88BB84BB8C002B01D101233DE136
S31508055A703B689B7D03F0C003802B10D03B689B8A4F
S31508055A80BA8C9A420BD97B681B69002B02D07B68B6
S31508055A901B6900E0974B7A681361002326E13B688A
S31508055AA09B7D03F00F03052B00F2B3803B681B8A29
S31508055AB01A460221786800F002FD034683F00103C1
S31508055AC0DBB2002B01D0002310E13B689B7D03F078
S31508055AD00F03042B03D1BB8C9B00BB6247E03B68D5
S31508055AE09B7D03F00F03052B03D1BB8CDB00BB6243
S31508055AF03DE007F1080300221A605A609A60DA60E9
S31508055B001A613B68DB69FB610023FB8526E007F123
S31508055B1008033968184600F013FE034683F00103A7
S31508055B20DBB2002B10D07B681B69002B02D07B6883
S31508055B301B6905E0BB69002B01D0BB6900E06E4B0C
S31508055B407A6813610023D1E03B68DB693A68528AB3
S31508055B501A443B68DA61FB8D0133FB85FA8DBB8CEC
S31508055B609A42D4D33B68FA69DA617B69BB62BB6A38
S31508055B7000221C46154622462B46786800F01CFC72
S31508055B80034683F00103DBB2002B01D00023ADE009
S31508055B907B681B68002B06D1BA6A00217868FFF76F
S31508055BA0EBFE0346A2E00023FB852DE03B689B7DC3
S31508055BB003F00F03042B05D03B689B7D03F00F0309
S31508055BC0052B0BD13968786800F07CFE034683F00F
S31508055BD00103DBB2002B0DD0002387E0396878680E
S31508055BE000F0AEFD034683F00103DBB2002B01D0BE
S31508055BF000237BE03B68DB693A68528A1A443B68AE
S31508055C00DA61FB8D0133FB85FA8DBB8C9A42CDD3C0
S31508055C106BE00023FB8564E03B689B7D03F0C003CE
S31508055C20802B47D13B689B7D03F00F03072B05D0D7
S31508055C303B689B7D03F00F03062B3BD13B68DB696D
S31508055C403B623B68DB691A683B68DA613B68DB6976
S31508055C50002B1CD13968786800F05AFC0346002BDE
S31508055C600BD04FF000024FF00003786800F0A4FB54
S31508055C700346002B01D0012300E0002387F82730CF
S31508055C8097F8273003F0010387F8273006E03968C7
S31508055C90786800F051F9034687F827303B683A6A71
S31508055CA0DA6197F8273083F00103DBB2002B0DD0B4
S31508055CB000231BE03968786800F03EF9034683F04F
S31508055CC00103DBB2002B02D000230FE000BF3B68BF
S31508055CD0DB693A68528A1A443B68DA61FB8D0133F7
S31508055CE0FB85FA8DBB8C9A4296D301231846303725
S31508055CF0BD46B0BD70D9060888D9060880B592B0E4
S31508055D0000AF78607B689B7D87F8453097F8453006
S31508055D1003F0C003002B40F0C98097F8453003F01F
S31508055D203003002B01D1002300E197F8453003F035
S31508055D303003202B08D17B681B6A1B88002B0CBFF8
S31508055D4001230023DBB2F1E097F8453003F0300371
S31508055D50302B08D17B681B6A1B88002B0CBF0123D7
S31508055D600023DBB2E2E097F8453003F03003102B49
S31508055D7015D17B681B6A002B11D07B681B6A1846F0
S31508055D80FFF74AFE0346002B14BF01230023DBB2A7
S31508055D9083F00103DBB203F00103DBB2C6E07B68DF
S31508055DA01B689B68002B01D00023BFE097F8453098
S31508055DB003F00F03052B1CD87B68DB697B6300237F
S31508055DC0A7F846300DE0B7F846307A6B13441B78CA
S31508055DD0002B01D00023A9E0B7F846300133A7F810
S31508055DE046307B685B8AB7F846209A42EBD301238F
S31508055DF09CE097F8453003F00F03062B0AD17B681C
S31508055E00DB69BB63BB6B1B88002B0CBF0123002317
S31508055E10DBB28BE097F8453003F00F03072B08D163
S31508055E207B68DB691B78002B0CBF01230023DBB2DB
S31508055E307CE097F8453003F00F030B2B07D17B68F9
S31508055E405B8A002B0CBF01230023DBB26EE097F8B3
S31508055E50453003F00F03082B05D097F8453003F0B6
S31508055E600F03092B61D17B68596A7B68DA6907F1E3
S31508055E700C031846FDF737FE0346002B14D007F129
S31508055E800C031846FFF73AFF034683F00103DBB216
S31508055E90002B01D0002349E007F10C031846FDF74E
S31508055EA06BFE0346002BEAD101233FE097F8453000
S31508055EB003F0C003802B07D17B68DB69002B0CBF79
S31508055EC001230023DBB231E097F8453003F0C00320
S31508055ED0402B2AD197F8453003F00F030A2B0AD130
S31508055EE07B68DB691B68FB63FB6B002B0CBF012317
S31508055EF00023DBB21AE07B681B68DB680D4A934210
S31508055F000AD17B68DB693B643B6C1B68002B0CBFBD
S31508055F1001230023DBB209E07B681B68DB68002BDD
S31508055F200CBF01230023DBB200E0002318464837DF
S31508055F30BD4680BD1B3D050880B582B000AF7860BB
S31508055F4039603B68DB69002B01D1012361E03968BB
S31508055F50786800F0DDFA034683F00103DBB2002B0F
S31508055F6001D0002355E03B689B7D03F00F030B2BFF
S31508055F7044D801A252F823F0A95F0508B55F0508BC
S31508055F80B55F0508B55F0508C15F0508C15F050862
S31508055F90CD5F0508D95F0508E55F0508E55F0508CE
S31508055FA0FD5F0508F15F05083968786800F0AEFBFE
S31508055FB003462EE03968786800F0C2FB034628E0F8
S31508055FC03968786800F07EFC034622E03968786807
S31508055FD000F0A6FC03461CE03968786800F0DEFC8C
S31508055FE0034616E03968786800F036FD034610E082
S31508055FF03968786800F076FD03460AE07B681B6910
S31508056000002B02D07B681B6900E0044B7A68136194
S31508056010002318460837BD4680BD00BF90D9060837
S3150805602080B582B000AF786039603B681B68DB686D
S31508056030002B18D03B681B68DB683A68796800202E
S315080560409847034683F00103DBB2002B0BD07B6828
S315080560501B69002B02D07B681B6900E0044B7A6834
S315080560601361002300E0012318460837BD4680BDA5
S31508056070A4D9060880B582B000AF786039603B6858
S315080560809B7D03F03003302B08D13B681B6A1A88C1
S315080560903B681B8A9A4226D0012359E03B689B7DBB
S315080560A003F03003102B1ED13B681B6A002B0CD05E
S315080560B03B681B6A1846FFF7AFFC034683F00103E6
S315080560C0DBB2002B0FD0012342E03B689B7D03F032
S315080560D0C003002B07D13868FFF710FE0346002BCF
S315080560E001D0012334E03B68DB69002B13D13B68FB
S315080560F09B7D03F03003002B0BD17B681B69002BB6
S3150805610002D07B681B6900E0134B7A68136100238C
S315080561101EE001231CE03B689B7D03F0C003402B72
S3150805612005D139687868FFF77BFF034610E03B68B9
S315080561309B7D03F03003202B05D139687868FFF776
S3150805614089FC034604E039687868FFF7F5FE0346D7
S3150805615018460837BD4680BDB4D9060880B58CB043
S3150805616000AF7860396007F1080339681846FDF706
S31508056170C2FD034683F00103DBB2002B0BD07B6817
S315080561801B69002B02D07B681B6900E0074B7A6800
S315080561901361002306E007F1080319467868FFF737
S315080561A069FF034618463037BD4680BDCCD9060873
S315080561B080B584B000AF786039603B68DB691B68D9
S315080561C0FB601EE0FB681B685B68002B08D0FB6854
S315080561D01B685B68F968786898470346FB7205E0AB
S315080561E0F9687868FFF7BAFF0346FB72FB7A83F00E
S315080561F00103DBB2002B01D0002306E0FB689B6890
S31508056200FB60FB68002BDDD1012318461037BD4618
S3150805621080BD80B58EB000AFF860B9607A6007F1C9
S3150805622010037A68B9681846FDF751FD034683F0E9
S315080562300103DBB2002B01D001232AE097F82630AB
S3150805624003F00F030A2B0DD107F110031946F86859
S31508056250FFF7AEFF034683F00103DBB2002B0FD031
S31508056260002316E007F110031946F868FFF702FF41
S31508056270034683F00103DBB2002B01D0002308E0B7
S3150805628007F110031846FDF777FC0346002BD5D111
S31508056290012318463837BD4680BD80B58AB000AF9C
S315080562A0F860B9607A6007F1140300221A605A602B
S315080562B09A60DA601A6107F114037A68B9681846AC
S315080562C0FFF7A7FF034683F00103DBB2002B01D0D6
S315080562D0002303E03A6AFB681A6001231846283743
S315080562E0BD4680BD80B588B000AFF860B9607A60F4
S315080562F00023FB61BB68DBB203F07F03FB76BB6853
S31508056300DB09BB6013E0FB7E63F07F03FB76FB6965
S315080563105A1CFA6120333B44FA7E03F8102CBB68F5
S31508056320DBB203F07F03FB76BB68DB09BB60FB6961
S31508056330032B05D8BB68002BE5D17B68002BE2D17A
S315080563407B68002B24D07B68DBB21B01DBB203F02C
S315080563507003DAB2FB7E1343FB767B68DB087B604A
S3150805636013E0FB7E63F07F03FB76FB695A1CFA6133
S3150805637020333B44FA7E03F8102C7B68DBB203F026
S315080563807F03FB767B68DB097B607B68002BE8D19E
S31508056390FB695A1CFA6120333B44FA7E03F8102C34
S315080563A007F11003FA691946F868FFF7E5FA03468F
S315080563B018462037BD4680BD90B587B000AFF86052
S315080563C0C7E90023D7E90023802A73F100030AD217
S315080563D03B78FB7507F1170301221946F868FFF79D
S315080563E0CBFA03460FE03C68D7E900014FF00002F7
S315080563F04FF000030A00002313461A462146F8689B
S31508056400FFF770FF034618461C37BD4690BD2DE9B4
S31508056410B04F8AB000AF7861C7E902234FF0FF3263
S315080564206FF00043C7E90623D7E90223002B15DADF
S31508056430D7E90201D7E9062300EA020401EA0305BA
S3150805644023193B6045EB05037B60D7E900236FEA13
S31508056450020A6FEA030BC7E908AB07E0D7E9022387
S3150805646012EB020843EB0309C7E90889D7E90823AC
S315080564707869FFF7A1FF034618462837BD46BDE8E4
S31508056480B08F80B582B000AF78603960042239686C
S315080564907868FFF771FA034618460837BD4680BD82
S315080564A080B582B000AF78603960082239687868A7
S315080564B0FFF762FA034618460837BD4680BD2DE93B
S315080564C0B04F88B000AF78610B46FA60FB74FB687D
S315080564D000229A4693464FEA5A754FEACA04FB7C48
S315080564E000229846914644EA08033B6045EA0903B3
S315080564F07B60D7E90034C7E90634D7E90623786906
S31508056500FFF75AFF034618462037BD46BDE8B08F44
S3150805651080B584B000AF786039603B689B7D03F031
S315080565200F030B2B26D801A252F823F05D65050843
S315080565305D6505085D6505085D6505086365050806
S31508056540696505086F6505086F6505086F650508BA
S315080565506F650508756505086F6505080023FB73EE
S3150805656014E00523FB7311E00123FB730EE00223F8
S31508056570FB730BE07B681B69002B02D07B681B69E4
S3150805658000E0094B7A681361002308E03B681B8A1B
S315080565901A46FB7B19467868FFF791FF03461846A6
S315080565A01037BD4680BD00BF90D90608B0B584B082
S315080565B000AFF860B9607A607B6800221C4615460C
S315080565C022462B46F868FFF7F7FE034683F00103D4
S315080565D0DBB2002B01D0002305E07A68B968F868B4
S315080565E0FFF7CAF9034618461037BD46B0BD000081
S315080565F0B0B58CB000AFF860B9607A6007F11403DE
S3150805660000221A605A609A60DA601A6107F1140363
S315080566107A68B9681846FFF7FCFD034683F0010357
S31508056620DBB2002B04D07A6AFB681A61002365E0A1
S315080566303B6AFB62FB6A00221C46154622462B4628
S31508056640F868FFF7B9FE034683F00103DBB2002BB2
S3150805665001D0002352E0FB681B68002B06D1FA6AB5
S315080566600021F868FFF788F9034647E0FB68DA680A
S31508056670FB6A1A44FB689B689A420BD9FB681B6937
S31508056680002B02D0FB681B6900E01E4BFA681361F4
S31508056690002333E0FB681B687B61FB685B68BB61AD
S315080566A0FB6AFB6100233B6200237B6207F1140347
S315080566B07A68B9681846FFF7ACFD034687F82B30A4
S315080566C0FB68DA683B6A1A44FB68DA60BA69FB68EC
S315080566D05A607A6AFB681A613B6AFA6A9A420BD06B
S315080566E0FB681B69002B02D0FB681B6900E0064B9B
S315080566F0FA681361002301E097F82B3018463037FE
S31508056700BD46B0BD58D90608E0D90608B0B584B067
S3150805671000AF786039603B68DB691846FFF77CF996
S315080567200346FB60FB6800221C46154622462B4697
S315080567307868FFF741FE034618461037BD46B0BDD3
S315080567402DE9B04F8CB000AFF861B961BB699B7D87
S3150805675003F00F03022B52D14FF000024FF000034E
S31508056760C7E90A23BB695B8A012B0BD1BB69DB69C0
S315080567701B78DBB200223B617A61D7E90434C7E9A5
S315080567800A3435E0BB695B8A022B0BD1BB69DB6929
S315080567901B889BB20022BB60FA60D7E90234C7E9B9
S315080567A00A3425E0BB695B8A042B0AD1BB69DB6918
S315080567B01B6800223B607A60D7E90034C7E90A34CA
S315080567C016E0BB695B8A082B06D1BB69DB69D3E989
S315080567D00023C7E90A230BE0FB691B69002B02D0D6
S315080567E0FB691B6900E0364BFA691361002361E012
S315080567F0D7E90A23F869FFF7DFFD03465AE04FF0A4
S3150805680000024FF00003C7E90823BB695B8A012B21
S315080568100AD1BB69DB6993F900305BB2DA179A4688
S315080568209346C7E908AB32E0BB695B8A022B0AD1F6
S31508056830BB69DB69B3F900301BB2DA17984691468E
S31508056840C7E9088923E0BB695B8A042B08D1BB69BC
S31508056850DB691B68DA171C461546C7E9084516E0BD
S31508056860BB695B8A082B06D1BB69DB69D3E90023BB
S31508056870C7E908230BE0FB691B69002B02D0FB69F6
S315080568801B6900E00E4BFA691361002312E0BB6928
S315080568909B7D03F00F03032B06D1D7E90823F86977
S315080568A0FFF7B5FD034605E0D7E90823F869FFF7BD
S315080568B083FD034618463037BD46BDE8B08F00BF91
S315080568C0F4D9060880B582B000AF786039603B68B0
S315080568D05B8A042B07D13B68DB6919467868FFF79D
S315080568E0D0FD034616E03B685B8A082B07D13B6853
S315080568F0DB6919467868FFF7D3FD03460AE07B6826
S315080569001B69002B02D07B681B6900E0034B7A687C
S315080569101361002318460837BD4680BDF4D9060815
S3150805692080B584B000AF786039600023FB603B68AA
S31508056930DB69FB60FB68002B06D10022002178681D
S31508056940FFF734FE034622E03B689B7D03F0C00350
S31508056950002B13D1FB681B881A463B685B8A023BEA
S315080569609A420BD97B681B69002B02D07B681B6989
S3150805697000E0094B7A681361002308E0FB68991C57
S31508056980FB681B881A467868FFF710FE0346184603
S315080569901037BD4680BD00BF08DA060880B586B043
S315080569A000AF7860396000237B613B685B8A3B6191
S315080569B03B68DB69BB603B689B7D03F0C003802BA6
S315080569C003D14FF0FF333B6111E03B69002B0BD137
S315080569D07B681B69002B02D07B681B6900E01C4B92
S315080569E07A68136100232FE03B69013B3B61BB686D
S315080569F0002B02D100237B6120E0BB68FB6005E024
S31508056A007B6901337B61FB680133FB607A693B6906
S31508056A109A4203D2FB681B78002BF1D1FB681B78D9
S31508056A20002B0BD07B681B69002B02D07B681B6982
S31508056A3000E0084B7A681361002305E07A69B968AE
S31508056A407868FFF7B3FD034618461837BD4680BD77
S31508056A501CDA060830DA060880B584B000AF786017
S31508056A6039603B685B6A002B0BD17B681B69002B79
S31508056A7002D07B681B6900E0194B7A68136100230D
S31508056A8029E03B689B7D03F00F03092B1AD13B6868
S31508056A901B6A002B16D03B681B6A083BFB60FB6824
S31508056AA01B68002B0ED0FB681B68FA680432396828
S31508056AB078689847034683F00103DBB2002B01D0BB
S31508056AC0002308E03B68596A3B68DB691A4678681B
S31508056AD0FFF78EFD034618461037BD4680BD00BF35
S31508056AE044DA060880B582B000AF786039603B683D
S31508056AF0D9693B685B8A1A467868FFF757FD0346E6
S31508056B0018460837BD4680BD80B584B000AF034634
S31508056B10FB80FB88082B49D1FB8819462B48EFF7DC
S31508056B200DFA0346FB73FB7B012B37D1284800F08A
S31508056B304BFB034603F07703BB73BB7B03F04003AC
S31508056B40002B02D0234B06221A70BB7B03F02003C9
S31508056B50002B02D0204B06221A70BB7B03F01003CC
S31508056B60002B02D01D4B06221A70BB7B03F00403CB
S31508056B70002B02D01A4B06221A70BB7B03F00203C0
S31508056B80002B02D0174B06221A70BB7B03F00103B4
S31508056B90002B0BD0144B06221A7007E00C4B9B688A
S31508056BA00B4A918900221846EFF7E0F90A4B1B783C
S31508056BB0012B07D10B4B1B78012B03D10A210B4857
S31508056BC00CF08AFA00BF1037BD4680BD000800489C
S31508056BD01C4C002054AB002074AB002064AB00208D
S31508056BE05CAB00207CAB00206CAB002084AB00209E
S31508056BF080B584B000AF786039600823FB737B687D
S31508056C003A681A607B684E221A7107F10C03194611
S31508056C10786800F027F80346002B18D07B684822C9
S31508056C201A7108E07B681B790133DAB27B681A7139
S31508056C30FB7B013BFB73FB7B002B08D007F10C03A1
S31508056C401946786800F00EF80346002BEAD1FB7B57
S31508056C50002B01D0002300E0012318461037BD4656
S31508056C6080BD000080B586B002AF78603960002324
S31508056C70FB737B681B68002B37D07B6818687B68B5
S31508056C801B799BB25B0099B207F10C0241F2883376
S31508056C9000930223EFF74EFB0346FB73FB7B002BA2
S31508056CA00BD13B7B1B021AB27B7B1BB213431BB270
S31508056CB09AB23B681A8000232AE0102011F0B6FC28
S31508056CC00346002B0FD011F047FC1349134811F062
S31508056CD00BFCF97B7B681B791A46114811F004FCF5
S31508056CE0104811F001FC012312E0102011F09EFC5A
S31508056CF00346002B0BD011F02FFC0749074811F066
S31508056D00F3FB094811F0F0FB064811F0EDFB0323E8
S31508056D1018461037BD4680BD60DA060868DA0608E3
S31508056D2070DA060898DA06089CDA060880B586B089
S31508056D3002AF78600B467B800023FB730023BB817B
S31508056D4007F10A031946786800F030F90346FB731C
S31508056D50FB7B002B01D0FB7B9DE07B88B3F5805F31
S31508056D6001D3022397E07B897A889A4201D10023C9
S31508056D7091E03B7A6FF387133B727B685B7903F087
S31508056D800303DAB23B7A62F305133B727B88DBB2FF
S31508056D907B737B681B7A0C2B0AD17B881B0A9BB2F3
S31508056DA003F00F03DAB23B7A62F303033B7211E091
S31508056DB07B681B7A0A2B0DD17B889B099BB203F04E
S31508056DC00F03DAB23B7A62F303033B727B889B00B7
S31508056DD0DBB27B733B7A3B737B681B68002B45D01C
S31508056DE07B6818687B681B799BB25B0099B207F1CB
S31508056DF00C02322300930223EFF784F90346002B8E
S31508056E0014D00123FB73102011F010FC0346002B48
S31508056E1040D011F0A1FB2249224811F065FB224812
S31508056E2011F062FB214811F05FFB33E007F10A0315
S31508056E301946786800F0BAF87B897A889A4229D083
S31508056E40102011F0F3FB0346002B23D011F084FB29
S31508056E501349144811F048FB7B887A891946144862
S31508056E6011F042FB114811F03FFB13E00123FB73B8
S31508056E70102011F0DBFB0346002B0BD011F06CFB41
S31508056E800749084811F030FB0A4811F02DFB074859
S31508056E9011F02AFBFB7B18461037BD4680BD00BF9F
S31508056EA0B0DA0608B8DA0608C0DA0608D4DA060833
S31508056EB0D8DA0608F8DA060880B586B002AF78602B
S31508056EC00023FB7300233B7300233B723B7B0322A2
S31508056ED062F302033B737B68DB7903F00303DAB2DB
S31508056EE03B7B62F3C4033B737B685B7903F003035F
S31508056EF0DAB23B7B62F346133B737B689B7903F0F7
S31508056F000103DAB23B7B62F3C7133B733B7B3B72E8
S31508056F107B681B68002B25D07B6818687B681B79FE
S31508056F209BB25B0099B207F108023223009301234D
S31508056F30EFF7E8F80346002B28D00123FB7310204A
S31508056F4011F074FB0346002B20D011F005FB1249FE
S31508056F50124811F0C9FA124811F0C6FA114811F08B
S31508056F60C3FA13E00123FB73102011F05FFB0346F8
S31508056F70002B0BD011F0F0FA0749084811F0B4FABE
S31508056F80094811F0B1FA074811F0AEFAFB7B184625
S31508056F901037BD4680BD00BFB0DA0608B8DA060860
S31508056FA0C0DA0608D4DA0608F8DA06082DE9F04341
S31508056FB089B002AF786039606B461E460023FB75BB
S31508056FC07B681B7A082B01D1022100E003214B1EA1
S31508056FD03B610A460023904699464FF000024FF05A
S31508056FE000034FEAC90343EA58734FEAC8020A463B
S31508056FF0002314461D464FF000024FF00003EB0030
S3150805700043EA5473E2000B460733DB08DB00ADEBB6
S31508057010030D02AB0033FB607B681B68002B4DD064
S315080570207B6818687B681B799BB25B009CB28BB240
S3150805703032220092FA682146EFF77CF90346002BBF
S3150805704014D00123FB75102011F0F0FA0346002B26
S3150805705048D011F081FA2749274811F045FA2748FB
S3150805706011F042FA264811F03FFA3BE07B681B7A95
S31508057070082B05D1FB685B789AB23B681A8031E024
S315080570807B681B7A0A2B0AD1FB685B781B02FA68B0
S31508057090927813439B119AB23B681A8022E07B6863
S315080570A01B7A0C2B1ED1FB685B781B02FA68927853
S315080570B013431B119AB23B681A8013E00123FB752B
S315080570C0102011F0B3FA0346002B0BD011F044FA41
S315080570D00849094811F008FA0A4811F005FA084856
S315080570E011F002FAFB7DB54618461C37BD46BDE8C4
S315080570F0F08300BFB0DA0608B8DA06080CDB06081E
S31508057100D4DA0608F8DA060880B584B000AF7860E0
S3150805711039600823FB737B683A681A607B686122C5
S315080571201A7107F10C0319467868FFF73FFF0346FE
S31508057130002B18D07B6860221A7108E07B681B79DA
S315080571400133DAB27B681A71FB7B013BFB73FB7B68
S31508057150002B08D007F10C0319467868FFF726FFB8
S315080571600346002BEAD1FB7B002B04D07868FFF792
S31508057170A3FE034600E0012318461037BD4680BD29
S3150805718080B483B000AF78607B680C4A9A607B68E8
S315080571904FF480729A817B68094A1A607B68802257
S315080571A09A807B68074A1A617B6810229A8200BF13
S315080571B00C37BD465DF8047B704700BF00080048DC
S315080571C0001000480004004880B586B000AF786016
S315080571D00023FB757B6898687B689B89002219469E
S315080571E0EEF7C4FE7B6818697B689B8A01221946F7
S315080571F0EEF7BCFE0120ECF77BF97B6818697B681E
S315080572009B8A00221946EEF7B1FE0220ECF770F9C3
S315080572107B6898687B689B8901221946EEF7A6FE66
S3150805722000233B612DE00120ECF762F97B681869BC
S315080572307B689B8A01221946EEF798FE0120ECF732
S3150805724057F97B681A687B689B8819461046EEF7D6
S3150805725075FE0346FB73FB7B002B07D101223B69B1
S3150805726002FA03F3DAB2FB7D1343FB757B681869EB
S315080572707B689B8A00221946EEF778FE3B6901333F
S315080572803B613B69072BCEDDFB7D18461837BD46A6
S3150805729080BD000080B584B000AF786039600023F2
S315080572A0FB733B68002B02D07B68002B02D10423B5
S315080572B0FB7302E07B683A681A607B6853221A7189
S315080572C0FB7B002B08D17B6805331A4610217868A5
S315080572D000F0CCF80346FB73FB7B002B1ED17B68BD
S315080572E05B7923F07F03DBB2002B17D07A685379D5
S315080572F06FF3C71353717A68537943F04003537193
S315080573007A6853796FF3451353717B685B791A4627
S315080573101021786800F032F90346FB73FB7B002BD6
S3150805732066D17B685B7923F07F03DBB2002B4DD1F1
S315080573307B6808331A460021786800F097F80346F3
S315080573401A46FB7B1343FB737B6809331A460121EF
S31508057350786800F08BF803461A46FB7B1343FB73E4
S315080573607A68537943F0800353717B685B791A46CB
S315080573701021786800F002F903461A46FB7B134389
S31508057380FB737B6805331A461021786800F06EF89A
S3150805739003461A46FB7B1343FB737B6806331A467B
S315080573A00021786800F062F803461A46FB7B13430A
S315080573B0FB737B6806331A460121786800F056F890
S315080573C003461A46FB7B1343FB7311E0082011F0AD
S315080573D02DF90346002B0BD011F0BEF81F4920489E
S315080573E011F082F81F4811F07FF81F4811F07CF854
S315080573F0FB7B002B05D1FF21786800F023FA0346AD
S31508057400FB73FB7B002B05D1FF21786800F035FA65
S315080574100346FB73FB7B002B05D1FE21786800F03C
S3150805742075F90346FB73FB7B002B05D1FE217868AE
S3150805743000F087F90346FB73FB7B002B08D17B68B5
S3150805744005331A461021786800F010F80346FB73D1
S31508057450FB7B18461037BD4680BD00BF20DB0608F6
S3150805746028DB060830DB060848DB060880B588B041
S3150805747002AFF8600B467A60FB720023BB75FB7A90
S315080574807B750023FB75FB681B68002B51D0FB68D1
S315080574901868FB681B799BB25B0099B207F1150260
S315080574A0322300930123EEF72DFE0346002B2BD13D
S315080574B0FB681868FB681B799BB25B0099B207F1F4
S315080574C01602322300930123EEF734FF0346002BF9
S315080574D005D1BA7D7B681A700023FB753DE010203F
S315080574E011F0A4F80346002B0BD011F035F81D4909
S315080574F01D4810F0F9FF1D4810F0F6FF1C4810F05E
S31508057500F3FF0123FB7528E0102011F08FF80346D9
S31508057510002B0BD011F020F81249134810F0E4FFA0
S31508057520144810F0E1FF124810F0DEFF0123FB7541
S3150805753013E0102011F07AF80346002B0BD011F052
S315080575400BF80849084810F0CFFF0B4810F0CCFF98
S31508057550074810F0C9FF0423FB75FB7D1846183745
S31508057560BD4680BD20DB060828DB06084CDB060879
S3150805757048DB06085CDB06086CDB060880B586B0C2
S3150805758002AF78600B46FB701346BB70FB783B73FE
S31508057590BB787B730023FB737B681B68002B28D09D
S315080575A07B6818687B681B799BB25B0099B207F103
S315080575B00C02322300930223EEF7A4FD0346002BA3
S315080575C002D10023FB7328E0102011F02FF803469B
S315080575D0002B0BD010F0C0FF1249134810F084FF9A
S315080575E0124810F081FF124810F07EFF0123FB7345
S315080575F013E0102011F01AF80346002B0BD010F0F3
S31508057600ABFF0849084810F06FFF0A4810F06CFFF1
S31508057610074810F069FF0423FB73FB7B18461037F0
S31508057620BD4680BD20DB060828DB06085CDB0608A8
S3150805763048DB06086CDB060880B584B000AF7860C1
S315080576400B46FB701346BB700023FB730023BB7305
S31508057650FB78002B02D00023BB7301E00123BB7323
S315080576607B6805331A4610217868FFF7FFFE03463F
S31508057670FB73FB7B002B3CD17B685B7923F07F038F
S31508057680DBB2002B12D17A68537943F08003537124
S315080576907B685B791A4610217868FFF76FFF7B6868
S315080576A005331A4610217868FFF7E0FE7B685B7993
S315080576B023F07F03DBB2002B13D1102010F0B6FFA1
S315080576C00346002B0BD010F047FF0C490C4810F069
S315080576D00BFF0C4810F008FF0B4810F005FF0823B0
S315080576E008E0BA78BB7B19467868FFF747FF034673
S315080576F0FB73FB7B18461037BD4680BD20DB0608A5
S3150805770028DB060880DB060848DB060880B584B052
S3150805771000AF78600B46FB700023FB73FB781A46AF
S3150805772001217868FFF788FF0346FB73FB7B002B6F
S3150805773002D17B68FA789A71FB7B18461037BD46E5
S3150805774080BD80B584B000AF78600B46FB7000231A
S31508057750FB73FB781A4600217868FFF76DFF034629
S31508057760FB73FB7B002B02D17B68FA78DA71FB7B0E
S3150805777018461037BD4680BD80B584B000AF786021
S315080577800B46FB701346BB700023FB730023BB73C4
S3150805779000237B73FB78002B02D00023BB7301E023
S315080577A00123BB737B6805331A4610217868FFF7F2
S315080577B05DFE0346FB73FB7B002B26D17B685B7955
S315080577C023F07F03DBB2002B16D07A6853796FF363
S315080577D0C71353717B685B791A4610217868FFF7DA
S315080577E0CDFE0346FB737B6805331A461021786878
S315080577F0FFF73CFE0346FB737B685B7923F07F0343
S31508057800DBB2002B01D0082318E007F10D02BB7B7C
S3150805781019467868FFF72AFE0346FB737B7BBA7819
S315080578209A420AD0BA78BB7B19467868FFF7A6FE4E
S315080578300346FB731420EBF75BFEFB7B18461037F4
S31508057840BD4680BD80B584B000AF78600B46FB7039
S315080578500023FB73FB781A4601217868FFF78CFF2E
S315080578600346FB73FB7B002B02D17B68FA781A72F9
S31508057870FB7B18461037BD4680BD80B584B000AF82
S3150805788078600B46FB700023FB73FB781A460021CC
S315080578907868FFF771FF0346FB73FB7B002B02D164
S315080578A07B68FA785A72FB7B18461037BD4680BD49
S315080578B080B400AFBFF34F8F00BF064BDB6803F4F8
S315080578C0E0620449044B1343CB60BFF34F8F00BFF7
S315080578D000BFFDE700ED00E00400FA0580B58CB0B1
S315080578E000AF78603960396800200A460346C7E95B
S315080578F0082307F12003184612F026F8F862012036
S3150805790010F094FE0346002B0FD010F025FE3C49D7
S315080579103C4810F0E9FD10F07DFD034619463A4846
S3150805792010F0E2FD394810F0DFFDFB6A002B01D1A6
S31508057930002360E0FB6A5B69DBB2643BDBB2FB777D
S31508057940FB6A1B69DBB20133DBB27B77FB6ADB6853
S31508057950DBB2BB77FB6A9B69002B03D0FB6A9B6985
S31508057960DBB200E007233B77FB6A9B68DBB23B7219
S31508057970FB6A5B68DBB27B72FB6A1B68DBB2BB72B0
S3150805798000237B610023BB6107F11C03002219460E
S315080579901F48F0F76DFB034687F82B3097F82B3011
S315080579A0002B01D0002326E007F10803002219461B
S315080579B01748F0F764FA034687F82B3097F82B3003
S315080579C0002B01D0002316E0012010F02FFE0346F8
S315080579D0002B0FD010F0C0FD0E490A4810F084FDA3
S315080579E010F018FD03461946074810F07DFD0748AF
S315080579F010F07AFD012318463037BD4680BD00BF15
S31508057A0098DB0608A4DB0608ACDB0608B8DB06081F
S31508057A1030440020BCDB060880B582B000AF78602C
S31508057A200B46FB70FB7883F00103DBB2002B17D0FE
S31508057A3000224FF480711A48EEF798FA042010F0E0
S31508057A40F5FD0346002B0BD010F086FD15491648A3
S31508057A5010F04AFD154810F047FD154810F044FD8D
S31508057A60FB78002B17D001224FF480710C48EEF7EE
S31508057A707DFA042010F0DAFD0346002B0BD010F032
S31508057A806BFD0849084810F02FFD0A4810F02CFD33
S31508057A90074810F029FD00BF0837BD4680BD00BF61
S31508057AA0000C0048C8DB0608A4DB060814DC060833
S31508057AB0B8DB06082CDC060880B582B000AF78600E
S31508057AC0022010F0B3FD0346002B11D010F044FD3B
S31508057AD01149124810F008FD7B685B7919467B68E1
S31508057AE09B791A460E4810F0FFFC0E4810F0FCFC70
S31508057AF07B685A797B681A717B689A797B685A71AB
S31508057B007B6804229A71EBF7E7FC02467B689A6064
S31508057B1000BF0837BD4680BDC8DB0608A4DB0608D6
S31508057B2044DC0608B8DB060880B582B000AF786085
S31508057B307868FFF7C1FF7B680022A3F8E02D7B680C
S31508057B400022A3F8E22D7B680222A3F8E42D7B68C0
S31508057B500022A3F8E62D7B684FF00042C3F8B82D3E
S31508057B607B6803F6B4532F4A2F49304807F0FAFCC9
S31508057B70034683F00103DBB2002B07D07B6803F6C7
S31508057B80B453284A2849294807F05AFD7B680C3317
S31508057B90194627480FF06EFE7B6803F59363194669
S31508057BA024480FF067FE7B6803F624131946224816
S31508057BB00FF060FE7B68002283F8C0207B680122EF
S31508057BC083F84C257B68022283F8D8297B6893F8C5
S31508057BD0DC3D002B02D0194B01229A707B68D3F83D
S31508057BE0B83D002B16D1102010F020FD0346002BBA
S31508057BF00BD010F0B1FC1249124810F075FC12486A
S31508057C0010F072FC114810F06FFC7B684FF00042CB
S31508057C10C3F8B82D7B68002283F8B12D00BF083755
S31508057C20BD4680BD500607085CDC06086CDC060800
S31508057C30242D0020FC2E0020D430002084AB002003
S31508057C40C8DB0608A4DB060878DC0608B8DB0608E0
S31508057C5080B582B000AF78600121786800F05CF9DC
S31508057C6000BF0837BD4680BD80B582B000AF7860D5
S31508057C700E480DF01FFE022010F0D8FC0346002B17
S31508057C800FD010F069FC0A490A4810F02DFC10F0CF
S31508057C90C1FB03461946084810F026FC074810F0AC
S31508057CA023FC00BF0837BD4680BD00BF1C29002040
S31508057CB0C8DB0608A4DB0608ACDC0608B8DB06083C
S31508057CC080B582B000AF78607868FFF7F5FE044B9B
S31508057CD0012283F86A2100BF0837BD4680BD00BF6B
S31508057CE02C00002080B582B000AF78607B681B7BCE
S31508057CF0002B05D17B680C3318460AF063FB11E0A7
S31508057D00102010F093FC0346002B0BD010F024FC32
S31508057D101549164810F0E8FB154810F0E5FB154817
S31508057D2010F0E2FB7B6893F89834002B06D17B6844
S31508057D3003F5936318460AF045FB11E0102010F089
S31508057D4075FC0346002B0BD010F006FC06490748C0
S31508057D5010F0CAFB084810F0C7FB064810F0C4FB2C
S31508057D6000BF0837BD4680BDC8DB0608A4DB060884
S31508057D70C4DC0608B8DB0608E4DC060880B483B06C
S31508057D8000AF786000BF0C37BD465DF8047B7047C9
S31508057D9080B582B000AF78607868FFF78DFE0D4B29
S31508057DA0022283F86A21042010F040FC0346002BC2
S31508057DB00BD010F0D1FB0849084810F095FB084888
S31508057DC010F092FB074810F08FFB00BF0837BD4639
S31508057DD080BD00BF2C000020C8DB0608A4DB06080A
S31508057DE004DD0608B8DB060880B582B000AF786002
S31508057DF07B6893F82439012B06D17B6803F624138F
S31508057E0018460AF0DFFA11E0102010F00FFC0346B9
S31508057E10002B0BD010F0A0FB0649074810F064FBB1
S31508057E20064810F061FB064810F05EFB00BF0837F0
S31508057E30BD4680BDC8DB0608A4DB060854DD060872
S31508057E40B8DB060880B483B000AF786000BF0C378E
S31508057E50BD465DF8047B704780B582B000AF786093
S31508057E607B689B79042B1AD17B685B791946294A65
S31508057E700B465B000B449B00134404331B68002B1D
S31508057E8043D07B685B791946224A0B465B000B444F
S31508057E909B00134404331B687868984735E07B686C
S31508057EA05B79022B19D87B685B791946194A0B4603
S31508057EB05B000B449B00134408331B68002B0CD04E
S31508057EC07B685B791946134A0B465B000B449B0096
S31508057ED0134408331B68786898477B689B79194665
S31508057EE00C4A0B465B000B449B0013441B68002B8E
S31508057EF00BD07B689B791946064A0B465B000B44F3
S31508057F009B0013441B687868984700BF0837BD4629
S31508057F1080BD00BF1407070880B584B000AF786038
S31508057F200B46FB700023FB73FB78022B03D87B6893
S31508057F30FA789A7115E00123FB73082010F076FB91
S31508057F400346002B0DD010F007FB1449144810F012
S31508057F50CBFAFB781946134810F0C6FA124810F002
S31508057F60C3FA012010F062FB0346002B10D010F06F
S31508057F70F3FA0A490A4810F0B7FA7B6803F6BC53C0
S31508057F80FA781946094810F0AFFA074810F0ACFA1E
S31508057F90FB7B18461037BD4680BD00BFC8DB060803
S31508057FA0A4DB060870DD0608B8DB06088CDD0608BE
S31508057FB080B582B000AF786039607B685A797B688E
S31508057FC083F8F02D38687B6803F6B4532C221946D6
S31508057FD012F0A8FB3B6803F12C007B6803F55E638A
S31508057FE01822194612F09EFB00BF0837BD4680BD0C
S31508057FF0B0B582B000AF786039603B681B78072B4F
S3150805800000F2F18001A252F823F000BF2D80050881
S315080580108D8005085D8005087D8005080F810508A2
S3150805802073810508AB810508AF810508012010F0A5
S31508058030FDFA0346002B00F0EC8010F08DFA814915
S31508058040814810F051FA7B6803F6BC5319467F48F8
S3150805805010F04AFA7E4810F047FADAE03B685B68A2
S31508058060DAB27B6883F8DC2D7B6893F8DC3D002B58
S3150805807000F0D180774B01229A70CCE03B685B68AB
S31508058080DBB219467868FFF747FFCFE03B685B68C0
S31508058090012202FA03F31A467B68C3F8B82D7B68F2
S315080580A0D3F8B83D002B1AD1082010F0BFFA0346BD
S315080580B0002B0FD010F050FA6249634810F014FAF5
S315080580C07B68D3F8B83D1946634810F00DFA604841
S315080580D010F00AFA7B684FF00042C3F8B82D042061
S315080580E010F0A4FA0346002B00F0978010F034FA36
S315080580F05449554810F0F8F97B68D3F8B83D194640
S31508058100564810F0F1F9524810F0EEF985E07B680B
S3150805811003F6BC543B6803F108053B680833184663
S31508058120E8F7DEF803461F2B06D83B6808331846DA
S31508058130E8F7D6F8034600E01F231A4629462046DF
S3150805814012F0F0FA012010F071FA0346002B66D0FA
S3150805815010F002FA3B493C4810F0C6F97B6803F66D
S31508058160BC5319463E4810F0BFF9394810F0BCF91A
S3150805817055E03B685B6819467868FFF7AFFB012051
S3150805818010F054FA0346002B4BD010F0E5F92D49AB
S315080581902D4810F0A9F93B685B681946314810F077
S315080581A0A3F92B4810F0A0F93BE0FFF781FB3B68E4
S315080581B05A687B68C3F8B42D042010F037FA0346CD
S315080581C0002B30D010F0C8F91E491F4810F08CF95D
S315080581D07B68D3F8B43D1946234810F085F91C4841
S315080581E010F082F91FE0082010F020FA0346002B4C
S315080581F01BD010F0B1F91349134810F075F93B680F
S315080582001B781946194810F06FF9114810F06CF9E2
S315080582100BE000BF0AE000BF08E000BF06E000BFAC
S3150805822004E000BF02E000BF00E000BF7B6803F67C
S31508058230B4530F4A0F49104807F002FA00BF08372A
S31508058240BD46B0BDC8DB0608A4DB0608ACDD0608D6
S31508058250B8DB060884AB0020BCDD0608D0DD0608B9
S31508058260ECDD060804DE06081CDE060830DE060810
S31508058270500607085CDC06086CDC060880B582B083
S3150805828000AF78607B685B78052B7B685A787B68D6
S315080582901A707B689A787B685A707B6807229A7089
S315080582A0EBF71AF903461A467B685A6000BF083782
S315080582B0BD4680BD80B582B000AF78607868FFF7A7
S315080582C0DDFF00BF0837BD4680BD80B582B000AF6B
S315080582D07860EBF701F902467B685B68D31AB3F554
S315080582E07A7F02D97B6803229A7000BF0837BD4694
S315080582F080BD80B483B000AF786000BF0C37BD463B
S315080583005DF8047B704780B582B000AF7860786801
S31508058310FFF7B4FF7B680833184607F063FA7B68EE
S315080583206033184607F05EFA7B6800221A657B6893
S315080583309B681B68DA6A7B685A657B6803F10802DD
S315080583407B689B681B68DB6A5B081946104607F05D
S315080583505BFB7B689B681B68DA6A7B68C3F8A820A1
S315080583607B689B681B68DA6A7B68C3F8AC207B6800
S3150805837060330021184607F047FB7B680833184623
S3150805838007F060FA0320EBF7B3F87B686033184605
S3150805839007F058FA00BF0837BD4680BD80B483B0DC
S315080583A000AF786000BF0C37BD465DF8047B7047A3
S315080583B080B582B000AF786000224FF480710A4814
S315080583C0EDF7D4FD7B680833184607F00BFA01204C
S315080583D0EBF78EF87B686033184607F003FA00BF9B
S315080583E00837BD4680BD00BF0010004880B582B07D
S315080583F000AF78607868FFF741FF7B680833184651
S3150805840007F0F0F97B686033184607F0EBF97B68E7
S3150805841008330021184607F0F7FA7B6803F160026E
S315080584207B681B6E1B68DB6A5B081946104607F0F6
S31508058430EBFA7B686033184607F004FA0A20EBF76F
S3150805844057F87B680833184607F0FCF900BF083764
S31508058450BD4680BD80B483B000AF786000BF0C37D9
S31508058460BD465DF8047B704780B483B000AF78607D
S3150805847000BF0C37BD465DF8047B704780B582B0F2
S3150805848000AF78607868FFF7F9FE7B689B681B681C
S31508058490DA6A13469B0013445B001A46464BA3FB50
S315080584A002235A097B681A657B689B681B68DA6A22
S315080584B013465B0013445B019B1A3F4AA2FB032341
S315080584C05A097B685A657B681B6E1B68DA6A134608
S315080584D09B001344384AA2FB03235A097B68C3F851
S315080584E0A8207B681B6E1B68DB6A5A2202FB03F30E
S315080584F0314AA2FB03235A097B68C3F8AC207B687B
S315080585000833184607F06EF97B686033184607F096
S3150805851069F97B689B681B68DA6A13461B019B1A0F
S31508058520254AA2FB03235A097B68DA657B681B6E15
S315080585301B68DA6A13469B0013445B001A461E4BF2
S31508058540A3FB02235A097B68C3F8B4207B6803F1A9
S3150805855008007B689B681B68DA6A13461B019B1A29
S31508058560154AA2FB03235B09194607F04DFA7B68F2
S3150805857003F160007B681B6E1B68DA6A13469B006D
S3150805858013445B001A460C4BA3FB02235B091946E9
S3150805859007F03AFA7B686033184607F053F90A205C
S315080585A0EAF7A6FF7B680833184607F04BF900BFBC
S315080585B00837BD4680BD00BF1F85EB5180B582B023
S315080585C000AF7860EAF788FF02467B68D3F8C030C3
S315080585D0D31A642B27D9EAF77FFF02467B68C3F8C7
S315080585E0C0207B689A6D7B68DB6D9A4209D07B68EB
S315080585F003F108027B68DB6D1946104607F004FA95
S3150805860011E07B68D3F8B0207B68D3F8B4309A427A
S3150805861009D07B6803F160027B68D3F8B430194644
S31508058620104607F0F1F900BF0837BD4680BD80B48E
S3150805863083B000AF786000BF0C37BD465DF8047B94
S315080586407047000080B586B000AF78607B689B6D83
S31508058650642203FB02F27B689B681B68DB6AB2FB34
S31508058660F3F37B617B68D3F8B030642203FB02F22F
S315080586707B681B6E1B68DB6AB2FBF3F33B617B68A1
S31508058680D3F8BC301B6842F22732934219DC102016
S315080586900FF0CCFF0346002B10D00FF05DFF4849BD
S315080586A048480FF021FF7B68D3F8BC301B6819468C
S315080586B045480FF019FF45480FF016FF4FF40053CC
S315080586C079E07B68D3F8BC301B681A467B6903FBDF
S315080586D002F23B69C3F16403B2FBF3F3FB60FB6883
S315080586E03B4A934215D910200FF0A0FF0346002BED
S315080586F00CD00FF031FF324932480FF0F5FEF96814
S3150805870034480FF0F1FE31480FF0EEFE4FF4004302
S3150805871051E0FB68002B19D03B6905337A699A4203
S3150805872014D210200FF082FF0346002B0BD00FF052
S3150805873013FF234923480FF0D7FE27480FF0D4FE29
S3150805874022480FF0D1FE4FF4803334E03B69052B00
S3150805875007D97B68D3F8B0305A1E7B68C3F8B420AE
S315080587601DE07B690A2B05D97B689B6D5A1E7B68BC
S31508058770DA6514E010200FF059FF0346002B0BD0DD
S315080587800FF0EAFE0E490F480FF0AEFE13480FF03C
S31508058790ABFE0E480FF0A8FE4FF400330BE07B68DE
S315080587A0D3F8B4207B68D3F8AC309A4202D27B68FA
S315080587B0D3F8B430002318461837BD4680BD00BF28
S315080587C08CDE060894DE06089CDE0608C0DE06086A
S315080587D0D0010100C4DE0608E0DE0608F8DE060854
S315080587E080B586B000AF78600B46FB707B689B6DDD
S315080587F0642203FB02F27B689B681B68DB6AB2FB93
S31508058800F3F37B617B68D3F8B030642203FB02F28D
S315080588107B681B6E1B68DB6AB2FBF3F33B617B68FF
S31508058820D3F8BC301B6842F22732934219DC102074
S315080588300FF0FCFE0346002B10D00FF08DFE3949CC
S3150805884039480FF051FE7B68D3F8BC301B681946CA
S3150805885036480FF049FE36480FF046FE4FF40053EA
S315080588605BE07B68D3F8BC301B681A467B6903FB5B
S3150805887002F23B69C3F16403B2FBF3F3FB60FB68E1
S315080588802C4A934215D910200FF0D0FE0346002B2B
S315080588900CD00FF061FE234923480FF025FEF96831
S315080588A025480FF021FE22480FF01EFE4FF400431F
S315080588B033E0FB78C3F15F031A467B69934206D218
S315080588C07B689A6DFB781A447B68DA6524E0FB7841
S315080588D0C3F15A031A463B69934208D27B68D3F813
S315080588E0B020FB781A447B68C3F8B42014E010203E
S315080588F00FF09CFE0346002B0BD00FF02DFE094901
S3150805890009480FF0F1FD0D480FF0EEFD08480FF088
S31508058910EBFD4FF4003300E0002318461837BD4633
S3150805892080BD00BF8CDE060894DE06089CDE0608B8
S31508058930C0DE0608D0010100C4DE0608F8DE060812
S3150805894080B582B000AF78607B689B78072B12D11B
S315080589507B685B781D4A1B01134404331B68002B8F
S315080589602FD07B685B78194A1B01134404331B68AF
S315080589707868984725E07B685B78052B11D87B686E
S315080589805B78124A1B01134408331B68002B08D071
S315080589907B685B780D4A1B01134408331B687868A6
S315080589A098477B689B78094A1B0113441B68002B6B
S315080589B007D07B689B78054A1B0113441B687868B2
S315080589C0984700BF0837BD4680BD00BF380707086A
S315080589D090B585B002AF78607B681B78052B13D0F8
S315080589E008200FF023FE0346002B0BD00FF0B4FD2D
S315080589F02B492C480FF078FD2B480FF075FD2B48B1
S31508058A000FF072FD012346E07B689B7803F00103AE
S31508058A10002B01D100233EE07B689A88244B1A80F7
S31508058A207B68DA88234B1A80214B1888214B1988CD
S31508058A307B685A891E4B1B8813449BB2013B9CB223
S31508058A407B681A891B4B1B8813449BB2013B9AB258
S31508058A507B689B89009313462246F5F7BAFF144BA4
S31508058A601888144B19887B685A89114B1B88134437
S31508058A709BB2013B9CB27B681A890E4B1B88134433
S31508058A809BB2013B9AB27B68DB8900931346224663
S31508058A90F5F71EFF002318460C37BD4690BD00BFE7
S31508058AA014DF06081CDF060824DF060834DF060877
S31508058AB02C5A00202E5A0020B0B592B002AF786025
S31508058AC00023FB870023BB8707F10C032E22002111
S31508058AD0184610F035FD05233B737B689B78BB73F9
S31508058AE07B681B78002B01D00123CCE07B689B783B
S31508058AF003F00103002B01D10023C4E07B689C88A1
S31508058B007B6808331846E7F7EBFB02467B689B7CD0
S31508058B1003FB02F213465B0013445B005B089BB23A
S31508058B20E31AFB877B68DA887B689B7C9BB2DB004C
S31508058B309BB2D31ABB87FB8F033B9BB23B82BB8F8A
S31508058B40033B9BB27B827B689B7C9BB2DB009BB21B
S31508058B5006339BB2BB827B6808331846E7F7C0FB2A
S31508058B6002467B689B7C02FB03F301339BB21A46DC
S31508058B70520013445B009BB2FB824FF6FF737B835F
S31508058B807B68DB8A3B837B689B7803F02103212B73
S31508058B901DD17B689B8A3B8307F10C031846FFF7B3
S31508058BA017FF7B6803F108047B689B7C9DB27B688D
S31508058BB0DB8A7A68928AB98FF88F019200932B46D9
S31508058BC02246F6F73FFA7B6804225A705AE07B6814
S31508058BD09B7803F00503052B3AD17B685B78022B56
S31508058BE020D07B68DB8A3B837B68DB8A7B8307F13E
S31508058BF00C031846FFF7ECFE7B6803F108047B684F
S31508058C009B7C9DB27B689B8A7A68D28AB98FF88FD6
S31508058C10019200932B462246F6F714FA7B68022240
S31508058C205A702FE07B6803F108047B689B7C9DB22C
S31508058C307B68DB8A7A68928AB98FF88F01920093E6
S31508058C402B462246F6F7FEF97B6803225A7019E089
S31508058C5007F10C031846FFF7BBFE7B6803F108040A
S31508058C607B689B7C9DB27B689B8A7A68D28AB98F1A
S31508058C70F88F019200932B462246F6F7E3F97B68AF
S31508058C8001225A70002318464037BD46B0BD90B537
S31508058C9091B000AF78600023FB870023BB8707F1F7
S31508058CA00C032E220021184610F04AFC05233B73B7
S31508058CB00123BB737B681B78002B01D001234DE08C
S31508058CC07B689C887B6808331846E7F709FB0246E4
S31508058CD07B689B7C03FB02F213465B0013445B002F
S31508058CE05B089BB2E31AFB877B68DA887B689B7C03
S31508058CF09BB2DB009BB2D31ABB87FB8F033B9BB2A8
S31508058D003B82BB8F033B9BB27B827B689B7C9BB27A
S31508058D10DB009BB206339BB2BB827B6808331846D9
S31508058D20E7F7DEFA02467B689B7C02FB03F3013311
S31508058D309BB21A46520013445B009BB2FB824FF660
S31508058D40FF737B834FF6FF733B8307F10C031846C6
S31508058D50FFF73EFE7B6800225A7000231846443703
S31508058D60BD4690BD90B589B004AF78607B689B8891
S31508058D707B817B68DB883B817B681B78042B01D06C
S31508058D8001235EE07B689B7803F00103002B01D184
S31508058D90002356E07B689B7803F00503052B17D15E
S31508058DA07B685B78032B09D17B689B8BFB817B688A
S31508058DB09B8BBB817B6802225A700FE07B68DB8A36
S31508058DC0FB817B689B8BBB817B6803225A7005E018
S31508058DD07B68DB8AFB817B689B8BBB817B89203B18
S31508058DE098B23B890A3B99B2BB890293FB890193E1
S31508058DF00523009314234022F6F750F93B89043BD3
S31508058E003B817B680A331846E7F76AFA0246134632
S31508058E105B0013445B005B089BB27A89D31A9BB245
S31508058E20013B7B817B6803F10A047B685B8B398987
S31508058E307889FA890192009301232246F6F702F901
S31508058E40002318461437BD4690BDB0B586B002AFA7
S31508058E5078607B689B88FB817B68DB88BB817B6840
S31508058E601B78032B01D001238BE07B689B7803F0E5
S31508058E700103002B01D1002383E07B689B7803F06F
S31508058E800503052B31D17B685B78032B16D17B68E7
S31508058E9003F108047B6893F828309DB27B689B8D9F
S31508058EA07A68928DB989F889019200932B462246EC
S31508058EB0F6F7C8F87B6802225A7061E07B6803F109
S31508058EC008047B6893F828309DB27B685B8D7A68C1
S31508058ED0928DB989F889019200932B462246F6F7B1
S31508058EE0B1F87B6803225A704AE07B689B7803F0E1
S31508058EF02103212B2ED17B685B78042B16D07B6842
S31508058F0003F108047B6893F828309DB27B689B8D2E
S31508058F107A68528DB989F889019200932B462246BB
S31508058F20F6F790F87B6804225A7029E07B6803F106
S31508058F3008047B6893F828309DB27B689B8D7A6810
S31508058F40528DB989F889019200932B462246F6F780
S31508058F5079F815E07B6803F108047B6893F82830EF
S31508058F609DB27B685B8D7A68928DB989F88901927D
S31508058F7000932B462246F6F765F87B6801225A7058
S31508058F80002318461037BD46B0BD90B587B002AF69
S31508058F9078607B689B88FB817B68DB88BB817B68FF
S31508058FA01B78032B01D0012314E07B6803F1080223
S31508058FB07B6893F828309BB2B989F8894FF6FF7410
S31508058FC001944FF6FF740094F6F73CF87B68002287
S31508058FD05A70002318461437BD4690BD90B585B01E
S31508058FE000AF78607B689B88FB817B68DB88BB81E3
S31508058FF07B689C887B6808331846E7F771F902464B
S315080590007B6893F8283003FB02F213465B0013448A
S315080590105B005B089BB2E31A9AB27B689A8078680C
S31508059020FFF713FF7B68FA899A807B68BA89DA8025
S31508059030002318461437BD4690BD000080B582B09A
S3150805904000AF78607B685B79082B29D87B685B79E4
S31508059050082B25D802200FF0E9FA0346002B3CD049
S315080590600FF07AFA244925480FF03EFA7B68D3F8BB
S3150805907080395B6A1B7818467B685B791A46204BEC
S3150805908053F822207B689B7919461D4B53F82130E6
S3150805909001461C480FF028FA1B480FF025FA1CE074
S315080590A002200FF0C3FA0346002B16D00FF054FA28
S315080590B0114912480FF018FA7B68D3F880395B6AAC
S315080590C01B7819467B685B791A467B689B790F4836
S315080590D00FF00AFA0C480FF007FA7B685A797B688D
S315080590E01A717B689A797B685A717B680A229A7124
S315080590F000BF0837BD4680BD84DF06088CDF060835
S315080591003826002094DF0608B8DF0608BCDF0608FF
S3150805911080B582B000AF786039603B6893F83E3217
S31508059120212B08D13B68012283F83E223B68212280
S3150805913083F8102230E03B6893F81032212B1AD1B8
S315080591403B68012283F810227B6893F82C34012B9F
S3150805915008D13B68012283F83E223B68212283F821
S315080591606C2219E03B68212283F83E223B680022DF
S3150805917083F86C2210E03B6893F86C32212B0BD1EF
S315080591803B68012283F86C223B68012283F810228A
S315080591903B68212283F83E222021786800F0B0FE3C
S315080591A000BF0837BD4680BD80B483B000AF786080
S315080591B07B681B781A464FF4616303FB02F27B68EA
S315080591C05B7819460B461B015B1A9B0013447A68A4
S315080591D09278134418460C37BD465DF8047B7047EC
S315080591E080B58EB000AF786039607B685B6A9B6D29
S315080591F0FB62FB6A03F5E073BB6207F1080300220D
S3150805920019465448EEF7D8FE07F11C0300221946FD
S315080592105048EEF7B4FFBB6A032283F88C20FB6A35
S31508059220D3F880392C331846FFF7BEFF786207F165
S3150805923008031846FFF7B8FF38623A6A7B6A9A4206
S3150805924004D33A6A7B6AD31A7B6307E03A6A7B6A70
S31508059250D31A03F5A83303F5C0737B637B6B3E4AC4
S31508059260A2FB0323DA0AFB6AD3F88039D2B283F85C
S3150805927060207A6B384BA3FB0213DB0A4FF4616156
S3150805928001FB03F3D31A354AA2FB03235A09FB6AE2
S31508059290D3F88039D2B283F86120796B2F4BA3FBBB
S315080592A001235A0913461B019B1A9B00CA1AFB6A16
S315080592B0D3F88039D2B283F862207B685B7A032BB0
S315080592C003D07B685B7A022B2BD1FB6AD3F88039EE
S315080592D09B6D7A6B13447B637B6B1F4AA2FB032347
S315080592E0DB0A87F833307A6B1B4BA3FB0213DB0AC1
S315080592F04FF4616101FB03F3D31A184AA2FB032352
S315080593005B0987F83230796B144BA3FB01235A099D
S3150805931013461B019B1A9B00CA1A134687F8313058
S3150805932008E0002387F83330002387F83230002316
S3150805933087F831303B6897F833201A703B6897F8F9
S3150805934032205A703B6897F831209A7000BF383733
S31508059350BD4680BD30440020C5B3A291898888885A
S3150805936090B52DED028B8FB002AF786039604FF05E
S315080593700003FB620023BB6007F10C0300221A6099
S315080593805A609A60DA601A611A753B689B6DD3F85C
S3150805939080397B627B6803F108023B680933194605
S315080593A01046E6F73DFF0346002B35D03B681B788C
S315080593B0032B14D0032B19DC012B02D0022B07D063
S315080593C014E07B680833B549184610F033F813E0FE
S315080593D07B680833B249184610F02CF80CE07B6810
S315080593E00833B049184610F025F805E07B680833B8
S315080593F0AD49184610F01EF83B689B6D93F88439FD
S31508059400032B05D17B680833A649184610F012F8D0
S315080594103B68012283F85C203B685B7D052B65D894
S3150805942001A252F823F000BF419405087D9405086A
S31508059430639405089F940508B9940508D394050807
S315080594407B68032283F830207B684FF6FF72A3F802
S3150805945044207B683833954A954918460FF0EAFF44
S3150805946059E07B6840F27D52A3F844207B6838337F
S31508059470904A8F4918460FF0DDFF4CE07B680322BA
S3150805948083F830207B684FF6FF72A3F844207B6883
S315080594903833894A864918460FF0CCFF3BE07B6886
S315080594A049F26A62A3F844207B683833834A8049BF
S315080594B018460FF0BFFF2EE07B6849F26A62A3F8EB
S315080594C044207B6838337E4A794918460FF0B2FF3F
S315080594D021E07B684FF6E712A3F844207B6838330A
S315080594E0784A734918460FF0A5FF14E008200FF0CF
S315080594F09DF80346002B0ED00FF02EF872497348D7
S315080595000EF0F2FF3B685B7D194671480EF0ECFFDD
S3150805951070480EF0E9FF3B685A7D3B6883F85D2085
S315080595207B68002283F824213B681B78032B0FD11F
S3150805953069480AF0AAFA044668480AF0A6FA0346EC
S31508059540234407EE903AF8EE677AC7ED0B7A08E0FA
S3150805955038680AF09AFA07EE900AF8EE677AC7EDC0
S315080595600B7A7B68D3ED457A97ED0B7AB4EE677A75
S31508059570F1EE10FA47D0D7ED0B7A9FED597AF4EE4E
S31508059580C77AF1EE10FA14DB97ED0B7ADFED556A1B
S31508059590C7EE267AC7ED0B7AF86AE7F70DF802469D
S315080595A00B4607F108005049009150490FF042FF54
S315080595B00BE0F86AE7F700F802460B4607F10800DC
S315080595C04B4900914B490FF035FF7B68032283F819
S315080595D05E207B6803F1640407F108031846E6F77D
S315080595E07FFE024607F1080300931346424A0C21FB
S315080595F020460FF0EBFE7B68FA6AC3F814217B68F0
S31508059600012283F824217B68002283F825213B68FB
S315080596101B78032B0FD130480AF0E2FA04462F4887
S315080596200AF0DEFA0346234407EE903AF8EEE77A9F
S31508059630C7ED0B7A08E038680AF0D2FA07EE900A01
S31508059640F8EEE77AC7ED0B7AD7ED0B7AFDEEE77AF2
S3150805965017EE903A002BB8BF5B4207EE903AF8EE44
S31508059660E77A9FED207AF4EEC77AF1EE10FA47DB32
S3150805967097ED0B7ADFED1B6AC7EE267AC7ED0B7AEF
S31508059680F86AE6F799FF02460B4607F108001B49F3
S31508059690009118490FF0CEFE3EE000BFE0DF060850
S315080596A0E8DF0608F0DF0608F8DF060800E0060822
S315080596B00CE0060814E0060820E006082CE0060873
S315080596C038E0060844E0060884DF06088CDF060845
S315080596D048E00608B8DF060894AB002018AC002059
S315080596E000C0794400007A4470E0060864E006087C
S315080596F080E0060874E0060884E006088CE006089B
S31508059700F86AE6F759FF02460B4607F108006B4962
S3150805971000916B490FF08EFE7B68032283F88C2037
S315080597207B6803F1920407F108031846E6F7D8FDA6
S31508059730024607F10803634920460FF07BFE7B685E
S31508059740FA6AC3F818217B68012283F825217B6804
S31508059750002283F826213B681B78032B0ED15A482D
S315080597600AF0BAFAB0EE408A58480AF0B5FAF0EEA9
S31508059770407A78EE277AC7ED0B7A04E038680AF05E
S31508059780ABFA87ED0B0AD7ED0B7AFDEEE77A17EEFE
S31508059790903A002BB8BF5B42B3F57A7F14DB97ED99
S315080597A00B7ADFED4B6AC7EE267AC7ED0B7AF86AB0
S315080597B0E6F702FF02460B4607F108004549009100
S315080597C045490FF037FE0BE0F86AE6F7F5FE02465F
S315080597D00B4607F108004149009139490FF02AFE61
S315080597E07B68032283F8BA207B6803F1C00407F176
S315080597F008031846E6F774FD024607F108033149DA
S3150805980020460FF017FE7B68FA6AC3F81C217B68A9
S31508059810012283F826217B68002283F827213B68E5
S315080598201B78032B0ED128480AF056F9B0EE408A64
S3150805983026480AF051F9F0EE407A78EE277AC7ED10
S315080598400A7A04E038680AF047F987ED0A0A7B6858
S31508059850D3ED487A97ED0A7AB4EE677AF1EE10FAFF
S3150805986026D0B86AE6F7A8FE02460B4607F10800B1
S315080598701B4900911B490FF0DDFD7B68032283F820
S31508059880E8207B6803F1EE0407F108031846E6F7B6
S3150805989027FD024607F108030A4920460FF0CAFDC7
S315080598A07B68BA6AC3F820217B68012283F82721D9
S315080598B000BF3437BD46BDEC028B90BD90E0060867
S315080598C074E0060884E0060894AB002018AC00206E
S315080598D000007A44A0E0060894E00608A4E0060815
S315080598E0B4E00608A8E0060880B5B4B000AF78600D
S315080598F00B46FB707B68D3F8803903F21C43C7F81F
S31508059900C4307B6803F5A873C7F8C0307B6893F83D
S315080599108439032B07D17B68D3F880395B6A1B78B2
S31508059920012B40F0E8827B6893F88439032B0ED027
S31508059930032B10DC012B02D0022B04D00BE0444B81
S31508059940C7F8CC301CE0434BC7F8CC3018E0424B7F
S31508059950C7F8CC3014E008200EF068FE0346002B45
S315080599600BD00EF0F9FD3D493D480EF0BDFD3D48CD
S315080599700EF0BAFD3C480EF0B7FD374BC7F8CC30AC
S31508059980D7F8CC307A689A657B683C33D7F8CC101B
S315080599901846FFF7E5FCD7F8C4305A6AD7F8CC302D
S315080599A05B689A4214D0D7F8CC305B68002B09D08F
S315080599B07B6803F5B670D7F8CC305B681A462B4931
S315080599C00FF038FDD7F8CC305A68D7F8C4305A6244
S315080599D0FB7803F00103002B04D07B680C3318468B
S315080599E0FEF7F6FFFB7803F00203002B21D0D7F824
S315080599F0CC3093F85C30002B09D07B683C3318468D
S31508059A00FFF723FAD7F8CC30002283F85C207B6869
S31508059A1003F5FB73D7F8C42011461846E6F700FC8C
S31508059A200346002B05D07B6803F5F7731846FFF741
S31508059A30D5FAFB7803F00C030C2B04D17B686A3343
S31508059A401846FFF78FF90023C7F8C83048E000BF66
S31508059A5094AB002018AC00209CAC002084DF0608D7
S31508059A608CDF0608B8E00608B8DF0608DCE0060855
S31508059A70D7F8C8302E2202FB03F3D0333B44C83B44
S31508059A8003221A70D7F8C8302E2202FB03F3D03307
S31508059A903B44C63B03221A70D7F8C8302E2202FB70
S31508059AA003F3D0333B44A03B01221A70D7F8C830DC
S31508059AB02E2202FB03F3D0333B449C3B4FF6FF7241
S31508059AC01A80D7F8C8302E2202FB03F3D0333B445D
S31508059AD09E3B1F221A80D7F8C8300133C7F8C8300D
S31508059AE0D7F8C830032BC3DDFB7803F01003002B2A
S31508059AF000F08581D7F8C0301B7C002B67D0002382
S31508059B00C7F8C8307B68B3F89C10D7F8C8302E223A
S31508059B1002FB03F3D0333B44C43B0A461A807B68F1
S31508059B20B3F89E30023B99B2D7F8C8302E2202FB0D
S31508059B3003F3D0333B44C23B0A461A8007F10802B1
S31508059B40D7F8C8302E2101FB03F308331344D1494E
S31508059B5018460FF06FFC07F10802D7F8C8302E2112
S31508059B6001FB03F313441846FFF76FF907F10802DB
S31508059B70D7F8C8302E2101FB03F308331344C64929
S31508059B8018460FF057FC07F10802D7F8C8302E21FA
S31508059B9001FB03F313441846FFF757F97B68B3F837
S31508059BA09E3008339AB27B68A3F89E207B68983363
S31508059BB01846FFF74AF97B68B3F89E30083B9AB210
S31508059BC07B68A3F89E20D7F8C03000221A74D7F808
S31508059BD0C0305B7C002B4FD00123C7F8C8307B68A3
S31508059BE0B3F8CA10D7F8C8302E2202FB03F3D033D0
S31508059BF03B44C43B0A461A807B68B3F8CC30063327
S31508059C0099B2D7F8C8302E2202FB03F3D0333B446A
S31508059C10C23B0A461A8007F10802D7F8C8302E2132
S31508059C2001FB03F3083313449C4918460FF002FC5D
S31508059C3007F10802D7F8C8302E2101FB03F31344B0
S31508059C401846FFF702F97B68B3F8CC3010339AB299
S31508059C507B68A3F8CC207B68C6331846FFF7F5F86A
S31508059C607B68B3F8CC30103B9AB27B68A3F8CC2056
S31508059C70D7F8C03000225A74D7F8C0309B7C002B21
S31508059C804FD00223C7F8C8307B68B3F8F810D7F861
S31508059C90C8302E2202FB03F3D0333B44C43B0A46A5
S31508059CA01A807B68B3F8FA300E3399B2D7F8C830FC
S31508059CB02E2202FB03F3D0333B44C23B0A461A80E5
S31508059CC007F10802D7F8C8302E2101FB03F308333C
S31508059CD01344734918460FF0ADFB07F10802D7F888
S31508059CE0C8302E2101FB03F313441846FFF7ADF8D8
S31508059CF07B68B3F8FA3018339AB27B68A3F8FA206A
S31508059D007B68F4331846FFF7A0F87B68B3F8FA3092
S31508059D10183B9AB27B68A3F8FA20D7F8C030002218
S31508059D209A74D7F8C030DB7C002B68D00323C7F8B4
S31508059D30C8307B68B3F82611D7F8C8302E2202FB3F
S31508059D4003F3D0333B44C43B0A461A807B68B3F811
S31508059D502831163399B2D7F8C8302E2202FB03F3F9
S31508059D60D0333B44C23B0A461A8007F10802D7F8A6
S31508059D70C8302E2101FB03F3083313444549184619
S31508059D800FF058FB07F10802D7F8C8302E2101FB5A
S31508059D9003F313441846FFF758F807F10802D7F8EE
S31508059DA0C8302E2101FB03F3083313443D491846F1
S31508059DB00FF040FB07F10802D7F8C8302E2101FB42
S31508059DC003F313441846FFF740F87B68B3F82831C0
S31508059DD020339AB27B68A3F828217B6803F591732B
S31508059DE01846FFF732F87B68B3F82831203B9AB254
S31508059DF07B68A3F82821D7F8C0300022DA74FB78E7
S31508059E0003F04003002B15D0D7F8C4305A6A7B688F
S31508059E10D3F880395B689A420CD07B6803F5B27330
S31508059E201846FFF7DBF87B68D3F880395A68D7F800
S31508059E30C4305A62FB7803F02003002B5CD0D7F8B0
S31508059E40C43003F152027B6803F5CD7319461046F3
S31508059E50E6F7E6F90346002B26D1D7F8C430B3F85A
S31508059E6050207B68B3F8A8319A421DD1D7F8C4307B
S31508059E70B3F84E207B68B3F8A6319A4214D1D7F8C1
S31508059E80C43093F84C207B6893F894319A4233D0C2
S31508059E900AE000BFE8E00608F8E0060804E1060857
S31508059EA010E106081CE106087B6803F5C973184620
S31508059EB0FEF702FED7F8C43003F152027B6803F5B4
S31508059EC0CD731946104610F025FC7B68B3F8A82112
S31508059ED0D7F8C430A3F850207B68B3F8A621D7F87D
S31508059EE0C430A3F84E207B6893F89421D7F8C4307C
S31508059EF083F84C2000E000BFD037BD4680BD00BFC3
S31508059F0080B5D0B002AF07F59C73A3F59A731860B0
S31508059F100A4607F59C73A3F235131A7007F59C7361
S31508059F20A3F59A731B6803F5E073C7F8283107F597
S31508059F309C73A3F59A731B68D3F8803903F21C43FF
S31508059F40C7F82431D7F8283103F5E673C7F8203161
S31508059F5007F59C73A3F59A731B68D3F880395B6A72
S31508059F60C7F81C31002387F82F3107F59C73A3F52D
S31508059F709A731B6893F88439032B0BD107F59C73E1
S31508059F80A3F59A731B68D3F880395B6A1B78012B8E
S31508059F9041F03F80D7F81C3107F59C72A2F59A72F5
S31508059FA012689A6507F59C73A3F59A731B6803F5FA
S31508059FB01E73D7F81C111846FFF7D2F9D7F82831BA
S31508059FC003229A7007F59C73A3F59A731B68D3F851
S31508059FD08039002B4CD007F59C73A3F59A731B683B
S31508059FE0D3F88039C7F8183107F59C73A3F59A7322
S31508059FF01B68D3F8803907F108021146184608F098
S3150805A000A7FD07F108031B78002B2BD0D7F82831B5
S3150805A010363307F1080211461846E6F701F90346ED
S3150805A020002B59D0D7F82831363307F10802CE491F
S3150805A03018460FF0FFF9D7F82831012283F856207C
S3150805A040D7F82831032283F83020012387F82F31E2
S3150805A050D7F82401D7F8283136331A46C2490FF0FE
S3150805A060E9F939E0D7F82831002283F8302033E0BA
S3150805A07007F59C73A3F59A731B68D3F880390122F3
S3150805A0805A60D7F824315A6A07F59C73A3F59A736B
S3150805A0901B68D3F880395B689A4200F0BC870820AC
S3150805A0A00EF0C4FA0346002B00F0B5870EF054FAF5
S3150805A0B0AE49AF480EF018FA07F59C73A3F59A73DF
S3150805A0C01B6893F884391946AA480EF00DFAAA486A
S3150805A0D00EF00AFA00F09FBF07F59C73A3F59A736D
S3150805A0E01B68D3F8803907F1E40211461846FFF7CD
S3150805A0F077F8D7F8283103F1920097F8E43019462E
S3150805A10097F8E53097F8E620019200930B469B4AA7
S3150805A11009210FF05BF907F59C73A3F59A731B687C
S3150805A120D3F880395B7A062B22D1D7F8283103F57F
S3150805A130F4731B78002B40F07A81D7F828314FF64F
S3150805A140FF72A3F80C22D7F828314FF4FC62A3F85E
S3150805A1500A22D7F82831032283F8E221D7F82831CD
S3150805A16003F5F473864A202118460FF02FF95EE1A8
S3150805A17007F59C73A3F59A731B68D3F880395B7A40
S3150805A180052B1AD1D7F828314FF6FF72A3F80C22FA
S3150805A190D7F828314FF47842A3F80A22D7F8283198
S3150805A1A0032283F8E221D7F8283103F5F473754AB3
S3150805A1B0202118460FF00AF939E107F59C73A3F52E
S3150805A1C09A731B68D3F880395B6803F00053002B34
S3150805A1D01AD0D7F828314FF6FF72A3F80C22D7F80C
S3150805A1E028314FF4FC62A3F80A22D7F8283103224E
S3150805A1F083F8E221D7F8283103F5F473624A20215A
S3150805A20018460FF0E3F812E1002387F82E3107F513
S3150805A2109C73A3F59A731B68D3F880395B6A07F1B3
S3150805A22028021146184609F03EF907F59C73A3F569
S3150805A2309A731B6893F88439012B07D107F59C7324
S3150805A240A3F588731B7887F82E3129E007F59C73E3
S3150805A250A3F59A731B6893F88439022B07D107F57A
S3150805A2609C73A3F588731B7887F82E3118E007F5D4
S3150805A2709C73A3F588731B78002B06D107F59C7389
S3150805A280A3F588735B78002B01D0012300E0002332
S3150805A29087F82E3197F82E3103F0010387F82E310A
S3150805A2A097F82E3183F00103DBB2002B0AD007F5A8
S3150805A2B09C73A3F59A731B68D3F880394FF48012FB
S3150805A2C05A6011E007F59C73A3F59A731B68D3F8D2
S3150805A2D080395A6807F59C73A3F59A731B68D3F8F2
S3150805A2E0803922F480125A6007F59C73A3F59A7390
S3150805A2F01B68D3F880395B6803F48013002B15D0E7
S3150805A300D7F828314FF6FF72A3F80C22D7F828316B
S3150805A3104FF47842A3F80A22D7F8283103F5F473DF
S3150805A3201A4A202118460FF051F880E00023C7F88D
S3150805A330343113E007F59C73A3F59A731B68D3F8B4
S3150805A3408029D7F83431134403F581631B78202B0C
S3150805A3501ED1D7F834310133C7F83431D7F834313B
S3150805A360132BE7DD15E000BF2CE1060884DF060898
S3150805A3708CDF060830E10608B8DF060854E106084A
S3150805A38064E1060870E106087CE106088CE1060822
S3150805A39000BFD7F83431132B23DCD7F828314FF60D
S3150805A3A0FF72A3F80C22D7F828310022A3F80A224F
S3150805A3B0D7F8283103F5F4731B78002B37D1D7F86E
S3150805A3C0283103F5F47007F59C73A3F59A731B6892
S3150805A3D0D3F8803903F581631A4620210EF0F6FF76
S3150805A3E025E00023C7F834310EE0D7F82821D7F839
S3150805A3F03431134403F5F4731B78202B09D1D7F8A8
S3150805A40034310133C7F83431D7F83431132BECDD41
S3150805A41000E000BFD7F83431122B08DCD7F828310D
S3150805A42003F5F4731422202118460FF089F807F569
S3150805A4309C73A3F59A731B68A14A93424BD107F5FA
S3150805A4409C73A3F59A731B68D3F880395B68002B50
S3150805A45041D007F59C73A3F59A731B6893F885395C
S3150805A4601946984A4FF4EC7301FB03F313441B781A
S3150805A470012B30D107F59C73A3F59A731B68D3F89E
S3150805A4808039DB685A1C904B03F58053D3F8203581
S3150805A490DB68013319461046E5F7C2FE0346002B6D
S3150805A4A019D1D7F82831B3F80C22874BA3F86C2FA6
S3150805A4B0D7F82831B3F80A22834BA3F86A2F824BBB
S3150805A4C0032283F8422FD7F8283103F5F473194682
S3150805A4D07E480EF0AFFF07F59C73A3F59A731B68C4
S3150805A4E0D3F880395B7A062B62D801A252F823F095
S3150805A4F081A5050881A505080DA5050899A50508D9
S3150805A50099A5050833A5050881A50508D7F82831AD
S3150805A510F0336F4918460EF08DFFD7F828314FF6F8
S3150805A520E072A3F8FC20D7F81C31002283F85D20D9
S3150805A5303FE0D7F82831032283F8E82007F59C730E
S3150805A540A3F59A731B68D3F880395B6803F0005343
S3150805A550002B07D0D7F82831F0335E4918460EF098
S3150805A56069FF06E0D7F82831F0335B4918460EF03F
S3150805A57061FFD7F828314FF47842A3F8FC2018E094
S3150805A580D7F82831032283F8E820D7F828314FF67B
S3150805A590FF72A3F8FC200CE0D7F82831032283F8CC
S3150805A5A0E820D7F8283149F26A62A3F8FC2000E0CA
S3150805A5B000BFD7F8180107F011FC0346002B16D083
S3150805A5C0D7F82831032283F85E20D7F8283103F116
S3150805A5D06400D7F81831DB691B785A1CD7F8183187
S3150805A5E093F8203001333D490EF024FF04E0D7F8EF
S3150805A5F02831002283F85E2007F59C73A3F59A7324
S3150805A6001B68D3F88039184607F009FC0346002B62
S3150805A6106CD0D7F8283103F51173314918460EF071
S3150805A62009FFD7F8283103F216232E4918460EF0E6
S3150805A63001FFD7F8283103F272232B4918460EF085
S3150805A640F9FED7F8283193F86C32002B04D1D7F8E0
S3150805A6502831012283F86C2207F59C73A3F59A73B2
S3150805A6601B68D3F87C39002B00F0C38007F59C736B
S3150805A670A3F59A731B68D3F88039002B00F0B980C7
S3150805A68007F59C73A3F59A731B68D3F88039DB69BC
S3150805A6901A78D7F8183193F820309A4240F0A980ED
S3150805A6A007F59C73A3F59A731B6803F5E073C7F85A
S3150805A6B01031D7F81031002283F86C2299E000BFD3
S3150805A6C098010020242D00202C000020740F00205E
S3150805A6D0A4E10608ACE10608B4E10608BCE10608EB
S3150805A6E0C8E10608D0E10608D8E1060807F59C730F
S3150805A6F0A3F59A731B68D3F88039184607F06EFBDD
S3150805A7000346002B58D0D7F8283103F511737C4931
S3150805A71018460EF08FFED7F8283103F21623794925
S3150805A72018460EF087FED7F8283103F272237649C4
S3150805A73018460EF07FFED7F8283193F81032212BEC
S3150805A7400AD0D7F8283193F86C32002B04D1D7F8FC
S3150805A7502831012283F86C2207F59C73A3F59A73B1
S3150805A7601B68D3F87C39002B43D007F59C73A3F5F2
S3150805A7709A731B68D3F88039002B3AD007F59C7372
S3150805A780A3F59A731B68D3F88039DB691A78D7F865
S3150805A790183193F820309A422BD107F59C73A3F507
S3150805A7A09A731B6803F5E073C7F81431D7F81431A3
S3150805A7B0002283F86C221CE0D7F8283103F51173BB
S3150805A7C0524918460EF036FED7F8283103F21623F5
S3150805A7D04F4918460EF02EFED7F82831002283F881
S3150805A7E06C22D7F8283103F272234A4918460EF027
S3150805A7F021FED7F828314FF6FF72A3F82422D7F899
S3150805A80028314FF6FF72A3F85222D7F828314FF6AA
S3150805A810FF72A3F8802207F59C73A3F235131B78FC
S3150805A82003F00103002B18D0D7F828311846FEF790
S3150805A830CFF8012387F82F31D7F81C31012283F881
S3150805A8405C20D7F8203101221A74D7F82031012265
S3150805A8505A74D7F8203101229A7407F59C73A3F226
S3150805A86035131B7803F00203002B22D0D7F81C31C9
S3150805A87093F85C30002B03D1274B1B78002B0AD0A5
S3150805A880D7F82831B8331846FEF7DFFAD7F81C315A
S3150805A890002283F85C2097F82F31002B03D11E4B35
S3150805A8A01B78002B05D0D7F828312E331846FEF726
S3150805A8B095FB07F59C73A3F235131B7803F00C0378
S3150805A8C00C2B18D1D7F82831E6331846FEF74AFA7D
S3150805A8D0D7F8283193F85E30002B06D0D7F82831FB
S3150805A8E05C331846FEF7B1FA05E0D7F828315C332C
S3150805A8F01846FEF74AFB0023C7F8303154E000BF77
S3150805A900A4E10608D0E10608D8E10608E0E106084C
S3150805A910E8E10608F0E10608305A002007F59C73B9
S3150805A920A3F58672D7F830312E2101FB03F31344BC
S3150805A93003221A7007F59C73A3F58672D7F830318A
S3150805A9402E2101FB03F31344023303221A7007F57C
S3150805A9509C73A3F58672D7F830312E2101FB03F3D4
S3150805A9601344283301221A7007F59C73A3F58672DA
S3150805A970D7F830312E2101FB03F313442C334FF658
S3150805A980FF721A8007F59C73A3F58672D7F83031DE
S3150805A9902E2101FB03F313442A331F221A80D7F805
S3150805A9A030310133C7F83031D7F83031032BB5DDEF
S3150805A9B007F59C73A3F235131B7803F01003002BD8
S3150805A9C000F0E081D7F828318A331846FEF706FBEA
S3150805A9D0D7F820311B7C002B03D1DF4B1B78002BC6
S3150805A9E05DD00023C7F83031D7F82831B3F81801F8
S3150805A9F007F59C73A3F58672D7F830312E2101FB2E
S3150805AA0003F31344043302461A80D7F82831B3F8FA
S3150805AA101A31023B98B207F59C73A3F58672D7F8E7
S3150805AA2030312E2101FB03F31344063302461A80FF
S3150805AA3007F12C02D7F830312E2101FB03F3083331
S3150805AA401344C64918460EF0F5FC07F12C02D7F84B
S3150805AA5030312E2101FB03F313441846FEF7F5F9A9
S3150805AA60D7F82831B3F81A3108339AB2D7F8283106
S3150805AA70A3F81A21D7F8283103F58A731846FEF77D
S3150805AA80E4F9D7F82831B3F81A31083B9AB2D7F85A
S3150805AA902831A3F81A21D7F8203100221A74D7F8D5
S3150805AAA020315B7C002B03D1AB4B1B78002B76D072
S3150805AAB00123C7F83031D7F82831B3F8460107F529
S3150805AAC09C73A3F58672D7F830312E2101FB03F363
S3150805AAD01344043302461A80D7F82831B3F84831A7
S3150805AAE0063398B207F59C73A3F58672D7F8303105
S3150805AAF02E2101FB03F31344063302461A8007F198
S3150805AB002C02D7F830312E2101FB03F30833134401
S3150805AB10934918460EF08EFC07F12C02D7F830310A
S3150805AB202E2101FB03F313441846FEF78EF9D7F8D1
S3150805AB302831B3F8483110339AB2D7F82831A3F833
S3150805AB40482107F59C73A3F59A731B6893F82A2A77
S3150805AB5007F59C73A3F59A731B6893F884399A428B
S3150805AB6008D007F59C73A3F59A731B6893F884397F
S3150805AB70032B06D1D7F8283103F5A1731846FEF736
S3150805AB8064F9D7F82831B3F84831103B9AB2D7F8A3
S3150805AB902831A3F84821D7F8203100225A74D7F866
S3150805ABA020319B7C002B03D16B4B1B78002B76D071
S3150805ABB00223C7F83031D7F82831B3F8740107F5F9
S3150805ABC09C73A3F58672D7F830312E2101FB03F362
S3150805ABD01344043302461A80D7F82831B3F8763178
S3150805ABE00E3398B207F59C73A3F58672D7F83031FC
S3150805ABF02E2101FB03F31344063302461A8007F197
S3150805AC002C02D7F830312E2101FB03F30833134400
S3150805AC10544918460EF00EFC07F12C02D7F83031C8
S3150805AC202E2101FB03F313441846FEF70EF9D7F850
S3150805AC302831B3F8763118339AB2D7F82831A3F8FC
S3150805AC40762107F59C73A3F59A731B6893F82A2A48
S3150805AC5007F59C73A3F59A731B6893F884399A428A
S3150805AC6008D007F59C73A3F59A731B6893F884397E
S3150805AC70032B06D1D7F8283103F5B8731846FEF71E
S3150805AC80E4F8D7F82831B3F87631183B9AB2D7F8ED
S3150805AC902831A3F87621D7F8203100229A74D7F8F7
S3150805ACA02031DB7C002B03D12B4B1B78002B69D07D
S3150805ACB00323C7F83031D7F82831B3F8A20107F5C9
S3150805ACC09C73A3F58672D7F830312E2101FB03F361
S3150805ACD01344043302461A80D7F82831B3F8A43149
S3150805ACE0163398B207F59C73A3F58672D7F83031F3
S3150805ACF02E2101FB03F31344063302461A8007F196
S3150805AD002C02D7F830312E2101FB03F308331344FF
S3150805AD10154918460EF08EFB07F12C02D7F8303187
S3150805AD202E2101FB03F313441846FEF78EF8D7F8D0
S3150805AD302831B3F8A43120339AB2D7F82831A3F8C5
S3150805AD40A421D7F8283103F5CF731846FEF77DF801
S3150805AD50D7F828310AE000BF305A0020F8E006087F
S3150805AD6004E1060810E106081CE10608B3F8A43153
S3150805AD70203B9AB2D7F82831A3F8A421D7F8203171
S3150805AD800022DA7407F59C73A3F235131B7803F0D2
S3150805AD904003002B0DD0D7F8283103F5F4731B783B
S3150805ADA0002B06D0D7F8283103F5F0731846FEF7B9
S3150805ADB04CF807F59C73A3F235131B7803F02003AB
S3150805ADC0002B00F01A81D7F8243103F12E02D7F8A3
S3150805ADD0283103F2162319461046E5F721FA0346E4
S3150805ADE0002B1FD1D7F824319A8DD7F82831B3F817
S3150805ADF024329A4216D1D7F824315A8DD7F82831F4
S3150805AE00B3F822329A420DD1D7F8243193F828207F
S3150805AE10D7F8283193F810329A4203D1804B1B781C
S3150805AE20002B28D0D7F8283103F20E231846FDF74C
S3150805AE3043FED7F8243103F12E02D7F8283103F259
S3150805AE401623194610460FF065FCD7F82831B3F8CE
S3150805AE502422D7F824319A85D7F82831B3F822223F
S3150805AE60D7F824315A85D7F8283193F81022D7F818
S3150805AE70243183F82820D7F8243103F14002D7F87E
S3150805AE80283103F5117319461046E5F7C9F903463E
S3150805AE90002B1FD1D7F82431DA8FD7F82831B3F824
S3150805AEA052329A4216D1D7F824319A8FD7F82831D3
S3150805AEB0B3F850329A420DD1D7F8243193F83A208F
S3150805AEC0D7F8283193F83E329A4203D1544B1B786A
S3150805AED0002B28D0D7F8283103F50F731846FDF748
S3150805AEE0EBFDD7F8243103F14002D7F8283103F5ED
S3150805AEF01173194610460FF00DFCD7F82831B3F82B
S3150805AF005222D7F82431DA87D7F82831B3F85022F0
S3150805AF10D7F824319A87D7F8283193F83E22D7F8F7
S3150805AF20243183F83A20D7F8243103F16402D7F897
S3150805AF30283103F2722319461046E5F771F90346D7
S3150805AF40002B21D1D7F82431B3F86220D7F8283158
S3150805AF50B3F880329A4217D1D7F82431B3F860206E
S3150805AF60D7F82831B3F87E329A420DD1D7F824316D
S3150805AF7093F85E20D7F8283193F86C329A4203D1B4
S3150805AF80274B1B78002B38D0D7F8283193F86C3225
S3150805AF90002B07D0D7F8283103F26A231846FDF7A0
S3150805AFA08BFD06E0D7F8283103F26A231846FDF724
S3150805AFB06EFED7F8243103F16402D7F8283103F277
S3150805AFC07223194610460FF0A5FBD7F82831B3F8B2
S3150805AFD08022D7F82431A3F86220D7F82831B3F8A8
S3150805AFE07E22D7F82431A3F86020D7F8283193F8BC
S3150805AFF06C22D7F8243183F85E2007F59C73A3F5F0
S3150805B0009A731B68D3F880395A68D7F824315A6277
S3150805B01002E000BF00E000BF07F59C77BD4680BD8E
S3150805B020305A002080B582B000AF78607B6893F807
S3150805B0308439012B04D1FF210F48FEF761FF16E07D
S3150805B0407B6893F88439022B04D1FF210B48FEF758
S3150805B05057FF0CE07B6893F88439032B07D1FF214A
S3150805B0600548FEF74DFFFF210448FEF749FF00BFD7
S3150805B0700837BD4680BD00BF98010020CC0B0020CF
S3150805B08080B485B000AF78607B68D3F88039FB60FB
S3150805B0907B68D3F87C39002B24D07B68D3F88039B4
S3150805B0A0002B1FD07B68D3F88039DB691B78013301
S3150805B0B0FA6892F82020934214D17B6803F5E07369
S3150805B0C0BB60BB6893F86C32212B0BD1BB68212278
S3150805B0D083F83E22BB68012283F81022BB6800224A
S3150805B0E083F86C22012318461437BD465DF8047BA0
S3150805B0F07047000080B584B000AF78607B6893F828
S3150805B100853919469F4A4FF4EC7301FB03F313443B
S3150805B1101B78012B0CBF01230023FB737B6893F86F
S3150805B120FD33042B40F098807B68D3F880391846A0
S3150805B13006F075FE0346002B10D0FB7B002B06D0C8
S3150805B140914BD3F8EC3A184607F044F879E07B6852
S3150805B150D3F88039184607F03DF872E07B68D3F8CE
S3150805B1608039184606F03AFE0346002B06D07B685A
S3150805B170D3F88039184607F0E5F862E0FB7B002B23
S3150805B1803CD0814BD3F8E83A7F4AC2F8983B7E4BC8
S3150805B19093F8F12A7C4B83F89C2B7B4BD3F8EC3A36
S3150805B1A000229A657B68D3F87C39774AC2F8E83A6B
S3150805B1B07B6893F88529744B83F8F12A724B93F8C3
S3150805B1C0F13A1A464FF4EC7302FB03F36D4A13443E
S3150805B1D06D4AD2F8EC2A114618460CF04BFB6A4B19
S3150805B1E0D3F8EC3A684A92F8F12A83F8B420664B04
S3150805B1F0D3F8EC3A184606F0EDFF0AE07B68D3F873
S3150805B200803900229A657B68D3F88039184606F096
S3150805B210E1FF7B68D3F880392833002219465B4855
S3150805B220ECF7ADFF7B68D3F880392C330022194635
S3150805B2305648ECF7C1FE7B68D3F88039012283F8B6
S3150805B2400222FB7B002B03D05148FFF719FF90E03C
S3150805B2507868FFF715FF8CE07B6893F8CF33042BE6
S3150805B2604CD17B68D3F88039184606F0B7FD0346F6
S3150805B270002B41D0FB7B002B2ED0434BD3F8983BB4
S3150805B280414AC2F8E83A404B93F89C2B3E4B83F863
S3150805B290F12A3D4B93F8F13A1A464FF4EC7302FB43
S3150805B2A003F3384A1344384AD2F8EC2A11461846A5
S3150805B2B00CF0E0FA344BD3F8EC3A334A92F8F12A13
S3150805B2C083F8B420304BD3F8EC3A184606F0BEFDA1
S3150805B2D02F48FFF7D5FE08E07B68D3F8803918466E
S3150805B2E006F0B4FD7868FFF7CBFE7B68D3F880399E
S3150805B2F05B6A01225A753CE001233FE07B6893F8B7
S3150805B3002B34042B35D17B68D3F88039184606F0DB
S3150805B31065FD0346002B16D0FB7B002B09D01A4B7F
S3150805B320D3F8EC3A184606F03DFF1948FFF7A8FE8C
S3150805B3301FE07B68D3F88039184606F033FF78682E
S3150805B340FFF79EFE15E07B68D3F88039184606F0A8
S3150805B35066FD0346002B0AD0FB7B002B03D00C4861
S3150805B360FFF78EFE05E07868FFF78AFE01E0012300
S3150805B37004E02C217868FEF7C3FD0023184610372C
S3150805B380BD4680BD242D00202C0000203044002019
S3150805B3909801002080B590B000AF78600B46FB7029
S3150805B3A00023FB637B6803229A70FB7803F001038D
S3150805B3B0002B03D07B681846FDF70AFBFB7803F0DC
S3150805B3C00203002B04D07B682E331846FDF706FECC
S3150805B3D003233B730323BB73012387F834304FF6E6
S3150805B3E0FF733B870023FB86FB7803F02003002BBE
S3150805B3F07BD000237B870023FB636DE07A68FB6BB4
S3150805B4002E2101FB03F3134460331B883B827A68BC
S3150805B410FB6B2E2101FB03F3134462331B8811339F
S3150805B4209BB27B8207F10C030833324918460EF0A6
S3150805B43001F807F10C031846FDF707FD7A68FB6B5B
S3150805B4402E2101FB03F3134462331A887B8F1344B9
S3150805B45098B27A68FB6B2E2101FB03F3134462331A
S3150805B46002461A80FB6B2E2202FB03F358337A68D1
S3150805B470134404331846FDF7E8FC7A68FB6B2E215E
S3150805B48001FB03F3134462331A887B8FD31A98B2E8
S3150805B4907A68FB6B2E2101FB03F3134462330246DC
S3150805B4A01A80FB6B052B14DC7B6893F9CE311A469B
S3150805B4B0FB6B93420DD107F10C0308330E49184669
S3150805B4C00DF0B8FF07F10C031846FDF7BEFC0C2373
S3150805B4D07B87FB6B0133FB63FB6B062B8EDD7B687A
S3150805B4E003F5CF731846FDF7E7FA00BF4037BD46A3
S3150805B4F080BD00BFE8E0060824E2060880B582B0EC
S3150805B50000AF78607868FDF799FD7B6893F884390C
S3150805B510032B20D0032B37DC012B02D0022B0DD0B1
S3150805B52032E07B68394AC3F864297B68384AC3F828
S3150805B53068297B68374AC3F86C293BE07B68364A35
S3150805B540C3F864297B68354AC3F868297B68344A91
S3150805B550C3F86C292EE07B682C4AC3F864297B68F6
S3150805B5602B4AC3F868297B682A4AC3F86C297B687D
S3150805B570294AC3F870297B68284AC3F874297B6861
S3150805B580274AC3F8782915E008200DF04FF8034631
S3150805B590002B0FD00CF0E0FF224923480CF0A4FF3E
S3150805B5A07B6893F88439194620480CF09DFF204896
S3150805B5B00CF09AFF7B68002283F824267B68002214
S3150805B5C083F825267B680A2283F826267B680322C4
S3150805B5D083F8F8257B68002283F885297B6893F824
S3150805B5E085391A464FF4EC7302FB03F3114A1A44DC
S3150805B5F07B68C3F87C297B6893F884297B6883F87C
S3150805B6002A2A00BF0837BD4680BD00BF54AB0020B7
S3150805B61064AB002074AB00205CAB00206CAB00204B
S3150805B6207CAB002084DF06088CDF060830E10608B7
S3150805B630B8DF0608242D002080B582B000AF7860F3
S3150805B6407B68D3F88039184606F0A6FE0346002B14
S3150805B65003D07B6802229A7102E07B6801229A71FF
S3150805B6607B68012283F8872900BF0837BD4680BD58
S3150805B67080B483B000AF786000BF0C37BD465DF86F
S3150805B680047B704780B582B000AF78607B6803227B
S3150805B6901A707B684FF6FF725A807B6803221A7107
S3150805B6A07B6803225A717B684FF6FF72DA807B68DE
S3150805B6B000221A817B6815229A727B6803221A73FF
S3150805B6C07B6803225A737B6800221A827B684FF6C9
S3150805B6D0FF72DA817B6803229A747B680222DA7420
S3150805B6E07B680022DA827B684FF6FF729A827B684E
S3150805B6F003221A767B6802225A767B6800229A8389
S3150805B7007B684FF6FF725A837B6803229A777B68B4
S3150805B7100222DA777B6800225A847B684FF6FF7225
S3150805B7201A847B68212283F824207B68022283F801
S3150805B73025207B684FF6FF72DA847B6800221A8516
S3150805B7407B682A33084A094918460DF073FE7B6853
S3150805B750032283F834207B68012283F8352000BF4D
S3150805B7600837BD4680BD00BF40E206082CE106083D
S3150805B77080B588B000AF78607B681B68FB61FB699C
S3150805B7809033BB617B6893F88439FB75FB7D013B78
S3150805B7900F33DB00FA6913443B610723FB607868BE
S3150805B7A0FDF74CFC7B6805221A733B691A887B688A
S3150805B7B01A823B695A887B685A827B6803229A7380
S3150805B7C03B699A887B68DA823B69DA887B689A825C
S3150805B7D07B684FF6FF721A837B6800225A837B685B
S3150805B7E0032283F83C203B691B8805339AB27B689C
S3150805B7F0A3F840207B680522A3F842207B6803222C
S3150805B80083F83E207B68032283F864207B684FF61D
S3150805B810FF72A3F868207B680022A3F866207B6878
S3150805B820042283F86A203B6919883B699B88A3F13A
S3150805B8300A0213465B0013449B001344002B00DAE7
S3150805B8400F331B119BB20B449AB27B68A3F86E2083
S3150805B8507B680F22A3F870207B68152283F86C2075
S3150805B8607B684FF6FF72A3F886207B68032283F868
S3150805B87098203B691B8805339AB27B68A3F89C20F8
S3150805B880FB689BB2C3F155039AB27B68A3F89E2061
S3150805B8907B68032283F89A207B68022283F8C020F6
S3150805B8A07B680022A3F8C2207B684FF6FF72A3F8CF
S3150805B8B0C4207B68032283F8C6203B691B880533A9
S3150805B8C09AB27B68A3F8CA20FB689BB2C3F16903E1
S3150805B8D09AB27B68A3F8CC207B68032283F8C82034
S3150805B8E07B68022283F8EE207B68022283F8EE2025
S3150805B8F07B680022A3F8F0207B684FF6FF72A3F851
S3150805B900F2207B68032283F8F4203B691B880533FC
S3150805B9109AB27B68A3F8F820FB689BB2C3F17D034E
S3150805B9209AB27B68A3F8FA207B68032283F8F62087
S3150805B9307B68022283F81C217B680022A3F81E2156
S3150805B9407B684FF6FF72A3F820217B68032283F8EC
S3150805B95022213B691B8805339AB27B68A3F8262101
S3150805B960FB689BB2C3F191039AB27B68A3F82821B9
S3150805B9707B68032283F824217B68022283F84A21FF
S3150805B9807B680022A3F84C217B684FF6FF72A3F863
S3150805B9904E217B68002283F892213B691A883B6908
S3150805B9A09B8813449BB2283B9AB27B68A3F89621D9
S3150805B9B07B68E922A3F89821BB6993F824207B685C
S3150805B9C083F89421BB6993F825207B6883F8A4211D
S3150805B9D0BB69DA8C7B68A3F8A821BB691A8D7B68D5
S3150805B9E0A3F8A6217B6803F5CD72BB692A331946E8
S3150805B9F010460DF01FFD7B68032283F864213B6919
S3150805BA001B880D339AB27B68A3F868217B68BB222D
S3150805BA10A3F86A217B68032283F866217B680122DD
S3150805BA2083F88C217B68314AC3F850217B682F4AF5
S3150805BA30C3F854217B682D4AC3F858217B682B4ADD
S3150805BA40C3F85C217B68D3F88039002283F81C2467
S3150805BA507B68D3F88039082283F83C247B68D3F8B9
S3150805BA6080390122C3F840247B68D3F8803900223F
S3150805BA7083F86E247B68D3F8803945F25842A3F8D3
S3150805BA806A247B68D3F8803945F25842A3F86C24B2
S3150805BA907B68D3F88039222283F868247B68D3F833
S3150805BAA08039002283F85C247B68D3F8803945F20F
S3150805BAB05842A3F858247B68D3F8803945F258428A
S3150805BAC0A3F85A247B68D3F88039222283F85624AA
S3150805BAD0FF217868FDF708FFE7F7FEFC02467B6855
S3150805BAE09A6000BF2037BD4680BD00BF000080BFF5
S3150805BAF080B584B000AF78607B6893F86C30152BF9
S3150805BB0002D14FF4967301E04FF47A73FB607B68B4
S3150805BB10D3F86C39184607F0C0F80346002B08D148
S3150805BB207B68D3F87839184607F0B7F80346002B2B
S3150805BB3006D07B6803229A717B68002283F82C2439
S3150805BB40E7F7CAFC02467B689B68D31AFA689A42E5
S3150805BB5008D8E7F7C1FC02467B689A607C217868B5
S3150805BB60FDF7C2FE00BF1037BD4680BD80B582B061
S3150805BB7000AF78607B68D3F86439184607F07CF817
S3150805BB807B68D3F86839184607F076F87B68D3F8E2
S3150805BB906C39184607F070F87B68D3F8703918467B
S3150805BBA007F06AF87B68D3F87439184607F064F81D
S3150805BBB07B68D3F87839184607F05EF8064B0122F4
S3150805BBC01A707868FFF72EFA034B00221A7000BF21
S3150805BBD00837BD4680BD00BF305A002080B489B0FD
S3150805BBE000AF78607B681B68FB617B6893F88439CE
S3150805BBF0FB76FB7E013B0F33DB00FA6913447B6159
S3150805BC0007233B610023FB737B68B3F8C4217B6973
S3150805BC101B889A4206D07B691A887B68A3F8C421D3
S3150805BC200123FB737B68B3F8C6217B695B889A4257
S3150805BC3006D07B695A887B68A3F8C6210123FB735E
S3150805BC407B68B3F8CA217B699B889A4206D07B69CB
S3150805BC509A887B68A3F8CA210123FB737B68B3F826
S3150805BC60C8217B69DB889A4206D07B69DA887B68B6
S3150805BC70A3F8C8210123FB730123FB737B691A8883
S3150805BC807B699B880A3BD90F0B445B109BB213440F
S3150805BC909BB204339AB27B68A3F8F2217B691A88AA
S3150805BCA07B699B880A3BD90F0B445B109BB21344EF
S3150805BCB09AB27B68A3F84E227B691B8805339AB22C
S3150805BCC07B68A3F820227B691B8805339AB27B68B3
S3150805BCD0A3F87C227B6919887B699B88A3F10A02EC
S3150805BCE013465B0013449B001344002B00DA0F33FD
S3150805BCF01B119BB20B449AB27B68A3F8AA227B69EF
S3150805BD001B8805339AB27B68A3F8D8227B691B88FA
S3150805BD1005339AB27B68A3F806237B691B88053326
S3150805BD209AB27B68A3F834237B691B8805339AB2D4
S3150805BD307B68A3F862237B691B8823339AB27B68E1
S3150805BD40A3F8D2237B691A887B699B8813449BB21F
S3150805BD50283B9AB27B68A3F800247B691A887B6915
S3150805BD609B8813449BB2283B9AB27B68A3F82E247A
S3150805BD707B691B880D339AB27B68A3F8A423FB7BE2
S3150805BD8018462437BD465DF8047B704780B586B0EE
S3150805BD9000AF78607B681B687B617B6893F884399C
S3150805BDA0FB74FB7C013B0F33DB007A691344FB60AC
S3150805BDB00723BB607868FDF741F97B68052283F898
S3150805BDC0C021FB681A887B68A3F8C421FB685A88D2
S3150805BDD07B68A3F8C6217B68032283F8C221FB6822
S3150805BDE09A887B68A3F8CA21FB68DA887B68A3F872
S3150805BDF0C8217B684FF6FF72A3F8CC217B68002221
S3150805BE00A3F8CE217B68032283F8EE21FB681A88FE
S3150805BE10FB689B880A3BD90F0B445B109BB21344FE
S3150805BE209BB204339AB27B68A3F8F2217B68272272
S3150805BE30A3F8F4217B68032283F8F0217B680022A6
S3150805BE4083F8F6217B68022283F816227B684FF66B
S3150805BE50FF72A3F81A227B680022A3F818227B68CA
S3150805BE60032283F84A22FB681A88FB689B880A3BE3
S3150805BE70D90F0B445B109BB213449AB27B68A3F89F
S3150805BE804E22BB689BB2C3F141039AB27B68A3F8FD
S3150805BE9050227B68032283F84C227B68022283F8AA
S3150805BEA072227B684FF6FF72A3F876227B6800221A
S3150805BEB0A3F874227B68032283F81C22FB681B8877
S3150805BEC005339AB27B68A3F820227B68C722A3F8B4
S3150805BED022227B68032283F81E227B68012283F8C7
S3150805BEE044227B684FF6FF72A3F848227B68002236
S3150805BEF0A3F846227B68032283F87822FB681B8809
S3150805BF0005339AB27B68A3F87C227B680522A3F8D9
S3150805BF107E227B68032283F87A227B68032283F8CC
S3150805BF20A0227B684FF6FF72A3F8A4227B6800223D
S3150805BF30A3F8A2227B68042283F8A622FB6819883F
S3150805BF40FB689B88A3F10A0213465B0013449B0012
S3150805BF501344002B00DA0F331B119BB20B449AB21C
S3150805BF607B68A3F8AA227B680F22A3F8AC227B6814
S3150805BF70152283F8A8227B684FF6FF72A3F8C2221A
S3150805BF807B68032283F8D422FB681B8805339AB29B
S3150805BF907B68A3F8D822BB689BB2C3F155039AB24E
S3150805BFA07B68A3F8DA227B68032283F8D6227B68A6
S3150805BFB0022283F8FC227B680022A3F8FE227B680E
S3150805BFC04FF6FF72A3F800237B68032283F8022342
S3150805BFD0FB681B8805339AB27B68A3F80623BB68FA
S3150805BFE09BB2C3F169039AB27B68A3F808237B68F9
S3150805BFF0032283F804237B68022283F82A237B68B5
S3150805C000022283F82A237B680022A3F82C237B685F
S3150805C0104FF6FF72A3F82E237B68032283F8302395
S3150805C020FB681B8805339AB27B68A3F83423BB687B
S3150805C0309BB2C3F17D039AB27B68A3F836237B6866
S3150805C040032283F832237B68022283F858237B6808
S3150805C0500022A3F85A237B684FF6FF72A3F85C23E0
S3150805C0607B68032283F85E23FB681B8805339AB22F
S3150805C0707B68A3F86223BB689BB2C3F191039AB2A6
S3150805C0807B68A3F864237B68032283F860237B68AF
S3150805C090022283F886237B680022A3F888237B6817
S3150805C0A04FF6FF72A3F88A237B68002283F8CE230E
S3150805C0B0FB681B8823339AB27B68A3F8D2237B686F
S3150805C0C0E922A3F8D4237B68032283F8D0237B6867
S3150805C0D0022283F8E0237B68002283F8FC23FB68A9
S3150805C0E01A88FB689B8813449BB2283B9AB27B68DF
S3150805C0F0A3F800247B68E922A3F802247B68212299
S3150805C10083F8FE237B68022283F80E247B680022C7
S3150805C11083F82A24FB681A88FB689B8813449BB214
S3150805C120283B9AB27B68A3F82E247B68D322A3F80A
S3150805C13030247B68012283F82C247B68022283F845
S3150805C1403C247B68032283F8A023FB681B880D33F0
S3150805C1509AB27B68A3F8A4237B68BB22A3F8A62317
S3150805C1607B68032283F8A2237B68012283F8C82308
S3150805C170FF217868FDF7C4FE7B68D3F8643918464D
S3150805C18006F07AFD7B68D3F86839184606F074FD1B
S3150805C1907B68D3F86C39184606F06EFD7B68D3F8CC
S3150805C1A07039184606F068FD7B68D3F87439184661
S3150805C1B006F062FD7B68D3F87839184606F05CFD0B
S3150805C1C07B68394AC3F88C237B68374AC3F89023BA
S3150805C1D07B68354AC3F894237B68334AC3F89823A2
S3150805C1E07B68D3F88039002283F81C247B68D3F84A
S3150805C1F08039082283F83C247B68D3F880390122E4
S3150805C200C3F840247B68D3F88039002283F84A248A
S3150805C2107B68D3F8803945F25842A3F846247B68EB
S3150805C220D3F8803945F25842A3F848247B68D3F8F1
S3150805C2308039222283F844247B68D3F88039002282
S3150805C24083F85C247B68D3F8803945F25842A3F80D
S3150805C25058247B68D3F8803945F25842A3F85A24FE
S3150805C2607B68D3F88039222283F856247B68D3F86D
S3150805C2708039002283F880247B68D3F8803945F213
S3150805C2805842A3F87C247B68D3F8803945F258428E
S3150805C290A3F87E247B68D3F88039222283F87A248A
S3150805C2A000BF1837BD4680BD000080BF80B584B085
S3150805C2B000AF78600023FB607B6893F88439032B0D
S3150805C2C040F0A4807B68D3F880395B6A1B78022B1B
S3150805C2D040F09C80A64BFB607B68D3F8643918460A
S3150805C2E006F0DBFC0346002B1AD17B68D3F86839C0
S3150805C2F0184606F0D2FC0346002B11D17B68D3F805
S3150805C3007039184606F0C9FC0346002B08D17B6828
S3150805C310D3F87439184606F0C0FC0346002B3FD0FF
S3150805C320FB68D3F864097B68D3F86439082219468B
S3150805C3300EF0F8F9FB68D3F870097B68D3F87039FD
S3150805C340082219460EF0EEF9FB68D3F868097B68EA
S3150805C350D3F86839082219460EF0E4F9FB68D3F8CC
S3150805C36074097B68D3F87439082219460EF0DAF988
S3150805C3707B68D3F86439184606F07EFC7B68D3F8E3
S3150805C3807039184606F078FC7B68D3F8683918467C
S3150805C39006F072FC7B68D3F87439184606F06CFC0F
S3150805C3A07B68D3F86C39184606F077FC0346002BEC
S3150805C3B008D17B68D3F87839184606F06EFC03462B
S3150805C3C0002B1FD0FB68D3F86C097B68D3F86C394A
S3150805C3D0082219460EF0A6F9FB68D3F878097B6892
S3150805C3E0D3F87839082219460EF09CF97B68D3F8F4
S3150805C3F06C39184606F040FC7B68D3F87839184638
S3150805C40006F03AFCF868FFF751FFAEE07B6893F84B
S3150805C410A832152B02D14FF4967301E04FF47A73BF
S3150805C420BB607B68D3F86439184606F036FC0346C4
S3150805C430002B1AD17B68D3F86839184606F02DFC07
S3150805C4400346002B11D17B68D3F87039184606F0D8
S3150805C45024FC0346002B08D17B68D3F874391846A3
S3150805C46006F01BFC0346002B1ED07B6803F5E0731C
S3150805C47019467868FCF74CFE7B68D3F86439184684
S3150805C48006F0FAFB7B68D3F86839184606F0F4FB1C
S3150805C4907B68D3F87039184606F0EEFB7B68D3F847
S3150805C4A07439184606F0E8FB7B68D3F86C391846E4
S3150805C4B006F0F3FB0346002B08D17B68D3F87839D9
S3150805C4C0184606F0EAFB0346002B1DD07868FEF7EA
S3150805C4D011FE0346002B07D07B6803229A717B68F9
S3150805C4E0002283F82C240FE07B68D3F86C391846AC
S3150805C4F006F0C2FB7B68D3F87839184606F0BCFB0C
S3150805C50020217868FDF7FCFC7B6893F82A2A7B6866
S3150805C51093F884399A4216D07868FFF75FFB034685
S3150805C520002B09D0134B01221A70FF217868FDF7F5
S3150805C530E7FC104B00221A707B6893F884297B6800
S3150805C54083F82A2A11E0E6F7C7FF02467B689B6847
S3150805C550D31ABA689A4208D8E6F7BEFF02467B6838
S3150805C5609A607C217868FDF7CBFC1037BD4680BDFF
S3150805C57098010020305A002080B582B000AF786057
S3150805C5807B68D3F86439184606F076FB7B68D3F8DA
S3150805C5906839184606F070FB7B68D3F86C39184677
S3150805C5A006F06AFB7B68D3F87039184606F064FB13
S3150805C5B07B68D3F87439184606F05EFB7B68D3F8B2
S3150805C5C07839184606F058FB7B68002283F82C2430
S3150805C5D0064B01221A707868FEF724FD034B0022E4
S3150805C5E01A7000BF0837BD4680BD00BF305A002007
S3150805C5F080B588B000AF78607B681B68BB617B68CF
S3150805C60093F88439FB75FB7D013B0F33DB00BA696B
S3150805C61013443B617868FCF711FD7B68052283F8AE
S3150805C62058243B691A887B68A3F85C243B695A88B1
S3150805C6307B68A3F85E247B68032283F85A243B6942
S3150805C6409A887B68A3F862243B69DA887B68A3F82D
S3150805C65060247B684FF6FF72A3F864247B68002282
S3150805C660A3F866247B68032283F886243B699B889E
S3150805C6705B089AB23B691B8813449AB27B68A3F890
S3150805C6808A247B680F22A3F88C247B68032283F807
S3150805C69088247B68022283F8AE247B684FF6FF72EE
S3150805C6A0A3F8B2247B680022A3F8B0247B6803F2BA
S3150805C6B08E43694918460CF0BDFE7B68002283F84F
S3150805C6C0F6253B691B8823339AB27B68A3F8FA25B6
S3150805C6D07B68E922A3F8FC257B68022283F80826ED
S3150805C6E07B684FF6FF72A3F80C267B680022A3F831
S3150805C6F00A267B6803F2FE53584918460CF09AFE3B
S3150805C7000023FB6199E07A68FB692E2101FB03F397
S3150805C710134403F2B44303221A703B691B88053395
S3150805C72098B27A68FB692E2101FB03F3134403F5D6
S3150805C730976302461A80FB6902339BB21A46920032
S3150805C74013449B009BB2053398B27A68FB692E2180
S3150805C75001FB03F3134403F2BA4302461A807B68C6
S3150805C76093F924361A46FB691A443D4B83FB021393
S3150805C7709910D317C91A0B469B000B445B00D31AAD
S3150805C780FB60FB692E2202FB03F303F596637A68C1
S3150805C790134403F10C00FB684FF4EC7202FB03F338
S3150805C7A0304A13440133FA682F490CF043FE7A6878
S3150805C7B0FB692E2101FB03F3134403F59963002254
S3150805C7C01A707B6893F8F835212B0AD07B6893F99C
S3150805C7D025361A46FB68934201D1212302E0032335
S3150805C7E000E003237968FA692E2000FB02F20A4461
S3150805C7F002F2B64213707A68FB692E2101FB03F330
S3150805C800134403F2DC4302221A707A68FB692E2167
S3150805C81001FB03F3134403F59C634FF6FF721A8075
S3150805C8207A68FB692E2101FB03F3134403F2DE4301
S3150805C83000221A80FB690133FB61FB69062B7FF72A
S3150805C84062AF7B6803F58B63FF211846FEF7A2FDE9
S3150805C85000BF2037BD4680BD48E20608E8E1060860
S3150805C86067666666242D002054E2060880B586B0FC
S3150805C87000AF78600023FB740023FB607B6893F8A0
S3150805C8802536BB747B6893F824367B747B68D3F8A6
S3150805C8906439184606F001FA0346002B08D17B6869
S3150805C8A0D3F87039184606F0F8F90346002B71D007
S3150805C8B07B68D3F86439184606F0DEF97B68D3F841
S3150805C8C07039184606F0D8F997F91230002B09DCA5
S3150805C8D07B6893F8F835212B04D07B68212283F8E9
S3150805C8E0F82554E097F91230DBB2013BDBB2BB748D
S3150805C8F097F9122097F911309A420DDD97F912200A
S3150805C90097F91130D31A062B1BDD97F91130DBB2CF
S3150805C910013BDBB27B7414E097F9112097F91230C5
S3150805C9209A420EDD97F9112097F91230D31AC3F1F9
S3150805C9300A03062B05DD97F91130DBB2013BDBB29D
S3150805C9407B7497F9123003F10A02BE4B83FB021377
S3150805C9509910D317C91A0B469B000B445B00D11ACD
S3150805C9600B46BB7497F9113003F10A02B54B83FBE5
S3150805C97002139910D317C91A0B469B000B445B0083
S3150805C980D11A0B467B747B68012283F8F8250123A7
S3150805C990FB74E0E07B68D3F86839184606F07DF93C
S3150805C9A00346002B08D17B68D3F87439184606F078
S3150805C9B074F90346002B71D07B68D3F86839184695
S3150805C9C006F05AF97B68D3F87439184606F054F90F
S3150805C9D097F91230092B09D17B6893F8F835212B7D
S3150805C9E004D07B68212283F8F82554E097F912309C
S3150805C9F0DBB20133DBB2BB7497F9122097F9113014
S3150805CA009A420DDD97F9122097F91130D31A062B9C
S3150805CA101BDD97F91130DBB20133DBB27B7414E009
S3150805CA2097F9112097F912309A420EDD97F91120D8
S3150805CA3097F91230D31AC3F10A03062B05DD97F9C0
S3150805CA401130DBB20133DBB27B7497F9123003F18F
S3150805CA500A027C4B83FB02139910D317C91A0B4696
S3150805CA609B000B445B00D11A0B46BB7497F9113032
S3150805CA7003F10A02734B83FB02139910D317C91ADC
S3150805CA800B469B000B445B00D11A0B467B747B68EF
S3150805CA90012283F8F8250123FB745CE07B68D3F84B
S3150805CAA06C39184606F0F9F80346002B08D17B6859
S3150805CAB0D3F87839184606F0F0F80346002B4AD01D
S3150805CAC07B68D3F86C39184606F0D6F87B68D3F830
S3150805CAD07839184606F0D0F87B6893F8F835212B8F
S3150805CAE027D17B68D3F88039184605F055FC0346E7
S3150805CAF0002B03D07B6802229A712CE07B68D3F859
S3150805CB008039002B11D07B68D3F87C39002B0CD0E3
S3150805CB107B68D3F87C391B78002B14BF01230023C7
S3150805CB20DAB27B68D3F880391A707B6801229A7164
S3150805CB3011E0BA7C7B6883F8852997F912304FF49A
S3150805CB40EC7202FB03F3404A1A447B68C3F87C2956
S3150805CB507B6804229A71FB7C002B67D097F9123003
S3150805CB60092B5CDC7B680A2283F8262600237B6171
S3150805CB7052E097F911207B691A44324B83FB02135D
S3150805CB809910D317C91A0B469B000B445B00D31A99
S3150805CB90BB607B692E2202FB03F303F596637A686D
S3150805CBA0134403F10C00BB684FF4EC7202FB03F364
S3150805CBB0254A13440133BA6824490CF03BFC7A68C4
S3150805CBC07B692E2101FB03F3134403F599630022C0
S3150805CBD01A707B6893F8F835212B08D097F9123027
S3150805CBE0BA689A4201D1212302E0032300E0032310
S3150805CBF079687A692E2000FB02F20A4402F2B642E7
S3150805CC001370BB68092B04D17B695AB27B6883F814
S3150805CC1026267B6901337B617B69062BA9DD7B6843
S3150805CC2003F58B63FF211846FEF7B4FB7B68BA7CD0
S3150805CC3083F825267B687A7C83F8242600BF18376F
S3150805CC40BD4680BD67666666242D00205CE206083B
S3150805CC5080B582B000AF78607B68D3F8643918462A
S3150805CC6006F00AF87B68D3F87039184606F004F812
S3150805CC707B68D3F86839184605F0FEFF7B68D3F854
S3150805CC807439184605F0F8FF7B68D3F86C391846E9
S3150805CC9005F0F2FF7B68D3F87839184605F0ECFFFE
S3150805CCA000BF0837BD4680BD80B584B000AF786043
S3150805CCB00B46FB70FB7803F00103002B03D07B685A
S3150805CCC01846FBF785FEFB7803F00203002B18D000
S3150805CCD07B682E331846FCF781F90023FB600DE0C7
S3150805CCE0FB682E2202FB03F358337A681344043390
S3150805CCF01846FCF7AAF8FB680133FB60FB680B2BA3
S3150805CD00EEDDFB7803F02003002B11D07B6803F2D8
S3150805CD10B2231846FBF7D0FE7B6803F53873184629
S3150805CD20FBF7CAFE7B6803F20E331846FBF7C4FE0B
S3150805CD3000BF1037BD4680BD80B588B000AF7860A6
S3150805CD407B681B68BB617B6893F88439FB75FB7D3B
S3150805CD50013B0F33DB00BA6913443B610023FB61D2
S3150805CD600023FB607868FCF769F97B68052283F878
S3150805CD7028263B691A887B68A3F82C263B695A88B6
S3150805CD807B68A3F82E267B68032283F82A263B6947
S3150805CD909A887B68A3F832263B69DA887B68A3F804
S3150805CDA030267B684FF6FF72A3F834267B68002287
S3150805CDB0A3F836267B68032283F856263B699B88A3
S3150805CDC05B089AB23B691B8813449AB27B68A3F839
S3150805CDD05A267B681322A3F85C267B68032283F808
S3150805CDE058267B68022283F87E267B684FF6FF72F3
S3150805CDF0A3F882267B680022A3F880267B68012291
S3150805CE0083F87E267B68D3F87C39002B0AD07B68A5
S3150805CE1003F25E607B68D3F87C3901331A462F49DD
S3150805CE200CF008FB0023FB617DE07A68FB692E217F
S3150805CE3001FB03F3134403F2846303221A703B6967
S3150805CE4018887A68FB692E2101FB03F3134403F559
S3150805CE50D16302461A80FB6903F00103002B11D141
S3150805CE60FB69DA0F13445B101A4613465B00134435
S3150805CE7004339BB21A46920013445B009BB20533F2
S3150805CE809BB210E0FB69DA0F13445B101A4613468A
S3150805CE905B00134405339BB21A46920013445B00A4
S3150805CEA09BB205339BB27968FA692E2000FB02F21C
S3150805CEB00A4402F28A6213807A68FB692E2101FB0D
S3150805CEC003F3134403F2866303221A70FB6903F01E
S3150805CED00103002B04D1012003E000BF2CE106085D
S3150805CEE002207A68FB692E2101FB03F3134403F23A
S3150805CEF0AC6302461A707A68FB692E2101FB03F3B7
S3150805CF00134403F5D6634FF6FF721A807A68FB69F0
S3150805CF102E2101FB03F3134403F2AE6300221A80A4
S3150805CF20FB690133FB61FB690A2B7FF77EAF00239B
S3150805CF30FB600023FB617A68FB692E2101FB03F37D
S3150805CF40134403F2AC6301221A707A68FB692E2131
S3150805CF5001FB03F3134403F2AE631F221A80FB6930
S3150805CF602E2203FB02F2FB68134403F5D0637A68A5
S3150805CF7013440C33A34918460CF05CFAFB690133D4
S3150805CF80FB617A68FB692E2101FB03F3134403F25F
S3150805CF90AC6301221A707A68FB692E2101FB03F33B
S3150805CFA0134403F5D1631B880C3398B27A68FB6979
S3150805CFB02E2101FB03F3134403F5D16302461A80B8
S3150805CFC07A68FB692E2101FB03F3134403F28A638E
S3150805CFD01B88043398B27A68FB692E2101FB03F393
S3150805CFE0134403F28A6302461A80FB692E2203FB61
S3150805CFF002F2FB68134403F5D0637A68134403F118
S3150805D0000C007B68D3F87C3945331A467E490CF003
S3150805D01011FAFB690133FB617A68FB692E2101FB6D
S3150805D02003F3134403F2AC6301221A707A68FB69A9
S3150805D0302E2101FB03F3134403F2AE631F221A8064
S3150805D040FB692E2203FB02F2FB68134403F5D06342
S3150805D0507A6813440C336D4918460CF0EBF9FB69ED
S3150805D0600133FB617A68FB692E2101FB03F313443F
S3150805D07003F2AC6301221A707A68FB692E2101FB5B
S3150805D08003F3134403F5D1631B880C3398B27A6806
S3150805D090FB692E2101FB03F3134403F5D16302460D
S3150805D0A01A807A68FB692E2101FB03F3134403F200
S3150805D0B08A631B88043398B27A68FB692E2101FBBB
S3150805D0C003F3134403F28A6302461A80FB692E2288
S3150805D0D003FB02F2FB68134403F5D0637A6813442D
S3150805D0E003F10C007B68D3F87C3925331A46464983
S3150805D0F00CF0A0F9FB690133FB617A68FB692E21FF
S3150805D10001FB03F3134403F2AC6301221A707A6830
S3150805D110FB692E2101FB03F3134403F2AE631F22B9
S3150805D1201A80FB692E2203FB02F2FB68134403F5FA
S3150805D130D0637A6813440C33354918460CF07AF9E6
S3150805D140FB690133FB617A68FB692E2101FB03F351
S3150805D150134403F2AC6301221A707A68FB692E211F
S3150805D16001FB03F3134403F5D1631B880C3398B20B
S3150805D1707A68FB692E2101FB03F3134403F5D16392
S3150805D18002461A807A68FB692E2101FB03F31344CC
S3150805D19003F28A631B88043398B27A68FB692E21E1
S3150805D1A001FB03F3134403F28A6302461A807B687C
S3150805D1B0D3F87C3993F82430012B02D0022B10D0F2
S3150805D1C02CE0FB692E2203FB02F2FB68134403F5E8
S3150805D1D0D0637A6813440C330E4918460CF02AF9BD
S3150805D1E02CE0FB692E2203FB02F2FB68134403F5C8
S3150805D1F0D0637A6813440C33074918460CF01AF9B4
S3150805D2001CE000BF68E2060878E2060880E2060820
S3150805D21090E20608A4E20608B0E20608FB692E2293
S3150805D22003FB02F2FB68134403F5D0637A681344DB
S3150805D2300C33BA4918460CF0FDF800BFFB690133F3
S3150805D240FB617A68FB692E2101FB03F3134403F29C
S3150805D250AC6301221A70FB692E2203FB02F2FB68F6
S3150805D260134403F5D0637A6813440C33AC4918465E
S3150805D2700CF0E0F87A68FB692E2101FB03F31344E9
S3150805D28003F2AE631F221A80FB690133FB617A68D4
S3150805D290FB692E2101FB03F3134403F2AC63022257
S3150805D2A01A70FB692E2203FB02F2FB68134403F589
S3150805D2B0D0637A68134403F10C007B68D3F87C398C
S3150805D2C093F865301A467B68D3F87C3993F8663047
S3150805D2D094490CF0AFF8FB690133FB617A68FB6981
S3150805D2E02E2101FB03F3134403F2AC6301221A70E2
S3150805D2F07A68FB692E2101FB03F3134403F2AE6337
S3150805D3001F221A80FB692E2203FB02F2FB681344CF
S3150805D31003F5D0637A6813440C33834918460CF031
S3150805D32089F8FB690133FB617A68FB692E2101FBE4
S3150805D33003F3134403F2AC6302221A70FB692E2227
S3150805D34003FB02F2FB68134403F5D0637A681344BA
S3150805D35003F10C007B68D3F87C3993F821301A461B
S3150805D36072490CF067F8FB690133FB617A68FB695A
S3150805D3702E2101FB03F3134403F2AC6301221A7051
S3150805D380FB69033B7A682E2101FB03F3134403F576
S3150805D390D1631B88603398B27A68FB692E2101FB35
S3150805D3A003F3134403F5D16302461A80FB69033B6D
S3150805D3B07A682E2101FB03F3134403F28A631B885B
S3150805D3C0043398B27A68FB692E2101FB03F31344EB
S3150805D3D003F28A6302461A80FB692E2203FB02F2D0
S3150805D3E0FB68134403F5D0637A68134403F10C000C
S3150805D3F07B68D3F87C391B78002B01D14C4B00E0B0
S3150805D4004C4B1A464C490CF015F87B68002283F8F4
S3150805D410DA283B691B8823339AB27B68A3F8DE288A
S3150805D4207B68E922A3F8E0287B68012283F8DC28D3
S3150805D4307B68022283F8EC287B684FF6FF72A3F80F
S3150805D440F0287B680022A3F8EE287B6803F6E2033A
S3150805D4503A4918460BF0EEFF7B68002283F808293F
S3150805D4603B691A883B699B8813449BB2283B9AB249
S3150805D4707B68A3F80C297B68D322A3F80E297B6859
S3150805D480212283F80A297B68022283F81A297B68F0
S3150805D4904FF6FF72A3F81E297B680022A3F81C29FC
S3150805D4A07B6803F51163264918460BF0C3FF7B68AD
S3150805D4B0002283F836293B691A883B699B881344F9
S3150805D4C09BB2283B9AB27B68A3F83A297B68E9227E
S3150805D4D0A3F83C297B68012283F838297B68022250
S3150805D4E083F848297B684FF6FF72A3F84C297B68B1
S3150805D4F00022A3F84A297B6803F63E131149184604
S3150805D5000BF098FF7B6803F5C563FF211846FFF7FF
S3150805D510CBFB00BF2037BD4680BD00BFBCE2060871
S3150805D520C8E20608E0E20608ECE20608FCE2060898
S3150805D53004E306080CE306082CE10608E8E10608F4
S3150805D54014E3060840E2060880B582B000AF7860A5
S3150805D5507B68D3F86439184605F09FFB0346002B0C
S3150805D5601AD17B68D3F86839184605F096FB034641
S3150805D570002B11D17B68D3F87039184605F08DFB59
S3150805D5800346002B08D17B68D3F87439184605F08D
S3150805D59084FB0346002B53D07B6893F8DC38212B94
S3150805D5A00CD17B68012283F8DC287B68212283F865
S3150805D5B00A297B68012283F8382922E07B6893F8D3
S3150805D5C00A39212B0CD17B68012283F8DC287B6874
S3150805D5D0012283F80A297B68212283F8382910E075
S3150805D5E07B6893F83839212B0BD17B68212283F880
S3150805D5F0DC287B68012283F80A297B68012283F8DF
S3150805D60038297B6803F5C56320211846FFF74CFBC7
S3150805D6107B68D3F86439184605F02EFB7B68D3F882
S3150805D6206839184605F028FB7B68D3F8703918461B
S3150805D63005F022FB7B68D3F87439184605F01CFB00
S3150805D6407B68D3F86C39184605F027FB0346002B8B
S3150805D65008D17B68D3F87839184605F01EFB0346CA
S3150805D660002B69D07B6893F8DC38212B07D17B68BA
S3150805D67003229A717B68002283F82C2449E07B688B
S3150805D68093F80A39212B07D17B6805229A717B689D
S3150805D690002283F886293CE07B6893F83839212BE4
S3150805D6A037D17B6893F92536DAB27B6883F88529FD
S3150805D6B07B6893F885391A464FF4EC7302FB03F336
S3150805D6C01F4A1A447B68D3F88039194610460AF06A
S3150805D6D0D1F80346002B11D010200AF0A7FF034600
S3150805D6E0002B0BD00AF038FF164917480AF0FCFE3E
S3150805D6F016480AF0F9FE16480AF0F6FE7B68D3F8CE
S3150805D70080397A6892F8852983F8B4207B680222DD
S3150805D7109A717B68D3F86C39184605F0ADFA7B68BB
S3150805D720D3F87839184605F0A7FA7B6803F5C56373
S3150805D73020211846FFF7B8FA00BF0837BD4680BD51
S3150805D740242D002084DF06088CDF06081CE306085E
S3150805D750B8DF060880B582B000AF78607B68D3F875
S3150805D7606439184605F088FA7B68D3F86839184687
S3150805D77005F082FA7B68D3F86C39184605F07CFA09
S3150805D7807B68D3F87039184605F076FA7B68D3F8BE
S3150805D7907439184605F070FA7B68D3F8783918464F
S3150805D7A005F06AFA00BF0837BD4680BD90B5E5B0F5
S3150805D7B000AF07F5C873A3F5C673186007F5C873F0
S3150805D7C0A3F5C6731B681B68C7F8843107F5C873C4
S3150805D7D0A3F5C6731B6893F8843987F8833197F8D8
S3150805D7E08331013B0F33DB00D7F884211344C7F88F
S3150805D7F07C310023C7F88C310023C7F8783107F543
S3150805D800C873A3F5C6731868FBF718FC07F5C8733C
S3150805D810A3F5C6731B68052283F82826D7F87C3135
S3150805D8201A8807F5C873A3F5C6731B68A3F82C26CB
S3150805D830D7F87C315A8807F5C873A3F5C6731B68EC
S3150805D840A3F82E2607F5C873A3F5C6731B68032226
S3150805D85083F82A26D7F87C319A8807F5C873A3F57D
S3150805D860C6731B68A3F83226D7F87C31DA8807F51C
S3150805D870C873A3F5C6731B68A3F8302607F5C873DE
S3150805D880A3F5C6731B684FF6FF72A3F8342607F58A
S3150805D890C873A3F5C6731B680022A3F8362607F5D1
S3150805D8A0C873A3F5C6731B68032283F85626D7F8EB
S3150805D8B07C319B885B089AB2D7F87C311B88134460
S3150805D8C09AB207F5C873A3F5C6731B68A3F85A2653
S3150805D8D007F5C873A3F5C6731B680F22A3F85C265C
S3150805D8E007F5C873A3F5C6731B68032283F858267C
S3150805D8F007F5C873A3F5C6731B68022283F87E2647
S3150805D90007F5C873A3F5C6731B684FF6FF72A3F828
S3150805D910822607F5C873A3F5C6731B680022A3F804
S3150805D920802607F5C873A3F5C6731B68D3F87C3933
S3150805D930002B5AD007F5C873A3F5C6731B68D3F829
S3150805D9407C2907F5C873A3F5C6731B6893F886394A
S3150805D95019460B46DB000B449B0013446C331B78B6
S3150805D960002B0BD107F5C873A3F5C6731B6803F21D
S3150805D9705E63A14918460BF05DFD36E007F5C873E9
S3150805D980A3F5C6731B68D3F87C2907F5C873A3F5F1
S3150805D990C6731B6893F8863919460B46DB000B4494
S3150805D9A09B0013446C331B78012B0BD107F5C87301
S3150805D9B0A3F5C6731B6803F25E63904918460BF018
S3150805D9C039FD12E007F5C873A3F5C6731B6803F29C
S3150805D9D05E6007F5C873A3F5C6731B6893F88639A1
S3150805D9E001331A4686490BF025FD0023C7F8883109
S3150805D9F013E007F5C873A3F5C6731A68D7F888310F
S3150805DA002E2101FB03F3134403F2866300221A70E1
S3150805DA10D7F888310133C7F88831D7F888310B2B01
S3150805DA20E7DD0023C7F88C31B9E007F5C873A3F518
S3150805DA30C6731A68D7F88C312E2101FB03F31344F4
S3150805DA4003F2846303221A70D7F87C31188807F520
S3150805DA50C873A3F5C6731A68D7F88C312E2101FB4E
S3150805DA6003F3134403F5D16302461A80D7F88C31BC
S3150805DA7003F00103002B12D1D7F88C31DA0F1344C2
S3150805DA805B101A4613465B00134404339BB21A46C9
S3150805DA90920013445B009BB2013B9BB211E0D7F899
S3150805DAA08C31DA0F13445B101A4613465B00134490
S3150805DAB005339BB21A46920013445B009BB2013BA1
S3150805DAC09BB207F5C872A2F5C6721168D7F88C21FC
S3150805DAD02E2000FB02F20A4402F28A62138007F539
S3150805DAE0C873A3F5C6731A68D7F88C312E2101FBBE
S3150805DAF003F3134403F2866303221A70D7F88C31AD
S3150805DB0003F00103002B01D1012000E0022007F5EF
S3150805DB10C873A3F5C6731A68D7F88C312E2101FB8D
S3150805DB2003F3134403F2AC6302461A7007F5C87388
S3150805DB30A3F5C6731A68D7F88C312E2101FB03F3B2
S3150805DB40134403F5D6634FF6FF721A8007F5C873B3
S3150805DB50A3F5C6731A68D7F88C312E2101FB03F392
S3150805DB60134403F2AE6300221A8007F5C873A3F5BA
S3150805DB70C672D7F88C312E2103FB01F1D7F8783117
S3150805DB800B4403F5D063126813440C331D49184634
S3150805DB900BF050FCD7F88C310133C7F88C31D7F820
S3150805DBA08C310B2B7FF741AF07F5C873A3F5C67301
S3150805DBB01B6893F88639C7F8743107F5C873A3F552
S3150805DBC0C6731B68D3F87C19D7F874211346DB008E
S3150805DBD013449B000B446C331B78032B00F2DC863D
S3150805DBE001A252F823F000BF09DC05085DE2050825
S3150805DBF0BDE70508B5E8050830E3060838E306086D
S3150805DC0044E30608E8E006080023C7F87831002348
S3150805DC10C7F88C3107F5C873A3F5C6731A68D7F81C
S3150805DC208C312E2101FB03F3134403F2AC63012265
S3150805DC301A7007F5C873A3F5C6731A68D7F88C3131
S3150805DC402E2101FB03F3134403F2AE631F221A8048
S3150805DC5007F5C873A3F5C672D7F88C312E2103FBD1
S3150805DC6001F1D7F878310B4403F5D06312681344EC
S3150805DC700C33DB4918460BF0DDFBD7F88C3101333D
S3150805DC80C7F88C3107F5C873A3F5C6731A68D7F8AC
S3150805DC908C312E2101FB03F3134403F2AC630222F4
S3150805DCA01A7007F5C873A3F5C672D7F88C312E21F5
S3150805DCB003FB01F1D7F878310B4403F5D0631268F5
S3150805DCC0134403F10C0007F5C873A3F5C6731B685F
S3150805DCD0D3F87C19D7F874211346DB0013449B0047
S3150805DCE00B4474331B681A46BE490BF0A3FBD7F8D9
S3150805DCF08C310133C7F88C3107F5C873A3F5C6739C
S3150805DD001A68D7F88C312E2101FB03F3134403F265
S3150805DD10AC6301221A7007F5C873A3F5C6731A68AA
S3150805DD20D7F88C312E2101FB03F3134403F2AE63B6
S3150805DD301F221A8007F5C873A3F5C672D7F88C3162
S3150805DD402E2103FB01F1D7F878310B4403F5D0638F
S3150805DD50126813440C33A44918460BF06BFBD7F825
S3150805DD608C310133C7F88C3107F5C873A3F5C6732B
S3150805DD701A68D7F88C312E2101FB03F3134403F2F5
S3150805DD80AC6302221A7007F5C873A3F5C672D7F8ED
S3150805DD908C312E2103FB01F1D7F878310B4403F5B5
S3150805DDA0D0631268134403F10C0407F5C873A3F589
S3150805DDB0C6731B68D3F87C19D7F874211346DB009C
S3150805DDC013449B000B4480331B681846E2F7F4FBA3
S3150805DDD002460B46854920460BF02CFBD7F88C31B5
S3150805DDE00133C7F88C3107F5C873A3F5C6731A68E6
S3150805DDF0D7F88C312E2101FB03F3134403F2AC63E8
S3150805DE0001221A7007F5C873A3F5C6731A68D7F8F9
S3150805DE108C312E2101FB03F3134403F2AE631F2253
S3150805DE201A8007F5C873A3F5C672D7F88C312E2163
S3150805DE3003FB01F1D7F878310B4403F5D063126873
S3150805DE4013440C336A4918460BF0F4FAD7F88C31A3
S3150805DE500133C7F88C3107F5C873A3F5C6731A6875
S3150805DE60D7F88C312E2101FB03F3134403F2AC6377
S3150805DE7002221A7007F5C873A3F5C672D7F88C314E
S3150805DE802E2103FB01F1D7F878310B4403F5D0634E
S3150805DE901268134403F10C0007F5C873A3F5C67396
S3150805DEA01B68D3F87C19D7F874211346DB0013448D
S3150805DEB09B000B4488331B681A464A490BF0BAFA85
S3150805DEC0D7F88C310133C7F88C3107F5C873A3F534
S3150805DED0C6731A68D7F88C312E2101FB03F3134450
S3150805DEE003F2AC6301221A7007F5C873A3F5C67366
S3150805DEF01A68D7F88C312E2101FB03F3134403F274
S3150805DF00AE631F221A8007F5C873A3F5C672D7F83C
S3150805DF108C312E2103FB01F1D7F878310B4403F533
S3150805DF20D063126813440C33324918460BF082FA4B
S3150805DF30D7F88C310133C7F88C3107F5C873A3F5C3
S3150805DF40C6731A68D7F88C312E2101FB03F31344DF
S3150805DF5003F2AC6302221A7007F5C873A3F5C673F4
S3150805DF601B68D3F87C19D7F874211346DB001344CC
S3150805DF709B000B448C33D3ED007A9FED1F7AF4EEA4
S3150805DF80C77AF1EE10FA3BD507F5C873A3F5C6723D
S3150805DF90D7F88C312E2103FB01F1D7F878310B44DC
S3150805DFA003F5D0631268134403F10C0407F5C87327
S3150805DFB0A3F5C6731B68D3F87C19D7F874211346DD
S3150805DFC0DB0013449B000B448C331B681846E2F7A9
S3150805DFD0F3FA02460B46094920460BF02BFA24E0CC
S3150805DFE04CE3060860E3060868E306087CE30608CA
S3150805DFF084E3060898E306080000004DACE3060826
S3150805E00007F5C873A3F5C672D7F88C312E2103FB1D
S3150805E01001F1D7F878310B4403F5D0631268134438
S3150805E0200C33884918460BF005FAD7F88C310133B5
S3150805E030C7F88C3107F5C873A3F5C6731A68D7F8F8
S3150805E0408C312E2101FB03F3134403F2AC63012241
S3150805E0501A7007F5C873A3F5C672D7F88C312E2141
S3150805E06003FB01F1D7F878310B4403F5D063126841
S3150805E07013440C33744918460BF0DCF907F5C873D5
S3150805E080A3F5C6731A68D7F88C312E2101FB03F35D
S3150805E090134403F2AE631F221A80D7F88C31013375
S3150805E0A0C7F88C3107F5C873A3F5C6731A68D7F888
S3150805E0B08C312E2101FB03F3134403F2AC630222D0
S3150805E0C01A7007F5C873A3F5C672D7F88C312E21D1
S3150805E0D003FB01F1D7F878310B4403F5D0631268D1
S3150805E0E0134403F10C0407F5C873A3F5C6731B6837
S3150805E0F0D3F87C19D7F874211346DB0013449B0023
S3150805E1000B4478331B6807EE903AF8EEE77A9FEDED
S3150805E1104F7AC7EE876A16EE900AE2F74DFA024677
S3150805E1200B464B4920460BF085F9D7F88C31013358
S3150805E130C7F88C3107F5C873A3F5C6731A68D7F8F7
S3150805E1408C312E2101FB03F3134403F2AC63012240
S3150805E1501A7007F5C873A3F5C6731A68D7F88C310C
S3150805E1602E2101FB03F3134403F2AE631F221A8023
S3150805E17007F5C873A3F5C672D7F88C312E2103FBAC
S3150805E18001F1D7F878310B4403F5D06312681344C7
S3150805E1900C33304918460BF04DF9D7F88C31013355
S3150805E1A0C7F88C3107F5C873A3F5C6731A68D7F887
S3150805E1B08C312E2101FB03F3134403F5D1631B8828
S3150805E1C00C3398B207F5C873A3F5C6731A68D7F85A
S3150805E1D08C312E2101FB03F3134403F5D163024663
S3150805E1E01A8007F5C873A3F5C6731A68D7F88C316C
S3150805E1F02E2101FB03F3134403F2AC6301221A70C3
S3150805E20007F5C873A3F5C672D7F88C312E2103FB1B
S3150805E21001F1D7F878310B4403F5D0631268134436
S3150805E22003F10C00D7F874315A1C07F5C873A3F522
S3150805E230C6731B68D3F87C3993F8213006490BF069
S3150805E240F9F8A9E3B8E30608C0E3060800007A4426
S3150805E250D4E30608E0E30608ECE306080023C7F856
S3150805E26078310023C7F88C3107F5C873A3F5C6734B
S3150805E2701A68D7F88C312E2101FB03F3134403F2F0
S3150805E280AC6301221A7007F5C873A3F5C6731A6835
S3150805E290D7F88C312E2101FB03F3134403F2AE6341
S3150805E2A01F221A8007F5C873A3F5C672D7F88C31ED
S3150805E2B02E2103FB01F1D7F878310B4403F5D0631A
S3150805E2C0126813440C33E24918460BF0B3F8D7F82D
S3150805E2D08C310133C7F88C3107F5C873A3F5C673B6
S3150805E2E01A68D7F88C312E2101FB03F3134403F280
S3150805E2F0AC6302221A7007F5C873A3F5C672D7F878
S3150805E3008C312E2103FB01F1D7F878310B4403F53F
S3150805E310D0631268134403F10C0007F5C873A3F517
S3150805E320C6731B68D3F87C19D7F874211346DB0026
S3150805E33013449B000B4478331B681A46C5490BF0F2
S3150805E34079F8D7F88C310133C7F88C3107F5C873D6
S3150805E350A3F5C6731A68D7F88C312E2101FB03F38A
S3150805E360134403F2AC6301221A7007F5C873A3F5C3
S3150805E370C6731A68D7F88C312E2101FB03F31344AB
S3150805E38003F2AE631F221A8007F5C873A3F5C67292
S3150805E390D7F88C312E2103FB01F1D7F878310B44D8
S3150805E3A003F5D063126813440C33AB4918460BF0D2
S3150805E3B041F8D7F88C310133C7F88C3107F5C8739E
S3150805E3C0A3F5C6731A68D7F88C312E2101FB03F31A
S3150805E3D0134403F2AC6302221A7007F5C873A3F552
S3150805E3E0C672D7F88C312E2103FB01F1D7F878319F
S3150805E3F00B4403F5D0631268134403F10C0407F5BF
S3150805E400C873A3F5C6731B68D3F87C19D7F87421A6
S3150805E4101346DB0013449B000B4480331B681846E0
S3150805E420E2F7CAF802460B468C4920460BF002F875
S3150805E430D7F88C310133C7F88C3107F5C873A3F5BE
S3150805E440C6731A68D7F88C312E2101FB03F31344DA
S3150805E45003F2AC6301221A7007F5C873A3F5C673F0
S3150805E4601A68D7F88C312E2101FB03F3134403F2FE
S3150805E470AE631F221A8007F5C873A3F5C672D7F8C7
S3150805E4808C312E2103FB01F1D7F878310B4403F5BE
S3150805E490D063126813440C33714918460AF0CAFF4B
S3150805E4A0D7F88C310133C7F88C3107F5C873A3F54E
S3150805E4B0C6731A68D7F88C312E2101FB03F313446A
S3150805E4C003F2AC6302221A7007F5C873A3F5C67280
S3150805E4D0D7F88C312E2103FB01F1D7F878310B4497
S3150805E4E003F5D0631268134403F10C0407F5C873E2
S3150805E4F0A3F5C6731B68D3F87C19D7F87421134698
S3150805E500DB0013449B000B4488331B6807EE903ADF
S3150805E510F8EEE77A9FED537AC7EE876A16EE900A04
S3150805E520E2F74AF802460B464F4920460AF082FFAB
S3150805E530D7F88C310133C7F88C3107F5C873A3F5BD
S3150805E540C6731A68D7F88C312E2101FB03F31344D9
S3150805E55003F2AC6301221A7007F5C873A3F5C673EF
S3150805E5601A68D7F88C312E2101FB03F3134403F2FD
S3150805E570AE631F221A8007F5C873A3F5C672D7F8C6
S3150805E5808C312E2103FB01F1D7F878310B4403F5BD
S3150805E590D063126813440C33344918460AF04AFF07
S3150805E5A0D7F88C310133C7F88C3107F5C873A3F54D
S3150805E5B0C6731A68D7F88C312E2101FB03F3134469
S3150805E5C003F2AC6302221A7007F5C873A3F5C6737E
S3150805E5D01B68D3F87C19D7F874211346DB00134456
S3150805E5E09B000B448C33D3ED007A9FED217AF4EE2C
S3150805E5F0C77AF1EE10FA3FD507F5C873A3F5C672C3
S3150805E600D7F88C312E2103FB01F1D7F878310B4465
S3150805E61003F5D0631268134403F10C0407F5C873B0
S3150805E620A3F5C6731B68D3F87C19D7F87421134666
S3150805E630DB0013449B000B448C331B681846E1F733
S3150805E640BBFF02460B460B4920460AF0F3FE28E0B7
S3150805E650F8E3060810E4060868E306087CE30608F6
S3150805E6601CE4060800007A4430E406083CE406087B
S3150805E6700000004DACE3060807F5C873A3F5C67296
S3150805E680D7F88C312E2103FB01F1D7F878310B44E5
S3150805E69003F5D063126813440C33814918460AF00A
S3150805E6A0C9FED7F88C310133C7F88C3107F5C8731D
S3150805E6B0A3F5C6731A68D7F88C312E2101FB03F327
S3150805E6C0134403F2AC6301221A7007F5C873A3F560
S3150805E6D0C6731A68D7F88C312E2101FB03F3134448
S3150805E6E003F2AE631F221A8007F5C873A3F5C6722F
S3150805E6F0D7F88C312E2103FB01F1D7F878310B4475
S3150805E70003F5D063126813440C33664918460AF0B4
S3150805E71091FED7F88C310133C7F88C3107F5C873E4
S3150805E720A3F5C6731A68D7F88C312E2101FB03F3B6
S3150805E730134403F5D1631B880C3398B207F5C873E0
S3150805E740A3F5C6731A68D7F88C312E2101FB03F396
S3150805E750134403F5D16302461A8007F5C873A3F572
S3150805E760C6731A68D7F88C312E2101FB03F31344B7
S3150805E77003F2AC6301221A7007F5C873A3F5C672CE
S3150805E780D7F88C312E2103FB01F1D7F878310B44E4
S3150805E79003F5D0631268134403F10C00D7F87431F6
S3150805E7A05A1C07F5C873A3F5C6731B68D3F87C39D5
S3150805E7B093F821303C490AF03DFEEDE00023C7F801
S3150805E7C078310023C7F88C3107F5C873A3F5C673E6
S3150805E7D01A68D7F88C312E2101FB03F3134403F28B
S3150805E7E0AC6301221A7007F5C873A3F5C6731A68D0
S3150805E7F0D7F88C312E2101FB03F3134403F2AE63DC
S3150805E8001F221A8007F5C873A3F5C672D7F88C3187
S3150805E8102E2103FB01F1D7F878310B4403F5D063B4
S3150805E820126813440C33214918460AF003FED7F833
S3150805E8308C310133C7F88C3107F5C873A3F5C67350
S3150805E8401A68D7F88C312E2101FB03F3134403F21A
S3150805E850AC6301221A7007F5C873A3F5C6731A685F
S3150805E860D7F88C312E2101FB03F3134403F2AE636B
S3150805E8701F221A8007F5C873A3F5C672D7F88C3117
S3150805E8802E2103FB01F1D7F878310B4403F5D06344
S3150805E890126813440C33064918460AF0CBFD7BE08B
S3150805E8A0B8E30608E0E30608ECE3060850E40608BC
S3150805E8B060E406080023C7F878310023C7F88C31C9
S3150805E8C007F5C873A3F5C6731A68D7F88C312E21D0
S3150805E8D001FB03F3134403F2AC6301221A7007F52F
S3150805E8E0C873A3F5C6731A68D7F88C312E2101FBB0
S3150805E8F003F3134403F2AE631F221A8007F5C873A0
S3150805E900A3F5C672D7F88C312E2103FB01F1D7F88A
S3150805E91078310B4403F5D063126813440C33A949BF
S3150805E92018460AF087FDD7F88C310133C7F88C31BC
S3150805E93007F5C873A3F5C6731A68D7F88C312E215F
S3150805E94001FB03F3134403F2AC6301221A7007F5BE
S3150805E950C873A3F5C6731A68D7F88C312E2101FB3F
S3150805E96003F3134403F2AE631F221A8007F5C8732F
S3150805E970A3F5C672D7F88C312E2103FB01F1D7F81A
S3150805E98078310B4403F5D063126813440C338E496A
S3150805E99018460AF04FFD00BF07F5C873A3F5C673F9
S3150805E9A01B68002283F8DA28D7F87C311B882333BD
S3150805E9B09AB207F5C873A3F5C6731B68A3F8DE28CC
S3150805E9C007F5C873A3F5C6731B68E922A3F8E028FB
S3150805E9D007F5C873A3F5C6731B68012283F8DC28F7
S3150805E9E007F5C873A3F5C6731B68022283F8EC28D6
S3150805E9F007F5C873A3F5C6731B684FF6FF72A3F828
S3150805EA00F02807F5C873A3F5C6731B680022A3F893
S3150805EA10EE2807F5C873A3F5C6731B6803F6E20364
S3150805EA206A4918460AF006FD07F5C873A3F5C673BD
S3150805EA301B6893F88639013307F5C872A2F5C672BD
S3150805EA401268D2F87C2992F8212093424DDA07F507
S3150805EA50C873A3F5C6731B68002283F80829D7F877
S3150805EA607C311A88D7F87C319B8813449BB2283B9E
S3150805EA709AB207F5C873A3F5C6731B68A3F80C29DC
S3150805EA8007F5C873A3F5C6731B68D322A3F80E2921
S3150805EA9007F5C873A3F5C6731B68212283F80A29E7
S3150805EAA007F5C873A3F5C6731B68022283F81A29E6
S3150805EAB007F5C873A3F5C6731B684FF6FF72A3F867
S3150805EAC01E2907F5C873A3F5C6731B680022A3F8A4
S3150805EAD01C2907F5C873A3F5C6731B6803F51163E7
S3150805EAE03B4918460AF0A6FC0FE007F5C873A3F5D7
S3150805EAF0C6731B68002283F80A2907F5C873A3F5A8
S3150805EB00C6731B68212283F8DC2807F5C873A3F5A5
S3150805EB10C6731B68002283F83629D7F87C311A880C
S3150805EB20D7F87C319B8813449BB2283B9AB207F5E4
S3150805EB30C873A3F5C6731B68A3F83A2907F5C873FE
S3150805EB40A3F5C6731B68E922A3F83C2907F5C8731C
S3150805EB50A3F5C6731B68012283F8382907F5C87318
S3150805EB60A3F5C6731B68022283F8482907F5C873F7
S3150805EB70A3F5C6731B684FF6FF72A3F84C2907F56C
S3150805EB80C873A3F5C6731B680022A3F84A2907F5B7
S3150805EB90C873A3F5C6731B6803F63E130D491846D5
S3150805EBA00AF048FC07F5C873A3F5C6731B6803F591
S3150805EBB0C563FF211846FEF777F800BF07F5CA773C
S3150805EBC0BD4690BD7CE406088CE40608E8E106081F
S3150805EBD014E3060840E2060880B582B000AF7860FF
S3150805EBE07B68D3F86439184604F057F80346002BB2
S3150805EBF01BD17B68D3F86839184604F04EF80346E6
S3150805EC00002B12D17B68D3F87039184604F045F8FD
S3150805EC100346002B09D17B68D3F87439184604F0E6
S3150805EC203CF80346002B00F083807B6893F8863909
S3150805EC3001337A68D2F87C2992F82120934235DA8D
S3150805EC407B6893F8DC38212B0CD17B68012283F885
S3150805EC50DC287B68212283F80A297B68012283F848
S3150805EC60382946E07B6893F80A39212B0CD17B684D
S3150805EC70012283F8DC287B68012283F80A297B6848
S3150805EC80212283F8382934E07B6893F83839212B13
S3150805EC902FD17B68212283F8DC287B68012283F83B
S3150805ECA00A297B68012283F8382922E07B6893F8CC
S3150805ECB0DC38212B0CD17B68012283F8DC287B689C
S3150805ECC0212283F838297B68002283F80A2910E06F
S3150805ECD07B6893F83839212B0BD17B68212283F879
S3150805ECE0DC287B68012283F838297B68002283F8AB
S3150805ECF00A297B68D3F86439184603F0BDFF7B6893
S3150805ED00D3F86839184603F0B7FF7B68D3F8703926
S3150805ED10184603F0B1FF7B68D3F87439184603F033
S3150805ED20ABFF7B6803F5C56320211846FDF7BCFFD5
S3150805ED307B68D3F86C39184603F0AFFF0346002BFA
S3150805ED4009D17B68D3F87839184603F0A6FF034638
S3150805ED50002B00F0EF807B68D3F87C39002B00F098
S3150805ED6089807B68D3F88039002B00F083807B681F
S3150805ED70D3F88039DB691B7801337A68D2F87C29A0
S3150805ED8092F82120934275DA7B6893F80A39212B84
S3150805ED9023D17B6893F886390133DAB27B6883F821
S3150805EDA086297B6805229A717B6893F8863901332B
S3150805EDB07A68D2F87C2992F82120934240F0B980E6
S3150805EDC07B68212283F8DC287B68002283F80A29D8
S3150805EDD07B68012283F83829ABE07B6893F8DC3831
S3150805EDE0212B07D17B6804229A717B68002283F858
S3150805EDF086299EE07B6893F83839212B40F099805F
S3150805EE007B6893F885391A464FF4EC7302FB03F3CE
S3150805EE104A4A1A447B68D3F880391946104608F0D9
S3150805EE2029FD0346002B11D0102009F0FFFB0346E8
S3150805EE30002B0BD009F090FB4149424809F054FBD9
S3150805EE40414809F051FB414809F04EFB7B68D3F868
S3150805EE5080397A6892F8852983F8B4207B68022276
S3150805EE609A717B680022C3F87C297B68002283F89F
S3150805EE7086295EE07B6893F8DC38212B07D17B6809
S3150805EE8004229A717B68002283F886293DE07B680F
S3150805EE9093F83839212B38D17B6893F885391A4682
S3150805EEA04FF4EC7302FB03F3244A1A447B68D3F840
S3150805EEB080391946104608F0DDFC0346002B11D0AB
S3150805EEC0102009F0B3FB0346002B0BD009F044FBD1
S3150805EED01B491C4809F008FB1B4809F005FB1B489C
S3150805EEE009F002FB7B68D3F880397A6892F8852998
S3150805EEF083F8B4207B6802229A717B680022C3F8DE
S3150805EF007C297B68002283F886297B68D3F86C39C7
S3150805EF10184603F0B1FE7B68D3F87839184603F02E
S3150805EF20ABFE7B6803F5C56320211846FDF7BCFED5
S3150805EF3000E000BF00BF0837BD4680BD242D002070
S3150805EF4084DF06088CDF06081CE30608B8DF060812
S3150805EF5080B582B000AF78607B68D3F86439184607
S3150805EF6003F08AFE7B68D3F86839184603F084FEF1
S3150805EF707B68D3F86C39184603F07EFE7B68D3F8B0
S3150805EF807039184603F078FE7B68D3F87439184645
S3150805EF9003F072FE7B68D3F87839184603F06CFEE1
S3150805EFA000BF0837BD4680BD80B586B000AF78601E
S3150805EFB07B681B687B617B6893F88439FB74FB7CEB
S3150805EFC0013B0F33DB007A691344FB607868FAF76F
S3150805EFD035F87B68052283F82826FB681A887B6836
S3150805EFE0A3F82C26FB685A887B68A3F82E267B6827
S3150805EFF0032283F82A26FB689A887B68A3F83226B3
S3150805F000FB68DA887B68A3F830267B684FF6FF72BB
S3150805F010A3F834267B680022A3F836267B680022E7
S3150805F02083F8DA28FB681B8823339AB27B68A3F82A
S3150805F030DE287B68E922A3F8E0287B68212283F885
S3150805F040DC287B68022283F8EC287B684FF6FF727A
S3150805F050A3F8F0287B680022A3F8EE287B6800222F
S3150805F06083F80829FB681A88FB689B8813449BB2B2
S3150805F070283B9AB27B68A3F80C297B68D322A3F8A8
S3150805F0800E297B68032283F80A297B68022283F8FE
S3150805F0901A297B684FF6FF72A3F81E297B6800229A
S3150805F0A0A3F81C297B6803F6E2031D4918460AF0EE
S3150805F0B0C1F97B68002283F83629FB681A88FB683C
S3150805F0C09B8813449BB2283B9AB27B68A3F83A29D6
S3150805F0D07B68E922A3F83C297B68212283F838292D
S3150805F0E07B68022283F848297B684FF6FF72A3F8E6
S3150805F0F04C297B680022A3F84A297B6803F63E1348
S3150805F100084918460AF096F97B6803F5C563202170
S3150805F1101846FDF7C9FD00BF1837BD4680BD00BFB7
S3150805F120E8E1060840E2060880B582B000AF7860D7
S3150805F1307B68D3F86439184603F0AFFD0346002B00
S3150805F1401AD17B68D3F86839184603F0A6FD034635
S3150805F150002B11D17B68D3F87039184603F09DFD4D
S3150805F1600346002B08D17B68D3F87439184603F093
S3150805F17094FD0346002B06D07B6803F5C56320215D
S3150805F1801846FDF791FD7B68D3F86C39184603F0E8
S3150805F19084FD0346002B08D17B68D3F878391846D1
S3150805F1A003F07BFD0346002B1AD07B6893F8DC3801
S3150805F1B0212B02D17B6804229A717B68D3F86C39B6
S3150805F1C0184603F059FD7B68D3F87839184603F0D5
S3150805F1D053FD7B6803F5C56320211846FDF764FDD5
S3150805F1E000BF0837BD4680BD80B582B000AF7860E0
S3150805F1F07B68D3F86439184603F03EFD7B68D3F877
S3150805F2006839184603F038FD7B68D3F86C39184613
S3150805F21003F032FD7B68D3F87039184603F02CFDE8
S3150805F2207B68D3F87439184603F026FD7B68D3F84E
S3150805F2307839184603F020FD00BF0837BD4680BD5E
S3150805F24080B582B000AF78607868F9F7F7FE00BF39
S3150805F2500837BD4680BD000080B582B000AF78602E
S3150805F260022009F0E3F90346002B0ED009F074F9DC
S3150805F2701B491C4809F038F97B68DB7919461A4891
S3150805F28009F032F9194809F02FF97B68DB79052B5E
S3150805F2901ED801A252F823F0D1F20508B1F20508E5
S3150805F2A0B9F20508C1F20508D9F20508C9F2050833
S3150805F2B07B6802229A710BE07B6802229A7107E045
S3150805F2C07B6802229A7103E07B6802229A7100BF65
S3150805F2D07B680622DA7100E000BF0837BD4680BDA7
S3150805F2E084DF06088CDF0608A0E40608B8DF0608EA
S3150805F2F080B483B000AF786000BF0C37BD465DF8B3
S3150805F300047B704780B582B000AF78607868F9F7F6
S3150805F31095FE00BF0837BD4680BD80B483B000AFF3
S3150805F320786000BF0C37BD465DF8047B704780B52D
S3150805F33082B000AF78607B68D3F86439184603F065
S3150805F3409BFC7B68D3F86839184603F095FC7B68FF
S3150805F350D3F86C39184603F08FFC7B68D3F87039F7
S3150805F360184603F089FC7B68D3F87439184603F008
S3150805F37083FC7B68D3F87839184603F07DFC00BF13
S3150805F3800837BD4680BD000080B582B000AF7860FD
S3150805F3907B689B790A2B1AD17B685B791946294ABA
S3150805F3A00B465B000B449B00134404331B68002B78
S3150805F3B043D07B685B791946224A0B465B000B44AA
S3150805F3C09B00134404331B687868984735E07B68C7
S3150805F3D05B79082B19D87B685B791946194A0B4658
S3150805F3E05B000B449B00134408331B68002B0CD0A9
S3150805F3F07B685B791946134A0B465B000B449B00F1
S3150805F400134408331B68786898477B689B791946BF
S3150805F4100C4A0B465B000B449B0013441B68002BE8
S3150805F4200BD07B689B791946064A0B465B000B444D
S3150805F4309B0013441B687868984700BF0837BD4684
S3150805F44080BD00BF9807070880B483B000AF786011
S3150805F4500B46FB701346BB707B68FA789A717B6816
S3150805F460BA78DA7100BF0C37BD465DF8047B70477C
S3150805F47080B582B000AF78607B68D3F880391846C6
S3150805F48002F08AFF0346002B11D07B68D3F8803932
S3150805F4909B7A062B06D17B6803F5E07319467868CF
S3150805F4A0F9F736FE20217868FAF72AFD00BF00BF6E
S3150805F4B00837BD4680BD80B584B000AF78607B68E7
S3150805F4C0D3F88039FB60FB68002B13D0F86802F087
S3150805F4D085FC0346002B0DD0FB68DB691B781A46AD
S3150805F4E07B68D3F87C3993F82130013B9A4201D1E0
S3150805F4F0012300E0002318461037BD4680BD80B4B9
S3150805F50085B000AF786039600023FB600DE07B6845
S3150805F510DAB2FB68591CF96039680B4462F07F0258
S3150805F520D2B21A707B68DB097B607B687F2BEED8C5
S3150805F530FB685A1CFA603A6813447A68D2B21A709C
S3150805F540FB6818461437BD465DF8047B704780B4DA
S3150805F55083B000AF786000BF0C37BD465DF8047B05
S3150805F5607047000090B58FB000AFF861B9617A6150
S3150805F5703B61002387F8373041F60A632A4AB96999
S3150805F580F86905F0CDFB03463B633B6B002B31D091
S3150805F5903B463A6B24491846F4F7C2FC07F12004A2
S3150805F5A03B460FCB84E80F0007F120033A697969D2
S3150805F5B01846F5F7EFFD0346002B03D0012387F818
S3150805F5C037302BE0082009F031F80346002B0DD01B
S3150805F5D008F0C2FF1549164808F086FFFB6A194662
S3150805F5E0144808F081FF144808F07EFF002387F8C1
S3150805F5F0373013E0082009F019F80346002B0DD01B
S3150805F60008F0AAFF09490A4808F06EFFBA69F969B8
S3150805F6100A4808F069FF084808F066FF97F8373082
S3150805F62018463C37BD4690BD345A0020B4E4060852
S3150805F630C4E40608ECE40608E8E406080CE506084A
S3150805F640B0B590B000AF78623962FA61BB61002344
S3150805F65087F83F303B4641F60A622C491846F6F7C5
S3150805F6606BF907F128043D460FCD0FC42B682360B7
S3150805F67007F12803BA69F9691846F6F7CAFD034674
S3150805F68087F83E3097F83E30002B09D07B6B1F4A2A
S3150805F690396A786A05F0A6FA034687F83F3016E010
S3150805F6A0082008F0C3FF0346002B0DD008F054FFC9
S3150805F6B01749184808F018FFBB6B1946164808F08D
S3150805F6C013FF164808F010FF002387F83F3097F810
S3150805F6D03F3083F00103DBB2002B11D0082008F078
S3150805F6E0A5FF0346002B0BD008F036FF0849094845
S3150805F6F008F0FAFE0A4808F0F7FE084808F0F4FE8E
S3150805F70097F83F3018464037BD46B0BD345A0020F5
S3150805F710B4E40608C4E4060824E50608E8E4060889
S3150805F72040E5060880B584B000AF786039607B6827
S3150805F730DB6C3A689A4216D9082008F077FF034623
S3150805F740002B3FD008F008FF2149224808F0CCFED7
S3150805F7507B68DB6C1A4639681F4808F0C5FE1F48E2
S3150805F76008F0C2FE2EE07B689B6C3A689A4216D270
S3150805F770082008F05BFF0346002B25D008F0ECFEB1
S3150805F7801349144808F0B0FE7B689B6C1A4639681D
S3150805F790134808F0A9FE114808F0A6FE14E0002350
S3150805F7A0FB6008E07B68FA680232396843F822107C
S3150805F7B0FB680133FB60FB680F2BF3DD7B683A6852
S3150805F7C01A6502E000BF00E000BF1037BD4680BDE0
S3150805F7D05CE5060860E5060868E5060884E50608A2
S3150805F7E088E5060880B582B000AF78607B68002B8F
S3150805F7F012D1102008F01AFF0346002B16D008F080
S3150805F800ABFE0C490C4808F06FFE0C4808F06CFE78
S3150805F8100B4808F069FE09E07B689B6C1946786811
S3150805F820FFF780FF786800F07FF800E000BF08372B
S3150805F830BD4680BD5CE5060860E50608A4E506083C
S3150805F84084E5060880B584B000AF78600023FB73AD
S3150805F8507B68002B12D1102008F0E8FE0346002B22
S3150805F86051D008F079FE2A492A4808F03DFE2A486B
S3150805F87008F03AFE294808F037FE44E07B68186820
S3150805F8807B6859687B6803F108021023E9F7D6FDFA
S3150805F8900346FB73FB7B002B13D0102008F0C6FE2E
S3150805F8A00346002B0DD008F057FE1949194808F0EC
S3150805F8B01BFEFB7B19461A4808F016FE174808F082
S3150805F8C013FE7B681A687B685B6819461046EBF772
S3150805F8D049FA0346FB73FB7B002B15D0102008F06D
S3150805F8E0A5FE0346002B0FD008F036FE0849094841
S3150805F8F008F0FAFDFB7B19460A4808F0F5FD0748A6
S3150805F90008F0F2FD00E000BF1037BD4680BD00BF18
S3150805F9105CE5060860E50608A4E5060884E5060824
S3150805F920B0E50608CCE5060880B584B000AF786072
S3150805F9300023FB737B68002B12D1102008F076FE96
S3150805F9400346002B4FD008F007FE2949294808F039
S3150805F950CBFD294808F0C8FD284808F0C5FD42E052
S3150805F9607B681A687B685B6819461046E9F792FF53
S3150805F9700346FB73FB7B002B13D0102008F056FEBD
S3150805F9800346002B0DD008F0E7FD1949194808F07C
S3150805F990ABFDFB7B19461A4808F0A6FD174808F083
S3150805F9A0A3FD7B681A687B685B6819461046EBF702
S3150805F9B09BFA0346FB73FB7B002B15D0102008F03A
S3150805F9C035FE0346002B0FD008F0C6FD0849094841
S3150805F9D008F08AFDFB7B19460A4808F085FD0748A5
S3150805F9E008F082FD00E000BF1037BD4680BD00BFA8
S3150805F9F05CE5060860E50608A4E5060884E5060844
S3150805FA00E8E5060804E6060880B582B000AF786022
S3150805FA1039607B68002B13D1102008F007FE0346D2
S3150805FA20002B0BD008F098FD0A490B4808F05CFD39
S3150805FA300A4808F059FD0A4808F056FD032304E06C
S3150805FA4039687868FFF76EFE002318460837BD46FD
S3150805FA5080BD00BF5CE5060860E50608A4E506085E
S3150805FA6084E5060880B483B000AF03463960FB8099
S3150805FA70074B1A88FB8813439AB2054B1A80054A21
S3150805FA803B68136000BF0C37BD465DF8047B7047BD
S3150805FA90449800204C98002080B483B000AF0346F4
S3150805FAA0FB80B7F90630DB431AB2074B1B881BB236
S3150805FAB013401BB29AB2044B1A8000BF0C37BD46D9
S3150805FAC05DF8047B704700BF4498002080B582B076
S3150805FAD000AF78600D4B1B6801330C4A13600C4B5D
S3150805FAE01B680A4A12681344013B03F03F034C227C
S3150805FAF002FB03F3074A13444C22796818460AF0B1
S3150805FB0011FE00BF0837BD4680BD00BF48980020D6
S3150805FB10509800205498002080B483B000AF7860D0
S3150805FB20396000BF0C37BD465DF8047B704780B465
S3150805FB3085B000AF786039600023FB600DE07B680F
S3150805FB40DAB2FB68591CF96039680B4462F07F0222
S3150805FB50D2B21A707B68DB097B607B687F2BEED88F
S3150805FB60FB685A1CFA603A6813447A68D2B21A7066
S3150805FB70FB6818461437BD465DF8047B70470000D8
S3150805FB8080B58EB000AF786039600023FB617B686D
S3150805FB9000225A60514BD3F8B82D7B681A603B682A
S3150805FBA09AB27B681A8207F11C037A684C4918468B
S3150805FBB0F6F773FB034687F8373097F83730002B87
S3150805FBC001D1002385E0FB6946491846FFF7AFFFD3
S3150805FBD038633B6B434A99183B6BC3F5805207F16B
S3150805FBE008031846F5F7A8FE07F108037A683C499D
S3150805FBF01846F6F70EFB034687F8373097F8373079
S3150805FC0083F00103DBB2002B01D0002361E04FF43A
S3150805FC107A73FB62FA693B6B134419463148FFF759
S3150805FC207BFFE3F759FCB8622F48ECF7BFF8786213
S3150805FC30E3F752FC0246BB6AD31AFA6A9A4202D31A
S3150805FC40FB6A002B14D1082008F0F0FC0346002BAC
S3150805FC500CD008F081FC2549254808F045FC796A49
S3150805FC60244808F041FC244808F03EFC002330E00F
S3150805FC707B6A202B02D07B6A222B26D1FB699AB296
S3150805FC803B6B9BB213449BB21A4616491648EBF7CB
S3150805FC90BFFB03463B623B6A002B14D0082008F0DD
S3150805FCA0C5FC0346002B0CD008F056FC0F49104836
S3150805FCB008F01AFC396A114808F016FC0E4808F0CF
S3150805FCC013FC002305E0012303E01420E3F710FCE9
S3150805FCD0AAE718463837BD4680BD00BF344C002014
S3150805FCE0B4FE0608408800208C47002020E6060852
S3150805FCF030E6060838E6060850E6060854E6060815
S3150805FD0080B584B000AF78600B467B807B88022B74
S3150805FD1002D0042B03D005E01B4BFB6017E01B4BF9
S3150805FD20FB6014E0082008F081FC0346002B27D069
S3150805FD3008F012FC1649174808F0D6FB7B881946C1
S3150805FD40154808F0D1FB154808F0CEFB18E0022047
S3150805FD5008F06CFC0346002B0DD008F0FDFB104996
S3150805FD600C4808F0C1FB7B8819460E4808F0BCFB11
S3150805FD700A4808F0B9FB7968F86806F081FE00E0DC
S3150805FD8000BF1037BD4680BD1C290020202B00204A
S3150805FD9020E6060830E6060864E6060850E606087C
S3150805FDA078E6060880E6060880B584B000AF786070
S3150805FDB00B467B807B88202B0CD0202B0DDC082B53
S3150805FDC002D0102B03D008E01D4BFB601AE01D4B33
S3150805FDD0FB6017E01C4BFB6014E0082008F026FCC6
S3150805FDE00346002B27D008F0B7FB1849184808F032
S3150805FDF07BFB7B881946174808F076FB164808F0FA
S3150805FE0073FB18E0022008F011FC0346002B0DD001
S3150805FE1008F0A2FB11490E4808F066FB7B881946CF
S3150805FE200F4808F061FB0C4808F05EFB7968F8682E
S3150805FE3004F06AF900E000BF1037BD4680BD00BF73
S3150805FE4094AB002018AC00209CAC002020E60608E0
S3150805FE5030E6060864E6060850E6060878E6060863
S3150805FE60A8E6060880B584B000AF78600B467B80A7
S3150805FE707B88B3F5807F0DD0B3F5807F0DDC402BED
S3150805FE8002D0802B03D008E0134BFB601AE0134B16
S3150805FE90FB6017E0124BFB6014E0082008F0C6FB70
S3150805FEA00346002B13D008F057FB0E490E4808F0F9
S3150805FEB01BFB7B8819460D4808F016FB0C4808F00D
S3150805FEC013FB04E07968F86802F04EFC00E000BF11
S3150805FED01037BD4680BD00BF404C0020CC500020E1
S3150805FEE05855002020E6060830E60608D0E6060836
S3150805FEF050E6060880B500AF4FF4805209490A480E
S3150805FF00EBF706FB084B1B6810221A62064B1B68A3
S3150805FF101A68054B1B6842F010021A60002318463A
S3150805FF2080BD00BF407800208C47002080B58AB088
S3150805FF3000AF78607B685A68614BD3F8B83D1A40BC
S3150805FF405F4BD3F8B83D9A4202D04FF0FF33B2E083
S3150805FF507B681B8A023B092B00F2A88001A252F88E
S3150805FF6023F000BFF1FF0508350006088DFF0508D3
S3150805FF70AD0006087B000608AD000608AD000608B4
S3150805FF80AD000608AD000608B30006087B689B8A1F
S3150805FF90012B0BD107F108034A4A92E803001860BA
S3150805FFA00433198002330A0C1A7018E07B689B8A99
S3150805FFB0402B08D107F10803434A92E80300186065
S3150805FFC0043319800BE07B689B8A802B07D107F1E0
S3150805FFD008033E4A92E803001860043319807B68D3
S3150805FFE09A8A7B68DB6819461046FFF73BFD61E090
S3150805FFF0022008F01BFB0346002B0BD008F0ACFAD1
S315080600003349344808F070FA334808F06DFA33482D
S3150806001008F06AFA7B689B8A042B05D17B68143339
S315080600201846FFF753FD45E07B681433184604F077
S3150806003063F93FE07B681B7D1A464FF4EC7302FBB7
S3150806004003F3274A98187B6818334FF4EC72194657
S315080600500AF068FB7B681B7D1A464FF4EC7302FBB5
S3150806006003F31F4A1344184607F0DAFD1C4B1D4ACC
S315080600701D491E48FFF7E4FA1CE07B681433194647
S315080600801B4806F06DFD7B6814331946194808F0B7
S3150806009003F97B6868331946174806F061FD7B68DD
S315080600A068331946154808F0F7F803E04FF0FF33AA
S315080600B001E000BF002318462837BD4680BD00BFAD
S315080600C0344C0020ECE60608F4E60608FCE60608C4
S315080600D020E6060830E6060804E7060850E6060897
S315080600E0242D0020C405070810E7060820E7060899
S315080600F01C290020042B0020202B0020082D002078
S3150806010080B487B000AFF8600B467A607B8100231F
S315080601107B6100233B617B6800221A7028E07B68B6
S315080601201B781A46FB6813441B7803F07F023B6963
S3150806013002FA03F31A467B6913437B617B681B78CD
S315080601401A46FB6813441B785BB2002B07DB7B68F1
S315080601501B780133DAB27B681A707B6915E03B694E
S3150806016007333B617B681B780133DAB27B681A7002
S315080601707B681B789BB27A899A42D0D87B681B78AB
S315080601800133DAB27B681A707B6918461C37BD4696
S315080601905DF8047B7047000080B5ADF6880D00AFA4
S315080601A007F68803A3F6840318600A4607F6880343
S315080601B0A3F686031A8007F6830207F68803A3F6CC
S315080601C08603198807F68803A3F684031868FFF7D3
S315080601D097FFC7F8840897F883381A4607F68803F8
S315080601E0A3F684031B68991807F50763D7F88428C6
S315080601F01846F3F795FE07F68803A3F67C03184612
S3150806020040F664031A46002109F09AF907F10C022A
S3150806021007F5076323491846F4F7BCFF0346002B80
S3150806022006D007F10C031846FFF780FE002333E0D5
S31508060230022008F0FBF90346002B11D008F08CF9CA
S3150806024019491A4808F050F907F68803A3F68603EB
S315080602501B881946164808F047F9164808F044F95F
S31508060260082008F0E3F90346002B14D008F074F9C1
S315080602700D490E4808F038F9D7F87C38002B02D015
S31508060280D7F87C3800E00C4B19460C4808F02CF9D0
S31508060290084808F029F90123184607F68807BD46CF
S315080602A080BD00BFB4FE060820E6060830E6060846
S315080602B030E7060850E606084CE7060854E7060837
S315080602C080B5ADF5815D00AF07F1200343F81C0C38
S315080602D007F1200353F81C3CD3F880301B685B688B
S315080602E09BB2C3F5805307F5805202F11E021380AE
S315080602F007F1200353F81C3CD3F880301B685B686B
S3150806030007F5805202F11C021380002307F5805276
S3150806031002F118021360874B1B889BB207F58052B9
S3150806032002F11E0212889A4200F0A680EFF31083A5
S3150806033007F5805202F10802136007F5805303F1A8
S3150806034008031B6807F5805202F11002136072B69D
S3150806035000BF784B1B889BB207F5805202F11E0236
S3150806036012889A4222D9734B1B889BB207F580528C
S3150806037002F11E021288D31A07F5805202F10E02FE
S3150806038013806C4B1B889BB21A466B4B134407F5B6
S31508060390805202F10E02128811461846FFF7FCFE35
S315080603A007F5805303F1180318604BE0614B1B8869
S315080603B09BB2C3F5805307F5805202F10E021380ED
S315080603C05C4B1B889BB21A465B4BD11807F58053C4
S315080603D003F10E031A8807F12003183B18460AF09C
S315080603E0A1F907F5805303F11E031B88002B11D0CC
S315080603F007F5805303F10E031A8807F12003183B05
S31508060400134407F5805202F11E0212884A49184615
S315080604100AF088F907F5805303F11E031A8807F5CB
S31508060420805303F10E031B8813449AB207F120037F
S31508060430183B11461846FFF7AFFE07F5805303F13A
S31508060440180318603B4A07F5805303F11E031B88F9
S315080604501380384B1B889BB2B3F5805F02D1354BA8
S3150806046000221A8007F5805303F110031B68002B38
S315080604705BD162B600BF58E04FF4805200212E4881
S3150806048009F05EF807F1200353F81C0CEBF78CF815
S3150806049007F1200353F81C3C1B6808221A6207F169
S315080604A0200353F81C3C1B6810221A6207F1200326
S315080604B04FF48052204953F81C0CEBF729F80346EB
S315080604C007F5805202F11702137007F1200353F855
S315080604D01C3C1B681A6807F1200353F81C3C1B686A
S315080604E042F010021A6007F5805303F117031B78CA
S315080604F0002B17D0082008F099F80346002B11D0D0
S3150806050008F02AF80D490E4807F0EEFF07F580535E
S3150806051003F117031B7819460A4807F0E5FF0A4848
S3150806052007F0E2FF034B00221A8000BF07F5815742
S31508060530BD4680BD409800204078002020E6060883
S3150806054030E6060868E7060850E6060880B483B06B
S3150806055000AF78607B681A68064B1B689A4202D118
S31508060560054B01221A7000BF0C37BD465DF8047BA1
S31508060570704700BF8C4700204398002080B483B09C
S3150806058000AF78607B681A68064B1B689A4202D1E8
S31508060590054B01221A7000BF0C37BD465DF8047B71
S315080605A0704700BF8C4700204298002080B582B06D
S315080605B000AF01237B601AE01B4B1B684C2202FB2B
S315080605C003F31A4A1344184603F096FE164B1B689D
S315080605D0013303F03F03144A1360154B1B68013BAE
S315080605E0134A13607B685A1E7A60002B04D0104B98
S315080605F01B68002BE0D100E000BF01233B6009E041
S315080606000C4B1B88184600F025F83B685A1E3A60BC
S31508060610002B04D0074B1B88002BF1D100E000BF46
S3150806062000BF0837BD4680BD509800205498002064
S31508060630489800204498002080B582B000AF7860BC
S3150806064079680348F7F7B4FC00BF0837BD4680BD8E
S31508060650344C002080B5ADF5076D00AF024607F5A8
S315080606600763A3F66A031A8007F50763A3F6680302
S31508060670184640F664031A46002108F061FF00236F
S31508060680A7F86E3807F50763A3F66A031B88002BD7
S3150806069000F0F98007F50763A3F66A031B8803F0DB
S315080606A00103002B0FD00123A7F86E3807F10803BC
S315080606B020331846FFF7C0FF07F50763A3F6680356
S315080606C003229A83DFE007F50763A3F66A031B8806
S315080606D003F00203002B12D00223A7F86E38B7F8E8
S315080606E06E2807F10803203311461846FFF708FB5C
S315080606F007F50763A3F6680304229A83C3E007F59A
S315080607000763A3F66A031B8803F00403002B12D0BB
S315080607100423A7F86E38B7F86E2807F108032033BE
S3150806072011461846FFF7ECFA07F50763A3F66803BA
S3150806073004229A83A7E007F50763A3F66A031B88CC
S3150806074003F00803002B12D00823A7F86E38B7F86B
S315080607506E2807F10803203311461846FFF724FBCF
S3150806076007F50763A3F6680305229A838BE007F560
S315080607700763A3F66A031B8803F01003002B12D03F
S315080607801023A7F86E38B7F86E2807F10803203342
S3150806079011461846FFF708FB07F50763A3F668032D
S315080607A005229A836FE007F50763A3F66A031B8893
S315080607B003F02003002B12D02023A7F86E38B7F8CB
S315080607C06E2807F10803203311461846FFF7ECFA98
S315080607D007F50763A3F6680305229A8353E007F528
S315080607E00763A3F66A031B8803F04003002B12D09F
S315080607F04023A7F86E38B7F86E2807F108032033A2
S3150806080011461846FFF72EFB07F50763A3F6680396
S3150806081006229A8337E007F50763A3F66A031B8859
S3150806082003F08003002B12D08023A7F86E38B7F89A
S315080608306E2807F10803203311461846FFF712FB00
S3150806084007F50763A3F6680306229A831BE007F5EE
S315080608500763A3F66A031B8803F48073002B12D07A
S315080608604FF48073A7F86E38B7F86E2807F10803B1
S31508060870203311461846FFF7F5FA07F50763A3F678
S31508060880680306229A83B7F86E38002B2FD007F529
S315080608900763A3F66803B7F86E289A82164B1A6892
S315080608A007F50763A3F668039A6107F50763A3F6D0
S315080608B068039B69002B06D107F50763A3F6680349
S315080608C04FF0FF329A6107F1080305211846FFF72C
S315080608D057F90346002B05D0B7F86E381846FFF7C2
S315080608E0DBF804E0B7F86E381846FFF7D5F800BF08
S315080608F007F50767BD4680BD4C98002080B5ADF65E
S31508060900780D00AF07F67803A3F66C03186007F6AA
S315080609107803A3F50763196007F67803A3F6740345
S315080609201A6007F67803A3F66403184640F66403C6
S315080609301A46002108F004FE07F67803A3F66403B0
S3150806094007F67802A2F674021268DA6507F67803DD
S31508060950A3F507631868DFF7C3FC0346591C07F6B1
S315080609607803A3F5076307F1140202F114000A4691
S31508060970196809F0D7FE07F1140303F1140207F6FE
S315080609807803A3F66C031146186804F033FC0220B4
S3150806099007F04CFE0346002B14D007F0DDFD0F4981
S315080609A00F4807F0A1FD07F67803A3F6740307F1C7
S315080609B0140202F114011A680A4807F095FD0A4856
S315080609C007F092FD07F114030C211846FFF7D8F82D
S315080609D000BF07F67807BD4680BD00BF20E60608B5
S315080609E030E6060888E7060850E6060880B5ADF537
S315080609F00B6D00AF07F50B63A3F6AC0318600A4642
S31508060A0007F50B63A3F6AE031A8007F50B63A3F681
S31508060A10A403184640F664031A46002108F090FD1A
S31508060A2007F50B63A3F6AE031A8807F10C0303F161
S31508060A30140107F50B63A3F6AC03186804F0E6FA87
S31508060A40022007F0F3FD0346002B1DD007F084FDB0
S31508060A501349144807F048FD07F50B63A3F6A403E4
S31508060A609B8A194607F50B63A3F6A403B3F816354E
S31508060A701A4607F50B63A3F6AC031B680A4807F084
S31508060A8033FD0A4807F030FD07F10C030D21184619
S31508060A90FFF776F800BF07F50B67BD4680BD00BFB2
S31508060AA020E6060830E60608A8E7060850E6060819
S31508060AB080B5ADF5076D00AF07F50763A3F66C03BA
S31508060AC0186007F50763A3F66403184640F6640339
S31508060AD01A46002108F034FD07F50763A3F66C03EA
S31508060AE01868DFF7FDFB0346591C07F50763A3F6E7
S31508060AF06C0307F10C0202F116000A46196809F09A
S31508060B0011FE07F50763A3F6640301229A820220FB
S31508060B1007F08CFD0346002B10D007F01DFD0D4986
S31508060B200D4807F0E1FC07F50763A3F66C03196899
S31508060B300A4807F0D9FC0A4807F0D6FC07F10C0361
S31508060B400D211846FFF71CF800BF07F50767BD46CF
S31508060B5080BD00BF20E6060830E60608CCE706088C
S31508060B6050E6060880B483B000AF78607B685B6A97
S31508060B705B6803F04073002B14BF01230023DBB226
S31508060B8018460C37BD465DF8047B7047B0B590B07D
S31508060B9002AF786007F13003002219462C48E7F7BA
S31508060BA0EEFA07F11C03002219462948E7F704FA64
S31508060BB07B6803F174047B685B6A03F1090507F130
S31508060BC01C0307F1300207F10C0022490091102197
S31508060BD007F0D0FB02467B68DB6801330193009277
S31508060BE02B461D4A4021204608F0F0FB78637B6BAE
S31508060BF03F2B13DD082007F019FD0346002B0DD001
S31508060C0007F0AAFC1549164807F06EFC7A6B4021D0
S31508060C10144807F069FC144807F066FC022007F03A
S31508060C2005FD0346002B0ED007F096FC0B490C482B
S31508060C3007F05AFC7B68743319460C4807F054FCCF
S31508060C40094807F051FC00BF3837BD46B0BD00BF9E
S31508060C50304400203CE8060858E8060864E8060812
S31508060C6068E8060870E8060894E8060898E8060894
S31508060C7080B582B000AF78607B685B7A062B25D88C
S31508060C807B685B7A062B21D8022007F0CFFC034641
S31508060C90002B33D007F060FC2049214807F024FCD6
S31508060CA07B685B7A1F4A1B0113440C3319687B68F9
S31508060CB09B7A1C4A1B0113440C331B681A461A48AE
S31508060CC007F012FC194807F00FFC17E0022007F098
S31508060CD0ADFC0346002B11D007F03EFC0F49104821
S31508060CE007F002FC7B685B7A19467B689B7A1A468C
S31508060CF00F4807F0F9FB0D4807F0F6FB7B685A7AAA
S31508060D007B681A727B689A7A7B685A727B680822AD
S31508060D109A7200BF0837BD4680BD00BF64E806085C
S31508060D2068E8060804080708B4E8060894E8060802
S31508060D30D4E8060880B586B000AF7860E2F7CCFB43
S31508060D4038617B68DB691B69FB6000237B617B680E
S31508060D50002B49D0FB68002B04D03A69FB68D31AE6
S31508060D607B6159E07B68DB699B78022B20D0022BD6
S31508060D7023DC002B02D0012B0DD01EE07B685B6AB4
S31508060D80184603F0EBF80346002B40D07B68DB6970
S31508060D903A691A613BE07B685B6A184603F008F90C
S31508060DA00346002B35D07B68DB693A691A6130E061
S31508060DB07B68DB693A691A612EE0082007F036FC7B
S31508060DC00346002B27D007F0C7FB1649164807F037
S31508060DD08BFB7B68DB699B781946144807F084FB0E
S31508060DE0134807F081FB16E0082007F01FFC0346A8
S31508060DF0002B11D007F0B0FB0A490B4807F074FB25
S31508060E000C4807F071FB0A4807F06EFB04E000BFC2
S31508060E1002E000BF00E000BF7B6918461837BD46EA
S31508060E2080BD00BF64E8060868E80608F4E8060810
S31508060E3094E8060818E9060890B585B000AF786004
S31508060E4039607868FFF776FF0346114AA2FB032343
S31508060E509B09FB60FA683B689A428CBF012300230C
S31508060E60FB72FB7A002B0DD07B6803F58163094A72
S31508060E701C46134607CB20606160A2601A889B78D9
S31508060E80A281A373FB7A18461437BD4690BD00BFE8
S31508060E90D34D621024E90608B0B586B000AF78606F
S31508060EA00023FB750023BB757B685B6A9B6D3B61FC
S31508060EB07B685B6A184602F093FEF8607B685B6A95
S31508060EC0184602F0E2FD0346BB607B685B6A5B6D0B
S31508060ED007EE903AB8EEE77AFB6807EE903AF8EE30
S31508060EE0E77AB4EEE77AF1EE10FACCBF01230023CF
S31508060EF0BB757B68DB699B78002B34D1BB7D002BE1
S31508060F0005D07B68DB691B6BFA689A420BDD7B6842
S31508060F10DB691B6A7A68D26892F8652002FB03F3D6
S31508060F20BA689A4201DB012300E00023FB75FB7DC4
S31508060F3003F00103FB75FB7D002B0AD07B6803F5DE
S31508060F408163224A1C4615460FCD20606160A26061
S31508060F50E3607B685B6AFA6807EE902AF8EEE77A3A
S31508060F60C3ED147A2CE07B68DB699B78012B25D1C7
S31508060F70BB68002B0DDB7B68DB691B6B7A68D2685E
S31508060F8092F8652002FB03F3BA689A4201DC01234C
S31508060F9000E00023FB75FB7D03F00103FB75FB7D73
S31508060FA0002B0DD07B6803F58163094A1C46154656
S31508060FB00FCD20606160A260E36001E0FB7D00E082
S31508060FC0FB7D18461837BD46B0BD00BF34E906088E
S31508060FD044E90608B0B584B000AF78600023FB7311
S31508060FE07B685B6A184602F077FE87ED020AD7ED3C
S31508060FF0027AB0EEE77A7B68DB69D3ED0D7AB4EE52
S31508061000E77AF1EE10FACCBF01230023FB73FB7BCC
S31508061010002B0FD07B6803F58163094A1D461446E3
S315080610200FCC28606960AA60EB602388A2782B82B9
S315080610301346AB74FB7B18461037BD46B0BD00BFDA
S3150806104054E90608B0B584B000AF78600023FB7390
S315080610507B685B6A184602F03FFD87ED020A7B68E5
S31508061060DB69D3ED0A7A97ED027AB4EEE77AF1EE02
S3150806107010FACCBF01230023FB73FB7B002B0CD095
S315080610807B6803F58163074A1D4614460FCC28601C
S315080610906960AA60EB6023782B74FB7B18461037C9
S315080610A0BD46B0BD68E90608B0B584B000AF78603D
S315080610B00023FB737B68DB69002B00F0F6807B68F0
S315080610C093F82130002B01D00123FB737B68DB697B
S315080610D09B78022B00F08C80022B00F3BF80002B36
S315080610E002D0012B42D0B9E07B685B6A184602F04B
S315080610F035FF0346002B00F0D5807868FFF7CCFE4F
S3150806110003461A46FB7B1343DBB2002B14BF0123A7
S315080611100023FB737868FFF75DFF03461A46FB7BD9
S315080611201343DBB2002B14BF01230023FB73786835
S31508061130FFF788FF03461A46FB7B1343DBB2002BF1
S3150806114014BF01230023FB737B68DB69DB6A194638
S315080611507868FFF771FE03461A46FB7B1343DBB234
S31508061160002B14BF01230023FB739BE07B685B6A95
S31508061170184602F01DFF0346002B00F09580786896
S31508061180FFF78AFE03461A46FB7B1343DBB2002BA0
S3150806119014BF01230023FB737868FFF71BFF03467A
S315080611A01A46FB7B1343DBB2002B14BF012300232D
S315080611B0FB737868FFF746FF03461A46FB7B13431D
S315080611C0DBB2002B14BF01230023FB737B68DB69A4
S315080611D0DB6A19467868FFF72FFE03461A46FB7B35
S315080611E01343DBB2002B14BF01230023FB735BE01A
S315080611F07B68DB69D3ED077AF5EE407AF1EE10FAED
S315080612001AD07B685B6A184602F066FCB0EE407A2E
S315080612107B68DB69D3ED077AB4EEE77AF1EE10FA66
S315080612204CBF01230023DBB21A46FB7B1343002B74
S3150806123014BF01230023FB737B68DB699B69194688
S315080612407868FFF7F9FD03461A46FB7B1343DBB2BC
S31508061250002B14BF01230023FB7326E07B6803F5E6
S315080612608163144A1C4615460FCD20606160A2604C
S31508061270E360102007F0DAF90346002B0FD007F0D3
S315080612806BF90D490D4807F02FF97B68DB699B78E2
S3150806129019460B4807F028F90A4807F025F90123E5
S315080612A0FB7302E000BF00E000BFFB7B1846103761
S315080612B0BD46B0BD7CE9060864E8060868E806087F
S315080612C08CE9060894E8060880B584B000AF78600D
S315080612D07B689A697B68DA617B6800225A607B6854
S315080612E05B6A00225A607B687433402200211846DE
S315080612F008F026F97868FFF7BBFC7B685B6A00216D
S31508061300184602F0ADFD7B68012283F854207B68F7
S315080613105B6A00225A607B68114A934204D1114BD4
S31508061320012283F8F02A09E07B680F4A934205D121
S315080613300C4B03F58053022283F82425786801F0BE
S315080613401BFC7B689B7AFB737B68FA7B9A727B68C5
S315080613500022C3F8042400BF1037BD4680BD00BF6F
S31508061360404C00202C000020CC50002080B483B0CE
S3150806137000AF78607B6801229A727B685B7A062BD7
S315080613807B68002283F8022200BF0C37BD465DF84B
S31508061390047B704780B483B000AF786000BF0C3713
S315080613A0BD465DF8047B704780B582B000AF7860AD
S315080613B07B6803F5816314222021184608F0C0F8D5
S315080613C07868FFF755FC7B685B6A0021184602F0C9
S315080613D047FD00BF0837BD4680BD80B582B000AF61
S315080613E078600021786801F0E6FB7B685B6A184638
S315080613F002F05AFD00BF0837BD4680BD80B582B0EB
S3150806140000AF78607B68DA697B689B699A4202D185
S315080614107868FFF7BBFB00BF0837BD4680BD0000EE
S31508061420F0B585B002AF78607868FFF721FC7B686F
S315080614305B6A0121184602F013FD022007F0F6F84A
S315080614400346002B21D007F087F82D492D4807F0CB
S315080614504BF87B685B6A1B781C462B4800F0BEFC7B
S3150806146003461D46294800F0B9FC03461E46284889
S3150806147000F0B4FC0346009333462A46214625481F
S3150806148007F032F8244807F02FF87B681E4A93427D
S315080614900DD11E4800F0A2FC034683F00103DBB219
S315080614A0002B04D000211D48F6F7B6FA23E07B6820
S315080614B0164A93420DD1144800F090FC034683F071
S315080614C00103DBB2002B04D000211448F6F7A4FA70
S315080614D011E07B6893F8B4301946114A4FF4EC7359
S315080614E001FB03F313441B78012B04D100210B4897
S315080614F0F6F792FAFFE700BF0C37BD46F0BD00BF08
S3150806150064E8060868E80608404C0020CC50002027
S3150806151058550020A4E9060894E80608344C002025
S31508061520242D002080B584B000AF78600021786845
S3150806153001F041FB7B685B6A184602F0B5FCE1F7E9
S31508061540CBFFF8607B681B69FA68D31A7A68928AB1
S31508061550934206D90021786801F0AEF97B68FA68E5
S315080615601A6100BF1037BD4680BD000080B582B03F
S3150806157000AF78607B689B7A012B43D07B68DB6972
S315080615809B78022B1CD0022B25DC002B02D0012BC4
S315080615900BD020E07B685B6A0321184602F060FCE4
S315080615A001211A48F6F738FA2CE07B685B6A0421AB
S315080615B0184602F055FC01211448F6F72DFA21E0E3
S315080615C07B685B6A0221184602F04AFC00210F482E
S315080615D0F6F722FA16E0082007F028F80346002B45
S315080615E010D006F0B9FF0A490A4806F07DFF7B685F
S315080615F0DB699B781946084806F076FF074806F021
S3150806160073FFFFE700BF0837BD4680BD344C002090
S3150806161064E8060868E80608C0E9060894E80608BD
S3150806162090B583B000AF78607868FFF721FBE1F7DD
S3150806163053FF02467B681A617B68DB69002B00F05C
S315080616409D807B68DC69E1F747FF0346A3607B68F4
S31508061650DB6900221A617B685B6A184602F0EEFAB5
S315080616607B685B6A184602F013FB7B68DB699B7826
S31508061670032B40D801A252F823F000BF8D160608A0
S31508061680B9160608E1160608251706087B68586A75
S315080616907B68DB69D9697B68DB691B6A1A4602F0CF
S315080616A093FB7B685B6A0321184602F0D9FB012186
S315080616B03F48F6F7B1F936E07B685A6A7B68DB6914
S315080616C01C331946104602F04BFB7B685B6A0421FD
S315080616D0184602F0C5FB01213548F6F79DF922E0C2
S315080616E07B685B6A0221184602F0BAFB002130487D
S315080616F0F6F792F917E0082006F098FF0346002B3E
S3150806170011D006F029FF2B492B4806F0EDFE7B681B
S31508061710DB699B781946294806F0E6FE284806F04E
S31508061720E3FE00E000BF7B68002283F821207B6881
S31508061730DA697B689B699A4206D17B684033002240
S3150806174019462048E6F738FC7B6803F581631422B8
S315080617502021184607F0F4FE786801F00DFA7B6832
S315080617605B6A00221A727B68DA697B689B699A4209
S3150806177019D10121786801F09FF814E0102006F0C7
S3150806178055FF0346002B0BD006F0E6FE09490A4824
S3150806179006F0AAFE0C4806F0A7FE094806F0A4FEBF
S315080617A07B6805229A7200BF0C37BD4690BD00BFFE
S315080617B0344C002064E8060868E80608C0E9060806
S315080617C094E8060830440020DCE9060880B584B0AB
S315080617D000AF78607B685B6A184602F065FBE1F73E
S315080617E07BFEF8607B681B69FA68D31A7A68928A60
S315080617F0934206D90021786801F05EF87B68FA6894
S315080618001A617868FFF750FC0346002B07D07B68F9
S3150806181004229A727B685B6A00221A72B9E07868B3
S31508061820FFF7A0F90346002B5ED07B685B6A93F93F
S315080618300830DBB20133DAB27B685B6A52B21A72D7
S315080618407B685B6A93F90830042B40F3A280102064
S3150806185006F0ECFE0346002B15D006F07DFE514930
S31508061860514806F041FE7B685B6A59687B685B6A85
S315080618701B781A467B685B6A09334C4806F034FEC1
S315080618804B4806F031FE7B6805229A727B68D3F8C8
S315080618900434002B7DD0022006F0C8FE0346002B32
S315080618A011D006F059FE3F493F4806F01DFE7B68F3
S315080618B0D3F804147B6874331A463E4806F014FEB9
S315080618C03B4806F011FE7B6803F174017B6803F555
S315080618D001727B68D3F80434374803F08FF87B68BF
S315080618E00022C3F8042454E07B685B6A184601F0B4
S315080618F0ACFD034683F00103DBB2002B49D010206A
S3150806190006F094FE0346002B13D006F025FE25495D
S31508061910254806F0E9FD7B685B6A1B7819467B68ED
S315080619205B6A09331A46254806F0DEFD204806F0A6
S31508061930DBFD7B6805229A727B68D3F80434002B94
S3150806194027D0022006F072FE0346002B11D006F0B9
S3150806195003FE1449144806F0C7FD7B68D3F8041439
S315080619607B6874331A46164806F0BEFD104806F01C
S31508061970BBFD7B6803F174017B6803F501727B681E
S31508061980D3F804340C4803F039F87B680022C3F808
S3150806199004240021786801F00EF900BF1037BD4609
S315080619A080BD00BF64E8060868E8060804EA060873
S315080619B094E806083CEA060864EA060874EA06088D
S315080619C0ACEA060880B582B000AF78607B685B6AC9
S315080619D00121184602F044FA7B685B6A184602F04B
S315080619E063FA00BF0837BD4680BD90B583B000AF21
S315080619F078607868FFF73CF97B685B6A01211846C8
S31508061A0002F02EFA7B685B6A184602F04DFA7B6886
S31508061A10DC69E1F761FD0346E36000BF0C37BD46A6
S31508061A2090BD80B582B000AF78607B685B6A01219D
S31508061A30184600F0A7F90346002B1AD07B68DB691F
S31508061A405B68002B03D17B6806229A7207E07B68DF
S31508061A50DB695A687B68DA617B6803229A72002119
S31508061A60786801F0A8F87B685B6A9B6D1846FDF7EF
S31508061A70FFFC00BF0837BD4680BD80B483B000AF03
S31508061A80786000BF0C37BD465DF8047B70470000DA
S31508061A9080B582B000AF78607868FFF7E9F87B68AA
S31508061AA05B6A5A687B685A607B685B6A01211846D6
S31508061AB002F0D6F90821034801F00EFB00BF0837E5
S31508061AC0BD4680BD84AB002080B582B000AF786085
S31508061AD0786800F0BBF900BF0837BD4680BD80B4FC
S31508061AE083B000AF78607B689A697B68DA6100BF65
S31508061AF00C37BD465DF8047B70470000F0B585B027
S31508061B0002AF78607868FFF7B3F87B685B6A0121ED
S31508061B10184602F0A5F90921784801F0DDFA0220EF
S31508061B2006F084FD0346002B22D006F015FD7449FF
S31508061B30744806F0D9FC744800F050F903461C466A
S31508061B40724B93F8F03A1D46714800F047F903467A
S31508061B501A466E4B03F5805393F8243500931346BD
S31508061B602A4621466B4806F0BFFC6B4806F0BCFCC5
S31508061B70654800F033F90346002B28D0634B93F8E3
S31508061B80F03A032B23D1022006F050FD0346002B1C
S31508061B9016D006F0E1FC5A495A4806F0A5FC5F4BF2
S31508061BA093F8C03019465D4B93F84C351A465B4B8D
S31508061BB093F8D8395A4806F097FC574806F094FC25
S31508061BC0564B93F8C0207B6883F8B4202FE050481C
S31508061BD000F004F90346002B29D04C4B03F5805335
S31508061BE093F82435032B22D1022006F01FFD03465F
S31508061BF0002B16D006F0B0FC4149424806F074FCA4
S31508061C00464B93F8C0301946444B93F84C351A465A
S31508061C10424B93F8D839434806F066FC3E4806F028
S31508061C2063FC3E4B93F84C257B6883F8B420022068
S31508061C3006F0FCFC0346002B26D006F08DFC304940
S31508061C40304806F051FC7B685B6A1B781C462E48B2
S31508061C5000F0C4F803461D462D4800F0BFF80346B3
S31508061C601E46314800F0BAF803461A467B6893F8CA
S31508061C70B4300193009233462A4621462B4806F08D
S31508061C8033FC254806F030FC7B681F4A93420DD183
S31508061C901F4800F0A3F8034683F00103DBB2002BC6
S31508061CA004D000211D48F5F7B7FE23E07B68184ADD
S31508061CB093420DD1144800F091F8034683F00103C8
S31508061CC0DBB2002B04D000211448F5F7A5FE11E077
S31508061CD07B6893F8B4301946154A4FF4EC7301FB42
S31508061CE003F313441B78012B04D100210B48F5F79F
S31508061CF093FEFFE700BF0C37BD46F0BD84AB002058
S31508061D0064E8060868E80608404C00202C0000200F
S31508061D10CC500020E0EA060894E80608344C002071
S31508061D2008EB06082CEB06085855002050EB060863
S31508061D30242D002080B582B000AF7860002178682F
S31508061D4000F039FF7B685B6A184602F0ADF800BFFB
S31508061D500837BD4680BD000080B582B000AF786002
S31508061D607B6803F5816314222021184607F0E8FBF1
S31508061D70034802F083FD00BF0837BD4680BD00BF95
S31508061D8064EA060880B485B000AF78600B46FB7037
S31508061D907B681B78032B0FD10E4BFB600E4BBB6083
S31508061DA0FB685B7DFA789A420DD1BB685B7DFA784B
S31508061DB09A4208D1012307E07B685B7DFA789A4246
S31508061DC001D1012300E0002318461437BD465DF805
S31508061DD0047B704794AB002018AC002080B483B00F
S31508061DE000AF78607B68002B12D07B685B7A022B83
S31508061DF007D07B685B7A032B03D07B685B7A042B58
S31508061E0001D1012300E0002303F00103DBB200E061
S31508061E10002318460C37BD465DF8047B704780B428
S31508061E2083B000AF78607B68002B07D07B685B7A47
S31508061E30022B0CBF01230023DBB200E00023184661
S31508061E400C37BD465DF8047B70470000F0B587B0D1
S31508061E5002AF78607B68002B00F083817868FFF70D
S31508061E60BDFF0346002B05D07B685B6843F000522E
S31508061E707B685A607B6806229A72022006F0D6FBB1
S31508061E800346002B22D006F067FBB849B84806F089
S31508061E902BFBB848FFF7A2FF03461C46B64B93F83A
S31508061EA0F03A1D46B548FFF799FF03461A46B24B60
S31508061EB003F5805393F82435009313462A4621469C
S31508061EC0AF4806F011FBAF4806F00EFBA948FFF728
S31508061ED085FF0346002B28D0A74B93F8F03A032B29
S31508061EE023D1022006F0A2FB0346002B16D006F0E5
S31508061EF033FB9E499E4806F0F7FAA34B93F8C03083
S31508061F001946A14B93F84C351A469F4B93F8D83980
S31508061F109E4806F0E9FA9B4806F0E6FA9A4B93F8C5
S31508061F20C0207B6883F8B4202FE09448FFF756FF55
S31508061F300346002B29D0904B03F5805393F8243596
S31508061F40032B22D1022006F071FB0346002B16D07E
S31508061F5006F002FB8549864806F0C6FA8A4B93F8C8
S31508061F60C0301946884B93F84C351A46864B93F873
S31508061F70D839874806F0B8FA824806F0B5FA824B89
S31508061F8093F84C257B6883F8B420022006F04EFBAE
S31508061F900346002B26D006F0DFFA7449744806F085
S31508061FA0A3FA7B685B6A1B781C467248FFF716FF1E
S31508061FB003461D467148FFF711FF03461E46754838
S31508061FC0FFF70CFF03461A467B6893F8B43001936D
S31508061FD0009233462A4621466F4806F085FA69482E
S31508061FE006F082FA7B68634A93420DD16348FFF787
S31508061FF0F5FE034683F00103DBB2002B04D000216D
S315080620006148F5F709FD22E07B685C4A93420DD1E3
S315080620105848FFF7E3FE034683F00103DBB2002BBD
S3150806202004D000215848F5F7F7FC10E07B6893F8CA
S31508062030B4301946594A4FF4EC7301FB03F31344BB
S315080620401B78012B03D100214F48F5F7E5FC7B6881
S3150806205093F8B430FB607B685B6A1B78012B3CD12E
S31508062060454B93F8F02A444B83F8962B424B0122AC
S3150806207083F8F02A404BD3F8EC3A5B6A05225A7580
S31508062080464AFB684FF4EC7101FB03F313441B78CD
S31508062090012B60D1384B03F5805393F82425364B2C
S315080620A003F5805383F8CA25334B03F5805302227A
S315080620B083F82425304B03F58053D3F820355B6A1D
S315080620C005225A75304B062283F8A2242E4BD3F8DE
S315080620D0B0342D4AC2F8B4343DE07B685B6A1B7897
S315080620E0022B38D1244B03F5805393F82425224B2B
S315080620F003F5805383F8CA251F4B03F5805302223E
S3150806210083F824251C4B03F58053D3F820355B6AE0
S3150806211005225A75214AFB684FF4EC7101FB03F355
S3150806212013441B78012B16D1134B93F8F02A124B3E
S3150806213083F8962B104B012283F8F02A0E4BD3F818
S31508062140EC3A5B6A05225A750F4B06229A750E4BB0
S315080621505B6A0D4A93620921114800F0BDFF012307
S3150806216000E0002318461437BD46F0BD64E80608A5
S3150806217068E80608404C00202C000020CC500020B9
S315080621808CEB060894E80608344C002008EB06088B
S315080621902CEB060858550020B0EB0608242D00201F
S315080621A084AB002080B582B000AF78607B68002BD0
S315080621B00BD07868FFF712FE0346002B03D07B6820
S315080621C0012283F82120012300E000231846083758
S315080621D0BD4680BD80B584B000AF78607B68002BAD
S315080621E07ED07B685B6A184601F02FF9034683F0B2
S315080621F00103DBB2002B04D07B6805229A72002302
S315080622006FE07B685B7A062B03D17B6800229A729D
S3150806221010E07B685B7A052B09D17B6803225A7224
S315080622207B6803229A727B6800225A6002E07B6802
S3150806223003229A727B6893F8B430FB602B4AFB68D4
S315080622404FF4EC7101FB03F313441B78012B3FD1C2
S31508062250274B93F8F02A264B83F8962B244B032212
S3150806226083F8F02A224B03F5805393F82425204B4E
S3150806227003F5805383F8CA251D4B03F580530322BD
S3150806228083F824257B681B4A934206D17B6893F814
S31508062290B420194B83F84C251AE07B68174A9342F3
S315080622A006D17B6893F8B420134B83F8C0200FE059
S315080622B07B68124A93420BD17B6893F8B4200E4B7F
S315080622C083F8C0207B6893F8B4200B4B83F84C251B
S315080622D07B685B6823F000527B685A60012300E03E
S315080622E0002318461037BD4680BD00BF242D0020A2
S315080622F02C000020404C0020344C0020CC500020F6
S3150806230080B485B000AF78607B6893F8B430FB601C
S315080623100B4AFB684FF4EC7101FB03F313441B7875
S31508062320012B7B68002B04D07B6800229A72012356
S3150806233000E0002318461437BD465DF8047B70474F
S31508062340242D002080B584B000AF78607B68002B0A
S315080623501BD07B6893F8B430FB600E4AFB684FF4D3
S31508062360EC7101FB03F313441B78012B7868FFF71E
S3150806237035FD0346002B08D07B6802229A727B68D5
S31508062380012283F85420012300E00023184610375B
S31508062390BD4680BD242D002080B483B000AF78608A
S315080623A07B68002B07D07B689B69002B14BF01232B
S315080623B00023DBB200E0002318460C37BD465DF85D
S315080623C0047B704780B582B000AF78607B68002BC7
S315080623D040D07B689B7A082B12D17B685B7A1F4AAA
S315080623E01B01134404331B68002B33D07B685B7AC6
S315080623F01A4A1B01134404331B687868984729E070
S315080624007B685B7A062B11D87B685B7A134A1B01B5
S31508062410134408331B68002B08D07B685B7A0F4A7F
S315080624201B01134408331B68786898477B689B7AB0
S31508062430062B0FD87B689B7A084A1B0113441B6830
S31508062440002B07D07B689B7A044A1B0113441B683A
S315080624507868984700BF0837BD4680BD0408070850
S3150806246080B582B000AF78600B46FB70FB784C4AA5
S315080624704FF4EC7101FB03F313441B78012B7868C0
S31508062480FFF7CDFC0346002B11D07B685B6A9B6D74
S31508062490002B07D07B685B6A9B6D012207211846CD
S315080624A0FCF7D2FF7868FFF795FE034674E078686E
S315080624B0FFF794FC0346002B13D0082006F0B6F85F
S315080624C00346002B0BD006F047F83649364806F081
S315080624D00BF8364806F008F8354806F005F80523D9
S315080624E05AE0FB78092B44D8FB784FF4EC7202FBCA
S315080624F003F32B4A13447968184605F0BBF97B683B
S31508062500FA7883F8B4207B685B6A9B6D002B16D035
S315080625107B685B6A9B6D012207211846FCF794FFC8
S315080625207B685B6A9B6D7A68D268C3F87C297B6888
S315080625305B6A9B6D7A6892F8B42083F885297B686E
S315080625402833002219461B48E5F719FE7B682C3303
S31508062550002219461748E5F72FFD7B68012283F8FE
S3150806256002227B6800229A657868FFF733FE0346DF
S3150806257012E0082006F05AF80346002B0BD005F0A1
S31508062580EBFF0849084805F0AFFF0B4805F0ACFF16
S31508062590074805F0A9FF012318460837BD4680BD3A
S315080625A0242D002064E8060868E80608E8EB06080D
S315080625B094E806083044002014EC060880B584B072
S315080625C000AF78607B68002B2AD07B6893F8B43016
S315080625D0FB601F4AFB684FF4EC7101FB03F31344D7
S315080625E01B78012B7B685B6A9B6D002B18D0786875
S315080625F0FFF7D8FD7B685B6A9B6D1846FCF75BFFA1
S31508062600034683F00103DBB2002B07D07B685B6ABF
S315080626109B6D052207211846FCF716FF012312E0D3
S31508062620082006F003F80346002B0BD005F094FFA6
S315080626300849094805F058FF084805F055FF0848AF
S3150806264005F052FF002318461037BD4680BD00BF69
S31508062650242D002064E8060868E806084CEC0608F7
S3150806266094E8060880B584B000AF78607B68002BCE
S315080626701ED07B6893F8B430FB60104AFB684FF4AB
S31508062680EC7101FB03F313441B78012B7868FFF7FB
S31508062690DDFB7B685B6A9B6D002B07D07B685B6AF4
S315080626A09B6D022207211846FCF7CEFE012300E0A1
S315080626B0002318461037BD4680BD00BF242D0020CE
S315080626C080B582B000AF786039603B681B78052B09
S315080626D025D801A252F823F04B270608F126060844
S315080626E0072706080F27060817270608FF260608D7
S315080626F03B689B7819467868FFF7B2FE28E0786843
S31508062700FFF75CFF24E07868FFF7ACFF20E07868FF
S31508062710FFF718FE1CE07868FFF7F2FD18E00820B8
S3150806272005F084FF0346002B11D005F015FF0A496C
S315080627300A4805F0D9FE3B681B781946084805F08D
S31508062740D3FE084805F0D0FE01E000BF00E000BF52
S3150806275000BF0837BD4680BD64E8060868E806086F
S3150806276060EC060894E8060880B58AB000AF78607B
S3150806277039607B685B6A184600F044FE02463B6889
S315080627801A607B685B6A9B6D93F88439032B04D1C0
S31508062790474B5A7D3B681A7103E07B685A7A3B6851
S315080627A01A7107F10C0319467868F6F719FD7B685E
S315080627B093F82E3019467B6893F82D301A46134639
S315080627C01B019B1A9B00CA187B6893F82C3019467E
S315080627D04FF4616301FB03F313441A463B689A6098
S315080627E07B685B6A9B6D93F88439032B0AD1304B59
S315080627F09B6A1A783B681A732D4B9B6A5A783B680C
S315080628009A7309E07B68DB691A783B681A737B68F2
S31508062810DB695A783B689A737B685B6A9B6D93F8A3
S3150806282085391A464FF4EC7302FB03F3214A13441F
S315080628307B627B68DB691B781A461346DB00134402
S315080628409B0068337A6A134404333B623B6A1B78F7
S31508062850002B0DD03B6A1B78012B07D03B6A1B78E9
S31508062860022B01D1022304E0052302E0012300E03E
S3150806287000233A6853737B685B6A9B6D93F88439C1
S31508062880032B08D10A4B1A6B3B68103319461046B8
S3150806289001F03AFC07E07B685A6A3B68103319462A
S315080628A0104601F031FC00BF2837BD4680BD00BF83
S315080628B0344C0020242D002090B58FB000AF7860E8
S315080628C00B46FB700023FB6207F1200300221A6001
S315080628D05A609A6005F0EAFD04467B6803F1280209
S315080628E07B682C331946104605F0B8FD0346E31AED
S315080628F03B627B68DB691B7887F824307B68DB6973
S315080629005B7887F825307B685B6A184601F068F9B4
S3150806291003461BB2FB847B685B6A184601F0B5F86A
S3150806292003469BB23B857B685B6A184601F0D4F87A
S31508062930F0EE407A9FED7D7A67EE877AFDEEE77AC6
S3150806294017EE903A1BB27B857B6893F80232002B0A
S3150806295007D000233B6200233B857B68002283F869
S31508062960022207F120031846FCF7F1FD07F12002BB
S3150806297007F12C036E491846F3F78FFC034687F8CA
S31508062980373097F83730002B13D1082005F04EFE5E
S315080629900346002B0BD005F0DFFD6649664805F0B1
S315080629A0A3FD664805F0A0FD654805F09DFD0023D4
S315080629B0B8E07B68D3F80434C3F50072FB6A9A421A
S315080629C040D2082005F032FE0346002B12D005F049
S315080629D0C3FD5849584805F087FDF96A7B68D3F858
S315080629E00434C3F500731A46564805F07DFD544867
S315080629F005F07AFD022005F019FE0346002B11D0D4
S31508062A0005F0AAFD4B494C4805F06EFD7B68D3F8E0
S31508062A1004147B6874331A464B4805F065FD484826
S31508062A2005F062FD7B6803F174017B6803F50172A4
S31508062A307B68D3F80434454801F0E0FF7B6800223A
S31508062A40C3F80424F86A7B68D3F8043403F50073DC
S31508062A507A68134404331946FCF751FD38637B68D4
S31508062A60D3F804243B6B134403F500737A681344BE
S31508062A70191D7B68D3F804243B6B1344C3F500720F
S31508062A8007F10C031846F2F757FF7B68D3F80424B8
S31508062A90F96A3B6B0B441A447B68C3F8042407F1AE
S31508062AA0200207F10C0322491846F3F7B2FB034640
S31508062AB087F8373097F8373083F00103DBB2002BF7
S31508062AC001D000232EE07B68D3F80434B3F5007FE3
S31508062AD027D3022005F0AAFD0346002B11D005F0E0
S31508062AE03BFD1449144805F0FFFC7B68D3F804142B
S31508062AF07B6874331A46144805F0F6FC104805F048
S31508062B00F3FC7B6803F174017B6803F501727B6845
S31508062B10D3F804340D4801F071FF7B680022C3F828
S31508062B200424012318463C37BD4690BD0000C8421A
S31508062B306002070864E8060868E8060880EC0608DE
S31508062B4094E806089CEC0608C8EC060864EA060833
S31508062B5080B582B000AF786039607B68DB68013380
S31508062B601A460449386806F065FC00BF0837BD46AC
S31508062B7080BD00BFE4EC060880B582B000AF786079
S31508062B807B68B833A4220021184606F0D9FC7B6870
S31508062B9003F5AE73A4220021184606F0D1FC7B681D
S31508062BA0012283F800227B68012283F8012200BFEE
S31508062BB00837BD4680BD80B582B000AF78600B4643
S31508062BC0FB70FB78002B0ED07B68B83319467868FD
S31508062BD0FFF7CAFD7B68002283F800227B6801227C
S31508062BE083F8012206E07B6803F5AE731946786812
S31508062BF0FFF7BAFD00BF0837BD4680BD80B584B06D
S31508062C0000AF78607868FFF7E9F8034683F00103B2
S31508062C10DBB2002B29D04FF40073FB607B68D3F830
S31508062C200434002B21D07B68012283F803227B68B3
S31508062C30D3F80434FA68934228BF1346FB607B68C8
S31508062C4003F174017B6803F50172FB68094801F014
S31508062C50D5FE7B68D3F80424FB68D21A7B68C3F8CA
S31508062C6004247B68002283F8032200BF1037BD467A
S31508062C7080BD00BF64EA060880B483B000AF7860FA
S31508062C807B68002B02D07B6800221A700023184640
S31508062C900C37BD465DF8047B704780B483B000AF39
S31508062CA078607B68002B09D07B681B7803F00203E3
S31508062CB0002BCCBF01230023DBB200E00023184615
S31508062CC00C37BD465DF8047B7047000080B58CB0AE
S31508062CD000AF3B4683E803003B68002B42D0E4F787
S31508062CE04DFDF862A023BB62BB6A0133FA6AB2FBE2
S31508062CF0F3F23B68B2FBF3F3013B7B621B4B1C4AC0
S31508062D001A601A4ABB6A5360184B00229A60174A19
S31508062D107B6AD360154B00221A61144B00229A610E
S31508062D201248E6F725F907F1080300221A605A60E1
S31508062D309A60DA601A615A619A616023BB607B6A97
S31508062D405B08FB6000233B610023BB6107F10803B0
S31508062D50042219460548E6F7EBFF04210348E6F779
S31508062D60BFF900E000BF3037BD4680BD7445002078
S31508062D70000C004080B500AFDFF7F6FD022005F02F
S31508062D8055FC0346002B11D005F0E6FB28492948D1
S31508062D9005F0AAFB284BD96A274B9A6A264B9B6BE2
S31508062DA0264805F0A1FB264805F09EFB022005F0FD
S31508062DB03DFC0346002B17D005F0CEFB1C491D48E3
S31508062DC005F092FB04211F48E7F722FA034619463F
S31508062DD01C4B1B68DA6A1B4B1B689B6B1A4805F06B
S31508062DE083FB174805F080FB184800F033F80220E5
S31508062DF005F01CFC0346002B17D005F0ADFB0C4965
S31508062E000C4805F071FB04210E48E7F701FA03465C
S31508062E1019460C4B1B68DA6A0A4B1B689B6B0C48EF
S31508062E2005F062FB064805F05FFB00BF80BD00BFE4
S31508062E304CED060854ED0608000C00405CED060845
S31508062E4084ED06087445002088ED0608DC2800206F
S31508062E50B4ED060880B584B000AF78600023FB8120
S31508062E601BE07B681A68FB89DB00134493E80300BA
S31508062E70FFF72CFF7B681A68FB89DB0013445B683F
S31508062E801846E0F735FB0E4B1B6800229A630520A9
S31508062E90E0F72EFBFB890133FB817B681B799BB226
S31508062EA0FA899A42DDD3064B1B6800229A630421E7
S31508062EB00348E6F727FA00BF1037BD4680BD00BFB0
S31508062EC07445002080B582B000AF0523BB71002388
S31508062ED0FB7112E0FB79114ADB00134493E8030001
S31508062EE0FFF7F4FEFB790D4ADB0013445B681846C8
S31508062EF0E0F7FEFAFB790133FB71FA79BB799A4258
S31508062F00E8D3074B1B6800229A6304210448E6F7B0
S31508062F10F9F900BF0837BD4680BD00BF74260020F4
S31508062F207445002080B582B000AF7860022005F0AF
S31508062F307DFB0346002B11D005F00EFB11491248FE
S31508062F4005F0D2FA7B685B7819467B689B781A4641
S31508062F500E4805F0C9FA0E4805F0C6FA7B685A788F
S31508062F607B681A707B689A787B685A707B68052234
S31508062F709A70E0F7B1FA02467B685A6000BF0837CE
S31508062F80BD4680BD4CED060854ED06081CEE06083F
S31508062F9084ED060880B582B000AF78607868FFF7DA
S31508062FA0C1FF0021034800F097F800BF0837BD4661
S31508062FB080BD00BF84AB002080B483B000AF7860C4
S31508062FC000BF0C37BD465DF8047B704780B483B0F6
S31508062FD000AF786000BF0C37BD465DF8047B7047C6
S31508062FE080B582B000AF78607868FFF79BFF00BFB0
S31508062FF00837BD4680BD80B483B000AF786000BF91
S315080630000C37BD465DF8047B704780B483B000AFC5
S3150806301078607B6800221A7200BF0C37BD465DF8D9
S31508063020047B704780B584B000AF78607868FFF790
S3150806303079FF7B68DB681A687B681B7ADB001344B2
S3150806304093E80300FFF742FE7B689B78FB737B6871
S31508063050FA7B9A7000BF1037BD4680BD80B584B02E
S3150806306000AF7860E0F738FA02467B685B68D21AE2
S315080630707B68DB6819687B681B7ADB000B445B6830
S315080630809A4207D9FFF71EFF7B689B78FB737B6816
S3150806309001229A7000BF1037BD4680BD80B582B042
S315080630A000AF786004210B48E6F72CF97B681B7A93
S315080630B00133DAB27B681A727B681A7A7B68DB6830
S315080630C01B799A4202D37B6801229A7000BF083799
S315080630D0BD4680BD7445002080B483B000AF7860D5
S315080630E00B46FB707B685B78032B53D07B68002204
S315080630F01A72FB780A2B45D801A252F823F000BFAC
S315080631002D310608353106083D31060845310608CB
S315080631104D310608553106085D310608653106083B
S315080631206D310608753106087D3106087B681C4A26
S31508063130DA602BE07B681B4ADA6027E07B681A4A66
S31508063140DA6023E07B68194ADA601FE07B68154A6D
S31508063150DA601BE07B68144ADA6017E07B68134A74
S31508063160DA6013E07B68124ADA600FE07B68114A78
S31508063170DA600BE07B68104ADA6007E07B680F4A7C
S31508063180DA6003E07B680B4ADA6000BF7B680222D6
S315080631909A7000E000BF0C37BD465DF8047B7047A1
S315080631A0DC280020F428002004290020FC2800201A
S315080631B0EC280020142900200C290020E4280020E9
S315080631C080B582B000AF78607B68002B40D07B68FC
S315080631D09B78052B12D17B685B781F4A1B01134423
S315080631E004331B68002B33D07B685B781A4A1B01AD
S315080631F0134404331B687868984729E07B685B782C
S31508063200032B11D87B685B78134A1B0113440833D2
S315080632101B68002B08D07B685B780F4A1B01134492
S3150806322008331B68786898477B689B78032B0FD802
S315080632307B689B78084A1B0113441B68002B07D03A
S315080632407B689B78044A1B0113441B687868984771
S3150806325000BF0837BD4680BD7408070880B582B02A
S3150806326000AF78607B685B7D052B27D87B689B7DDE
S31508063270052B23D8022005F0D9F90346002B37D0AB
S3150806328005F06AF97B6809331946214805F02CF9D1
S315080632907B685B7D1F4A1B0113440C3319687B68E0
S315080632A09B7D1C4A1B0113440C331B681A461A4895
S315080632B005F01AF9194805F017F919E0022005F07C
S315080632C0B5F90346002B13D005F046F97B68093392
S315080632D019460F4805F008F97B685B7D19467B6831
S315080632E09B7D1A460E4805F0FFF80C4805F0FCF8D3
S315080632F07B685A7D7B681A757B689A7D7B685A75E2
S315080633007B6807229A7500BF0837BD4680BD00BF91
S3150806331064EE0608B40807086CEE060890EE06087A
S3150806332094EE060880B485B000AF7860396000234D
S31508063330FB6010E07B6893F8203019467B68FA68CC
S31508063340063253F822303A6892FBF1F2C3F8902116
S31508063350FB680133FB607B6893F820301A46FB68E6
S315080633609342E7DB7B683A689A6200BF1437BD4624
S315080633705DF8047B7047000080B584B000AF7860BE
S315080633800B46FB700023BB600023FB6028E07B68C6
S31508063390FA68063253F82230FA781146184603F0C8
S315080633A0A5F9B860BB68002B17D0022005F03EF9D0
S315080633B00346002B0FD005F0CFF87B68093319466C
S315080633C00D4805F091F8BA68F9680C4805F08CF8C6
S315080633D00B4805F089F800230AE0FB680133FB6011
S315080633E07B6893F820301A46FB689342CFDB0123A5
S315080633F018461037BD4680BD64EE0608B8EE0608C0
S3150806340090EE060880B485B000AF78600023FB60AE
S315080634100023BB600BE07B68BA68063253F8223095
S315080634201B68FA681343FB60BB680133BB607B689D
S3150806343093F820301A46BB689342ECDBFB681846BD
S315080634401437BD465DF8047B704780B485B000AF77
S3150806345078600123FB730023BB6016E0FB7B002B19
S315080634600AD07B68BA68063253F8223093F86D316B
S31508063470002B01D0012300E00023FB73FB7B03F03E
S315080634800103FB73BB680133BB607B6893F8203086
S315080634901A46BB689342E1DBFB7B18461437BD46E2
S315080634A05DF8047B704780B485B000AF78603960F4
S315080634B00023FB601AE07B6893F820301A46FB68FF
S315080634C093420BDA7B68FA68063253F82220FB68C1
S315080634D039680B4492F86D211A7004E0FB683A685D
S315080634E0134400221A70FB680133FB60FB68012B44
S315080634F0E1DD00BF00BF1437BD465DF8047B7047A3
S3150806350080B584B000AF78600023FB737868FFF750
S31508063510A5FE7B6800225A607B681B7803F00103C8
S31508063520002B08D0FB7B5A1CFA731A467B680632B0
S31508063530184943F822107B681B7803F00203002B10
S3150806354008D0FB7B5A1CFA731A467B680632124960
S3150806355043F82210FB7B002B13D1102005F066F8E2
S315080635600346002B0DD004F0F7FF7B68093319468E
S315080635700A4804F0B9FF0A4804F0B6FF094804F0F9
S31508063580B3FF7B68FA7B83F8202000BF1037BD4659
S3150806359080BD00BF1C290020202B002064EE0608EB
S315080635A010EF060890EE060880B483B000AF786080
S315080635B07B6893F82030002B03D07B6801229A7526
S315080635C002E07B6805229A7500BF0C37BD465DF892
S315080635D0047B704780B483B000AF786000BF0C37B1
S315080635E0BD465DF8047B704780B582B000AF78604B
S315080635F07868FFF733FE01217868FFF7BDFE0346B4
S3150806360083F00103DBB2002B04D04FF08071786893
S3150806361000F0F8FC00BF0837BD4680BD80B582B00D
S3150806362000AF78607868FFF7EDFE0246054B134053
S31508063630002B02D07B6805229A7500BF0837BD465F
S3150806364080BD00BF8278080080B483B000AF78607A
S3150806365000BF0C37BD465DF8047B704780B582B05F
S3150806366000AF78607868FFF7F9FD01217868FFF7FB
S3150806367083FE034683F00103DBB2002B04D04FF02A
S315080636808071786800F0BEFC00BF0837BD4680BD6D
S3150806369080B582B000AF78607868FFF7B3FE024659
S315080636A0054B1340002B02D07B6805229A7500BF8E
S315080636B00837BD4680BD00BF8278080080B483B04F
S315080636C000AF786000BF0C37BD465DF8047B7047CF
S315080636D080B584B000AF78607868FFF7BFFD002331
S315080636E0FB731AE07B689A6A7B6893F8203018465B
S315080636F0F97B7B68063153F8213092FBF0F2C3F862
S315080637009021FA7B7B68063253F822307A68526A29
S31508063710C3F88C21FB7B0133FB737B6893F8203057
S31508063720FA7B9A42DED302217868FFF725FE03461E
S3150806373083F00103DBB2002B04D04FF4807178685E
S3150806374000F060FC00BF1037BD4680BD80B584B06A
S3150806375000AF78600023FB7313E0FA7B7B680632BA
S3150806376053F8223093F85031002B07D0FA7B7B6842
S31508063770063253F82230002283F85021FB7B0133A8
S31508063780FB737B6893F82030FA7B9A42E5D3786810
S31508063790FFF738FE0246104B1340002B07D04FF0B2
S315080637A08071786800F02EFC7B6805229A75786821
S315080637B0FFF728FE0246094B1340002B07D04FF0A9
S315080637C08071786800F01EFC7B6801229A7500BF36
S315080637D01037BD4680BD00BF827808003C861700B4
S315080637E080B483B000AF786000BF0C37BD465DF87D
S315080637F0047B704780B584B000AF78607868FFF7B9
S315080638002DFD0023FB732AE0FA7B7B68063253F804
S3150806381022300521184602F069FF0346002B1BD005
S31508063820102004F003FF0346002B15D004F094FE7F
S315080638307B68093319461B4804F056FEFA7B7B68F3
S31508063840063253F82230043305221946164804F080
S315080638504BFE164804F048FEFB7B0133FB737B6878
S3150806386093F82030FA7B9A42CED37B6803F134026A
S315080638707B689B6A07EE903AF8EEE77AF0EE671AE7
S315080638809FED0B1ADFED0A0AB0EE000A104604F0A1
S315080638904BFDDFF721FE02467B68DA6400BF103768
S315080638A0BD4680BD64EE060848EF060890EE060893
S315080638B0CDCC4C3E80B584B000AF78600023FB6063
S315080638C0786800F0E2F8B860BB68B3F5FA6F13D209
S315080638D0102004F0ABFE0346002B0DD004F03CFE88
S315080638E07B68093319464B4804F0FEFD4A4804F03E
S315080638F0FBFD4A4804F0F8FD7B681B6B002B14D1C8
S31508063900102004F093FE0346002B47D004F024FE4D
S315080639107B68093319463F4804F0E6FD404804F03B
S31508063920E3FD3E4804F0E0FD38E07B6893F82C306A
S31508063930022B15D0022B1BDC002B02D0012B04D040
S3150806394016E07B681B6BFB6028E07B681B6B354AB9
S3150806395002FB03F31A46BB68B2FBF3F3FB601DE0F2
S315080639607B681B6B1A46BB68B3FBF2F3FB6015E074
S31508063970102004F05BFE0346002B0FD004F0ECFD86
S315080639802949244804F0B0FD7B6893F82C3019467B
S31508063990264804F0A9FD214804F0A6FDFB68002B7D
S315080639A008D14FF08071786800F02CFB7B680522F9
S315080639B09A750BE07B689B6AFA689A4206D07B681A
S315080639C0FA689A62F9687868FFF7ACFC7868FFF7D0
S315080639D019FD0246164B1340002B07D04FF080718F
S315080639E0786800F00FFB7B6805229A757868FFF7FA
S315080639F009FD02460F4B1340002B07D04FF0807186
S31508063A00786800F0FFFA7B6801229A7500BF1037BE
S31508063A10BD4680BD64EE060860EF060890EE060809
S31508063A2094EF060840420F00BCEF0608C4EF0608E6
S31508063A30827808003C86170080B483B000AF7860A9
S31508063A4000BF0C37BD465DF8047B704780B582B06B
S31508063A5000AF78607868FFF701FC00BF0837BD46F7
S31508063A6080BD80B483B000AF786000BF0C37BD4612
S31508063A705DF8047B704780B483B000AF786000BFFA
S31508063A800C37BD465DF8047B704780B485B000AF39
S31508063A9078600023FB600023FB720023FB720DE0AF
S31508063AA0FA7A7B68063253F82230D3F830311A464A
S31508063AB0FB681344FB60FB7A0133FB727B6893F859
S31508063AC02030FA7A9A42EBD3FB6818461437BD4675
S31508063AD05DF8047B7047000080B485B000AF786057
S31508063AE0184BFB600023FB720023FB721AE0FA7A76
S31508063AF07B68063253F82230D3ED4F7A97ED037A70
S31508063B00B4EEE77AF1EE10FA01DDFB6806E0FA7A1A
S31508063B107B68063253F82230D3F83C31FB60FB7AD1
S31508063B200133FB727B6893F82030FA7A9A42DED321
S31508063B30FB6807EE903AB0EE670A1437BD465DF89D
S31508063B40047B7047008088C380B485B000AF786070
S31508063B500023FB600023FB720023FB720DE0FA7A52
S31508063B607B68063253F82230D3F848311A46FB6882
S31508063B701344FB60FB7A0133FB727B6893F82030AB
S31508063B80FA7A9A42EBD3FB6818461437BD465DF8AF
S31508063B90047B704780B485B000AF78600023FB606D
S31508063BA00023FB720023FB720DE0FA7A7B68063265
S31508063BB053F82230D3F844311A46FB681344FB609F
S31508063BC0FB7A0133FB727B6893F82030FA7A9A42BD
S31508063BD0EBD3FB6818461437BD465DF8047B704779
S31508063BE080B584B000AF78600023FB600023FB72C3
S31508063BF019E07B685B7D042B07D17868FFF7CAFF57
S31508063C000246FB689B1AFB600AE07B685B7D032B12
S31508063C1006D17868FFF798FF0246FB681344FB60EF
S31508063C20FB7A0133FB727B6893F82030FA7A9A425C
S31508063C30DFD3FB6818461037BD4680BD80B485B00D
S31508063C4000AF78600023FB6012E07B68FA680632EC
S31508063C5053F822300022C3F848217B68FA680632F0
S31508063C6053F822300022C3F84421FB680133FB606F
S31508063C707B6893F820301A46FB689342E5DB7B6837
S31508063C8000225A6500BF1437BD465DF8047B7047A7
S31508063C9080B485B000AF78600023FB600BE07B68D4
S31508063CA0FA68063253F822304FF00002C3F84C2160
S31508063CB0FB680133FB607B6893F820301A46FB687D
S31508063CC09342ECDB7B684FF000021A6500BF143797
S31508063CD0BD465DF8047B704780B586B000AF786050
S31508063CE04FF000037B610023FB747B681B7818463C
S31508063CF000F080FAF860FB68002B26D0F868FEF715
S31508063D006DF80346002B1DD00023FB7413E0FA7CDE
S31508063D107B68063253F8223093ED537ADFED0F6A45
S31508063D20C7EE267A97ED057A77EE277AC7ED057AEE
S31508063D30FB7C0133FB747B6893F82030FA7C9A4245
S31508063D40E5D302E04FF000037B617B6907EE903A04
S31508063D50B0EE670A1837BD4680BD00BF00BA5B4A93
S31508063D6080B485B000AF786039607B681B78032B12
S31508063D7016D1134BFB603B681A78FB6883F82C2030
S31508063D803B685A68FB681A630E4BFB603B681A78F1
S31508063D90FB6883F82C203B685A68FB681A6308E0B8
S31508063DA03B681A787B6883F82C203B685A687B68D8
S31508063DB01A63002318461437BD465DF8047B704718
S31508063DC094AB002018AC002080B588B000AFF86028
S31508063DD0B9607A60FB681B78032B20D11E4BBB6142
S31508063DE0032000F007FA78617B69002B08D07B6907
S31508063DF0DB6893F865301A467B6802FB03F37B603B
S31508063E00BB69BA689A62BB697A685A62134BBB6120
S31508063E10BB69BA689A62BB697A685A6217E0FB6830
S31508063E201B78184600F0E6F9F861FB69002B08D0FE
S31508063E30FB69DB6893F865301A467B6802FB03F371
S31508063E407B60FB68BA689A62FB687A685A620023DE
S31508063E5018462037BD4680BD94AB002018AC002016
S31508063E6080B485B000AF78600B46FB707B681B781C
S31508063E70032B0AD10A4BFB60FB68FA789A75094B3D
S31508063E80FB60FB68FA789A7502E07B68FA789A7599
S31508063E90002318461437BD465DF8047B704700BFF5
S31508063EA094AB002018AC002080B584B000AF7860CB
S31508063EB07B681B78032B0AD1254BFB60F868FFF74E
S31508063EC0F3FF244BFB60F868FFF7EEFF3CE07B68E0
S31508063ED09B7D072B12D17B685B7D1F4A1B0113440A
S31508063EE004331B68002B2FD07B685B7D1A4A1B019F
S31508063EF0134404331B687868984725E07B685B7D1E
S31508063F00052B11D87B685B7D134A1B0113440833BE
S31508063F101B68002B08D07B685B7D0F4A1B01134480
S31508063F2008331B68786898477B689B7D0A4A1B0195
S31508063F3013441B68002B07D07B689B7D064A1B012A
S31508063F4013441B687868984700BF1037BD4680BD7E
S31508063F5094AB002018AC0020B408070880B584B0D6
S31508063F6000AF78600023FB730123BB730023FB7342
S31508063F7013E0FA7B7B68063253F82230184602F0BD
S31508063F8016FC03461A46BB7B1340002B14BF0123B7
S31508063F900023BB73FB7B0133FB737B6893F82030E6
S31508063FA0FA7B9A42E5D3BB7B18461037BD4680BDD9
S31508063FB080B584B000AF78600023FB730123BB731A
S31508063FC00023FB7313E0FA7B7B68063253F822302C
S31508063FD0184602F015FC03461A46BB7B1340002B0F
S31508063FE014BF01230023BB73FB7B0133FB737B687A
S31508063FF093F82030FA7B9A42E5D3BB7B18461037EE
S31508064000BD4680BD80B582B000AF786039607B68F2
S315080640105A683B681A437B685A60082004F006FB10
S315080640200346002B11D004F097FA7B680933194624
S31508064030084804F059FA7B681B783A681946064810
S3150806404004F052FA054804F04FFA00BF0837BD4691
S3150806405080BD00BF64EE0608F0EF060890EE060877
S3150806406080B500AF204B01221A700A221F49204844
S3150806407006F058FB1F4B02221A700A221E491F48D1
S3150806408006F050FB1E4B03221A701D4B1D4903F101
S3150806409009020B4603CB1060516019889B7811817B
S315080640A09372114B00229A65124B00229A65144B9D
S315080640B000229A650C4B002283F85C200A4B0722DD
S315080640C083F85D200B4B002283F85C20094B0722F8
S315080640D083F85D200A4B002283F85C20084B0722EA
S315080640E083F85D2000BF80BD94AB002004F0060867
S315080640F09DAB002018AC002010F0060821AC002065
S315080641009CAC00201CF0060880B584B000AF786029
S3150806411039607B681A783B685A707B6893F8202062
S315080641203B689A707B685A7D3B681A707B685A6842
S315080641303B68C3F890203B680122DA707868FFF777
S31508064140A4FC03461A463B685A607868FFF7C4FC1F
S31508064150F0EE407A3B68C3ED027A7868FFF740FDD1
S3150806416002463B68DA607868FFF7B6FDF0EE407AF5
S315080641703B68C3ED047A0023FB601CE03968FA68DD
S3150806418013461B019B1A9B000B44443301221A70E3
S315080641907B68FA68063253F82200FA6813461B014A
S315080641A09B1A9B0018333A681344194602F068FCB2
S315080641B0FB680133FB607B6893F820301A46FB6878
S315080641C09342DBDB00BF00BF1037BD4680BD80B417
S315080641D083B000AF786039603B681B78002B01D046
S315080641E0012B00E000BF00BF0C37BD465DF8047B17
S315080641F07047000080B582B000AF0346FB71FB79B5
S31508064200032B0AD0032B0ADC012B02D0022B02D081
S3150806421005E00E4B16E00E4B14E00E4B12E0082096
S3150806422004F004FA0346002B0BD004F095F90A4964
S315080642300A4804F059F90A4804F056F9094804F0F8
S3150806424053F9002318460837BD4680BD404C002062
S31508064250CC50002058550020BCEF060864EE060828
S3150806426028F0060890EE060880B582B000AF034629
S31508064270FB71FB79032B12D0032B16DC012B02D01C
S31508064280022B06D011E001211348F3F745FE134B1E
S315080642901EE001211048F3F73FFE114B18E00221F4
S315080642A00D48F3F739FE0F4B12E0082004F0BEF965
S315080642B00346002B0BD004F04FF90B490B4804F0C4
S315080642C013F90B4804F010F90A4804F00DF900230F
S315080642D018460837BD4680BD344C0020404C0020A1
S315080642E0CC500020585500204CF0060850F0060819
S315080642F058F006087CF0060880B586B000AF7860E8
S3150806430000237B6100233B617B681B88013B042BEA
S3150806431054D801A252F823F02D4306084B43060843
S315080643208343060891430608B14306087B685B790A
S31508064330012B01D1254B00E0254BFB607B68043336
S315080643401946F86802F076FC3BE07B685B79032B36
S315080643500CD0032B0DDC012B02D0022B03D008E070
S315080643601C4B7B6106E01C4B7B6103E01B4B7B61A8
S3150806437000E000BF7B68043319467869FFF727FF14
S315080643801FE07B68043319461548F3F731FE18E033
S315080643907B685B791846FFF767FF38613B69002B30
S315080643A00ED07B68043319463869FEF789F907E0A3
S315080643B07B680433184600F099FE02E000BF00E069
S315080643C000BF002318461837BD4680BD1C290020A5
S315080643D0202B002094AB002018AC00209CAC0020B3
S315080643E0344C002080B582B000AF1C4B1B78FB719D
S315080643F01A4B1B7883F00103DBB2002B28D0012267
S3150806440017491848EDF790FE03461A46164B1A70D2
S31508064410154B1B78002B0CBF01230023FB71FB7978
S31508064420002B03D00D4B01221A7011E0022004F06E
S31508064430FDF80346002B0BD004F08EF80B490C4802
S3150806444004F052F80B4804F04FF80B4804F04CF801
S31508064450FB7918460837BD4680BD00BFD8B200208E
S3150806446080F00608A0B0002020AD002084F00608DB
S3150806447090F0060898F00608B0F0060880B400AF73
S3150806448000231846BD465DF8047B704780B582B0A2
S3150806449000AF786079681048EEF7AFFD03461A460E
S315080644A00E4B1A700D4B1B78002B0CD07868EEF75E
S315080644B025FF03461A46094B1A70084B1B78002B2C
S315080644C004D0002303E00448EEF70AFE0123184643
S315080644D00837BD4680BD00BF6CB0002020AD002061
S315080644E090B587B002AFF860B9607A603B60F86845
S315080644F0DBF7F6FE0446B868DBF7F2FE0346E21873
S315080645003B68013B9A4201D900230DE03A6800212F
S31508064510074805F015F8BB680093FB68054A39682D
S31508064520034804F053FF012318461437BD4690BDC9
S31508064530DCB20020B4F0060880B5ADF5A46D00AF70
S3150806454007F5A463A3F21453186007F5A463A3F545
S31508064550A363196007F5A463A3F219531A70002317
S3150806456087F81F35002387F81735022004F05EF80A
S315080645700346002B0BD003F0EFFF8749874803F065
S31508064580B3FF874803F0B0FF864803F0ADFFFFF791
S3150806459029FF0346002B00F0F78007F1100107F5FF
S315080645A0A463A3F214530022186800F02FFD022014
S315080645B004F03CF80346002B7AD003F0CDFF764983
S315080645C0764803F091FF07F5A463A3F5A2631B8853
S315080645D01946754803F088FF724803F085FF67E0B9
S315080645E00023C7F8183537E007F11002D7F818354B
S315080645F09B011344991C07F5A463A3F21450802360
S315080646006A4A0068FFF76CFF684800F0DBF803465D
S3150806461087F81F35022004F009F80346002B16D042
S3150806462003F09AFF5C495D4803F05EFF07F5A4634D
S31508064630A3F5A2631B8819465D4B1B781A46D7F85D
S3150806464018355C4803F050FF564803F04DFFD7F877
S3150806465018350133C7F8183507F5A463A3F5A26319
S315080646601B88103BD7F818259A42BDDB07F11001BF
S3150806467007F5A463A3F214530022186800F0C6FCD3
S31508064680022003F0D3FF0346002B11D003F064FF84
S315080646904149424803F028FF07F5A463A3F5A26338
S315080646A01B881946404803F01FFF3E4803F01CFFC7
S315080646B007F5A463A3F5A2631B88102B90D807F504
S315080646C0A463A3F5A36107F5A463A3F21450802394
S315080646D0364A09680068FFF703FF0346002B4AD0E7
S315080646E007F5A463A3F214531868FFF7CFFE03462B
S315080646F0002B40D0022003F099FF0346002B0CD06E
S3150806470003F02AFF2449254803F0EEFE27492A48DE
S3150806471003F0EAFE234803F0E7FE32222349274838
S31508064720EDF748FD03461A46214B1A70204B1B78AF
S31508064730002B20D107F5A463A3F219531B78002B87
S3150806474019D01E48EEF726FA022003F06FFF034635
S31508064750002B10D003F000FF0F49104803F0C4FEE3
S3150806476007F5A463A3F5A3631968154803F0BCFE09
S315080647700C4803F0B9FE07F5A463A3F219531B7890
S31508064780002B01D0FFF77AFE97F81F35184607F56E
S31508064790A467BD4680BD00BF84F0060890F00608EB
S315080647A0BCF00608B0F00608D0F00608DCB2002011
S315080647B020AD0020DCF00608FCF006083CAE00201A
S315080647C00CF1060880B586B000AF78600023FB7545
S315080647D00023BB75FFF706FE0346002B3CD0DEF723
S315080647E07BFE38617868EEF7DEFC03461A461D4BF3
S315080647F01A70DEF771FEF8601A4B1B78002B13D178
S31508064800022003F013FF0346002B23D003F0A4FE71
S315080648101549164803F068FE7968154803F064FEDC
S31508064820144803F061FE15E0022003F0FFFE034676
S31508064830002B0FD003F090FE0B490C4803F054FEEC
S31508064840084B1B781A4679680B4803F04DFE09484B
S3150806485003F04AFEFFF712FEFB7D18461837BD46DB
S3150806486080BD00BF20AD002084F0060890F006083B
S315080648701CF10608B0F0060834F1060880B5ADF551
S31508064880A36D00AF07F5A363A3F2145318600023BC
S3150806489087F81735002387F80F35FFF7A3FD034674
S315080648A0002B00F0948007F1080107F5A363A3F22D
S315080648B014530022186800F0A9FB022003F0B6FE7E
S315080648C00346002B7AD003F047FE4449444803F0D2
S315080648D00BFE07F5A363A3F5A2631B881946414891
S315080648E003F002FE404803F0FFFD67E00023C7F821
S315080648F0103537E007F10802D7F810359B0113443F
S31508064900991C07F5A363A3F214508023374A006857
S31508064910FFF7E6FD3548FFF755FF034687F81735CF
S31508064920022003F083FE0346002B16D003F014FE7E
S315080649302A492B4803F0D8FD07F5A363A3F5A26316
S315080649401B8819462A4B1B781A46D7F81035294864
S3150806495003F0CAFD244803F0C7FDD7F8103501331E
S31508064960C7F8103507F5A363A3F5A2631B88103BA2
S31508064970D7F810259A42BDDB07F1080107F5A363A8
S31508064980A3F214530022186800F040FB022003F035
S315080649904DFE0346002B11D003F0DEFD0F491048E5
S315080649A003F0A2FD07F5A363A3F5A2631B881946C0
S315080649B0114803F099FD0C4803F096FD07F5A36325
S315080649C0A3F5A2631B88102B90D8FFF757FD97F817
S315080649D01735184607F5A367BD4680BD84F0060851
S315080649E090F0060854F10608B0F00608DCB2002076
S315080649F020AD0020DCF00608D0F0060890B5ADF22A
S31508064A001C5D00AF07F5A364A4F20C54206007F5F5
S31508064A10A360A0F5A260016007F5A361A1F214518F
S31508064A200A6007F5A362A2F5A3621360002387F856
S31508064A301735002387F81635022003F0F7FD0346D7
S31508064A40002B0BD003F088FD5B495C4803F04CFD50
S31508064A505B4803F049FD5B4803F046FDFFF7C2FCD9
S31508064A600346002B4BD007F5A363A3F5A26107F50A
S31508064A70A363A3F20C508023534A09680068FFF71C
S31508064A802FFD0346002B3AD007F5A363A3F20C5372
S31508064A901868FFF7FBFC0346002B30D032224A493A
S31508064AA04A48EDF787FB03461A46494B1A70484BA0
S31508064AB01B78002B23D0022003F0B8FD0346002BF3
S31508064AC00CD003F049FD3C493C4803F00DFD3E4930
S31508064AD0404803F009FD3B4803F006FD07F5A363C6
S31508064AE0A3F5A26107F5A363A3F20C53002209688E
S31508064AF01868FFF721FD03461A46354B1A70344BDC
S31508064B001B78002B4AD107F5A363A3F5A36207F51D
S31508064B10A363A3F21451304B126809682B48EDF7C4
S31508064B2046FE03461A462A4B1A70294B1B78002B53
S31508064B30022003F07BFD0346002B15D003F00CFD7F
S31508064B401D491E4803F0D0FC07F5A363A3F5A36227
S31508064B5007F5A363A3F5A263126819681F4803F04D
S31508064B60C3FC184803F0C0FC1848EEF713F80220F1
S31508064B7003F05CFD0346002B10D003F0EDFC0E494E
S31508064B800E4803F0B1FC07F5A363A3F5A2631968FB
S31508064B90134803F0A9FC0B4803F0A6FC97F816354C
S31508064BA0002B01D0FFF76AFC97F81735184607F267
S31508064BB01C57BD4690BD00BF84F0060890F006084F
S31508064BC060F10608B0F00608DCB200203CAE00200C
S31508064BD020AD002074F10608D4B200208CF1060830
S31508064BE00CF1060880B586B000AFF860B9607A6041
S31508064BF03B600023FB75FFF7F5FB0346002B75D0D4
S31508064C0080233D4AB968F868FFF76AFC0346002B15
S31508064C1056D0F868FFF73AFC0346002B50D00A220E
S31508064C2035493648EDF7C6FA03461A46344B1A701E
S31508064C30334B1B78002B2FD1324B3A6879682F48AD
S31508064C40EDF7B5FD03461A462D4B1A702C4B1B7805
S31508064C50002B07D12B4B1B683A689A4202D10123CF
S31508064C60FB7515E0022003F0E1FC0346002B0FD086
S31508064C7003F072FC2449254803F036FC204B1B78C2
S31508064C801A461D49224803F02FFC224803F02CFC3D
S31508064C901A48EDF77FFF26E0022003F0C7FC034615
S31508064CA0002B20D003F058FC1749184803F01CFCC3
S31508064CB0B968194803F018FC164803F015FC12E003
S31508064CC0022003F0B3FC0346002B0DD003F044FC88
S31508064CD00D490E4803F008FC104803F005FC0D487C
S31508064CE003F002FC00E000BFFFF7C8FBFB7D184691
S31508064CF01837BD4680BD00BFDCB200203CAE00209A
S31508064D0020AD0020D4B2002084F0060890F00608EC
S31508064D10ACF10608B0F00608D8F10608F0F1060860
S31508064D2080B586B002AFF860B9607A603B60374BEB
S31508064D3000221A60FFF756FB0346002B60D0802335
S31508064D40334AB968F868FFF7CBFB0346002B55D0FC
S31508064D5001222F492F48EDF72DFA03461A462E4B00
S31508064D601A702D4B1B78002B27D1284B3A68796881
S31508064D702848EDF7DDFB03461A46274B1A70264BDD
S31508064D801B78002B15D0022003F050FC0346002B97
S31508064D900FD003F0E1FB2149214803F0A5FB1E4B82
S31508064DA01B781A461A491F4803F09EFB1E4803F04D
S31508064DB09BFB1848EDF7EEFE20E0022003F036FCD2
S31508064DC00346002B1AD003F0C7FB1449144803F010
S31508064DD08BFB114B1B7819460E4B1B7D18460D4B44
S31508064DE09B690C4A527D0192009303460A46084976
S31508064DF00E4803F079FB0C4803F076FBFFF73EFBFB
S31508064E00024B1B6818461037BD4680BDD4B2002033
S31508064E10DCB200203CAE002020AD002084F0060857
S31508064E2090F0060800F20608B0F0060830F2060802
S31508064E3080B586B000AFF860B9607A603B6002203C
S31508064E4003F0F4FB0346002B0BD003F085FB56490B
S31508064E50564803F049FB564803F046FB554803F007
S31508064E6043FB554B00221A60FFF7BCFA0346002B94
S31508064E7000F093808023514AB968F868FFF730FB3B
S31508064E800346002B00F0878001224C494C48EDF773
S31508064E9091F903461A464B4B1A704A4B1B78002B58
S31508064EA063D1022003F0C2FB0346002B0CD003F0A5
S31508064EB053FB3D493D4803F017FB4049424803F07A
S31508064EC013FB3C4803F010FB79683D48EDF78CFE6A
S31508064ED003461A463B4B1A703A4B1B78002B40D1B1
S31508064EE0022003F0A3FB0346002B0BD003F034FB8A
S31508064EF02D492E4803F0F8FA344803F0F5FA2D48FA
S31508064F0003F0F2FA2E4BDB687B617A697B68D31A63
S31508064F10B3F5006F03D27A697B68D31A00E03B6A59
S31508064F203B62254B3A6A39682548EDF701FB034685
S31508064F301A46244B1A70234B1B78002B11D10220D4
S31508064F4003F074FB0346002B0BD003F005FB16494A
S31508064F50164803F0C9FA1E4803F0C6FA154803F0C0
S31508064F60C3FA1748EDF716FE15E0022003F05EFBB6
S31508064F700346002B0FD003F0EFFA0B490B4803F054
S31508064F80B3FA104B1B781A460C49124803F0ACFACA
S31508064F90084803F0A9FAFFF771FA074B1B68184683
S31508064FA01837BD4680BD00BF84F0060890F006088F
S31508064FB078F20608B0F00608D4B20020DCB2002063
S31508064FC03CAE002020AD002090F20608A0F20608A6
S31508064FD0ACF20608B8F2060880B588B002AFF860E3
S31508064FE0B9607A603B603B683A6A02FB03F37B6109
S31508064FF03B6800937B687A69B968F868FFF718FF13
S31508065000034618461837BD4680BD000080B584B0ED
S3150806501000AFF860B9601346FB80BB6800221A80A9
S31508065020FFF7E0F90346002B53D0F9682B48EDF74E
S31508065030E4FF03461A462A4B1A70294B1B78002B9F
S3150806504045D128492548EEF771F803461A46244BF2
S315080650501A70234B1B78002B36D1224B9B7D002BCF
S3150806506032D0204B1B7A03F01003002BE9D1BB681C
S31508065070B3F8023501339AB2BB68A3F80225FB8852
S31508065080002B03D0FB88013BFB80DAE7BB681B884D
S31508065090132BD6D8BB681B889B01BA681344023300
S315080650A03F221149184604F039FCBB681B88BA68C2
S315080650B09B011344413300221A70BB681B880133CF
S315080650C09AB2BB681A80BCE70448EEF709F8FFF7F8
S315080650D0D5F900BF1037BD4680BD00BF6CB00020AD
S315080650E020AD002024AD00203AAD002080B584B05E
S315080650F000AF78607B681B78032B36D801A252F876
S3150806510023F000BF6B5106081551060827510608F5
S31508065110375106087B68591C7B685B6C1A46164825
S31508065120FBF7ECFB24E07B685B6C9BB219461248DE
S31508065130FBF75CFC1CE07B685B6C012B02D10F4B12
S31508065140FB600CE07B685B6C022B02D10C4BFB60A8
S3150806515005E07B685B6C032B09D10A4BFB60FB6891
S3150806516074331846FBF7A4FC02E000BF00E000BF54
S315080651701037BD4680BD00BFD8F20608404C002051
S31508065180CC5000205855002080B584B000AF786012
S3150806519039600023FB60FFF725F90346002B1DD06F
S315080651A08023114A39687868FFF79AF90346002B6F
S315080651B012D001220C490D48ECF7FCFF03461A46A5
S315080651C00B4B1A700A4B1B78002B05D1074BDB686D
S315080651D0FB600648EDF7DEFCFFF750F9FB68184654
S315080651E01037BD4680BD00BFDCB200203CAE0020AD
S315080651F020AD002080B586B002AF78603960396880
S315080652003B6803F14E023B689B6C00934FF40063C0
S315080652101748FFF7E1FEF860FB689AB23B68A3F801
S315080652204C203B6819467868FFF7AEFF02463B688E
S315080652301A64022003F0FAF90346002B12D003F08B
S315080652408BF90C490C4803F04FF93B68B3F84C3018
S3150806525019463B681B6C1A46084803F045F9084880
S3150806526003F042F9FB6818461037BD4680BD00BFF5
S31508065270D8F2060884F0060890F00608E8F206084A
S31508065280B0F0060880B584B000AF78600023FB73DB
S315080652900021786800F066F86420DEF729F9786850
S315080652A000F008FB786800F0ADF80346002B01D03D
S315080652B0FB7B53E00023BB6011E0786800F0FAFA3E
S315080652C0786800F043F90121786801F02DF97B68C2
S315080652D050331846F3F734FBBB680133BB60BB682B
S315080652E0132BEADD0121786800F03CF86420DEF726
S315080652F0FFF8786800F0DEFA6420DEF7F9F87868D1
S3150806530000F024F97B68D3F834217B68D3F830316A
S31508065310A3F5FA739A420BDB7B68D3F834217B68CC
S31508065320D3F8303103F5FA739A4201DC012300E01B
S315080653300023002B04D18021786801F054F905E092
S315080653408021786801F069F90123FB7300217868E2
S3150806535000F008F86420DEF7CBF8FB7B1846103712
S31508065360BD4680BD80B584B000AF78600B46FB703D
S315080653707B68D3F820217B68B3F824311946104692
S31508065380E0F7DCFD0346012B0CBF01230023FB7364
S31508065390FA7BFB789A4209D07B68D3F820017B68AA
S315080653A0B3F82431FA781946E0F7E0FD00BF10375E
S315080653B0BD4680BD80B584B000AF78600B46FB70ED
S315080653C07B68D3F828217B68B3F82C311946104632
S315080653D0E0F7B4FD0346012B0CBF01230023FB733C
S315080653E0FA7BFB789A4209D07B68D3F828017B6852
S315080653F0B3F82C31FA781946E0F7B8FD00BF10372E
S31508065400BD4680BD80B582B000AF7860786801F089
S31508065410CEF90346002B23D07B68D3F848310A2BEE
S3150806542007DD7B68D3F83031B3F5167F01DD012336
S315080654301FE000217868FFF795FF6420DEF758F825
S315080654400221786801F0B6FD03461946786800F029
S3150806545087F801217868FFF785FF6420DEF748F8A4
S315080654607B68D3F83031B3F5167FCCBF012300230A
S31508065470DBB218460837BD4680BD000080B582B047
S3150806548000AF78607B685B7E062B27D87B689B7E99
S31508065490062B23D8022003F0C9F80346002B37D07B
S315080654A003F05AF87B6804331946234803F01CF8B8
S315080654B07B685B7E214A1B0113440C3319687B689B
S315080654C09B7E1E4A1B0113440C331B681A461C484E
S315080654D003F00AF81B4803F007F819E0022003F060
S315080654E0A5F80346002B13D003F036F87B68043379
S315080654F01946114802F0F8FF7B685B7E19467B68F9
S315080655009B7E1A46104802F0EFFF0E4802F0ECFFA3
S315080655107B685A7E7B681A767B689A7E7B685A769B
S315080655207B68FF229A76DDF7D7FF02467B68DA6143
S3150806553000BF0837BD4680BD64F306081409070888
S315080655406CF306088CF3060890F3060880B483B055
S3150806555000AF786000BF0C37BD465DF8047B704720
S3150806556080B582B000AF786039607B68D3F81821B9
S315080655707B68B3F81C3119461046E0F7DFFC03468C
S31508065580012B09D14FF40071786801F02CF87B6875
S315080655900022C3F8302158E07B681B6803F40073C1
S315080655A0002B04D04FF40071786801F036F83B6892
S315080655B04EF66022934208DD0421786801F013F856
S315080655C07B68012283F86D212CE03B68B3F5167FCC
S315080655D014DA7B68D3F83031B3F5167F03DD7B68BA
S315080655E0002283F86D217B681B6803F00403002BF1
S315080655F018D00421786801F010F813E07B68D3F810
S315080656003031B3F5167F03DA7B68012283F86D21FC
S315080656107B681B6803F00403002B03D00421786813
S3150806562000F0FBFF3B68B3F5167F05DA4FF48011E9
S31508065630786800F0D8FF04E04FF48011786800F027
S31508065640ECFF7B683A68C3F830210837BD4680BD4B
S3150806565080B582B000AF786039603B684EF6602246
S31508065660934203DD4021786800F0BDFF7B683A68FF
S31508065670C3F8342100BF0837BD4680BD80B582B061
S3150806568000AF786039603B6841F28732934204DDA1
S315080656900821786800F0A7FF03E00821786800F07B
S315080656A0BCFF7B68D3F828217B68B3F82C311946EA
S315080656B01046E0F743FC0346002B08D13B68C82B87
S315080656C005DD4FF40061786800F08DFF0AE07B6817
S315080656D01B6803F40063002B04D04FF40061786856
S315080656E000F09BFF7B68D3F8903103F5FA733A68A6
S315080656F09A4205DD4FF48021786800F074FF0AE0C7
S315080657007B681B6803F48023002B04D04FF48021A2
S31508065710786800F082FF7B683A68C3F8442100BFC0
S315080657200837BD4680BD80B582B000AF786039605F
S315080657303B6841F28732934204DD0821786800F017
S3150806574052FF03E00821786800F067FF7B68D3F804
S3150806575020217B68B3F8243119461046E0F7EEFB9C
S315080657600346002B08D13B68C82B05DD4FF480514C
S31508065770786800F038FF0AE07B681B6803F48053F4
S31508065780002B04D04FF48051786800F046FF7B68FA
S31508065790D3F8903103F5FA733A689A4205DD4FF461
S315080657A08021786800F01FFF0AE07B681B6803F40F
S315080657B08023002B04D04FF48021786800F02DFF53
S315080657C07B683A68C3F8482100BF0837BD4680BDDE
S315080657D080B483B000AF786087ED000A7B683A68C4
S315080657E0C3F83C2100BF0C37BD465DF8047B7047FD
S315080657F080B582B000AF786087ED000AD7ED007AEB
S315080658009FED0E7AF4EEC77AF1EE10FA04DD202142
S31508065810786800F0E8FE09E07B681B6803F0200359
S31508065820002B03D02021786800F0F7FE7B683A68DB
S31508065830C3F8402100BF0837BD4680BD0000A04218
S3150806584080B582B000AF786039603B6842F227328D
S31508065850934205DC4FF40051786800F0C4FE21E057
S315080658603B684BF68032934205DD4FF480417868F3
S3150806587000F0B9FE16E07B681B6803F40053002B9C
S3150806588005D04FF40051786800F0C7FE0AE07B6839
S315080658901B6803F48043002B04D04FF480417868D4
S315080658A000F0BBFE7B683A68C3F8382100BF0837A4
S315080658B0BD4680BD80B584B000AF78600023FB6026
S315080658C07B68186C7B6803F5AE717B6893F868315C
S315080658D01A46DEF753FA0023FB7213E07B6803F1D8
S315080658E02C027B6803F5B57319461046F1F7BAF923
S315080658F07B68B3F86A311A46FB681344FB60FB7A81
S315080659000133FB72FB7A0F2BE8D9FB681B099AB29F
S315080659107B68A3F86A211E20DDF7EAFD786801F0A0
S31508065920E5F90221786801F045FB034619467868C9
S31508065930FFF716FE786801F0F5FB03461946786800
S31508065940FFF786FE786801F02FFC03461946786845
S31508065950FFF794FE786801F057FC034619467868FF
S31508065960FFF7E1FE786801F033FDF0EE407AB0EE17
S31508065970670A7868FFF72CFF786801F069FCF0EE8D
S31508065980407AB0EE670A7868FFF732FF786801F062
S31508065990DDFD034619467868FFF752FFDDF79CFDDD
S315080659A002467B685B69D31A41F28832934207D965
S315080659B0DDF792FD02467B685A617868FFF7C6FDF1
S315080659C07B68012283F8502100BF1037BD4680BD8B
S315080659D080B584B000AF78607B68D3F844217B68CD
S315080659E0D3F89031023B9A420ADB7B68D3F8442106
S315080659F07B68D3F8903102339A4201DC012300E032
S31508065A000023002B34D17B68D3F890217B68D3F822
S31508065A104431D31AFB60FB68002BB8BF5B4207EE1E
S31508065A20903AF8EEE77A9FED147A67EE877AFCEEF7
S31508065A30E77A17EE903A7B81FB68002B05DA7B89B5
S31508065A401946786800F00CFD07E0FB68002B04DDB4
S31508065A507B891946786800F0DBFC7B68586C7B689E
S31508065A60D3F814117B68D3F854310022DFF7BEFB4E
S31508065A7000BF1037BD4680BD4A0C223F80B588B0A8
S31508065A8000AF78600B46FB700023BB61FB78002BE2
S31508065A9003D07B68D3F8903100E00023FB6100232E
S31508065AA0FB827B68D3F83031FA6902FB03F3434A73
S31508065AB093420FDD7B68D3F83031002B06DD7B6811
S31508065AC0D3F830313D4A92FBF3F300E000233B61FD
S31508065AD03B69FB61FB78002B5ED07B68D3F84821CF
S31508065AE0FB690A3B9A4208DB7B68D3F84821FB69BF
S31508065AF00A339A4201DC012300E00023002B4BD12E
S31508065B007B68D3F84831FA69D31ABB61BB6907EED5
S31508065B10903AF8EEE77A9FED2A7A67EE877AFCEEF0
S31508065B20E77A17EE903AFB827B68B3F86A31C3F3D5
S31508065B300B027B68B3F85831103B9A420CDB7B683C
S31508065B40B3F86A31C3F30B027B68B3F858311033DE
S31508065B509A4201DC012300E00023002B1CD0BB6916
S31508065B60002B0BDAFB8A174AA2FB0323DB089BB238
S31508065B70013B1946786800F0B3FC0DE0BB69002BBB
S31508065B8017DDFB8A0F4AA2FB0323DB089BB2013308
S31508065B901946786800F085FC7B6803F120027B6865
S31508065BA0B3F8583119461046F1F7C0F80346FB73A1
S31508065BB000E000BF2037BD4680BD00BF80D1F00893
S31508065BC052B81E3FCDCCCCCC80B586B000AF786037
S31508065BD039600023FB7500233B610023FB607B6865
S31508065BE0D3F834213B68D31A3B613B6913F1950F09
S31508065BF006DA3969786800F097FC1023FB7525E004
S31508065C003B69B3F5FA7F06DA3969786800F08CFCE1
S31508065C101023FB751AE03B69B3F57A7F05DD7868CC
S31508065C2000F0BFFC0823FB7510E07B68D3F88C21CF
S31508065C307B68D3F83031D31AFB60FB6813F1140F6F
S31508065C4002DA0723FB7501E00123FB757B685033EF
S31508065C501846F2F775FEFB7D18461837BD4680BD11
S31508065C6080B5DCB000AF07F5B873A3F5B673186050
S31508065C7007F5B873A3F5B6731B6803F5F47307F14E
S31508065C806C014FF48072184602F018FAC7F86C01D0
S31508065C90D7F86C31002B2DDDD7F86C2107F5B873CC
S31508065CA0A3F58A7307F16C011846EEF739F907F575
S31508065CB0B873A3F5B473184654231A46002103F09D
S31508065CC03FFC07F1080207F15C030D491846EFF792
S31508065CD061FA0346002B0BD007F1080207F5B873DD
S31508065CE0A3F5B6731146186800F03AFF012302E0D9
S31508065CF0002300E00023184607F5B877BD4680BDA1
S31508065D00FC00070880B582B000AF78607868FFF7B0
S31508065D10B5FB7B6800221A607B6803F134027B6850
S31508065D209B6C19461046F1F7B5FA0346002B04D0C4
S31508065D300221786800F057FC05E07B6834330221B7
S31508065D401846F1F7FEFC7B6803F12C027B689B6C10
S31508065D5019461046F0F74CFF0346002B03D00221DE
S31508065D60786800F040FC7B6803F120027B689B6C30
S31508065D7019461046F1F7C8F90346002B03D0022147
S31508065D80786800F030FC1E20DDF7B2FB7868FFF76E
S31508065D9067FF0346002B04D07B68012283F894210B
S31508065DA008E07B68002283F894214FF4002178687E
S31508065DB000F019FCDDF790FB02467B681A617B68E2
S31508065DC003F59C727B68C3F80C2100BF0837BD46ED
S31508065DD080BD000080B582B000AF78607B681B681E
S31508065DE0002B04D10121786800F080FC21E07B684D
S31508065DF01A68124B1340002B0CD07B689B7B5A1EE5
S31508065E00D1B27A689173002B04D00021786800F025
S31508065E106DFC0EE07B681A68094B1340002B04D00C
S31508065E200121786800F062FC03E00621786800F034
S31508065E305DFC00BF0837BD4680BD00BF82780800F6
S31508065E403C86170080B483B000AF786000BF0C3775
S31508065E50BD465DF8047B704780B582B000AF7860B2
S31508065E607868FFF70BFB7B6800229A73002178682F
S31508065E70FFF778FA6420DDF73BFB00217868FFF721
S31508065E8099FA6420DDF734FB7B685A6C7B68D3F88D
S31508065E90143119461046DFF71BF900BF0837BD4609
S31508065EA080BD80B582B000AF7860DDF715FB024687
S31508065EB07B681B69D31A0A2B07D9DDF70DFB024641
S31508065EC07B681A617868FFF7F5FC00BF0837BD4698
S31508065ED080BD80B483B000AF786000BF0C37BD467E
S31508065EE05DF8047B704780B582B000AF7860786845
S31508065EF0FFF7C4FA00217868FFF75CFA6420DDF735
S31508065F00F7FA00217868FFF72DFA6420DDF7F0FA2C
S31508065F107B683222A3F858217B6803F120027B6846
S31508065F20B3F8583119461046F0F700FF7B684FF06C
S31508065F300002C3F84C217868FFF7BCFC00BF083797
S31508065F40BD4680BD80B582B000AF7860DDF7C4FA7D
S31508065F5002467B681B69D31A0A2B2CD9DDF7BCFACD
S31508065F6002467B681A617868FFF7A4FC7B681A689C
S31508065F70134B1340002B04D00621786800F0B6FBB5
S31508065F8009E07B681A680F4B1340002B03D00121E2
S31508065F90786800F0ABFB7B68D3F88C3119467868CD
S31508065FA0FFF712FE034603F00103012B03D1032173
S31508065FB0786800F09BFB00BF0837BD4680BD00BF6A
S31508065FC0827808003C86170080B483B000AF7860F4
S31508065FD000BF0C37BD465DF8047B704780B582B0B6
S31508065FE000AF78607868FFF749FA01217868FFF705
S31508065FF0B9F96420DDF77CFA00BF0837BD4680BDCF
S3150806600080B584B000AF7860DDF766FA02467B682D
S315080660101B69D31AFB60FB680A2B44D97B6893ED88
S31508066020537A7B68D3F848311A46FB6802FB03F3B2
S3150806603007EE903AF8EE677A77EE277A7B68C3ED2D
S31508066040537ADDF749FA02467B681A617868FFF7DC
S3150806605031FC7B681A68164B1340002B04D00621C0
S31508066060786800F043FB1AE07B681A68114B134000
S31508066070002B04D00121786800F038FB0FE07B6816
S31508066080D3F88C3119467868FFF79EFD034603F068
S315080660900703072B03D10421786800F027FB0121A3
S315080660A07868FFF7EBFC00BF1037BD4680BD00BF1A
S315080660B0827808003C86170080B483B000AF786003
S315080660C000BF0C37BD465DF8047B704780B582B0C5
S315080660D000AF78607868FFF7D1F900BF0837BD4684
S315080660E080BD000080B584B000AF78600023FB73DE
S315080660F0DDF7F2F902467B681B69D31ABB60BB68F3
S315080661000A2B54D9DDF7E8F902467B681A617868DE
S31508066110FFF7D0FB7B681A68294B1340002B04D07F
S315080661200621786800F0E2FA09E07B681A68254BCA
S315080661301340002B03D00121786800F0D7FA7B6854
S31508066140D3F88C3119467868FFF73EFD0346FB738C
S31508066150FB7B03F00703072B0DD17B68B3F8583191
S31508066160002B11D07B68B3F85831013B9AB27B688D
S31508066170A3F8582108E0FB7B03F01003002B03D095
S315080661800321786800F0B2FA7B6893ED537A7B6848
S31508066190D3F848311A46BB6802FB03F307EE903A72
S315080661A0F8EE677A77EE277A7B68C3ED537A00218D
S315080661B07868FFF763FC00BF1037BD4680BD00BF91
S315080661C0827808003C86170080B483B000AF7860F2
S315080661D000BF0C37BD465DF8047B704780B584B0B2
S315080661E000AF78600023FB607868FFF747F900215F
S315080661F07868FFF7B7F86420DDF77AF90121786839
S31508066200FFF7D8F86420DDF773F97B68D3F8903181
S3150806621007EE903AF8EEE77A9FED247A67EE877AE4
S31508066220FCEEE77A17EE903AFB60FB6807EE903AC3
S31508066230F8EE677A9FED1E7AF4EEC77AF1EE10FA53
S3150806624002DD40F65D4208E0FB6807EE903AF8EE96
S31508066250677AFCEEE77A17EE902A7B68C3F854212C
S315080662607B685A6C7B68D3F8143119461046DEF7F4
S315080662702FFF1E20DDF73CF97B68586C7B68D3F840
S3150806628014117B68D3F854310022DEF7AFFF78681D
S31508066290FFF710FB1E20DDF72BF97B684FF000028F
S315080662A0C3F84C2100BF1037BD4680BD4A0C223FB5
S315080662B000D0454580B584B000AF7860DDF70CF9A7
S315080662C002467B681B69D31AFB60FB680A2B32D920
S315080662D0DDF702F902467B681A617868FFF7EAFA7B
S315080662E07B681A68164B1340002B04D0062178687B
S315080662F000F0FCF909E07B681A68124B1340002B7C
S3150806630003D00121786800F0F1F97868FFF760FB99
S315080663107B6893ED537A7B68D3F844311A46FB6853
S3150806632002FB03F307EE903AF8EE677A77EE677A9A
S315080663307B68C3ED537A00BF1037BD4680BD00BFE4
S31508066340827808003C86170080B582B000AF786070
S315080663507B680022C3F854217B68586C7B68D3F89F
S3150806636014117B68D3F854310022DEF73FFF0A2062
S31508066370DDF7BEF87B685A6C7B68D3F81431194684
S315080663801046DEF711FF00BF0837BD4680BD80B54B
S3150806639082B000AF78607868FFF770F87B680022ED
S315080663A09A7300217868FEF7DDFF6420DDF7A0F80A
S315080663B000217868FEF7FEFF6420DDF799F800BF2E
S315080663C00837BD4680BD000080B582B000AF78604C
S315080663D0DDF782F802467B68DB69D31A064A9342DA
S315080663E003D90021786800F081F97868FFF762FA20
S315080663F000BF0837BD4680BDC027090080B483B0F4
S3150806640000AF786000BF0C37BD465DF8047B704761
S3150806641080B485B000AF786039607B68D3F85431AC
S315080664203A681344FB60FB6807EE903AF8EE677A1B
S315080664309FED0A7AF4EEC77AF1EE10FA02DD40F617
S315080664405D43FB607B68FA68C3F854210023184647
S315080664501437BD465DF8047B704700BF00D0454536
S3150806646080B485B000AF786039600023FB607B682E
S31508066470D3F854313A689A4202D90023FB6005E0FC
S315080664807B68D3F854213B68D31AFB607B68FA68A5
S31508066490C3F85421002318461437BD465DF8047B15
S315080664A0704780B485B000AF786039607B68B3F80A
S315080664B058311A463B681344FB60FB68B3F5805FA0
S315080664C002D340F6FF73FB60FB689AB27B68A3F8B3
S315080664D05821002318461437BD465DF8047B7047D5
S315080664E080B485B000AF786039600023FB607B68AE
S315080664F0B3F858311A463B68934202D90023FB6023
S3150806650006E07B68B3F858311A463B68D31AFB602F
S31508066510FB689AB27B68A3F85821002318461437F5
S31508066520BD465DF8047B704780B584B000AF7860D9
S3150806653039600123FB733B6813F57A7F02DA282351
S31508066540FB730EE03B6813F5FA7F02DA1423FB7336
S3150806655007E03B68632B02DC0A23FB7301E0012391
S31508066560FB737B685033FA7B11461846F2F738F9FF
S31508066570B860BB68002B04D0B968786800F033F8B1
S315080665800AE07B681A68BB681340BA689A4203D160
S31508066590B968786800F041F8BB6818461037BD46F2
S315080665A080BD80B584B000AF78607B6850331846E6
S315080665B0F2F748F8F860FB68002B04D0F9687868A3
S315080665C000F011F80AE07B681A68FB681340FA6857
S315080665D09A4203D1F968786800F01FF8FB681846EE
S315080665E01037BD4680BD80B483B000AF7860396089
S315080665F07B681A683B681340002B07D17B681A68C4
S315080666003B681A437B681A60012300E00023184694
S315080666100C37BD465DF8047B704780B483B000AF7F
S31508066620786039607B685B7E062B01D100230FE014
S315080666307B681A683B681340002B08D07B681A6883
S315080666403B68DB431A407B681A60012300E0002397
S3150806665018460C37BD465DF8047B704780B582B090
S3150806666000AF78607B689B7EFF2B12D17B685B7ECA
S315080666701D4A1B01134404331B68002B2FD07B6865
S315080666805B7E194A1B01134404331B6878689847CE
S3150806669025E07B685B7E062B11D87B685B7E124AF3
S315080666A01B01134408331B68002B08D07B685B7EE6
S315080666B00D4A1B01134408331B68786898477B689C
S315080666C09B7E094A1B0113441B68002B07D07B686F
S315080666D09B7E054A1B0113441B687868984700BFCA
S315080666E00837BD4680BD00BF1409070880B485B0C3
S315080666F000AF78600B46FB700023FB60FB78062B21
S3150806670002D0FB78002B05D17B68FA789A760023A7
S31508066710FB6045E07B685B7E002B05D1FB78012B89
S3150806672002D00123FB603BE07B685B7E062B08D024
S31508066730FB78012B05D17B68FA789A760023FB60ED
S315080667402EE07B685B7E062B03D07B685B7E002B80
S3150806675002D10123FB6023E0FB78012B03D07B687B
S315080667605B7E012B05D17B68FA789A760023FB6057
S3150806677016E07B685B7E012B0FD97B685B7E042B54
S315080667800BD8FB78012B08D9FB78042B05D87B6830
S31508066790FA789A760023FB6002E04FF48073FB6072
S315080667A0FB6818461437BD465DF8047B704780B506
S315080667B084B000AF78607B68D3F820217B68B3F88D
S315080667C0243119461046DFF7B9FB0346012B0CBFE1
S315080667D001230023FB737B685B7E032B03D07B6850
S315080667E05B7E042B04D1FB7B002B01D0012300E042
S315080667F0002303F00103DBB218461037BD4680BDF9
S3150806680080B584B000AF78607B68D3F828217B68AA
S31508066810B3F82C3119461046DFF790FB0346012BD1
S315080668200CBF01230023FB737B685B7E052B04D113
S31508066830FB7B002B01D0012300E0002303F00103B4
S31508066840DBB218461037BD4680BD000080B500AFDE
S31508066850754B764A9A64744B754A1A64724B754A2E
S31508066860DA64714B734A9A656F4B0022DA656E4B8A
S31508066870704AC3F8B0206C4B0422C3F8B4206A4B9E
S315080668806D4A5A64684B4FF48062A3F81C21664B1E
S315080668906A4AC3F81821644B0222A3F82421624BDC
S315080668A0674AC3F82021604B4FF40072A3F82C21DF
S315080668B05D4B644AC3F828215B4B0022C3F81421B2
S315080668C0594B45F22852C3F87421574BC922A3F8E7
S315080668D08421554B41F2CC02C3F87821524BF52256
S315080668E0A3F88621504B4FF44372C3F87C214E4BCE
S315080668F0FE22A3F888214C4B4FF49672C3F88021E2
S31508066900494BFF22A3F88A21474B4DF6C022C3F806
S315080669107021454B40F6A202A3F86E21424B062289
S3150806692083F8682107224849484803F0FBFE0B22EC
S315080669304749484803F0F6FE474B484A9A64464B89
S31508066940474A1A64444B474ADA64434B454A9A65AA
S31508066950414B0022DA65404B424AC3F8B0203E4B0B
S315080669600422C3F8B4203C4B334A5A643A4B4FF4D4
S315080669700062A3F81C21384B3B4AC3F81821364B4C
S315080669804FF48072A3F82421334B384AC3F82021E2
S31508066990314B4FF48062A3F82C212F4B294AC3F8B2
S315080669A028212D4B1022C3F814212B4B45F22852C9
S315080669B0C3F87421284BC922A3F88421264B41F231
S315080669C0CC02C3F87821244BF522A3F88621224B5C
S315080669D04FF44372C3F87C211F4BFE22A3F8882185
S315080669E01D4B4FF49672C3F880211B4BFF22A3F862
S315080669F08A21194B4DF6C022C3F87021164B40F66C
S31508066A00A202A3F86E21144B062283F868210722F0
S31508066A101749184803F086FE0B221749174803F04C
S31508066A2081FE00BF80BD00BF1C29002088430020C8
S31508066A30D841002028450020744300200004004859
S31508066A4000140048000C0048B0F306082029002068
S31508066A50B8F30608042B0020202B0020DC43002070
S31508066A6044420020C045002000080048001000489F
S31508066A70C4F30608242B0020CCF30608082D0020AC
S31508066A8080B483B000AF786039607B685A7E3B680D
S31508066A905A707B681A683B685A607B682F4A934225
S31508066AA001D1012200E002223B681A707B68D3F8FE
S31508066AB030213B689A607B68D3F834213B68DA60F4
S31508066AC07B68D3F83C213B681A617B68D3F840217A
S31508066AD03B685A617B68D3F844213B689A617B68B0
S31508066AE0D3F848213B68DA617B68D3F84C213B68C2
S31508066AF05A627B68D3F838213B681A627B6893F832
S31508066B006D213B6883F828203B6893F82C30002BC8
S31508066B101DD07B68B3F85C213B68DA857B68B3F8D9
S31508066B205E213B681A867B68B3F860213B685A86FD
S31508066B307B68B3F862213B689A867B68B3F864215A
S31508066B403B68DA867B68B3F86A213B681A8700BF12
S31508066B500C37BD465DF8047B704700BF1C2900202C
S31508066B6080B483B000AF786039603B685A687B6842
S31508066B70C3F898213B689A687B68C3F89C213B68EA
S31508066B80DA687B68C3F8A0213B681A697B68C3F88C
S31508066B90A4213B685A697B68C3F8A8213B689A69A9
S31508066BA07B68C3F8AC213B68DA697B68C3F8B82109
S31508066BB03B681A6A7B68C3F8BC213B685A6A7B68D5
S31508066BC0C3F8C0213B689A6A7B68C3F8C4213B6848
S31508066BD0DA6A7B68C3F8C8213B681A6B7B68C3F810
S31508066BE0CC213B685A6B7B68C3F8D0213B689A6B05
S31508066BF07B68C3F8D4213B68DA6B7B68C3F8D8216F
S31508066C003B681A6C7B68C3F8DC213B685A6C7B6860
S31508066C10C3F8E0213B689A6C7B68C3F8E4217B6875
S31508066C20012283F8942100BF0C37BD465DF8047B24
S31508066C307047000080B582B000AF786039603B685F
S31508066C401B78052B4DD801A252F823F0E16C0608ED
S31508066C50656C06087B6C0608996C0608B76C060808
S31508066C60D96C06083B689B78002B14BF01230023C2
S31508066C70DAB27B6883F8942133E03B689B78002B6D
S31508066C8014BF01230023DBB219467868FEF76AFBB0
S31508066C906420DCF72DFC24E03B689B78002B14BFA8
S31508066CA001230023DBB219467868FEF783FB6420C6
S31508066CB0DCF71EFC15E03B685A687B68C3F890212A
S31508066CC03B689A687B68C3F88C213B689B781946AB
S31508066CD07868FFF70BFD04E07868FEF7D3FA00E05C
S31508066CE000BF00BF0837BD4680BD00BF80B584B06B
S31508066CF000AF78600023FB730123FB730223FB7343
S31508066D000323FB730423FB737B6893F86831052B0F
S31508066D1001D90523FB73022001F088FC0346002BE4
S31508066D2025D001F019FC7B6804331946874801F01B
S31508066D30DBFBFB7B7A68AC335B0013449B881946FE
S31508066D40FB7B7A68AC335B0013449B881A4640F68D
S31508066D50E44302FB03F3002B01DA03F6FF731B1366
S31508066D601A467B4801F0C0FB7A4801F0BDFB0123B1
S31508066D70FB73022001F05AFC0346002B25D001F0CE
S31508066D80EBFB7B6804331946704801F0ADFBFB7BC9
S31508066D907A68AC335B0013449B881946FB7B7A6892
S31508066DA0AC335B0013449B881A4640F6E44302FB61
S31508066DB003F3002B01DA03F6FF731B131A4666481C
S31508066DC001F092FB634801F08FFB0223FB73022056
S31508066DD001F02CFC0346002B25D001F0BDFB7B6891
S31508066DE004331946594801F07FFBFB7B7A68AC33B6
S31508066DF05B0013449B881946FB7B7A68AC335B00B9
S31508066E0013449B881A4640F6E44302FB03F3002B19
S31508066E1001DA03F6FF731B131A46504801F064FBA2
S31508066E204C4801F061FB0323FB73022001F0FEFBCD
S31508066E300346002B25D001F08FFB7B6804331946E1
S31508066E40424801F051FBFB7B7A68AC335B0013447E
S31508066E509B881946FB7B7A68AC335B0013449B8890
S31508066E601A4640F6E44302FB03F3002B01DA03F65F
S31508066E70FF731B131A463A4801F036FB354801F0EC
S31508066E8033FB0423FB73022001F0D0FB0346002BD9
S31508066E9025D001F061FB7B68043319462B4801F0BF
S31508066EA023FBFB7B7A68AC335B0013449B88194645
S31508066EB0FB7B7A68AC335B0013449B881A4640F61C
S31508066EC0E44302FB03F3002B01DA03F6FF731B13F5
S31508066ED01A46244801F008FB1E4801F005FB7B68A4
S31508066EE093F86831052B2DD90523FB73022001F08B
S31508066EF09DFB0346002B25D001F02EFB7B68043349
S31508066F001946124801F0F0FAFB7B7A68AC335B0047
S31508066F1013449B881946FB7B7A68AC335B0013449B
S31508066F209B881A4640F6E44302FB03F3002B01DA74
S31508066F3003F6FF731B131A460B4801F0D5FA0548E4
S31508066F4001F0D2FA00BF1037BD4680BDD8F3060851
S31508066F50E0F3060804F4060808F406082CF40608FE
S31508066F6050F4060874F4060898F4060880B485B042
S31508066F7000AFF8600B467A607B817B8907EE903A0C
S31508066F80F8EE677AB0EE670A1437BD465DF8047BF5
S31508066F90704780B485B000AFF86087ED020A79605D
S31508066FA0BB6807EE903AB0EE670A1437BD465DF839
S31508066FB0047B704780B586B000AF78600B46FB70D9
S31508066FC000233B610023FB607B6893F83B309AB24B
S31508066FD0FB787968C0335B000B449B889A4222D0BB
S31508066FE07B6803F13400FB787A68C0335B00134488
S31508066FF09B88DBB21946F0F7A4FB0120DCF778FA82
S315080670000A20DCF775FA7B68186C7B6803F5AE719F
S315080670107B6893F868311A46DCF7B0FE0346FB72BE
S315080670200120DCF765FA7B68B3F85C311A4640F648
S31508067030E44302FB03F3002B01DA03F6FF731B1383
S315080670403B61FB787A685C339B0013445B687A6815
S31508067050B2F86E211A447B68D3F8703113443A693C
S3150806706003FB02F2FB7879685C339B000B445B688A
S315080670707968B1F86E110B44B2FBF3F399B2FB7853
S315080670803233DB007A68134408331A467868FFF702
S315080670906DFFF0EE407AFCEEE77A17EE903AFB6063
S315080670A0FB6842F21072934202D80023FB751DE074
S315080670B0FB6847F23052934202D80123FB7515E066
S315080670C0FB684EF66022934202D80223FB750DE052
S315080670D07B6803F134027B68B3F88A31DBB219465A
S315080670E01046F0F72EFB4EF6602316E0FA7DFB787F
S315080670F09A420CD37B6803F134027B68B3F888316D
S31508067100DBB219461046F0F71CFBFB6805E0FB7D6B
S3150806711019467868FFF74EFF034618461837BD46E0
S3150806712080BD000080B584B000AF78600023FB60A0
S315080671300023BB607B68B3F85E311A4640F6E44323
S3150806714002FB03F3002B01DA03F6FF731B13FB603E
S31508067150FA6813461B019B1A9B009B1A114AA2FB47
S3150806716003235B0899B27B6803F5DC731A467868CD
S31508067170FFF7FCFEF0EE407AFCEEE77A17EE903A59
S31508067180BB607B6803F134027B68B3F88831DBB2EF
S3150806719019461046F0F7BAFABB6818461037BD46C0
S315080671A080BD00BFABAAAAAA80B584B000AF786036
S315080671B07B68B3F864311A4640F6E44302FB03F3E8
S315080671C0002B01DA03F6FF731B13FB60FB686422C8
S315080671D002FB03F30B4A82FB03121211DB17D31ABF
S315080671E099B27B6803F5E8731A467868FFF7BEFE18
S315080671F0F0EE407AFDEEE77A17EE903A1846103723
S31508067200BD4680BD4FECC44E80B582B000AF7860EF
S315080672107B68B3F86A311A4642F2107302FB03F327
S31508067220002B01DA03F6FF731B1399B27B6803F585
S31508067230E4731A467868FFF799FEF0EE407AFDEE93
S31508067240E77A17EE903A18460837BD4680BD00001D
S3150806725080B586B000AF78604FF000037B617B6827
S31508067260B3F86031B3F5805F07D94FF480017868C3
S31508067270FFF7B9F9DFED4E7A89E07B68B3F8603136
S315080672801846D9F787F902460B4643A1D1E9000104
S31508067290D9F714FB02460B46104619464FF000026C
S315080672A0444BD9F729F802460B463DA1D1E9000118
S315080672B0D9F704FB02460B4610461946D9F7ACFC25
S315080672C003463B61D7ED047A9FED3B7AC7EE876A9C
S315080672D016EE900AD9F770F902460B4643EC102BC0
S315080672E005F0CEFF53EC102B10461946D9F794FC39
S315080672F003467B61D7ED057A9FED307A67EE877A86
S315080673009FED2F7A37EE877AD7ED057ADFED2D6A68
S3150806731067EEA66AD7ED057A66EEA77A37EE277A76
S31508067320D7ED057ADFED286A67EEA66AD7ED057A00
S3150806733066EEA76AD7ED057A66EEA77A77EE277A16
S3150806734017EE900AD9F738F902460B464FF00000B1
S315080673501849D9F7B3FA02460B461046194612A338
S31508067360D3E90023D8F7C8FF02460B461046194646
S31508067370D9F752FC0346FB607B6803F5EC7319469E
S3150806738097ED030A7868FFF704FEF0EE407AB0EE4A
S31508067390670A1837BD4680BD0000000000FEAF40EC
S315080673A0000000000088C34066666666661271407D
S315080673B0339388C30000F03F00401C46027E863998
S315080673C00FCF5B3B3AE22E367BEB87330000000095
S315080673D080B586B000AF78604FF000037B617B68A6
S315080673E0B3F86231B3F5805F07D94FF400117868B0
S315080673F0FFF7F9F8DFED4E7A89E07B68B3F8623174
S315080674001846D9F7C7F802460B4643A1D1E9000143
S31508067410D9F754FA02460B46104619464FF00002AB
S31508067420444BD8F769FF02460B463DA1D1E9000150
S31508067430D9F744FA02460B4610461946D9F7ECFB25
S3150806744003463B61D7ED047A9FED3B7AC7EE876A1A
S3150806745016EE900AD9F7B0F802460B4643EC102BFF
S3150806746005F00EFF53EC102B10461946D9F7D4FB38
S3150806747003467B61D7ED057A9FED307A67EE877A04
S315080674809FED2F7A37EE877AD7ED057ADFED2D6AE7
S3150806749067EEA66AD7ED057A66EEA77A37EE277AF5
S315080674A0D7ED057ADFED286A67EEA66AD7ED057A7F
S315080674B066EEA76AD7ED057A66EEA77A77EE277A95
S315080674C017EE900AD9F778F802460B464FF00000F1
S315080674D01849D9F7F3F902460B461046194612A378
S315080674E0D3E90023D8F708FF02460B461046194685
S315080674F0D9F792FB0346FB607B6803F5EC731946DE
S3150806750097ED030A7868FFF744FDF0EE407AB0EE89
S31508067510670A1837BD4680BD0000000000FEAF406A
S31508067520000000000088C3406666666666127140FB
S31508067530339388C30000F03F00401C46E15A9D3944
S315080675400FCF5B3B3CA1AA36AEE56A3480B584B05C
S3150806755000AF786000237B8100233B814FF0FF3321
S31508067560FB607B6893F86831052B28D97B68B3F8E6
S3150806757066317B817B8940F6E44202FB03F3002BE6
S3150806758001DA03F6FF731B133B813B894EF27862D9
S3150806759002FB03F30C4A82FB03129211DB17D31A7A
S315080675A099B27B6803F5E0731A467868FFF7DEFC3E
S315080675B0F0EE407AFDEEE77A17EE903AFB60FB6846
S315080675C018461037BD4680BDF119760580B582B0D6
S315080675D000AFFCF745FD234B234A1A63214B0022CD
S315080675E01A73204B00221A611E4B204AC3F8BC2484
S315080675F01C4B002283F898241A4B0022C3F89C24B5
S31508067600184B1B4AC3F84829164B012283F8242926
S31508067610184B194A19491A48F7F7A4FF034683F07F
S315080676200103DBB2002B05D0124B134A1349144843
S31508067630F8F706F800237B600CE07B684FF4EC72DB
S3150806764002FB03F30B4A1344184600F0E9FA7B6873
S3150806765001337B607B68092BEFDD00231846083764
S31508067660BD4680BD344C002094AB002018AC0020E3
S315080676709CAC0020242D0020C4050708BCF4060887
S31508067680CCF4060880B584B000AF78607B689A6942
S315080676907B68DA6109E07B68DB69FB60FB685A6828
S315080676A07B68DA61F86801F039F87B68DB69002BD4
S315080676B0F1D17B680022DA617B6800229A6100BFF5
S315080676C01037BD4680BD000080B584B000AF78602F
S315080676D00B46FB700023FB737B6893F82130FA7818
S315080676E09A4212D9082000F0A1FF0346002B2CD097
S315080676F000F032FF1749184800F0F6FE174800F062
S31508067700F3FE174800F0F0FE1FE00023FB7317E0B0
S31508067710FA7B79681346DB0013449B000B446C33EB
S315080677201B78032B09D1FA7B79681346DB001344C9
S315080677309B000B44783300221A60FB7B0133FB73EC
S31508067740FA7BFB789A42E3D300E000BF1037BD46C2
S3150806775080BD00BFDCF40608ECF40608F4F4060857
S3150806776020F5060880B584B000AF78603960002336
S31508067770FB737B68002B6DD03B681B78032B69D897
S315080677803B681A787B689A707B689B78032B4CD87B
S3150806779001A252F823F000BFA9770608C1770608A2
S315080677A0D9770608137806087B6803F118003B683C
S315080677B004332022194602F0B5FF0123FB7349E07C
S315080677C07B6803F118003B6804332022194602F049
S315080677D0A9FF0123FB733DE07B6803F118003B68AC
S315080677E004330822194602F09DFF7B689B69002B25
S315080677F00CD17B68D3ED077A9FED197AF4EEC77A32
S31508067800F1EE10FA02DD0023FB7323E00123FB7376
S3150806781020E07B6803F118003B6804330C221946FE
S3150806782002F080FF0123FB7314E0102000F0FEFE31
S315080678300346002B0ED000F08FFE0A490A4800F0D0
S3150806784053FE7B689B781946084800F04DFE0848A3
S3150806785000F04AFEFB7B18461037BD4680BD00BFC2
S3150806786000007042DCF40608ECF4060824F506085F
S3150806787020F5060890B58BB002AF7860396000230C
S31508067880FB610023FB753868FFF7FCFE7B6893F8F7
S31508067890213019467868FFF717FF3B6800229A7267
S315080678A03B684FF47A729A823B68DB68581C7B6899
S315080678B001332022194602F035FF3B687A68DA60FA
S315080678C000233B610023FB6179E1382000F01EFFA7
S315080678D00346FB60FB68002B17D1102000F0A6FEB6
S315080678E00346002B0BD000F037FEA749A74800F041
S315080678F0FBFDA74800F0F8FDA64800F0F5FD386838
S31508067900FFF7C0FE4FF0FF3369E1FB6800225A60B5
S315080679100023FB757968FA691346DB0013449B0056
S315080679200B446C331B78022B02DC002B04DAFBE0D3
S31508067930032B00F08C80F7E0FA691346DB00134444
S315080679409B0068337A68134404331946F868FFF7C8
S3150806795009FF0346002B62D0FB69DAB2FB685A7048
S315080679600123FB75022000F061FE0346002B1BD09F
S3150806797000F0F2FD8449854800F0B6FD7968FA6993
S315080679801346DB0013449B000B446C331B78002B11
S3150806799001D1814B00E0814B3A69F969804800F0CC
S315080679A0A3FD7C4800F0A0FD7968FA691346DB005A
S315080679B013449B000B446C331B78002B15D102200D
S315080679C000F034FE0346002B25D000F0C5FD6E49AF
S315080679D06E4800F089FDFB68DB691946714800F0B8
S315080679E083FD6C4800F080FD15E0022000F01EFEBF
S315080679F00346002B0FD000F0AFFD6349634800F03D
S31508067A0073FDFB681C3393E80600664800F06CFDB8
S31508067A10604800F069FDFB690133FB6198E01020B8
S31508067A2000F004FE0346002B0BD000F095FD5649E0
S31508067A30564800F059FD5C4800F056FD554800F0DA
S31508067A4053FD3868FFF71EFE4FF0FF33C7E0796827
S31508067A50FA691346DB0013449B000B44783319680E
S31508067A607868FA691346DB0013449B0003447433AB
S31508067A701B6899424ED27968FA691346DB001344A5
S31508067A809B000B4478331B68591C7868FA691346B9
S31508067A90DB0013449B00034478331960022000F088
S31508067AA0C5FD0346002B2AD000F056FD3649374851
S31508067AB000F01AFD7968FA691346DB0013449B0041
S31508067AC00B44783318687968FA691346DB00134459
S31508067AD09B000B4474331C687968FA691346DB0005
S31508067AE013449B000B4470331B68009323460246D7
S31508067AF0F9692E4800F0F8FC264800F0F5FC796886
S31508067B00FA691346DB0013449B000B4470331B6863
S31508067B10FB611DE0FB690133FB61FB69DBB21946B4
S31508067B207868FFF7D1FD13E0102000F07FFD0346C5
S31508067B30002B0BD000F010FD1349144800F0D4FCB6
S31508067B401B4800F0D1FC134800F0CEFC012346E0A2
S31508067B50FB7D002B2ED03B695A1C3A61DAB2FB68CC
S31508067B601A70FB681B78002B08D13B68FA68DA613D
S31508067B703B68FA689A61FB68BB611EE0BB69FA68EE
S31508067B805A60FB68BB6118E0DCF40608ECF40608E4
S31508067B9040F5060820F5060850F5060858F50608BD
S31508067BA064F506088CF50608A0F50608B4F5060871
S31508067BB0E4F50608F86800F0B1FD0023FB757B6856
S31508067BC093F821301A46FB699342FFF67EAE3B6967
S31508067BD0DBB2013BDAB23B6883F82020002318465D
S31508067BE02437BD4690BD00BF80B483B000AF786029
S31508067BF07B685B88023B032B0AD801A252F823F05E
S31508067C00117C0608117C0608117C0608117C0608F4
S31508067C1000BF00BF0C37BD465DF8047B704700BF42
S31508067C2080B584B000AF78600023FB730EE0FA7B5C
S31508067C301346DB0013449B0068337A6813440433FF
S31508067C401846FFF7D1FFFB7B0133FB737B6893F876
S31508067C502130FA7B9A42EAD300BF00BF1037BD46E9
S31508067C6080BD000080B5ADF5187D02AF07F5167321
S31508067C70A3F51573186007F51673A3F51673196039
S31508067C8007F51673A3F5157307F584721968104672
S31508067C90EBF7B3F9034687F8573297F85732002BAE
S31508067CA040D107F59E7207F5847311461846EBF719
S31508067CB03DFA034687F8573297F85732002B2CD1E8
S31508067CC007F51673A3F58E739B7D002B25D007F54E
S31508067CD01673A3F58E731B7A03F01003002BE0D0F8
S31508067CE007F51673A3F5157307F1080007F59E72CF
S31508067CF0163200921B680E4A4FF4807101F066FB35
S31508067D0007F51673A3F516731B685A1C07F10803BD
S31508067D1011461846FFF7A6FFC3E707F58473184604
S31508067D20EBF7DEF900BF07F51677BD4680BD00BF3F
S31508067D30F8F5060890B5ADF5357D02AF07F5327349
S31508067D40A3F52F73186007F53273A3F53073196018
S31508067D5007F53273A3F531731A6007F53273A3F57F
S31508067D602F731868EBF7CAFA034687F8C73297F8E7
S31508067D70C732002B03D097F8C732082B66D107F50A
S31508067D803273A3F52F7307F1100007F53272A2F5C1
S31508067D903072126800921B68364A802101F016FB7B
S31508067DA007F1100107F194030A221846EAF702FAC0
S31508067DB0034687F8C73297F8C732002B3AD107F534
S31508067DC03273A3F531731868D8F78AFA044607F1A9
S31508067DD0900307F53272A2F5317107F1940022462F
S31508067DE00968EAF7E4FC034687F8C73297F8C73204
S31508067DF0002B0ED107F53273A3F531731868D8F739
S31508067E006FFA024607F53273A3F50E731B689A4294
S31508067E100AD000F0A1FB07F110031946164800F030
S31508067E2063FB164800F060FB07F194031846EAF769
S31508067E30B1FE19E000F090FB07F110031946104849
S31508067E4000F052FB0D4800F04FFB0DE000F084FBF6
S31508067E5007F53273A3F52F7319680A4800F044FB31
S31508067E60064800F041FB00BF00BF07F53377BD465D
S31508067E7090BD00BFF8F5060800F6060820F60608BF
S31508067E8024F6060844F6060880B5ADF50E7D00AF5D
S31508067E90022000F0CBFB0346002B0BD000F05CFB60
S31508067EA02149224800F020FB214800F01DFB214805
S31508067EB000F01AFBFCF796FA0346002B1BD11E4A5E
S31508067EC01E491F48FFF736FF012000F0AFFB0346A1
S31508067ED0002B0BD000F040FB1349144800F004FBB6
S31508067EE0184800F001FB134800F0FEFA0021164870
S31508067EF0FFF7B8FE11E0102000F098FB0346002BAA
S31508067F000BD000F029FB0849084800F0EDFA0F489F
S31508067F1000F0EAFA074800F0E7FAFCF7AFFA00BFFE
S31508067F2007F50E77BD4680BD74F6060880F6060880
S31508067F3088F6060820F606089CF60608ACF606082D
S31508067F40BCF60608C4F6060864F60608E0F6060849
S31508067F5080B5ADF5906D00AF07F59063A3F274434F
S31508067F60186007F59063A3F58F63196007F59063A4
S31508067F70A3F279431A70FCF735FA0346002B17D194
S31508067F80102000F053FB0346002B0ED000F0E4FA4F
S31508067F904449454800F0A8FA97F87F3419464348F5
S31508067FA000F0A2FA424800F09FFA4FF0FF3374E059
S31508067FB007F59063A3F2744307F118000A221968B5
S31508067FC0EAF7F8F8034687F87F3497F87F34002BE4
S31508067FD019D0102000F02AFB0346002B0ED000F01D
S31508067FE0BBFA3049304800F07FFA97F87F341946CD
S31508067FF0304800F079FA2E4800F076FAFCF73EFA91
S315080680004FF0FF3349E007F59063A3F279431A78F0
S3150806801007F1140307F59061A1F58F6107F11800BA
S315080680200968EAF7C4FB034687F87F3497F87F346E
S31508068030002B0BD107F59063A3F279431A7807F557
S315080680409063A3F26C431B689A421ED0102000F078
S31508068050EDFA0346002B0ED000F07EFA11491248B7
S3150806806000F042FA97F87F341946134800F03CFAAE
S315080680700F4800F039FA07F118031846EAF78AFD99
S31508068080FCF7FCF94FF0FF3307E007F1180318462B
S31508068090EAF780FDFCF7F2F90023184607F590671C
S315080680A0BD4680BD74F6060880F6060800F706087B
S315080680B020F6060818F7060830F7060880B5ADF55F
S315080680C0906D00AF07F59063A3F27443186007F541
S315080680D09063A3F58F63196007F59063A3F27C4353
S315080680E01A60FCF77FF90346002B17D1102000F01B
S315080680F09DFA0346002B0ED000F02EFA5E495F481D
S3150806810000F0F2F997F87F3419465D4800F0ECF965
S315080681105C4800F0E9F94FF0FF33A8E007F59063ED
S31508068120A3F2744307F1140001221968EAF742F824
S31508068130034687F87F3497F87F34002B19D010202A
S3150806814000F074FA0346002B0ED000F005FA4A49E9
S315080681504A4800F0C9F997F87F3419464A4800F0A4
S31508068160C3F9484800F0C0F9FCF788F94FF0FF3321
S315080681707DE007F59063A3F26C43DB68C7F87834AD
S31508068180022000F053FA0346002B12D000F0E4F959
S3150806819039493A4800F0A8F907F59063A3F27443FB
S315080681A0D7F878241968394800F09EF9354800F05A
S315080681B09BF907F1100307F59062A2F27C4207F5D0
S315080681C09061A1F58F6107F1140012680968EAF74C
S315080681D0AFF9034687F87F3497F87F34002B1ED00D
S315080681E007F114031846EAF7D5FCFCF747F91020F9
S315080681F000F01CFA0346002B0ED000F0ADF91E4916
S315080682001E4800F071F997F87F341946204800F0A1
S315080682106BF91C4800F068F94FF0FF3327E0022097
S3150806822000F004FA0346002B15D000F095F912491A
S31508068230124800F059F907F59063A3F58E631A6894
S3150806824007F59063A3F274431968124800F04CF9CF
S315080682500C4800F049F907F114031846EAF79AFCA0
S31508068260FCF70CF907F59063A3F58E631B681846A9
S3150806827007F59067BD4680BD74F6060880F60608BB
S3150806828000F7060820F6060818F7060848F7060847
S3150806829060F706087CF7060880B5C8B000AF07F58C
S315080682A09073A3F58E73186007F59073A3F590730C
S315080682B0196007F59073A3F5827300221A600433D2
S315080682C0FC220021184601F03BF907F59073A3F541
S315080682D08C7307F11C014FF480721846EDF72CFBD8
S315080682E007F59073A3F5907307F108001A680D4908
S315080682F0EDF78FFF034687F81F3107F59073A3F549
S315080683008C73DB68DAB207F11C0107F59073A3F5DF
S315080683108E731868FFF71CFE0346184607F590770E
S31508068320BD4680BDFC00070880B487B000AF7861FB
S3150806833087ED040AC7ED030A87ED021AC7ED011A87
S315080683407B693A691A607B69FA685A607B69BA6812
S315080683509A607B694FF00002DA607B694FF000028B
S315080683601A617B697A685A6100BF1C37BD465DF893
S31508068370047B7047B0B58CB006AFF860B9607A6012
S315080683803B60BA680021F86801F0DAF87B68DB78A2
S3150806839003F5FA627B685B7819467B689B7818460C
S315080683A03B681B781C463B685B781D463B689B7892
S315080683B0049303950294019000911346BA6AB96824
S315080683C0F86801F003F87861BB687A699A4213DBA4
S315080683D0082000F02BF90346002B0DD000F0BCF858
S315080683E00849094800F080F87A69B968074800F02C
S315080683F07BF8074800F078F8FB6818461837BD4634
S31508068400B0BD00BFCCF70608B4F70608F4F70608A9
S31508068410C8F7060880B588B002AF3B46002219465B
S315080684200B48DFF7C9FD07F1140300221946084869
S31508068430DFF7A5FE3B4607F11402064900914021DF
S315080684400548FFF797FF034618461837BD4680BD09
S315080684503044002018F806085CB3002080B58CB0B6
S3150806846000AF786039607B68DB7864333B627B688B
S315080684705B78013BFB617B689B78BB613B681B7835
S315080684807B613B685B783B613B689B78FB604FF09A
S31508068490FF33FB6207F10C03184601F03FFC024660
S315080684A00B46134618463037BD4680BD80B586B09E
S315080684B000AF3B46002219460A48DFF77DFD07F15D
S315080684C01403002219460748DFF759FE3A4607F10C
S315080684D0140311461846FFF7C1FF03461846183710
S315080684E0BD4680BD304400200FB480B582B000AFCB
S315080684F0FE220021164801F023F807F114037B60D3
S315080685007A683969124801F011F8114800F056FFE1
S315080685100F48D7F7E5FE0346FC2B06D80C48D7F7CF
S31508068520DFFE0346DBB29AB200E0FD224FF0FF33C8
S3150806853007490848E2F7DEFE0548D7F7D1FE03469F
S31508068540DBB218460837BD46BDE8804004B070471A
S315080685509CB300202048002080B500AF00220B49B6
S315080685600B48DFF729FD00220A490948DFF707FE07
S31508068570064B1B781946054B5B781A46034B9B78C0
S315080685800548FFF7B1FF00BF80BD00BF9CB40020B9
S3150806859030440020B0B4002060F8060880B500AF65
S315080685A0202228210248FFF79FFF00BF80BD00BF93
S315080685B070F8060880B500AF252228210248FFF77D
S315080685C093FF00BF80BD00BF70F8060880B500AFF0
S315080685D0212228210248FFF787FF00BF80BD00BF7A
S315080685E070F8060880B500AF1F2228210248FFF753
S315080685F07BFF00BF80BD00BF70F8060880B500AFD8
S31508068600212229210248FFF76FFF00BF80BD00BF60
S3150806861070F8060880B500AF222228210248FFF71F
S3150806862063FF00BF80BD00BF70F8060880B582B03C
S3150806863000AF0346FB71FB79002B01D1002343E00B
S31508068640FB79102B28DC002B3BDD013B0F2B38D89A
S3150806865001A252F823F000BF9F860608A5860608DB
S31508068660C3860608AB860608C3860608C3860608B2
S31508068670C3860608B1860608C3860608C38606089C
S31508068680C3860608C3860608C3860608C38606087A
S31508068690C3860608B7860608802B0FD011E0FFF7B3
S315080686A07DFF10E0FFF786FF0DE0FFF78FFF0AE074
S315080686B0FFF798FF07E0FFF7A1FF04E0FFF7AAFF19
S315080686C001E0002300E0012318460837BD4680BDB1
S315080686D0024B0A460146186800F002B8F43F002025
S315080686E037B5A1FB02244CB91146019200F03EF8B3
S315080686F0019A054630B9284603B030BD0C220260F9
S315080687000025F8E7214600F01BFFF4E7024B014671
S31508068710186800F02BB800BFF43F0020024B01464C
S31508068720186802F0BBBE00BFF43F002070B50E4EB7
S315080687300C463168054611B901F09CFF30602146A2
S31508068740284601F097FF431C0AD0C41C24F00304EC
S31508068750A04207D0211A284601F08CFF013001D124
S315080687604FF0FF34204670BDB8B400202DE9F84313
S31508068770CD1C25F0030508350C2D38BF0C25002D14
S31508068780074601DBA94205D90C233B60002630467D
S31508068790BDE8F883DFF8D08000F068F8D8F800302E
S315080687A01C465CBB29463846FFF7C0FF431C0446F1
S315080687B055D1D8F800402646002E45D1002C48D07B
S315080687C023683146384604EB030901F053FF814511
S315080687D03FD121686D1A29463846FFF7A7FF0130AB
S315080687E037D023682B442360D8F80030002B38D0BE
S315080687F05A68A2422BD100225A600FE02268521B01
S315080688001FD40B2A17D96119A342256018BF5960C8
S31508068810636808BFC8F8001062514B60384604F111
S315080688200B0600F029F826F00706231DF21AAED025
S315080688309B1BA350ABE7A3426268DDD1C8F80020AC
S31508068840ECE723466468ACE734467668B4E713462D
S31508068850CCE70C233B60384600F00EF897E7256010
S31508068860DCE75B60FFDE00BFB4B40020014801F018
S315080688704EBF00BF21B60020014801F04ABF00BF1F
S3150806888021B600202DE9FF4755EC104B002D0E4664
S3150806889019462B46BBBF05F100431D4600232D236B
S315080688A00B700D9BDDF830A0914623F02008BCBF5F
S315080688B022461446B8F1460F05D0B8F1450F00D141
S315080688C00136022100E0032103AB019302AB0093B4
S315080688D045EC104B5346324601F0EEFFB8F1470F0A
S315080688E0074602D119F0010F22D0B8F1460F07EB59
S315080688F0060910D13B78302B0AD1002200232046E0
S315080689002946D8F719F918B9C6F10106CAF8006052
S31508068910DAF8003099440022002320462946D8F77B
S315080689200BF908B1CDF80C903022039B4B4507D3BB
S31508068930039B0E9ADB1B3846136004B0BDE8F08726
S31508068940591C03911A70F0E7F7B503460029B8BF14
S31508068950494203F8022BB4BF2D222B22092942705D
S315080689602ADD0DF1070217460A26944691FBF6F507
S3150806897006FB151430340CF8014C0C46632C02F130
S31508068980FF322946F1DC3031ACF1020402F8011C4B
S31508068990411C2246BA420AD30DF10902A2EB0C0281
S315080689A0BC4288BF00221344181A03B0F0BD12F859
S315080689B0015B01F8015FEDE7302330318370C17042
S315080689C0031DF1E72DE9F04F2DED028B8DB00C4610
S315080689D0DDF8608016461F46054601F013FED0F8F8
S315080689E000A05046D7F77CFC00230A932368059314
S315080689F0D8F8003094F818B0073323F0070303F1C4
S31508068A000802C8F80020D3E9008929F0004307932D
S31508068A10CDF8188008EE100AC4E91289DDE90601C0
S31508068A209E4B4FF0FF32D8F7B9F888BBDDE9060149
S31508068A309A4B4FF0FF32D8F793F848BB002200232B
S31508068A4040464946D8F782F810B12D2384F84330B4
S31508068A50934A944BBBF1470F94BF90469846032317
S31508068A602361059B23F0040323604FF00009009752
S31508068A7033460BAA2146284600F0DAF9013040F0BB
S31508068A8090804FF0FF300DB0BDEC028BBDE8F08F3D
S31508068A9042464B4640464946D8F780F840B14B46CB
S31508068AA0002BBCBF2D2384F843307F4A7F4BD1E782
S31508068AB063680BF0DF0206925A1C3FD106236360F1
S31508068AC0059B616843F48062002303930AABCDE9EC
S31508068AD001B309AB49EC108B009322600DF1230311
S31508068AE02846FFF7CFFE069B0999472B804608D1ED
S31508068AF0C81C02DB6368994241DDABF102035FFAE3
S31508068B0083FBBBF1650F20D801395A4604F150009C
S31508068B100991FFF719FF0A9A1318012A8146236154
S31508068B2002DC2268D20701D5013323619DF823307A
S31508068B30002B9CD02D2384F8433098E7069A472ABB
S31508068B40BED1002BBCD10123B9E7BBF1660F18D1FC
S31508068B50002963680BDD216113B92268D00702D59F
S31508068B6001330B442361A1654FF00009DEE713B90B
S31508068B702268D20701D50233F4E70123F2E74FF05C
S31508068B80670B0A9B994205DB23682161D807EAD554
S31508068B904B1CE7E70029D4BFC1F1020201221344A0
S31508068BA0E0E723685A0507D423694246314628462C
S31508068BB0B84701302CD164E7BBF1650F40F2E08077
S31508068BC0D4E9120100220023D7F7B6FF002834D0CD
S31508068BD0374A012331462846B84701303FF451AF94
S31508068BE0DDE909239A4202DB2368D80710D518EE71
S31508068BF0103A524631462846B84701303FF441AF47
S31508068C004FF0000804F11A090A9B013B434509DCA3
S31508068C1023689B0700F10781E0680B9B9842B8BF5B
S31508068C20184630E701234A4631462846B8470130F2
S31508068C303FF427AF08F10108E6E7099B002B39DC64
S31508068C401B4A012331462846B84701303FF419AF77
S31508068C50DDE90932134302D12368D907D8D518EEB8
S31508068C60103A524631462846B84701303FF409AF0E
S31508068C704FF0000904F11A0A099B5B424B4501DCD1
S31508068C800A9B92E70123524631462846B8470130E1
S31508068C903FF4F7AE09F10109EEE700BFFFFFEF7FE4
S31508068CA084090708880907088C0907089009070828
S31508068CB0061507080A9AA36D9A42A8BF1A46002AF5
S31508068CC0914637DC4FF0000B29EAE97904F11A02D6
S31508068CD0A36D0593A3EB09035B4533DCDDE909239D
S31508068CE09A423BDB2368DA0738D4DDE90932A2EB78
S31508068CF00309059BD21A9145A8BF9146B9F1000FFB
S31508068D0035DC4FF0000829EAE97904F11A0ADDE9A3
S31508068D1009239B1AA3EB090343457FF779AF01237A
S31508068D20524631462846B84701303FF4AAAE08F1FE
S31508068D300108ECE71346314642462846B84701304D
S31508068D40C0D19EE60123314628460592B84701302A
S31508068D503FF497AE059A0BF1010BB9E718EE103AF0
S31508068D60524631462846B8470130BED189E6059AA5
S31508068D704B46424431462846B8470130C1D180E6BB
S31508068D800A9A012A01DCDB073AD50123424631460F
S31508068D902846B84701303FF474AE18EE103A5246E4
S31508068DA031462846B84701303FF46BAED4E912017E
S31508068DB000220023DDF828A0D7F7BEFED8B90AF1A7
S31508068DC0FF3308F1010231462846B84701300ED16D
S31508068DD057E60123524631462846B84701303FF43E
S31508068DE050AE08F101080A9B013B4345F1DC4B46A8
S31508068DF004F15002DAE64FF0000804F11A0AF2E71F
S31508068E0001234246DFE701234A4631462846B84744
S31508068E1001303FF436AE08F10108E3680B995B1A90
S31508068E204345F0DCF8E64FF0000804F11909F4E7C3
S31508068E302DE9F047164699468A680B69DDF82080BB
S31508068E409342B8BF1346336091F8432007460C464B
S31508068E500AB1013333602368990642BF3368023381
S31508068E603360256815F0060506D104F1190AE36884
S31508068E7032689B1AAB4226DC94F84320131E2268F6
S31508068E8018BF012392062BD404F1430249463846F5
S31508068E90C04701301ED02368226903F00603042B57
S31508068EA002BFE5683368ED1AA3680CBF25EAE575BF
S31508068EB000259342C4BF9B1AED1800261A34B542FC
S31508068EC01AD1002008E00123524649463846C047CB
S31508068ED0013003D14FF0FF30BDE8F0870135C6E70C
S31508068EE0E1185A1C302081F84300224494F84510AC
S31508068EF082F843100233C7E7012322464946384615
S31508068F00C0470130E6D00136D9E700002DE9FF470C
S31508068F100F7E0C9D782F914680460C469A4601F19F
S31508068F20430207D8622F0AD8002F00F0D480582F9C
S31508068F3000F0C08004F1420584F842703AE0A7F1D1
S31508068F406303152BF6D801A151F823F0A58F060859
S31508068F50B98F0608358F0608358F0608358F060831
S31508068F60358F0608B98F0608358F0608358F060821
S31508068F70358F0608358F0608BD900608E58F06085C
S31508068F8077900608358F0608358F0608DF90060897
S31508068F90358F0608E58F0608358F0608358F0608C5
S31508068FA07F9006082B681A1D1B682A6004F142057D
S31508068FB084F8423001239FE020682B68070603F1F0
S31508068FC00401296001D51E6803E04606FBD5B3F9F8
S31508068FD00060002E03DA2D23764284F843305A4879
S31508068FE00A2312E02B682068191D2960050601D593
S31508068FF01E6802E04106FBD51E8853486F2F0CBF34
S3150806900008230A23002184F843106568A560002D05
S31508069010A2BF216821F0040121600EB9002D4BD0AC
S315080690201546B6FBF3F103FB1167C75D05F8017D27
S315080690303746BB420E46F4D9082B0BD12368DE0702
S3150806904008D5236961689942DEBF302305F8013CD5
S3150806905005F1FF35521B2261CDF800A04B4603AA3F
S3150806906021464046FFF7E4FE01304AD14FF0FF306D
S3150806907004B0BDE8F087236843F02003236033482D
S31508069080782784F84570236829681F0651F8046B03
S3150806909002D45F0648BFB6B2DF0748BF43F02003CF
S315080690A0296048BF23601EB9236823F0200323607E
S315080690B01023A7E72448E4E71546BDE72B68266884
S315080690C06169181D286035061B6801D5196002E016
S315080690D07006FBD51980002323611546BCE72B6865
S315080690E01A1D2A601D68626800212846D7F7A8F85F
S315080690F008B1401B606063682361002384F8433027
S31508069100AAE723692A4649464046D0470130ADD0E4
S3150806911023689B0713D4E068039B9842B8BF184692
S31508069120A6E70123324649464046D04701309DD038
S315080691300135E36803995B1AAB42F2DCEBE70025D7
S3150806914004F11906F5E700BF94090708A5090708F3
S31508069150002310B50446C0E90033C0E9043383602A
S3150806916081814366C2818361194608225C3000F014
S31508069170E7F9054B6362054BA362054BE362054BAC
S315080691802462236310BD00BF759406089B940608DF
S31508069190D3940608F7940608024A0349034800F0DA
S315080691A069B800BF943F00206DC10608A83F002095
S315080691B041680C4B994210B5044601D002F0D6FF19
S315080691C0A168094B994202D0204602F0CFFFE16812
S315080691D0064B994204D02046BDE8104002F0C6BFA9
S315080691E010BD00BFBCB4002024B500208CB50020F5
S315080691F010B50B4B0B4C0C4A1A602046002204216C
S31508069200FFF7A6FF04F1680001220921FFF7A0FF70
S3150806921004F1D0000222BDE810401221FFF798BFDC
S31508069220F4B50020BCB4002099910608014801F05F
S315080692306EBA00BF22B60020014801F06ABA00BF1E
S3150806924022B6002010B50446FFF7F0FF236A1BB1C5
S31508069250BDE81040FFF7F0BF044B2362044B1B68BA
S31508069260002BF5D1FFF7C4FFF2E700BFB191060858
S31508069270F4B500202DE9F843074688461446002625
S31508069280D4E90195B9F1010905D52468002CF7D169
S315080692903046BDE8F883AB89012B07D9B5F90E30F8
S315080692A0013303D029463846C04706436835E9E7F9
S315080692B0036AF7B5C46805460E460BB9FFF7C2FF3B
S315080692C0636ED80705D4A389990502D4A06D01F063
S315080692D01EFA2146284602F049FF1EBB296801AB3D
S315080692E00122284600F034F90746002845D13148B8
S315080692F0304FD6F7F5FF064656B1204602F05EFF12
S31508069300334601463A46284601F0C4F9002847DAA4
S31508069310B4F90C30626E23F48053D207A38142D582
S3150806932003B0F0BD3378002BD8D03046D6F7D8FF31
S31508069330074657B1204602F041FF3B4601463246EC
S31508069340284601F0A7F9002814DA1B481A4FD6F75B
S31508069350C7FF0646002EC1D0204602F02FFF334629
S3150806936001463A46284601F095F90028B6DB361A2C
S315080693700744EFE73F1A0644DBE7D6F7B1FF06468A
S31508069380002EB4D0204602F019FF334601463A4667
S31508069390284601F07FF90028A9DB361A0744EFE7C5
S315080693A0361A0744A8E79B05BAD4A06D01F0B1F9A9
S315080693B0B6E700BF04120708D4110708024B014690
S315080693C01868FFF775BF00BFF43F00200CB430B528
S315080693D0174B0C1E1D689DB008DA8B232B604FF0C1
S315080693E0FF301DB0BDE8304002B070474FF4027337
S315080693F0ADF8143014BF04F1FF33234604930793DC
S315080694004FF6FF7302900690ADF81630209A21ABF8
S3150806941002A92846019302F025FD431CBCBF8B23EF
S315080694202B60002CDDD0029B00221A70D9E700BFFC
S31508069430F43F00200EB400B59CB01DAB0290069012
S315080694406FF00041094807910491094953F8042B1E
S3150806945005910068019302A902F004FD029B002209
S315080694601A701CB05DF804EB03B07047F43F002091
S315080694700802FFFF10B50C46B1F90E1001F0E8F820
S315080694800028ABBF636DA3891B1823F48053ACBFB2
S315080694906365A38110BD002070472DE9F0411F467C
S315080694A08B89DB0505460C46164605D5B1F90E1019
S315080694B00223002201F0BAF8A389B4F90E1023F4A0
S315080694C08053A38132463B462846BDE8F04101F063
S315080694D0E1B810B50C46B1F90E1001F0A7F8431C11
S315080694E0A38915BF606523F4805343F48053A3818B
S315080694F018BFA38110BDB1F90E1001F087B8000098
S3150806950000B59BB0009104916FF000410591029158
S3150806951005490391694602F0A5FC009B00221A70CC
S315080695201BB05DF804FB00BF0802FFFF13460A4698
S31508069530014602480068FFF7E3BF00BFF43F002074
S3150806954002440346934200D1704703F8011BF9E724
S3150806955010B50446084611468E2800F23081DFE823
S3150806956010F039018F0092009400960098009A0030
S315080695709C009E00A200A400A800AA00AC00AE00AB
S315080695802E01B000B200B400B600B800BE00C00096
S31508069590C600C800CA00CC00CE00D200D600D80045
S315080695A0DA00DC00DE00E000E200E4002E012E010F
S315080695B02E012E012E012E012E012E01E800EC00A9
S315080695C02E012E012E012E012E012E012E012E010F
S315080695D02E012E012E012E012E01EE000801F000A5
S315080695E0F2002E012E012E01F4002E012E012E0167
S315080695F0F6002E012E01FA002E012E01FC002E0180
S315080696002E012E012E012E012E012E012E012E01CE
S315080696102E01FE002E010001020104012E012E0173
S3150806962026012E012E012E012E012E012E012E01B6
S315080696302E01140106010A010C010E0110012E0164
S31508069640120116011A01EA00C2002C01BA00D0005E
S31508069650BC00A000A6002A01F8002E011801C400C5
S315080696601E011C012E012E012E012E012E01D400EB
S315080696702E012E012E01E6002801200122012401D1
S31508069680554B184610BD554BFBE7554BF9E7554B59
S31508069690F7E7554BF5E7554BF3E7554BF1E7554BCA
S315080696A0EFE7554BEDE7554BEBE7554BE9E7554BDA
S315080696B0E7E7554BE5E7554BE3E7554BE1E7554BEA
S315080696C0DFE7554BDDE7554BDBE7554BD9E7554BFA
S315080696D0D7E7554BD5E7554BD3E7554BD1E7554B0A
S315080696E0CFE7554BCDE7554BCBE7554BC9E7554B1A
S315080696F0C7E7554BC5E7554BC3E7554BC1E7554B2A
S31508069700BFE7554BBDE7554BBBE7554BB9E7554B39
S31508069710B7E7554BB5E7554BB3E7554BB1E7554B49
S31508069720AFE7554BADE7554BABE7554BA9E7554B59
S31508069730A7E7554BA5E7554BA3E7554BA1E7554B69
S315080697409FE7554B9DE7554B9BE7554B99E7554B79
S3150806975097E7554B95E7554B93E7554B91E7554B89
S315080697608FE7554B8DE7554B8BE7554B89E7554B99
S3150806977087E7554B85E7554B83E7554B81E7554BA9
S315080697807FE7554B7DE7554B7BE7554B79E7554BB9
S3150806979077E7554B75E7554B73E7554B71E7554BC9
S315080697A06FE7554B6DE7554B6BE7554B69E7554BD9
S315080697B067E7554B65E7554B63E7554B61E7002B5E
S315080697C014BF1A46224600F0BCF8524B002818BFAA
S315080697D0034656E7504B54E7BE090708C809070863
S315080697E0E2090708F20907080A0A0708140A070811
S315080697F02E0A0708400A0708520A07086B0A0708C6
S315080698007B0A0708870A0708A40A0708B60A070884
S31508069810C70A0708D90A0708E50A0708FD0A07084E
S31508069820090B07081B0B07082A0B07083A0B070834
S31508069830470B0708660B0708750B0708860B070804
S31508069840AA0B0708C80B0708E60B0708060C07083D
S315080698501D0C07082C0C07083B0C07084F0C0708B5
S31508069860670C0708750C0708820C0708980C070882
S31508069870A70C0708B30C0708E20C0708F30C070839
S315080698800E0D0708210D0708370D0708400D0708AE
S31508069890570D07085F0D07086C0D0708810D0708A1
S315080698A0950D0708AD0D0708BC0D0708CD0D070869
S315080698B0E00D0708EC0D0708050E0708190E070838
S315080698C0340E07084C0E0708660E07086E0E0708BC
S315080698D09E0E0708BD0E0708DC0E0708F30E0708D6
S315080698E0060F07081F0F0708360F07084C0F070845
S315080698F06D0F0708850F0708A10F0708B40F070895
S31508069900CA0F0708DE0F07080010070826100708FB
S315080699103710070805120708B609070810B50139EA
S31508069920034632B111F8014F03F8014B013A002CF0
S31508069930F7D11A440021934200D110BD03F8011B42
S31508069940F9E700207047000038B50B4B1D686B6BAE
S31508069950044653B92420FEF7D9FE0246686320B9A1
S31508069960064B0748322100F0EBFE696B2046BDE838
S31508069970384000F007B800BFF43F00204C1007082F
S31508069980631007082DE9F3418046019102F0AAFC07
S3150806999001990546404602F0A9FC4369990704461B
S315080699A003F26C7705D1642297FBF2F302FB137375
S315080699B07BBB4FF4C87297FBF2F302FB1373B3FA39
S315080699C083F35B09684E302202FB036600F0E8FB68
S315080699D000F0F2FB654B1B6853B36B68BB421AD1A2
S315080699E02F68D8E90023D5E90801E7B9824273EB5F
S315080699F0010125DAD5E91201824273EB0107B4BFE4
S31508069A0001270027824273EB010127621ADBAB6A3C
S31508069A1019E00123D6E7384600F01CFB0028DFD1FB
S31508069A204FF0FF3304E0824273EB010102DA0023AA
S31508069A302362ECE7D5E91201824273EB0101F6DAF5
S31508069A40012323622B6D61684FF4616293FBF2F082
S31508069A5002FB10333C2293FBF2F502FB1532236810
S31508069A609B1AA2682360491B121A3B2B6160A260E7
S31508069A7035DD013161603C3B236063683B2B34DD91
S31508069A800132A2603C3B6360A368172B33DDE269AB
S31508069A900132E261A2690132072AA8BF0022A26141
S31508069AA0E268183B0132A3602369E26056F8231080
S31508069AB08A420EDD0B2BA2EB0102E26003F10102DC
S31508069AC009BF636922610022013302BF226163610D
S31508069AD0E26100F06BFB204602B0BDE8F081002B80
S31508069AE0CBDA013961603C33C6E7002BCCDA013A9A
S31508069AF0A2603C33C7E7002BEBDAE269013AE2617A
S31508069B00A269013A48BF0622A261E2681833013AF9
S31508069B10E260A360002ADCD12369013B05D42361F0
S31508069B20236956F82330E360D3E70B232361636979
S31508069B305A1E03F26B7362619A0705D1642193FB79
S31508069B40F1F201FB123262B94FF4C87293FBF2F1D5
S31508069B5002FB1133B3FA83F35B0903F5B673E361C4
S31508069B60DEE70123F9E700BF1C11070814B6002033
S31508069B70F7B501683B29044611D93C22684600F028
S31508069B80FDFD019A63680099002A0B446360BBBF12
S31508069B903C3203F1FF3322602260B8BF6360616816
S31508069BA03B2911D93C22684600F0E8FD019AA368CC
S31508069BB00099002A0B44A360BBBF3C3203F1FF336E
S31508069BC062606260B8BFA360A168172911D9182216
S31508069BD0684600F0D3FD019AE3680099002A0B440B
S31508069BE0E360BBBF183203F1FF33A260A260B8BFB9
S31508069BF0E36021690B2911D90C22684600F0BEFDDF
S31508069C00019A63690099002A0B446361BBBF0C324B
S31508069C1003F1FF3322612261B8BF636163699A075C
S31508069C201ED1642193FBF1F201FB1232D2B903F27B
S31508069C306C734FF4C87293FBF2F102FB1133002BD7
S31508069C4014BF1C231D23E268002A0DDC324E0B25A1
S31508069C5064214FF4C870E768002F31DD03B0F0BD04
S31508069C601C23F0E71D23EEE72B4E002764204FF44E
S31508069C70C875D4E90312012A14BF56F822C09C46B1
S31508069C806145EBDD0132A1EB0C010C2AE16022618C
S31508069C90EFD163695A1C9107C4E9047238D192FB5D
S31508069CA0F0F100FB1122002A34D103F26D7393FBFF
S31508069CB0F5F205FB1233002B14BF1C231D23D8E728
S31508069CC02269013A2261013215D163695A1E12F0D8
S31508069CD0030FC4E9045217D192FBF1FC01FB1C22BF
S31508069CE0A2B903F26B7393FBF0F200FB1233002B57
S31508069CF014BF1C231D232269012A14BF56F82220E5
S31508069D001A463A44E260A6E71C23F4E71D23F2E75F
S31508069D101C23AEE71D23ACE7BC1007082DE9F04F58
S31508069D2085B0074602F0DEFA81463846FFF720FF79
S31508069D30D7E900433C2202FB0344BB687E694FF41D
S31508069D40616202FB0344D7E90353BB4A52F8232050
S31508069D50013D012B154411DDB1070FD1642296FB8F
S31508069D60F2F302FB136343B906F26C734FF4C87237
S31508069D7093FBF2F102FB113303B9013506F51C53C1
S31508069D80103344F620629342FD6100F25E81462E48
S31508069D9072DD462340F26D1C64214FF4C8709A079B
S31508069DA064D193FBF1F201FB1232002A61D103F268
S31508069DB06C7292FBF0FE00FB1E22002A14BF624656
S31508069DC04FF4B77201339E421544E8D19B4B4FEACE
S31508069DD0E478C5FB034800F0E3F900F0EDF9984B83
S31508069DE0D3F800B0BBF1000F3AD0D7F820B078699F
S31508069DF0D9F80430BBF1010F00F26C70DA46A8BF39
S31508069E004FF0010A834279D1D9E90821D9F85000D9
S31508069E10D9F84CC0131A029361EBE0730393D9F889
S31508069E2048300193019AD9F82830B2EB030E6CEB49
S31508069E30E371744578EB010266DAD9F80020002A40
S31508069E406FD0029A9442039A78EB020203DB7445B2
S31508069E5078EB01016BDBBBF1000F4FF0000B6BDAF9
S31508069E60D9F828301C1948EBE378A9E040F26D12B8
S31508069E70A8E74FF4B772A5E7A8D0452340F26D1CAC
S31508069E8064214FF4C87012E062BB93FBF1F201FB42
S31508069E90123252BB03F26C7292FBF0FE00FB1E22D4
S31508069EA0002A14BF62464FF4B772AD1A013B9E42AA
S31508069EB003F00302E8DBDAB9642296FBF2F302FB47
S31508069EC01363C3B906F26C734FF4C87293FBF2F1C7
S31508069ED002FB1133002B40F26D1308BF4FF4B7731C
S31508069EE0ED1A73E740F26D12DFE74FF4B772DCE757
S31508069EF040F26D13F4E74FF4B773F1E700F0AAF8EA
S31508069F00002881D1D34650E0019A121A01924FEAE7
S31508069F10E0726CEB020C019A944278EB0C0CF1DBBE
S31508069F208BE7029A9442039A78EB02028FDBBBF11F
S31508069F30000F3EDB4FF0010B8AEA0B0ABAF1010F56
S31508069F4033D1BBF1000F4ED01B1A3A68D7F80CA0CE
S31508069F501A441C193A60384648EBE378FFF708FEB8
S31508069F60FA68B2EB0A0220D0012A3EDC911CD8BF59
S31508069F700122FB691544D21840D5731E9A0737D1B4
S31508069F80642293FBF2F102FB1133A3BB4FF4C873A9
S31508069F9006F26B7696FBF3F203FB1266002E40F288
S31508069FA06D1318BF4FF4B673FB61BBF1010F7FF44F
S31508069FB057AFD9F850301C1948EBE3784FF0010B28
S31508069FC000F0F4F80435072395FBF3F3C3EBC30354
S31508069FD0ED1A48BF0735C7F820B0BD612046414689
S31508069FE005B0BDE8F08FC31AAFE74FF0FF32C0E7FA
S31508069FF04FF4B673D8E740F26D13D5E7B30718D111
S3150806A000642196FBF1F301FB1363DBB94FF4C873BE
S3150806A01006F26C7696FBF3F103FB1166002E40F208
S3150806A0206D1308BF4FF4B7739A42A8BFD21AFA61DE
S3150806A030BBE740F26D13F7E7EC10070880510100FD
S3150806A04014B600204FF4B773EEE74FF0FF34A04678
S3150806A050C4E700BF2DE9F74F054602F043F940F27B
S3150806A060B1739D4240F395806FF4F662AC18A5F27B
S3150806A070B27340F26D12A41002FB03446FF063023A
S3150806A080A5F26D7393FBF2F31C444FF4C8736FF491
S3150806A090C86195FBF3FC03FB1C5C6A18BCFA8CF6D4
S3150806A0A0B2FBF3F205F0030314446422456095FBFC
S3150806A0B0F2F7760902FB1757014600F1500B009393
S3150806A0C04FF0070A0D7A4B694A2D2BD1009AE518E7
S3150806A0D002B917B9BCF1000F22D13B2BD4BF002316
S3150806A0E001232B44013B8D692B4A4FEAE57EC3FBC8
S3150806A0F0025E8B6AED184EEBE373C1E90853283105
S3150806A1008B45DFD1D0E90843D0E912128C42934138
S3150806A110B4BF012300230360012003B0BDE8F08F16
S3150806A1200023DEE7442D01D12344DCE7009A52BB1F
S3150806A130002F0CBF35460125CA680192174A4FF00B
S3150806A140300909FB0525A6464FF00008043D019A85
S3150806A15008F10108424555F8289016DC0EF1040563
S3150806A16095FBFAF8C8EBC808A5EB08055D1B0B694D
S3150806A17003F1FF3348BF0735C3EBC3032B444B45EF
S3150806A18005DA7344AFE73546D6E7CE44DFE7073B3D
S3150806A190F5E70020C1E700BF805101001C1107083A
S3150806A1A0014800F0B3BA00BF23B60020014800F004
S3150806A1B0AFBA00BF23B60020014B186800F002B8F4
S3150806A1C0F43F00202DE9F04F8DB0074602F08AF8D5
S3150806A1D0BB49BC4D0446384601F0E8F9064610BBAD
S3150806A1E0B94BBA4A1860BA4BA0621860B94B2065D3
S3150806A1F0C3E900224A2100220023C4E90300C4E970
S3150806A2000500C4E90D00C4E90F00C4E90823C4E93A
S3150806A21012232868217284F83010FEF77FFA2E601A
S3150806A2200DB0BDE8F08F2968002940F08E802868B1
S3150806A230FEF774FA3046D6F753F8411C3846FEF749
S3150806A24095FA2860002840F08680A14ADFF88482BD
S3150806A250DFF874A2002313609F4ACAF8003000206C
S3150806A2600021C8E90022C4E90333C4E90533C4E971
S3150806A2700801C4E90D33C4E90F33C4E912014A22B9
S3150806A2802272A36284F83020236533783A2B08BFF6
S3150806A290013633783C2B62D1751C904A90490AAB35
S3150806A2A0284601F0C7FF0028BADD0A9BDA1E072AE8
S3150806A2B0B6D8EB5C3E2BB3D102360A9BF518F35C8F
S3150806A2C02D2B5AD101354FF0FF390023ADF81E3034
S3150806A2D0ADF8203008AF0AABCDE9013703930DF187
S3150806A2E01E0300937F490AAB07AA284601F0A2FF78
S3150806A2F0002895DDBDF81E30BDF820603C2202FB1D
S3150806A3000366BDF81C304FF4616202FB03660A9BBE
S3150806A31009FB06F605EB0309EB5C3C2B40F0EC80E3
S3150806A32009F10105704A6E490AAB284601F082FF13
S3150806A330002828DC99F801303E2B24D1674BA66203
S3150806A340C8E90033CAF800606AE7D5F769FF002846
S3150806A3507FF46DAF64E7314600F0DCF975E75F4ACE
S3150806A36062490AAB304601F065FF00287FF758AF09
S3150806A3700A9B033B072BA0D952E72B2B08BF0135AF
S3150806A3804FF00109A1E70A9BDA1E072A3FF648AFEE
S3150806A390EB5C3E2B7FF444AF09F102090A9B09EBF5
S3150806A3A0030519F803302D2B40F0B58001354FF01B
S3150806A3B0FF390023ADF81C30ADF81E30ADF8203055
S3150806A3C00A930AABCDE9027301930DF11E030093B6
S3150806A3D044490AAB07AA284601F02CFF002800F3D1
S3150806A3E0A080A6F5616304930A9B27461D444FF091
S3150806A3F0000B2B782C2B08BF013595F80090B9F180
S3150806A4004D0F40F0A1800AAB0DF12602CDE90132C7
S3150806A41009AA0092364903930DF12202284601F04D
S3150806A42009FF03287FF4FCAEBDF822104B1E0B2B42
S3150806A4303FF6F6AEBDF82420531E042B3FF6F0AEC3
S3150806A440BDF82630062B3FF6EBAEC7E9031287F8AA
S3150806A45008907B610A9B05EB030900250223ADF8E4
S3150806A4601C30ADF81E50ADF820500A9599F8003004
S3150806A4702F2B40F095800AAB08AACDE901320DF1DB
S3150806A4801E0200921B49039307AA484601F0D2FE0C
S3150806A490A84200F385804A2100220023C4E9035511
S3150806A4A0C4E90555C4E90823C4E90D55C4E90F5599
S3150806A4B0C4E912232172A56284F830102565AFE631
S3150806A4C07C11070810B6002018B600207F11070869
S3150806A4D014B60020A03F00200512070804B600207F
S3150806A4E083110708B8110708F8B50020961107085A
S3150806A4F0A4110708B71107083E4A3F490AAB48465A
S3150806A50001F098FE00287FF719AF0A9B033B072B35
S3150806A5107FF644AF84E62B2B08BF01354FF00109B9
S3150806A52047E7BDF81E20BDF820303C2101FB023363
S3150806A530BDF81C204FF4616101FB023309FB03F3E6
S3150806A54051E74FF0010B54E7B9F14A0F06BF01353B
S3150806A5504B4644230A220BA92846059301F01EFCFE
S3150806A560DDF82C90059BADF82600A94514D14D2398
S3150806A570BBF1000F07D1237203210223C4E9031393
S3150806A580C4F814B069E784F830300B220123C4E90D
S3150806A5900D230023E36360E780B23B7278615CE7CC
S3150806A5A0BDF81E20BDF820303C2101FB0233BDF85C
S3150806A5B01C204FF4616101FB0233BB610A9D2837F3
S3150806A5C04D44BBF1000FBCD0049B23650B4BC8F862
S3150806A5D000306068074BA662C8F80430FFF73AFDF4
S3150806A5E0A26A236DCAF800209B1A054A18BF0123DA
S3150806A5F0136015E6F8B500209611070804B600207C
S3150806A60014B60020004870474041002038B5064D6C
S3150806A6100023044608462B60D8F765F8431C02D182
S3150806A6202B6803B1236038BD1CB6002038B5074D24
S3150806A63004460846114600222A601A46D8F77AF8CA
S3150806A640431C02D12B6803B1236038BD1CB6002013
S3150806A65038B5074D04460846114600222A601A46AA
S3150806A660D8F708F8431C02D12B6803B1236038BD16
S3150806A6701CB6002038B5064D0023044608462B604E
S3150806A680D8F766F8431C02D12B6803B1236038BD98
S3150806A6901CB6002038B5074D044608461146002262
S3150806A6A02A601A46D8F703F8431C02D12B6803B169
S3150806A6B0236038BD1CB60020014B1868704700BFDA
S3150806A6C0F43F002070B50D4D0D4C641BA4100026F2
S3150806A6D0A64209D10B4D0C4C02F0D4FF641BA410FC
S3150806A6E00026A64205D170BD55F8043B98470136A3
S3150806A6F0EEE755F8043B98470136F2E714150708BE
S3150806A700141507081415070818150708704770471B
S3150806A71070477047034611F8012B03F8012B002AE8
S3150806A720F9D170470A44914200F1FF3300D17047C8
S3150806A73010B511F8014B03F8014F9142F9D110BD36
S3150806A7401FB514461A46094B1B680546D8684CB108
S3150806A750074B0091CDE9013406492B4601F058FD11
S3150806A76001F06AFE044B1C46F3E700BFF43F0020DF
S3150806A770CA110708D711070805120708002910B5D0
S3150806A78091FBF2F402FB141306DB002B01DA013403
S3150806A7909B1AC0E9004310BD002BC4BF04F1FF3461
S3150806A7A09B18F6E72DE9F74F03690C69A342074696
S3150806A7B07EDB013C01F1140800F1140505EB840360
S3150806A7C0019358F8243055F8242001339A424FEA63
S3150806A7D0840B08EB8409B2FBF3F631D34FF0000E6F
S3150806A7E04046AC46F24650F8042B93B206FB03E302
S3150806A7F04FEA124E1A0C9BB2AAEB0303DCF800A02A
S3150806A80013FA8AF306FB0E220093009B4FEA124EB2
S3150806A81092B2C2EB1A4202EB2342BDF800308145DA
S3150806A82043EA02434CF8043B4FEA224ADBD255F880
S3150806A8300B302BB9019B043B9D421A462CD33C612F
S3150806A840384601F037F9002822DB0136294600206A
S3150806A85058F8042BD1F800C093B2C31A120C13FA8F
S3150806A8608CF3C2EB1C4202EB23429BB243EA024339
S3150806A870C14541F8043B4FEA2240E9D255F824205F
S3150806A88005EB840322B9043B9D421A460AD33C616A
S3150806A890304603B0BDE8F08F1268043B002ACED1D5
S3150806A8A0013CC9E71268043B002AF0D1013CEBE7F4
S3150806A8B00020EEE7000000002DE9F04F2DED048B91
S3150806A8C0C56993B08DED020B57EC106BDDF88080E9
S3150806A8D0079104460A920D9375B91020FDF716FFDF
S3150806A8E00246E06120B9AE4BEF21AE48FFF728FFD6
S3150806A8F0C0E901550560C560E369196851B15A682A
S3150806A9004A60012393408B60204600F097FEE36970
S3150806A91000221A603B1EBBBF23F0004303930023A5
S3150806A9200122ACBFC8F80030C8F800209E4BDDF8F7
S3150806A9300C8033EA08031BD10D9A42F20F73136093
S3150806A940C8F31303334300F09385219B63B9974BEA
S3150806A95027E0974B00930833219A1360009813B0A3
S3150806A960BDEC048BBDE8F08F904B00930333F3E7F9
S3150806A9709DED027B002251EC170BB0EE478AF0EEEE
S3150806A980678A0023D6F7D8F8814660B10D9A01235F
S3150806A9901360219B002B00F06885864B219A13606D
S3150806A9A0013B0093DAE710AA11A92046B0EE480A39
S3150806A9B0F0EE680A01F024F9C8F30A558246002D16
S3150806A9C07FD018EE903AC3F3130343F07F5351EC46
S3150806A9D0180B43F44013A5F2FF35CDF838901946FF
S3150806A9E00022754BD5F788FC67A3D3E90023D5F76C
S3150806A9F03BFE67A3D3E90023D5F780FC064628461F
S3150806AA000F46D5F7C7FD64A3D3E90023D5F72CFE71
S3150806AA1002460B4630463946D5F770FC06460F46BB
S3150806AA20D6F7D2F800228346002330463946D6F7AB
S3150806AA308DF848B15846D5F7ADFD32463B46D6F7AA
S3150806AA407BF808B90BF1FF3BBBF1160F57D85B4BE2
S3150806AA5003EBCB03D3E9002351EC180BD6F776F8AC
S3150806AA6000284ED00BF1FF3B00230C93109B5B1B73
S3150806AA705A1E45BFC3F10103059300230023069218
S3150806AA8054BF05930693BBF1000F3CDB069BCDF836
S3150806AA902CB05B44069300230893079B092B68D8BA
S3150806AAA0052BC4BF043B0793079BA3F10203CCBF40
S3150806AAB000250125032B00F28580DFE803F02E3BEF
S3150806AAC03958DDE910531D4405F23243202BC1BF20
S3150806AAD0C3F1400308FA03F805F2124326FA03F30C
S3150806AAE0D6BFC3F1200348EA030006FA03F0D5F7F2
S3150806AAF041FD0122A1F1F873013D0E926FE701238C
S3150806AB00B3E70C90B2E7059BA3EB0B030593CBF1D2
S3150806AB100003089300230B93BFE7002309930A9BB8
S3150806AB20002B52DC0123019304931A460A920BE082
S3150806AB300123F3E7002309930A9B5B440193013338
S3150806AB40012B0493B8BF0123E0690021042202F110
S3150806AB5014069E423DD94160204600F02FFD00901E
S3150806AB60002839D1164B024640F2AF11BDE601233D
S3150806AB70E1E701250023079309954FF0FF33019373
S3150806AB80049300221223D1E761436F63A787D23F56
S3150806AB90B3C8608B288AC63FFB799F501344D33FB8
S3150806ABA04C100708131207080000F07F0F12070853
S3150806ABB006120708071507080000F83F00130708D6
S3150806ABC06B12070801230993D7E70A9B0193049397
S3150806ABD0BAE701315200BAE7E369009A1A60049B9C
S3150806ABE00E2B00F2A880002D00F0A580BBF1000F01
S3150806ABF038DDC04B0BF00F0203EBC2031BF4807F54
S3150806AC00D3E900674FEA2B1819D0BB4B51EC180B42
S3150806AC10D3E90823D5F752FECDE9020108F00F0855
S3150806AC200325DFF8D492B8F1000F0AD1DDE902014F
S3150806AC3032463B46D5F742FECDE902012BE0022510
S3150806AC40EFE718F0010F08D030463946D9E9002350
S3150806AC50D5F70AFD013506460F464FEA680809F193
S3150806AC600809E0E700F09F80CBF10006A14BA24F4A
S3150806AC7006F00F0203EBC203D3E9002351EC180BC7
S3150806AC80D5F7F2FCCDE90201361100230225002E7E
S3150806AC907ED1002BD0D10C9BDDE90289002B00F072
S3150806ACA08480964B002240464946D5F74FFF002832
S3150806ACB07BD0049B002B78D0019B002B39DD904B6B
S3150806ACC0002240464946D5F7CFFCCDE90201019E4A
S3150806ACD00BF1FF370135DDE902892846D5F75AFC17
S3150806ACE042464B46D5F7C0FC864B0022D5F706FBEF
S3150806ACF0A1F15073CDE902010393002E58D1824B78
S3150806AD00002240464946D5F7F7FADDE9022380468A
S3150806AD108946D5F739FF002840F09682DDE90221F3
S3150806AD20404601F100434946D5F710FF002840F092
S3150806AD3089828DED028B119B002BC0F24E81BBF1E9
S3150806AD400E0F00F34A816B4B03EBCB03D3E900895D
S3150806AD500A9B002B80F2DC80049B002B00F3D8802C
S3150806AD6040F06F82684B002240464946D5F77CFC80
S3150806AD70DDE90223D5F7FEFE049E3746002840F095
S3150806AD804582009D312305F8013B0BF1010B41E293
S3150806AD90F20705D5D7E90023D5F766FC0135012361
S3150806ADA07610083773E7022575E7049E5F4692E72D
S3150806ADB00099504B9DED027B314402910999B0EEFC
S3150806ADC0479AF0EE679A03EBC60353E9022300296E
S3150806ADD044D04E490020D5F771FD53EC192BD5F70B
S3150806ADE08BFA009D41EC190B49464046D5F7ECFE11
S3150806ADF00646D5F7CFFB02460B4640464946D5F7E3
S3150806AE007BFA303605F8016B53EC192B80468946D2
S3150806AE10D5F79CFE002864D142464B4637490020A2
S3150806AE20D5F76AFA53EC192BD5F790FE002840F0A9
S3150806AE30B680029B9D423FF47CAF314B51EC190B11
S3150806AE400022D5F711FC2E4B41EC190B0022404681
S3150806AE504946D5F709FC80468946C5E751EC170BDE
S3150806AE60D5F702FC029B009D0F9341EC190B494648
S3150806AE704046D5F7A9FE0646D5F78CFB3036024678
S3150806AE800B4640464946D5F737FA05F8016B029B45
S3150806AE909D42804689464FF0000224D11B4B51EC51
S3150806AEA0190BD5F72BFA02460B4640464946D5F7FF
S3150806AEB06BFE002873D153EC192B14490020D5F7DD
S3150806AEC01BFA02460B4640464946D5F73FFE00287A
S3150806AED03FF42FAF0F9D6B1E0F9315F8013C302BD1
S3150806AEE0F8D0BB464AE0064BD5F7BEFB80468946F0
S3150806AEF0BDE700BF00130708D81207080000F03F91
S3150806AF000000244000001C40000014400000E03FFA
S3150806AF10DDE90267009D42464B4630463946D5F777
S3150806AF20CDFCD5F751FE0190D5F734FB42464B4684
S3150806AF30D5F79AFB02460B4630463946D5F7DCF96D
S3150806AF40019E049F303605F8016B009EAE1BB7427C
S3150806AF5002460B4634D1D5F7D1F942464B46064644
S3150806AF600F46D5F711FEC8B942464B46304639460E
S3150806AF70D5F7E2FD10B1019BDB070FD451462046F3
S3150806AF8000F05CFB00230D9A2B700BF1010313608E
S3150806AF90219B002B3FF4E2AC1D60DFE45F462B469F
S3150806AFA01D4613F8012D392A06D1009A9A42F7D179
S3150806AFB00099302201370A701A7801321A7090E71A
S3150806AFC0A34B0022D5F750FB0022002306460F4660
S3150806AFD0D5F7B2FD00289ED0D0E7099A002A00F0D8
S3150806AFE0CA80079A012A00F3AD800E9A002A00F055
S3150806AFF0A58003F23343089E059D059A1A440592D1
S3150806B000069A01211A442046069200F0CDFB074609
S3150806B01065B1069B002B09DDAB42059AA8BF2B46F0
S3150806B020D21A0592069AED1AD31A0693089BF3B115
S3150806B030099B002B00F0A380002E10DD3946324608
S3150806B040204600F071FC524601460746204600F0A7
S3150806B050C1FB51468046204600F0F0FAC246089BD8
S3150806B0609A1B04D05146204600F05EFC8246012112
S3150806B070204600F099FB0B9B002B064640F3818081
S3150806B0801A460146204600F04FFC079B012B06464A
S3150806B0907ADD4FF00008336906EB8303186900F07A
S3150806B0A035FBC0F12000069B184410F01F0000F07F
S3150806B0B09480C0F12003042B40F38580059BC0F1DC
S3150806B0C01C0003440593069B034405440693059B07
S3150806B0D0002B05DD51461A46204600F07FFC8246BF
S3150806B0E0069B002B05DD31461A46204600F076FCFF
S3150806B0F006460C9B002B72D03146504600F0DAFC09
S3150806B10000286CDA002351460A22204600F0B8FACF
S3150806B110099B0BF1FF3B8246002B00F0B08100230A
S3150806B12039460A22204600F0ABFA019B002B074651
S3150806B13000F39680079B022B59DC91E0109BC3F11E
S3150806B140360358E7049B5E1E089BB342BFBF089B9F
S3150806B1500B9A0896F31AB4BFD2189E1B049BBCBF5B
S3150806B1600B920026002BB7BFDDE90423DDE904357B
S3150806B1709D1A002341E7089E059D099F48E7089AF8
S3150806B18070E7079B012B19DC029BBBB9039BC3F32C
S3150806B19013039BB9039B23F000431B0D1B0583B1C1
S3150806B1A0059B01330593069B013306934FF0010869
S3150806B1B00B9B002B7FF46FAF012074E74FF0000856
S3150806B1C0F6E79846F4E782D0059A1C331A440592A0
S3150806B1D0069A1A441D44069279E70346F4E7049B41
S3150806B1E0002B37DC079B022B34DD049B0193019B5E
S3150806B1F063B931460522204600F042FA014606465C
S3150806B200504600F057FC00283FF7BBAD0A9B009D49
S3150806B2106FEA030B4FF000083146204600F00EFA97
S3150806B220002F3FF4ABAEB8F1000F05D0B84503D0F2
S3150806B2304146204600F002FA3946204600F0FEF955
S3150806B2409CE600263746E1E7BB46374699E500BF42
S3150806B25000002440099B002B00F0C880049B01933C
S3150806B260002D05DD39462A46204600F0B7FB074677
S3150806B270B8F1000F5BD07968204600F09FF90546BD
S3150806B28028B9834B024640F2EF21FFF72EBB3A69EF
S3150806B2900232920007F10C010C30FFF743FA01223D
S3150806B2A02946204600F09AFB009B01330493DDE904
S3150806B2B0002313440893029B03F00103B84606933A
S3150806B2C00746049B3146013B50460193FFF76AFA47
S3150806B2D04146029000F13009504600F0EBFB3A462B
S3150806B2E005903146204600F001FCC268054602BBB9
S3150806B2F00146504600F0DEFB0246294620460992DC
S3150806B30000F09CF9079B099A049D43EA0201069BED
S3150806B310194310D1B9F1390F29D0059B002B02DD47
S3150806B320029B03F13109019B83F8009074E73846BE
S3150806B330BAE70122E1E7059B002B04DB07990B43D5
S3150806B34006990B4320D1002AEDDD514601222046F7
S3150806B35000F044FB3146824600F0ACFB002803DCCD
S3150806B360E1D119F0010FDED0B9F1390FD8D1019A1A
S3150806B370392313702B461D46013B15F8012C392A2D
S3150806B3806CD001321A7047E7002A07DDB9F1390F82
S3150806B390EDD0019A09F1010313703DE7049B089A5B
S3150806B3A003F8019C934243D0514600230A222046BD
S3150806B3B000F066F9B84582464FF000034FF00A02D8
S3150806B3C04146204607D100F05BF980460746049BAE
S3150806B3D00133049375E700F053F93946804600238E
S3150806B3E00A22204600F04CF90746F0E7049B01932B
S3150806B3F0009D31465046FFF7D5F900F13009009B06
S3150806B40005F8019BEA1A019B934207DD514600237C
S3150806B4100A22204600F034F98246EAE7019B002B09
S3150806B420C8BF1D46009BD8BF01251D444FF000081E
S3150806B43051460122204600F0D1FA3146824600F0EE
S3150806B44039FB002896DC02D119F0010F92D12B465A
S3150806B4501D4613F8012D302AFAD0DDE6009A9A42DF
S3150806B46089D10BF1010B312396E70A4BFFF799BAF7
S3150806B470219B002B7FF46DAA074BFFF792BA019B17
S3150806B480002BB5DC079B022B3FF7B1AEB0E700BF32
S3150806B4906B120708061507080612070837B50029A6
S3150806B4A044D051F8043C0190002BA1F10404B8BF1E
S3150806B4B0E418FDF7DBF91E4A0198136833B9636089
S3150806B4C0146003B0BDE83040FDF7D6B9A34208D9E3
S3150806B4D0256861198B4201BF19685B68491921609D
S3150806B4E0EDE71A465B680BB1A342FAD911685518F7
S3150806B4F0A5420BD1246821445418A3421160E0D111
S3150806B5001C685B6853600C441460DAE702D90C239E
S3150806B5100360D6E7256861198B4204BF19685B681C
S3150806B520636004BF491921605460CAE703B030BD99
S3150806B530B4B400202DE9F84FDFF86CA00746894613
S3150806B540164600F081FFDAF8004034B14B469846B5
S3150806B55013F8012B3AB13D2AF9D1384600F07AFF9D
S3150806B5600020BDE8F88FA8EB0908A34654F8040B93
S3150806B5700028F2D04246494600F0A2FE0028F4D139
S3150806B58054F8043C03EB080513F808303D2BECD1B8
S3150806B590DAF80030ABEB03039B103846336000F04D
S3150806B5A059FF681CDDE700BF0000002007B501AAA1
S3150806B5B0FFF7C0FF03B05DF804FB000070B5C66967
S3150806B5C004460D4676B91020FDF7A0F80246E06156
S3150806B5D020B9184B18486B21FFF7B2F8C0E901667F
S3150806B5E00660C660E669F36883B1E369DB6853F803
S3150806B5F02500B8B9012101FA05F6721D9200204602
S3150806B600FDF76EF860B1C0E901560EE02122042165
S3150806B6102046FDF765F8E369F060DB68002BE4D1A0
S3150806B620002070BD026843F825200023C0E90333CD
S3150806B630F7E700BF4C1007087C12070870B5C669FD
S3150806B64005460C4676B91020FDF760F80246E8610D
S3150806B65020B9094B09488F21FFF772F8C0E9016638
S3150806B6600660C6603CB1EB696268DB6853F822106F
S3150806B670216043F8224070BD4C1007087C12070863
S3150806B6802DE9F0410D6907460C461E4601F1140CD4
S3150806B6900020DCF8003099B202FB01611E0C0B0C87
S3150806B6A002FB063389B2013001EB034185424CF8A9
S3150806B6B0041B4FEA1346ECDC0EB3A368AB4219DC4F
S3150806B6C0616838460131FFF779FF804628B9024690
S3150806B6D00C4B0D48BA21FFF733F82269023204F1FA
S3150806B6E00C0192000C30FFF71DF821463846FFF785
S3150806B6F0A5FF444604EB850301355E6125612046B0
S3150806B700BDE8F0816B1207087C120708030C1B04B8
S3150806B710D3B90004102310F07F4F04BF0002083384
S3150806B72010F0704F04BF0001043310F0404F04BFF9
S3150806B73080000233002805DB10F0804F03F1010371
S3150806B74008BF2023184670470023E4E7036813F06A
S3150806B75007020CD0D90722D49A0749BF5B089B086B
S3150806B760036001225CBF036002221046704799B245
S3150806B77009B91B0C1022D9B209B908321B0A1907CE
S3150806B78004BF1B090432990704BF9B080232D9076E
S3150806B79003D45B0802F1010203D00360E5E7002241
S3150806B7A0E3E72022E1E7000010B50C460121FFF782
S3150806B7B005FF024628B9054B054840F24511FEF72E
S3150806B7C0BFFF01234461036110BD00BF6B12070862
S3150806B7D07C1207082DE9F04F91460A69D9F8103008
S3150806B7E09A42B8BF0B460C46BCBF4C4699462769D3
S3150806B7F0D9F810A0A368616807EB0A06B34285B0B4
S3150806B800B8BF0131FFF7DAFE30B90246444B454860
S3150806B8104FF4B171FEF794FF00F1140505EB86089F
S3150806B8202B460022434521D304F1140303EB87076D
S3150806B83009F1140303EB8A0202923A1B153A22F01F
S3150806B8400302043204F115018F4238BF042201921D
S3150806B850029A03939A420CD8002E03DD58F8043D43
S3150806B860002B5BD0066105B0BDE8F08F43F8042BC4
S3150806B870D8E7B3F800A0BAF1000F24D004F1140EE5
S3150806B880A9464FF0000C5EF8042BD9F800101FFAEB
S3150806B89082FB89B20AFB0B114FEA124BD9F8002034
S3150806B8A061444FEA124C0AFB0BC202EB114289B2FB
S3150806B8B041EA0241774549F8041B4FEA124CE2D899
S3150806B8C0019A45F802C0039AB2F802900433B9F110
S3150806B8D0000F21D0296804F1140CAE464FF0000A71
S3150806B8E0BCF800B0BEF8022009FB0B22524489B206
S3150806B8F041EA02414EF8041B5CF8041B4FEA114A5A
S3150806B900BEF8001009FB0A1101EB124167454FEA1A
S3150806B910114AE5D8019AA950043599E7013E9BE7ED
S3150806B9206B1207087C1207082DE9F843154612F02C
S3150806B930030206460F4607D0254C013A002354F85B
S3150806B9402220FFF79DFE0746AD103DD0F4697CB967
S3150806B9501020FCF7DBFE0246F06128B91D4B1E488F
S3150806B96040F2B311FEF7ECFEC0E901440460C46078
S3150806B970D6F81C80D8F808404CB940F271213046F2
S3150806B980FFF712FF0023C8F80800044603604FF0C5
S3150806B9900009EB070AD5394622463046FFF71AFF4D
S3150806B9A0394680463046FFF749FE47466D100BD0A6
S3150806B9B0206838B9224621463046FFF70BFF206035
S3150806B9C0C0F800900446E4E73846BDE8F88300BFA9
S3150806B9D0C81307084C1007087C1207082DE9F04714
S3150806B9E00C464968236903EB6218A368074691461D
S3150806B9F04FEA621A08F10106B3420BDB3846FFF72F
S3150806BA00DDFD054648B90246284B29484FF4EF712D
S3150806BA10FEF796FE01315B00EEE7002300F11401FE
S3150806BA2000F110021846534533DB20692AEAEA7AFA
S3150806BA3004F1140319F01F0901EB8A0103EB800CC4
S3150806BA402BD0C9F1200E8A460022186800FA09F09A
S3150806BA5010434AF8040B53F8042B9C4522FA0EF2B7
S3150806BA60F3D8ACEB0403153B23F00303043304F1C4
S3150806BA701500844538BF0423CA500AB108F10206E0
S3150806BA80013E38462E612146FFF7D8FD2846BDE811
S3150806BA90F08742F8040F0133C5E7043953F8042B37
S3150806BAA041F8042F9C45F9D8EAE700BF6B12070848
S3150806BAB07C12070830B502690C69121B0ED100F113
S3150806BAC01403143103EB840001EB840150F8045D7A
S3150806BAD051F8044DA54203D005D30122104630BDC0
S3150806BAE08342F3D3FAE74FF0FF32F7E72DE9F84F2B
S3150806BAF00C460646114620469046FFF7DBFF051E0E
S3150806BB0010D129463046FFF759FD30B93A4B024659
S3150806BB1040F237213948FEF713FE0123C0E90435FA
S3150806BB20BDE8F88FA4BF4346A0463046D8F80410A9
S3150806BB30A6BF1C4600250125FFF740FD20B92E4B5A
S3150806BB40024640F24521E5E7D8F810702669C56031
S3150806BB5004F1140908F1140500F1140E05EB870C17
S3150806BB6009EB860608F11002F246002159F8043B4D
S3150806BB7052F804BF11FA8BF899B21B0CA8EB010808
S3150806BB80C3EB1B4303EB28431FFA88F819144E45E3
S3150806BB9048EA03434AF8043BE8D8331B153B23F027
S3150806BBA0030304331534A64238BF04231D447344DD
S3150806BBB09E462E4666450ED30CF10302521B22F00C
S3150806BBC00302033DAC4538BF0022134453F8042D3F
S3150806BBD07AB10761A4E756F8048B11FA88F21414A9
S3150806BBE004EB184492B242EA04424EF8042B211496
S3150806BBF0E0E7013FEAE700BF6B1207087C12070871
S3150806BC002DE9F7430F46012159EC108B1646FFF727
S3150806BC10D5FC044630B90246244B254840F20F3176
S3150806BC20FEF78EFDC9F30A55C9F313032DBB019317
S3150806BC30B8F1000326D068460093FFF787FDDDE9CD
S3150806BC400012E8B1C0F1200302FA03F30B43C2401F
S3150806BC5063610192019BA361002B14BF0222012294
S3150806BC602261BDB1A5F2334505443D60C0F13500F4
S3150806BC703060204603B0BDE8F08343F48013D6E768
S3150806BC806161E7E701A8FFF761FD019B6361203063
S3150806BC900122E5E704EB8203A0F232403860186910
S3150806BCA0FFF734FDC0EB4210E2E700BF6B12070848
S3150806BCB07C1207082DE9F043364F86460D46284678
S3150806BCC015F8014B3E5D16F00806F8D12D2C30D135
S3150806BCD02C780126851C002B57D0102B09D1302C21
S3150806BCE007D1287800F0DF00582849D16C78102348
S3150806BCF002354FF0FF380027B8FBF3F803FB08F9BF
S3150806BD006FEA09093846A4F1300CBCF1090F15D8B3
S3150806BD106446A34223DDB7F1FF3F07D080451BD310
S3150806BD2001D1A14518DB00FB0340012715F8014B95
S3150806BD30E9E72B2C04BF2C78851CCCE7A4F1410C2B
S3150806BD40BCF1190F01D8373CE3E7A4F1610CBCF145
S3150806BD50190F04D8573CDCE74FF0FF37E6E77B1C9C
S3150806BD6006D12223CEF80030384632B9BDE8F0832C
S3150806BD7006B14042002AF9D007B1691E1160F5E7F7
S3150806BD803024002BB5D10823B3E7302CA9D00A23D3
S3150806BD90AFE700BFD5130708FFF78CBF13460A4659
S3150806BDA0014602480068FFF785BF00BFF43F00203A
S3150806BDB02DE9F0478E681F46BE420B6882460C463A
S3150806BDC090462CD88A8912F4906F26D06569096937
S3150806BDD005EB4505A3EB010905EBD5757B1C4B441D
S3150806BDE06D109D4238BF1D46530527D52946FCF7D3
S3150806BDF0BDFC064660B321694A46FEF793FCA3894D
S3150806BE0023F4906343F08003A381266165614E445B
S3150806BE10A5EB09052660A5603E46BE4200D93E4604
S3150806BE2020683246414600F031FAA3689B1BA36098
S3150806BE302368334423600020BDE8F0872A4600F0CD
S3150806BE4021FB06460028E0D121695046FFF726FB66
S3150806BE500C23CAF80030A38943F04003A3814FF0A8
S3150806BE60FF30E9E72DE9F04F98468B891B069DB00A
S3150806BE7007460D4614460ED50B6963B94021FCF7ED
S3150806BE8075FC2860286120B90C233B604FF0FF300B
S3150806BE90D0E040236B610023099320238DF82930CF
S3150806BEA0CDF80C803023DFF8A4818DF82A304FF0C0
S3150806BEB0010923469A4613F8012B0AB1252AF9D110
S3150806BEC0BAEB040B0BD05B46224629463846FFF7E3
S3150806BED06FFF013000F0A980099A5A4409929AF828
S3150806BEE00030002B00F0A18000234FF0FF32CDE989
S3150806BEF005230AF1010A049307938DF853301A931A
S3150806BF005446052214F8011B5048D4F799F9049AA1
S3150806BF10D8B9D00644BF20238DF85330110744BF3D
S3150806BF202B238DF853309AF800302A2B15D0079A0A
S3150806BF30544600204FF00A0C214611F8013B303BC7
S3150806BF40092B4DD9B0B1079214E0A0EB080309FAFC
S3150806BF5003F313430493A246D2E7039B191D1B68F2
S3150806BF600391002BBBBF5B4242F00202079307937D
S3150806BF70B8BF049223782E2B0CD163782A2B34D19A
S3150806BF80039B1A1D1B680392002BB8BF4FF0FF339D
S3150806BF9002340593DFF8C4A0217803225046D4F765
S3150806BFA04FF938B1049BA0EB0A004022824013439E
S3150806BFB00134049314F8011B25488DF82810062227
S3150806BFC0D4F73EF9002838D0224B1BBB039B073310
S3150806BFD023F0070308330393099B3344099368E759
S3150806BFE00CFB02320C460120A6E700230134059312
S3150806BFF019464FF00A0C204610F8012B303A092A42
S3150806C00003D9002BC6D00591C4E70CFB01210446CB
S3150806C0100123F0E703AB00932A460F4B04A93846DB
S3150806C020FCF7D0FC421C0646D6D1AB895B063FF523
S3150806C0302DAF09981DB0BDE8F08F03AB00932A46CD
S3150806C040054B04A93846FCF761FFEBE7D514070844
S3150806C050DF140708C5890608B1BD0608DB140708F4
S3150806C0608A892DE9F041054610070C4658D44B68CF
S3150806C070002B05DC0B6C002B02DC0020BDE8F081EA
S3150806C080E66A002EF9D0002312F480522F68216A38
S3150806C0902B6032D0606DA3895A0705D56368C01A26
S3150806C0A0636B0BB1236CC01A00230246E66A216A43
S3150806C0B02846B047431CA38906D129681D292BD8CB
S3150806C0C0294A0A41D60727D400226260D90422697A
S3150806C0D0226004D5421C01D12B6803B96065616BE1
S3150806C0E02F600029C9D004F14403994202D0284694
S3150806C0F0FFF7D4F900206063C0E701232846B04756
S3150806C100411CC8D12B68002BC5D01D2B01D0162B78
S3150806C11001D12F60B1E7A38943F04003A381ADE7B8
S3150806C1200F69002FA9D093070E6808BF4B690F60E1
S3150806C13018BF0023A6EB07088B60B8F1000F9CDD35
S3150806C140216AA66A43463A462846B047002806DCC8
S3150806C150A38943F04003A3814FF0FF308EE70744D7
S3150806C160A8EB0008E9E700BFFEFFBFDF38B50B6995
S3150806C17005460C4613B90025284638BD18B1036A84
S3150806C1800BB9FDF75FF8B4F90C30002BF3D0626EE5
S3150806C190D00704D4990502D4A06DFEF7B8FA284646
S3150806C1A02146FFF75DFF636EDA070546E4D4A389E1
S3150806C1B09B05E1D4A06DFEF7ACFADDE738B5134D5D
S3150806C1C00446286818B1036A0BB9FDF73BF8636E8F
S3150806C1D0D80705D4A389990502D4A06DFEF797FA60
S3150806C1E0B4F90C305BB1B4F90E50626ED20704D4BA
S3150806C1F09B0502D4A06DFEF78CFA284638BD2A6838
S3150806C200092111604FF0FF35EFE700BFF43F002024
S3150806C2100EB403B5014603AB054853F8042B00686C
S3150806C220019300F067FB02B05DF804EB03B07047B4
S3150806C230F43F00200EB410B59FB021AC4FF401713F
S3150806C24054F8042B0192ADF81C1004900890D4F704
S3150806C25047F80C4B059009900D930B48019A006810
S3150806C26003940023119316934FF6FF73ADF81E3009
S3150806C27004A9234600F09CF91FB0BDE8104003B098
S3150806C280704700BF97940608F43F0020884210B509
S3150806C29001EB020402D98442234607D8431EA1426B
S3150806C2A008D011F8012B03F8012FF8E702440146D6
S3150806C2B08A4200D110BD13F8014D02F8014DF7E781
S3150806C2C010B56AB10139841810F8012B11F8013F27
S3150806C2D09A4203D1A04201D0002AF5D1D01A10BD40
S3150806C2E01046FCE700487047F83F00202DE9F04164
S3150806C2F04D4A0C460023D0E90001D4F7DDFC002A96
S3150806C300BCBF02F5A83202F5C0724FF4616100F5AA
S3150806C3102F20B2FBF1F301FB13224FF03C01ACBF11
S3150806C32000F66C2000F66B20A360B2FBF1F301FB66
S3150806C330132263602260C31C072293FBF2F2C2EB48
S3150806C340C2029B1A48BF07330028A361B8BFA0F5E7
S3150806C3500E333649AEBF90FBF1F1A3F52C7393FB6A
S3150806C360F1F1334B03FB010048F6AC63B0FBF3F37C
S3150806C370034440F2B45CB0FBFCF29B1A40F26D171C
S3150806C3802C4AB0FBF2F264269B1AB3FBF7F2B3FB10
S3150806C390FCF3B2FBF6F5EB1A034407FB12339920B6
S3150806C3A003EB8307023703F1010EB7FBF0FC00FB2C
S3150806C3B00CF002304FF00508B0FBF8F0AEEB0000C3
S3150806C3C040F2F95E774594BF02276FF0090767447E
S3150806C3D04FF4C87C0CFB0121012F98BF0131B3F538
S3150806C3E0997F0CD3A3F59973E361A1F26C710023C7
S3150806C3F0E060C4E9047123622046BDE8F08112F0C4
S3150806C400030F02D106FB15255DB94FF4C875B2FBB5
S3150806C410F5F605FB1622B2FA82F252093B331344A5
S3150806C420E2E70122FAE700BF80510100B13A0200AD
S3150806C4304FC5FDFFB03A020008B5062000F0F2FD2A
S3150806C4400120D6F70DF900000148FEF760B900BFCE
S3150806C45020B600200148FEF75CB900BF20B60020CA
S3150806C46082B001B901A942B14BB113780B601278B3
S3150806C470101E18BF012002B070471046FBE76FF082
S3150806C4800100F8E72DE9F041804614460E4621B923
S3150806C490BDE8F0411146FCF769B92AB9FEF7FEFF71
S3150806C4A025462846BDE8F08100F0D8FD84420746B1
S3150806C4B002D8B4EB500F12D821464046FCF756F977
S3150806C4C005460028EDD0BC422246314628BF3A46E4
S3150806C4D0FEF728F931464046FEF7E0FFE1E735461E
S3150806C4E0DFE749B1FF2A85BF8A2303600A704FF042
S3150806C4F0FF3098BF012070470846704738B54B1C71
S3150806C500144603D14FF0FF35284638BD938923F0E4
S3150806C51020039381636B5268CDB28BB1A36B9342AA
S3150806C52008DD23685A1E226003F8015C6368013336
S3150806C5306360E9E7214600F07EFC0028F1D0E1E7D2
S3150806C5402169236851B1994208D213F8011CA942F8
S3150806C55004D1013B013223606260D5E7C4E90F3294
S3150806C56004F1440363630323A363234603F8465F80
S3150806C57023600123DCE710B50C46496B69B104F163
S3150806C5804403994201D0FEF789FF236C63600020B5
S3150806C590606313B1E36B236010BD23692360002330
S3150806C5A06360A38943F02003A3814FF0FF30F3E7C6
S3150806C5B02DE9F0470C46ADF5227D0021CDE944115B
S3150806C5C0A649A0910DF10408A549A64FDFF8989249
S3150806C5D0CDF818810646A19100931378002B00F032
S3150806C5E05A81F95C11F0080102F1010519D0636850
S3150806C5F0002B0FDD23681A78BA5C120701D42A467F
S3150806C600EBE7459A0132459262680133013A626060
S3150806C6102360ECE7A19B2146304698470028E9D0D7
S3150806C620EDE7252B12D09A466368002B40F39180D6
S3150806C63022681378534540F02E816368013B636090
S3150806C640459B0132013322604593D8E741914391D0
S3150806C65053782A2B02BF1023951C41930A22AA4611
S3150806C6601AF8011BA1F13003092B1CD97E480322AF
S3150806C670D3F7E6FD38B1419AA0EB090001238340BA
S3150806C68013434193554615F8013B782B06D8572B85
S3150806C69010D8252BC7D057D8002B65D00323479328
S3150806C6A00A23429376E0439B02FB031130394391F2
S3150806C6B05546D4E7A3F15802202AEFD801A151F826
S3150806C6C022F000BF77C706089DC606089DC6060857
S3150806C6D0D5C706089DC606089DC606089DC6060849
S3150806C6E09DC606089DC606089DC606089DC6060872
S3150806C6F0EBC70608D1C706084FC706084FC7060878
S3150806C7004FC706089DC606088DC706089DC60608AD
S3150806C7109DC606089DC606089DC60608FBC70608E2
S3150806C720C9C706086FC706089DC606089DC6060831
S3150806C730F7C706089DC60608D1C706089DC6060891
S3150806C7409DC6060877C70608453B022BA6D80523C5
S3150806C7501FE0A19B21463046984700283FF468AF5C
S3150806C7604498002840F08D804FF0FF308FE0419ABC
S3150806C77042F020024192419A42F4007241921022F6
S3150806C7806F2B429234BF0323042302E0002342930D
S3150806C790032347936368002B3DDD419B590604D462
S3150806C7A023681A78BA5C12073CD4479B022B4BDCE3
S3150806C7B06B46224641A9304600F0B6F901286AD0EA
S3150806C7C002287FF41CAFCBE7082342930423E0E74D
S3150806C7D00A22D5E72946404600F0F4FA419B43F07B
S3150806C7E04003419305460123D3E7419B43F04003A3
S3150806C7F041930023CDE70223CBE74198C3063FF5CD
S3150806C800FEAE009B459A191D00911B68C0074CBFD2
S3150806C8101A801A60F3E6A19B2146304698470028F7
S3150806C820BBD09DE7459A013245926268013A002ACD
S3150806C830626002DD01332360B2E7A19B21463046DA
S3150806C84098470028ACD08BE7042B0FDC6B462246AC
S3150806C85041A9304600F0C2F9B0E700BFFDC4060894
S3150806C86077C50608D5130708DB1407080B4B002BF4
S3150806C8703FF4C5AE6B46224641A93046AFF3008063
S3150806C8809CE7A38913F0400F18BF4FF0FF300DF54C
S3150806C890227DBDE8F0874498F9E700BF000000004E
S3150806C8A09368013B002B10B4936008DA9469A34297
S3150806C8B001DB0A2903D15DF8044B00F0F6BA1368C2
S3150806C8C0581C1060197008465DF8044B7047F8B591
S3150806C8D006460F461446D518AC4201D1002007E095
S3150806C8E014F8011B3A463046FFF7DAFF431CF3D124
S3150806C8F0F8BD00002DE9F04F0D469DB01446984642
S3150806C900064618B1036A0BB9FCF79CFC6B6ED90789
S3150806C91005D4AB899A0502D4A86DFDF7F8FEAB894E
S3150806C9201B0701D52B699BB92946304600F0FAFA4A
S3150806C93070B16B6EDC0704D54FF0FF301DB0BDE84D
S3150806C940F08FAB899805F7D4A86DFDF7E2FEF3E7F5
S3150806C9500023099320238DF82930CDF80C8030233F
S3150806C960DFF8B0818DF82A304FF0010923469A463A
S3150806C97013F8012B0AB1252AF9D1BAEB040B0BD009
S3150806C9805B46224629463046FFF7A1FF013000F0EE
S3150806C990A980099A5A4409929AF80030002B00F0A1
S3150806C9A0A18000234FF0FF32CDE905230AF1010ADB
S3150806C9B0049307938DF853301A935446052214F8B0
S3150806C9C0011B5448D3F73CFC049AD8B9D10644BF90
S3150806C9D020238DF85330130744BF2B238DF8533085
S3150806C9E09AF800302A2B15D0079A544600204FF09D
S3150806C9F00A0C214611F8013B303B092B4DD9B0B13B
S3150806CA00079214E0A0EB080309FA03F31343049309
S3150806CA10A246D2E7039B191D1B680391002BBBBFD1
S3150806CA205B4242F0020207930793B8BF0492237843
S3150806CA302E2B0CD163782A2B34D1039B1A1D1B681F
S3150806CA400392002BB8BF4FF0FF3302340593DFF885
S3150806CA50D4A0217803225046D3F7F2FB38B1049BBB
S3150806CA60A0EB0A004022824013430134049314F8CB
S3150806CA70011B29488DF828100622D3F7E1FB002862
S3150806CA803FD0264B1BBB039B073323F0070308330C
S3150806CA900393099B3B44099368E70CFB02320C4651
S3150806CAA00120A6E700230134059319464FF00A0C20
S3150806CAB0204610F8012B303A092A03D9002BC6D08E
S3150806CAC00591C4E70CFB012104460123F0E703ABF5
S3150806CAD000932A46124B04A93046FBF773FF07460E
S3150806CAE0781CD6D16B6ED90705D4AB899A0502D4BC
S3150806CAF0A86DFDF70EFEAB895B063FF51DAF0998D7
S3150806CB001CE703AB00932A46054B04A93046FCF7F7
S3150806CB10FDF9E4E7D5140708DF140708C5890608EA
S3150806CB20CFC80608DB1407082DE9F84315468A68B0
S3150806CB3080460C4632B98A69002A0CBF01224FF094
S3150806CB40FF328A602268DFF89090D1065FBF1A68BE
S3150806CB50111D196016680027A06988B1012807D132
S3150806CB602A6811786269525C52B9002F31D022E0E0
S3150806CB70022820D12B681B7819F803301B071AD40C
S3150806CB802368DA065EBF2B681B7806F8013B2A6817
S3150806CB906B6801322A60A268013B013A6B6001376D
S3150806CBA0A26042B1002BD7DCD4F88031294640462C
S3150806CBB098470028D0D0236813F0100305D1E268F9
S3150806CBC00132E260A26902B1337023693B442361EC
S3150806CBD00020BDE8F88300BFD51307082DE9F04FF6
S3150806CBE09846744B0C468246164693E8070087B065
S3150806CBF003AB83E80700704BA169704A032918BF7F
S3150806CC001A46A36801925A1EB2F5AE7F88BF6FF41C
S3150806CC10AE75274682BF03EB050940F25D13A3608E
S3150806CC2057F81C3B43F4506398BF4FF0000923603E
S3150806CC303D464FF0000B316803AB097853F82B00D5
S3150806CC400222D3F7FDFA28B3BBF1010F59D1626860
S3150806CC502AB92268082342F40072636022602268B1
S3150806CC6022F4A0622260A268511EA16092B13268BF
S3150806CC70511C3160127805F8012B7268013A002AB0
S3150806CC80726007DCD4F88021314650469047002862
S3150806CC9040F085800BF1010BBBF1030FCBD163681E
S3150806CCA00BB90A236360636845496069C91A00F0C7
S3150806CCB089F84FF0000BA3682268002B3DD031682F
S3150806CCC0606991F800C010F80C00002835D0BCF150
S3150806CCD0300F24D1100522D50BF1010BB9F1000F3F
S3150806CCE003D0013309F1FF39A3607368013B002BB2
S3150806CCF073601BDD336801333360A368013BA360A9
S3150806CD00D9E7BBF1020FAED1226802F4C061B1F5CC
S3150806CD10007FBFD11023636042F48072A2E722F433
S3150806CD20106222600B7805F8013BDEE7D4F88031FD
S3150806CD303146504698470028DFD02368D9050DD5D1
S3150806CD40BD4209D915F8011CD4F87C31324650463D
S3150806CD50984705F1FF394D46BD4228D0226812F09C
S3150806CD60100213D12A706368019E39465046B047A9
S3150806CD70D8F8003021681A1DC8F8002011F0200FCF
S3150806CD801B680FD01860E3680133E3602369ED1B5F
S3150806CD905D442B442361002007B0BDE8F08F4FF0B1
S3150806CDA0000BCAE7CA074CBF18801860EBE70120D4
S3150806CDB0F2E700BFE4F8060899BD060871D1060829
S3150806CDC00015070870B50B7804465E2B0BBF4B7823
S3150806CDD04A1C8A1C002108BF0121013804F1FF05F7
S3150806CDE000F8011FA842FBD10BB9501E70BD81F091
S3150806CDF00101E1541046024612F8015B2D2D05D0B5
S3150806CE005D2D16D0002DF1D02B46F2E746785D2E1D
S3150806CE10FAD0B342F8DC02301A4601329642A154D9
S3150806CE20FBDCF21A013A5D1CB342A8BF0022AB1816
S3150806CE30E1E71046DAE72DE9F0410C46496B04F1BD
S3150806CE40440399421DD14FF48061FBF78FFC18B94C
S3150806CE504FF0FF30BDE8F0814FF48063A36394F882
S3150806CE604630606380F8FF3394F8453080F8FE3321
S3150806CE7094F8443080F8FD3300F2FD302060002037
S3150806CE80E8E7A66B77003A46FFF7FCFA0546002858
S3150806CE90DED000EB0608014632464046FDF742FC60
S3150806CEA0C4E90D57C4F80080E9E7F8B50E461446F6
S3150806CEB0054618B1036A0BB9FCF7C4F9A369A3605A
S3150806CEC0A3891A0725D523691BB323682269981AE5
S3150806CED06369F6B28342374604DC21462846FFF7DD
S3150806CEE045F9E0B9A368013BA36023685A1C22608A
S3150806CEF01E706269431C9A4204D0A389DB0706D5CD
S3150806CF000A2E04D121462846FFF730F938B938469D
S3150806CF10F8BD2146284600F005F80028D5D04FF07A
S3150806CF20FF37F4E738B52A4B054618680C4618B194
S3150806CF30036A0BB9FCF786F9A389B4F90C20180716
S3150806CF4022D4D90607D409232B6042F04003A381CD
S3150806CF504FF0FF3034E0580712D5616B41B104F142
S3150806CF604403994202D02846FEF798FA00236363DB
S3150806CF70A38923F02403A38100236360236923601E
S3150806CF80A38943F00803A38123694BB9A38903F44C
S3150806CF902073B3F5007F03D02146284600F010F922
S3150806CFA0A089B4F90C2010F001030AD00023A36067
S3150806CFB063695B42A361236943B910F08000C4D153
S3150806CFC038BD810758BF6369A360F4E70020F7E711
S3150806CFD0F43F00201F2938B504460D4604D9162302
S3150806CFE003604FF0FF3038BDC26B12B152F82130DC
S3150806CFF04BB9204600F030F82A4601462046BDE8D9
S3150806D000384000F017B8012B0AD0591C03D116234D
S3150806D01003600120E7E7002442F82540284698479A
S3150806D0200020E0E7024B01461868FFF7D3BF00BFAA
S3150806D030F43F002038B5074D002304460846114636
S3150806D0402B60D5F7FDFA431C02D12B6803B1236082
S3150806D05038BD00BF1CB60020D5F7EABA51F8043C1D
S3150806D060181F002BBCBF0B58C0187047012B2DE99B
S3150806D070F04701D0242B06D9FDF71EFB16230360BD
S3150806D0800020BDE8F087DFF8E4C00D462E4615F801
S3150806D090014B1CF8047017F00807F7D12D2C32D16E
S3150806D0A02C780127B51C002B5BD0102B09D1302C08
S3150806D0B007D12C7804F0DF04582C4DD16C78102350
S3150806D0C0023507F1004808F1FF384FF0000EB8FBA5
S3150806D0D0F3F9764603FB198AA4F1300CBCF1090F5D
S3150806D0E016D86446A34224DDBEF1FF3F08D0B145F3
S3150806D0F01CD301D1A24519DB06FB03464FF0010EE8
S3150806D10015F8014BE8E72B2C04BF2C78B51CCAE7A3
S3150806D110A4F1410CBCF1190F01D8373CE2E7A4F19A
S3150806D120610CBCF1190F04D8573CDBE74FF0FF3EFC
S3150806D130E6E7BEF1FF3F05D122230360464642B91C
S3150806D14030469EE707B17642002AF9D0BEF1000FAF
S3150806D15000D0691E1160F3E73024002BB1D10823ED
S3150806D160AFE7302CA5D00A23ABE700BFD5130708CF
S3150806D170FFF77CBF70B50C46B1F90E10002996B0BC
S3150806D18015461E460DDAA38913F0800F4FF00001E7
S3150806D1900CBF4FF480634023002031602B6016B025
S3150806D1A070BD6A4600F048F80028ECDB019901F4E0
S3150806D1B07041A1F50053594259414FF48063EBE794
S3150806D1C08B8973B59D0706460C4607D504F14703B2
S3150806D1D0236023610123636102B070BD01AB6A4611
S3150806D1E0FFF7C8FF009905463046FBF7BFFA48B968
S3150806D1F0B4F90C309A05EFD423F0030343F002037F
S3150806D200A381E3E7A389206043F08003A381009BFB
S3150806D2106361019B20615BB1B4F90E10304600F0DC
S3150806D2201DF828B1A38923F0030343F00103A3815C
S3150806D230A3891D43A581CFE738B5074D00230446C4
S3150806D240084611462B60D5F75AFA431C02D12B68B5
S3150806D25003B1236038BD00BF1CB6002038B5064D9D
S3150806D2600023044608462B60D5F759FA431C02D113
S3150806D2702B6803B1236038BD1CB6002000000000E9
S3150806D28038B52DED028B55EC104B00F041F82246C9
S3150806D2902B4620462946B0EE408AF0EE608AD3F73A
S3150806D2A07DFC98B90022002320462946D3F76CFC54
S3150806D2B060B90022002320462946D3F73DFC60B113
S3150806D2C0FDF7FAF99FED0A8B22230360B0EE480AAA
S3150806D2D0F0EE680ABDEC028B38BDFDF7EDF9BDEC3C
S3150806D2E0028B21230360BDE83840034800F008B8DE
S3150806D2F0000000000000F0FF051207080000000005
S3150806D3009FED010B704700BF000000000000F87F84
S3150806D3102DE9F04F51EC100B2DED048BB1F5801F5E
S3150806D32083B00D4629DA21F00043034310EE102A8E
S3150806D3300CD1CF49002200230020D3F7BFFA41ECCF
S3150806D340100B03B0BDEC048BBDE8F08F002905DA97
S3150806D3500B46D2F7D1FF00220023EEE7C54B002283
S3150806D360D3F782F96FF035030D46C34A954206DDB3
S3150806D37002460B46D2F7C2FFE1E70023F5E72C156E
S3150806D380A4F2FF34C5F313051C4405F5152303F665
S3150806D390647303F4801383F07F5282F4401242EAE0
S3150806D3A0050104EB13540022B44BD2F7A5FFAB1CB8
S3150806D3B0C3F31303022B82468B464FF0000253DC57
S3150806D3C00023D3F7B9FBD0B1002C00F02281204602
S3150806D3D0D3F7E0F890A3D3E9002306460F46D3F71A
S3150806D3E043F98FA3D3E9002304460D46304639464A
S3150806D3F0D3F73AF902460B4620462946BAE78AA3E0
S3150806D400D3E9002350465946D3F72EF902460B466A
S3150806D41000209B49D2F770FF524606460F465B46E2
S3150806D42050465946D3F720F902460B463046394642
S3150806D430D3F71AF906460F4614B932463B46A2E012
S3150806D4402046D3F7A7F874A3D3E90023804689466E
S3150806D450D3F70AF972A3D3E9002304460D464046D4
S3150806D4604946D3F701F9A7E04FF08043D2F746FFBE
S3150806D47002460B4650465946D3F720FA41EC180B96
S3150806D4802046D3F787F853EC182B41EC190B51ECC9
S3150806D490180BD3F7E9F8A5F5C223A3F27A43019345
S3150806D4A002460B4680468946D3F7DEF860A3D3E9DB
S3150806D4B0002306460F46D3F7D7F85FA3D3E900231A
S3150806D4C0D2F71CFF32463B46D3F7CEF85CA3D3E920
S3150806D4D00023D2F713FF32463B46D3F7C5F85AA3BD
S3150806D4E0D3E90023D2F70AFF42464B46D3F7BCF8E0
S3150806D4F057A3D3E900238046894630463946D3F7EB
S3150806D500B3F855A3D3E90023D2F7F8FE32463B46CD
S3150806D510D3F7AAF852A3D3E90023D2F7EFFE324689
S3150806D5203B46D3F7A1F80B46024649464046D2F78C
S3150806D530E5FEC5F5D725019B51351D43002D8046C9
S3150806D540894648DD4E4B002250465946D3F78CF895
S3150806D55052465B46D3F788F802460B4606460F46FA
S3150806D56040464946D2F7CAFE53EC182BD3F77CF841
S3150806D5708046894664B902460B4630463946D2F78E
S3150806D580BBFE02460B4650465946D2F7B5FED6E6C8
S3150806D59021A3D3E9002351EC190BD3F765F820A389
S3150806D5A0D3E9002304460D4651EC190BD3F75CF86C
S3150806D5B042464B46D2F7A2FE02460B463046394647
S3150806D5C0D2F79AFE52465B46D2F796FE02460B46B7
S3150806D5D020462946D9E702460B4650465946D2F70B
S3150806D5E08BFE53EC182BD3F73FF806460F46002C4E
S3150806D5F03FF423AF08A3D3E9002351EC190BD3F75D
S3150806D60033F807A3D3E9002304460D4651EC190B54
S3150806D61027E79FED150B94E60000E0FE422EE63F4F
S3150806D620763C7935EF39EA3D555555555555D53F25
S3150806D63044523EDF12F1C23FDE03CB966446C73F2D
S3150806D640599322942449D23F935555555555E53F46
S3150806D6509FC678D0099AC33FAF788E1DC571CC3F51
S3150806D66004FA97999999D93F00000000000000002E
S3150806D670000050C300005043FFFFEF7F0000F03F55
S3150806D6800000E03FF8B500BFF8BC08BC9E467047E8
S3110806D690F8B500BFF8BC08BC9E467047FB
S3150806D6A04D41494E000000007C252D3135737C001E
S3150806D6B0456E746572204572726F722048616E6493
S3150806D6C06C65722C204952512077696C6C2062650C
S3150806D6D02044697361626C65000000000D0A00004B
S3150806D6E04C4344007C252D3135737C007570646186
S3150806D6F07465207374617465202575202D2D2D3E5D
S3150806D700202575000D0A0000416D6963656C6C205D
S3150806D7102D205542412036005665723A2530327517
S3150806D7202E253032752E253032752E253032750067
S3150806D730630000007C252D3135737C006A203D2068
S3150806D740256400000D0A00003C25783E3A3C3078F0
S3150806D75025783E00222A3A3C3E3F7C7F00000000A0
S3150806D7602B2C3B3D5B5D0000EBFE904D53444F531F
S3150806D770352E30004E4F204E414D4520202020465E
S3150806D78041543332202020004E4F204E414D45202D
S3150806D790202020464154202020202000656E642D36
S3150806D7A06F662D73747265616D000000696F20657A
S3150806D7B072726F7200000000766172696E74206F6D
S3150806D7C0766572666C6F7700696E76616C69642039
S3150806D7D0776972655F7479706500000070617265B5
S3150806D7E06E742073747265616D20746F6F2073682A
S3150806D7F06F72740077726F6E672077697265207428
S3150806D80079706500696E76616C6964206669656C0F
S3150806D81064207479706500006172726179206F768A
S3150806D8206572666C6F7700006661696C656420745C
S3150806D8306F207365742064656661756C7473000081
S3150806D8406E6F206D616C6C6F6320737570706F7286
S3150806D8507400000063616C6C6261636B20666169C3
S3150806D8606C656400696E76616C69642065787465B2
S3150806D8706E73696F6E0000007A65726F2074616751
S3150806D8800000000077726F6E672073697A652066F6
S3150806D8906F7220666978656420636F756E74206694
S3150806D8A069656C64000000006D697373696E6720AC
S3150806D8B07265717569726564206669656C640000CF
S3150806D8C0696E76616C696420646174615F73697AEE
S3150806D8D065000000696E746567657220746F6F204F
S3150806D8E06C617267650000006279746573206F76ED
S3150806D8F06572666C6F77000073697A6520746F6F58
S3150806D900206C617267650000737472696E67206FB2
S3150806D910766572666C6F7700696E76616C696420E7
S3150806D9206669656C642064657363726970746F7280
S3150806D93000000000696E636F72726563742066691B
S3150806D940786564206C656E67746820627974657399
S3150806D9502073697A6500000073747265616D2066C6
S3150806D960756C6C00696F206572726F720000000034
S3150806D9706172726179206D61782073697A652065AE
S3150806D9807863656564656400286E6F6E65290000B0
S3150806D990696E76616C6964206669656C642074795B
S3150806D9A07065000063616C6C6261636B20657272F8
S3150806D9B06F7200006D697373696E6720726571759B
S3150806D9C069726564206669656C640000696E7661CD
S3150806D9D06C696420657874656E73696F6E000000FD
S3150806D9E07375626D73672073697A65206368616EFD
S3150806D9F067656400696E76616C6964206461746142
S3150806DA005F73697A650000006279746573207369C5
S3150806DA107A65206578636565646564007A65726FFC
S3150806DA202D6C656E67746820737472696E6700007C
S3150806DA30756E7465726D696E617465642073747249
S3150806DA40696E6700696E76616C6964206669656CDD
S3150806DA50642064657363726970746F7200000000EF
S3150806DA604D435033323231007C252D3135737C00D7
S3150806DA7052656365697665204661696C6564203A10
S3150806DA80203078257820616464726573733A307835
S3150806DA9025303278000000000D0A0000693263203E
S3150806DAA068616E646C65206973206E756C6C00001F
S3150806DAB04D435034375836007C252D3135737C0056
S3150806DAC04661696C656420746F205472616E736D65
S3150806DAD0697400000D0A000057726974652056615C
S3150806DAE06C7565206D69736D61746368202575218B
S3150806DAF03D2575200000000048616E646C65206946
S3150806DB0073204E554C4C0000000000004661696CB7
S3150806DB10656420746F205265636569766500000042
S3150806DB2054504C30313032007C252D3135737C000B
S3150806DB30416C726561647920496E204956415220C6
S3150806DB406D6F6465000000000D0A00005265636586
S3150806DB50697665204661696C656400005472616E73
S3150806DB60736D6974204661696C6564006932632061
S3150806DB7068616E646C65206973206E756C6C00004E
S3150806DB805769706572206973206E6F7420417661D5
S3150806DB90696C61626C650000525443205570646175
S3150806DBA0746500007C252D3135737C006265666FC9
S3150806DBB072653A25730000000D0A00005254432088
S3150806DBC06166746572000000554241003D3D3D3D63
S3150806DBD02046414E204F666620283129203D3D3D88
S3150806DBE03D0000003D3D3D3D2046414E204F6666C0
S3150806DBF020283229203D3D3D3D0000003D3D3D3D66
S3150806DC002046414E204F6E20283129203D3D3D3D78
S3150806DC10000000003D3D3D3D2046414E204F6666CC
S3150806DC2020283329203D3D3D3D0000003D3D3D3D34
S3150806DC302046414E204F6E20283229203D3D3D3D47
S3150806DC4000000000757064617465207374617465FC
S3150806DC50202575202D2D2D3E20257500554241205F
S3150806DC6053657474696E67732E7062002F536574F4
S3150806DC7074696E67730000005542412041646472F8
S3150806DC8065737320696E69742077697468207A6586
S3150806DC90726F202C7365742064656661756C7420D2
S3150806DCA061646472657373200000000044657669D2
S3150806DCB0636520696E697420446F6E652041743AFF
S3150806DCC020257300412054657374206973206E6F8E
S3150806DCD0742073696E676C65206368616E6E656C21
S3150806DCE000000000422054657374206973206E6F25
S3150806DCF0742073696E676C65206368616E6E656C01
S3150806DD00000000003D3D3D3D3D3D3D3D3D3D3D3D23
S3150806DD103D3D3D3D3D3D3D3D3D3D3D485620456EDF
S3150806DD2061626C65204F66663D3D3D3D3D3D3D3D28
S3150806DD303D3D3D3D3D3D3D3D3D3D3D3D3D3D3D3DFF
S3150806DD403D3D3D3D3D3D3D3D3D3D3D3D3D3D3D3DEF
S3150806DD500000000041422054657374206973206EE2
S3150806DD606F74206475616C206368616E6E656C00FD
S3150806DD7053746174652056616C75652069732069EC
S3150806DD806E76616C6964202575200000257320531C
S3150806DD906574204E657874205374617465205661DF
S3150806DDA06C75652020257520000000002573205413
S3150806DDB065737420436F6D6D616E6400496E766196
S3150806DDC06C696420416472657373202575200000AA
S3150806DDD041646472657373206368616E676564205F
S3150806DDE0746F202530387820000000004E616D6576
S3150806DDF020776173206368616E67656420746F2097
S3150806DE002573000054696D65207761732063686120
S3150806DE106E67656420746F20256C7500534E206303
S3150806DE2068616E67656420746F202530387820002F
S3150806DE30496E76616C696420436F6D6D616E642008
S3150806DE404944202575200000494E49540000000023
S3150806DE504255434B00000000424F4F535400000002
S3150806DE604255434B5F424F4F535400004255434B6E
S3150806DE705F424F4F53545F55500000004255434B7F
S3150806DE805F424F4F53545F444F574E004443324404
S3150806DE90430000007C252D3135737C0043616E27CF
S3150806DEA0742063616C63756C6174652056616C7564
S3150806DEB065202825752920565053206C6F77000053
S3150806DEC00D0A0000457870656374656420566765B3
S3150806DED06E2028256C7529206973204F4F4200004D
S3150806DEE044656C74612044757479204379636C655E
S3150806DEF0206973204F4F420044757479204379632D
S3150806DF006C6520617420746865206C696D69747324
S3150806DF10000000005542415F474658007C252D31D2
S3150806DF2035737C004944206973206E6F74204672E7
S3150806DF30616D65000D0A0000494E4954000000004F
S3150806DF404348414E4E454C0042505400544553549E
S3150806DF505F53454C45435400544553545F494E4612
S3150806DF604F000000544553545F5354455000000073
S3150806DF7053455454494E47004558455F434D44005A
S3150806DF804F46460053435245454E00007C252D31E3
S3150806DF9035737C002873637265656E20256429755A
S3150806DFA07064617465207374617465202573202D09
S3150806DFB02D2D3E20257300000D0A00002873637276
S3150806DFC065656E20256429757064617465207374A9
S3150806DFD0617465202575202D2D2D3E20257500009A
S3150806DFE04348204100000000434820420000000044
S3150806DFF043482041420000004348204E2F41000076
S3150806E000202020494E49542020200000252D313055
S3150806E0107300000020202044454C4159202000006A
S3150806E02020205354414E444259200000204348417B
S3150806E03052474520000000002044495343484152B0
S3150806E040474500004E2F41006368616E6E656C2079
S3150806E0505374617465203A257520556E6B6E6F7715
S3150806E0606E20000025332E326620252D33730000D8
S3150806E07056000000252E326620252D337300000033
S3150806E0806D5600002531312E2A7300004100000026
S3150806E0906D410000252E356620252D3373000000B8
S3150806E0A0416800006D416800252B332E3266F8203C
S3150806E0B0257300004300000053637265656E20638E
S3150806E0C068616E6E656C20636F6E746F726C206E17
S3150806E0D06F7420646566696E650000004572726F26
S3150806E0E0723A2578000000002020202020202020D3
S3150806E0F020202020000000002020766F6C746167BF
S3150806E100653A0000202063757272656E743A0000DF
S3150806E110202063617061636974793A00202074650A
S3150806E1206D70657261747572653A00002573000034
S3150806E1306368616E6E656C20636F6E74726F6C20B1
S3150806E140696420257520696E20756E6B6E6F756E0F
S3150806E15020000000253032753A253032753A2530CA
S3150806E1603275000020436F6D706C65746564200017
S3150806E170204661696C6564200000000053746F7060
S3150806E180656420627920557365720000426174746D
S3150806E19065727920446973636F6E6E656374656428
S3150806E1A000000000504155534500000041424F52B9
S3150806E1B0544544004641494C000000005354455016
S3150806E1C02D25642825642900524553554D0000001F
S3150806E1D053544F50000000004E4558542000000086
S3150806E1E053544152540000004241434B000000007C
S3150806E1F02020202020000000746865206D617820A4
S3150806E2006E756D626572206F662063686172206935
S3150806E2106E2073637265656E2073697A6520697305
S3150806E2202025640020202D2D656E642D6F662D6CC5
S3150806E2306973742D2D2D2D2D2D2D2D2D00000000E5
S3150806E24053454C4543540000546573742053656C16
S3150806E2506563740025642D252D73000025642D2518
S3150806E26073202020202000002020626174746572C5
S3150806E2707920502F4E3A20002020252E2A7300009A
S3150806E28020206261747465727920532F4E3A2000F5
S3150806E29020206261747465727920747970653A20F3
S3150806E2A00000000020205072696D61727900000036
S3150806E2B020205365636F6E64617279002020556E5F
S3150806E2C06B6E6F776E000000202063656C6C20739A
S3150806E2D065722F7061723A206D6F64653A000000A8
S3150806E2E020202025642F25640000000020206E7556
S3150806E2F06D2073746570733A20000000202020256F
S3150806E3006400000053696E676C6500004475616CAD
S3150806E3100000000053544550202000005452207532
S3150806E3206E7061636B204661696C65640000000067
S3150806E330436861726765000044697363686172675A
S3150806E3406500000053746570202564002020636804
S3150806E350617267652063757272656E743A2000008D
S3150806E36020202564206D410020206D617820746583
S3150806E3706D70657261747572653A20002020256491
S3150806E3802043000020206375742D6F66662063752A
S3150806E3907272656E743A200020206368617267653A
S3150806E3A0206C696D69743A200000000020202566F5
S3150806E3B0206D4168000000002020756E64656600C1
S3150806E3C02020636861726765207065722063656CD4
S3150806E3D06C3A20002020252E3266205600000000C2
S3150806E3E02020737465703A200000000020202564FA
S3150806E3F0206F6620256400002020646973636861BF
S3150806E4007267652063757272656E743A200000003D
S3150806E41020202D2564206D4100000000202063750C
S3150806E420742D6F666620766F6C746167653A200090
S3150806E430202025332E3266205600000020206469E7
S3150806E44073636861726765206C696D69743A200042
S3150806E450202064656C61792074696D653A20000030
S3150806E46020207761697420666F722074656D706501
S3150806E4707261747572653A20000000002020676F85
S3150806E480746F20737465703A200000002020726548
S3150806E490706561742074696D65733A200000000022
S3150806E4A06578655F636D643A206576656E742025C2
S3150806E4B06400000050524F544F2068656C706572B0
S3150806E4C0000000007C252D3135737C004661696C99
S3150806E4D0656420546F206465636F6465206D657393
S3150806E4E073616765000000000D0A00004661696CE5
S3150806E4F0656420546F206465636F6465206D657373
S3150806E50073616765203A2025730000004661696CC9
S3150806E510656420526561642046696C653A202573F0
S3150806E5202F2573004572726F722067657474696E5B
S3150806E5306720656E636F646564203A20257320003C
S3150806E54053617665206D65737361676520546F2020
S3150806E55066696C65204661696C65640050574D00AE
S3150806E5607C252D3135737C006E65775F76616C7513
S3150806E570653A2530346C75203E202530346C752076
S3150806E580000000000D0A00006E65775F76616C75FF
S3150806E590653A2530346C75203C202530346C752058
S3150806E5A00000000070776D206973206E756C6C002C
S3150806E5B04661696C656420746F20537461727420B1
S3150806E5C0444D413A203078256C7800004661696CDE
S3150806E5D0656420746F2053746172742050574D3ADF
S3150806E5E0203078256C7800004661696C656420746D
S3150806E5F06F2053544F5020444D413A203078256CAD
S3150806E600780000004661696C656420746F2053546F
S3150806E6104F502050574D3A203078256C7800000028
S3150806E6205542415F554152545F436F6D6D00000078
S3150806E6307C252D3135737C0055415254206E6F74F6
S3150806E640207265616479203A2030782558000000E2
S3150806E6500D0A00005458206661696C65643A25758A
S3150806E66000000000494420697320756E6B6E6F754D
S3150806E6706E3A257800000000554152540000000005
S3150806E680554152545F71756572795F6C696E653A64
S3150806E690206C696E655F726563697069656E745F1D
S3150806E6A06964202564000000554152545F717565FA
S3150806E6B072795F6368616E6E656C3A2063685F722D
S3150806E6C06563697069656E745F6964202564000010
S3150806E6D04944206973206E6F742061206B6E6F77CC
S3150806E6E06E204250542069643A2578004465766956
S3150806E6F063650000425054204100000042505420F1
S3150806E70042000000434D44206D65737361676500DA
S3150806E7105465737420526F7574696E652E7062003F
S3150806E7202F5465737420526F7574696E6500000000
S3150806E73070726F6365737320756172742064617491
S3150806E74061206C656E3A257500000000286E6F6EAE
S3150806E750652900004465636F64696E6720666169AA
S3150806E7606C65643A202573004661696C6564207495
S3150806E7706F2072656369766520746F20444D413A49
S3150806E78025303475000000003D3D3E2046696C651F
S3150806E7903A202573205761732053656E7420636883
S3150806E7A0756E6B20256C75003D3D3E2046696C6589
S3150806E7B0204C697374202825752F2575293A2066F5
S3150806E7C06F6C646572205B25735D20003D3D3E20B7
S3150806E7D053696E676C652046696C653A2025732011
S3150806E7E05761732053656E7400000000494E4954FC
S3150806E7F0000000005354414E4442590050415553B7
S3150806E8004500000052554E5F53544550000000001F
S3150806E810535445505F434F4D504C455445000000F0
S3150806E820544553545F4641494C4544005445535450
S3150806E8305F434F4D504C455445000000253034641F
S3150806E8402530326425303264253032642530326408
S3150806E850253032640000000025735F25735F257333
S3150806E8602E706200425054007C252D3135737C008B
S3150806E870427566666572206C656E6774682069738C
S3150806E88020746F2073686F727428256C752C25643E
S3150806E890290000000D0A000075706461746520423F
S3150806E8A050542066696C65206E616D6520746F200C
S3150806E8B02573200028627074297570646174652052
S3150806E8C07374617465202573202D2D2D3E202573BE
S3150806E8D000000000286270742975706461746520EA
S3150806E8E07374617465202575202D2D2D3E2025759A
S3150806E8F000000000416374696F6E20537461746585
S3150806E9002028257529206973206E6F742073757003
S3150806E910706F727465640000425054206973204E05
S3150806E920554C4C005265616368204D6178205469E0
S3150806E9306D6500004375742D4F66662043757272C1
S3150806E940656E74004375742D4F666620566F6C7433
S3150806E9506167650052656163682043686172676529
S3150806E960204C696D697400005265616368205465B8
S3150806E9706D70204C696D697400000000496E7661F9
S3150806E9806C6964205374657020496400696E766103
S3150806E9906C696420737465702069642030782578FC
S3150806E9A00000000069642025643A20413A2025645F
S3150806E9B02C20422025642C20414220256400000094
S3150806E9C053746570205479706520696420697320CC
S3150806E9D0756E6B6E6F776E3A25750000656E746593
S3150806E9E0722073746570207768696C65207468652B
S3150806E9F020706F696E74657220696E206E756C6C10
S3150806EA000000000072756E2073746570206E6F7450
S3150806EA1020636F6D706C657465642C206372697407
S3150806EA206963616C206572726F72202564206F6E49
S3150806EA3020696420256420257300000072756E20FF
S3150806EA40737465702065727220657869743A2062F7
S3150806EA5070742D3E77725F66726F6D202564205B33
S3150806EA6025735D002F5465737420526573756C742F
S3150806EA707300000072756E2073746570206E6F746D
S3150806EA8020636F6D706C657465642C206C696E65A1
S3150806EA907320646973636F6E6E6563746564206F4D
S3150806EAA06E206964202564202573000072756E2021
S3150806EAB07374657020646973636F6E6E65637465D7
S3150806EAC06420657869743A206270742D3E77725FA1
S3150806EAD066726F6D202564205B25735D0000000055
S3150806EAE0636F6D706C6574653A20413A202564201B
S3150806EAF0286363202564292C204220256420286360
S3150806EB006320202564290000312D41204455414CB7
S3150806EB102C2041696478202564204269647820257A
S3150806EB20642041426964782025640000322D42201B
S3150806EB304455414C2C204169647820256420426955
S3150806EB40647820256420414269647820256400009B
S3150806EB50636F6D706C6574653A2069642025643A3E
S3150806EB6020413A2025642C20422025642C20414247
S3150806EB702025642C2054525F73656C65637465643E
S3150806EB805F696E64657820256400000073746F708B
S3150806EB903A20413A20256420286363202564292CD7
S3150806EBA02042202564202863632020256429000046
S3150806EBB073746F703A2069642025643A20413A20B6
S3150806EBC025642C20422025642C2041422025642CCD
S3150806EBD02054525F73656C65637465645F696E6419
S3150806EBE065782025640000005465737420697320CF
S3150806EBF0616C72656164792072756E6E696E6720DE
S3150806EC002C206368616E6E656C2069732062757365
S3150806EC10790000007468652073656C6563746564BD
S3150806EC20207465737420696E6465782065786973DF
S3150806EC3074656420746865206C656E677468206FF1
S3150806EC406620746865206C697374000063616E27B4
S3150806EC50742072756E206E657874207374657000FC
S3150806EC6054686520636F6D6D616E6420494420693A
S3150806EC707320756E6B6E6F776E3A25750000000009
S3150806EC804572726F722067657474696E6720656E61
S3150806EC90636F6465642073697A6500004D657373EE
S3150806ECA06167652053697A653A2575206973207404
S3150806ECB06F2042696720746F2074686520627566DE
S3150806ECC06665723A2575000073617665206C6F670E
S3150806ECD03A206C656E677468202564205B25735D2B
S3150806ECE000000000257300005542415F42555A5AF6
S3150806ECF045525F53544154455F494E4954000000F6
S3150806ED005542415F42555A5A45525F5354415445F6
S3150806ED105F4F4646000000005542415F42555A5A23
S3150806ED2045525F53544154455F504C41595F4E4FC7
S3150806ED30544500005542415F42555A5A45525F535B
S3150806ED40544154455F4D55544500000042757A7A3C
S3150806ED50657200007C252D3135737C004146544585
S3150806ED605220434F4E4649473A204152523D256C5A
S3150806ED7075205053433D256C75204343523D256CFB
S3150806ED80750000000D0A0000414654455220494EBA
S3150806ED9049543A2054494D3D30204348323D25646E
S3150806EDA0204152523D256C75204343523D256C75CC
S3150806EDB00000000041465445522053544152543AE5
S3150806EDC02054494D3D31204348323D256420415261
S3150806EDD0523D256C75204343523D256C750000004F
S3150806EDE054494D352073746174653D302043483265
S3150806EDF02073746174653D256400000054494D35D9
S3150806EE003A205053433D256C75204152523D256C98
S3150806EE107520434352323D256C7500007570646152
S3150806EE207465207374617465202575202D2D2D3E15
S3150806EE3020257500494E4954000000005354414E9A
S3150806EE404442590044454C41590000004348415242
S3150806EE504745000044495343484152474500000088
S3150806EE604F4646007C252D3135737C00286368613C
S3150806EE706E6E656C29757064617465207374617449
S3150806EE8065202573202D2D2D3E20257300000000B4
S3150806EE900D0A0000286368616E6E656C29757064D4
S3150806EEA0617465207374617465202575202D2D2D72
S3150806EEB03E202575000000004C696E6520256420F5
S3150806EEC07570646174652073746174652C20657247
S3150806EED0722030782578000043485F412E637376A2
S3150806EEE00000000043485F422E6373760000000068
S3150806EEF043485F41422E6373760000004944206901
S3150806EF007320756E6B6E6F756E3A25780000000075
S3150806EF10696E6974204661696C6564202C2063688D
S3150806EF20616E6E656C20646F7365206E6F742068FB
S3150806EF3061766520616E7920636F6E6E65637465AA
S3150806EF4064206C696E6573002573204661696C6575
S3150806EF506420736574207374617465203A25750098
S3150806EF604368616E6E656C20566F6C7461676520C2
S3150806EF706973207A65726F202C2063616E27742068
S3150806EF8063616C63756C6174652063757272656E10
S3150806EF907400000064697363686172676520637547
S3150806EFA07272656E7420746172676574206973205F
S3150806EFB06E6F7420646566696E6500004368616EE7
S3150806EFC06E656C0044697363686172676520547977
S3150806EFD070653A307825303258206973206E6F741A
S3150806EFE020737570706F7274656420796574000095
S3150806EFF04368616E6E656C202564206572726F7251
S3150806F0003A2578004368616E6E656C2041000000FB
S3150806F0104368616E6E656C20420000004368616E47
S3150806F0206E656C20414200005468652053656C6520
S3150806F03063746564204368616E6E656C2069732027
S3150806F0406E6F7420646566696E650000434D4400FC
S3150806F0507C252D3135737C005468652053656C65AF
S3150806F06063746564204368616E6E656C20697320F7
S3150806F0706E6F7420646566696E6500000D0A000089
S3150806F0800000000046696C65204D616E6765720072
S3150806F0907C252D3135737C004661696C6564205480
S3150806F0A06F204D6F756E7420534420436172640059
S3150806F0B00D0A000025732F25730000005542415F8F
S3150806F0C0464D5F6372656174655F66696C650000C7
S3150806F0D0636F756E742025642000000064656C6590
S3150806F0E074652E2E20636F756E74202564207265EE
S3150806F0F0732025782020692025640000665F6F70D6
S3150806F100656E312E2E20257300000000665F636C3F
S3150806F1106F73652E2E2025730000000053756363F2
S3150806F12065737366756C6C792044656C65746520C1
S3150806F130257300004661696C656420746F20446512
S3150806F1406C657465202573202D2030782530327835
S3150806F15000000000665F636F756E742025642000E4
S3150806F1605542415F464D5F61707070656E645F64B7
S3150806F1706174610046696C6520646F6573206E6FFD
S3150806F180742065786973743A20257300665F77720A
S3150806F1906974652E2E2025732C20646174615F6C54
S3150806F1A0656E677468202564000000004661696C10
S3150806F1B0656420746F2053746F7265206461746188
S3150806F1C02020746F2066696C653A2573202D2030D9
S3150806F1D078253032780000006F70656E2066696C97
S3150806F1E065206661696C65643A202573000000002F
S3150806F1F05344206D6F756E74206661696C6564008C
S3150806F2004661696C656420746F2072656164206462
S3150806F2106174612066726F6D2066696C653A25733E
S3150806F220202D207265733A20307825303278000012
S3150806F2304661696C656420746F206F70656E20661A
S3150806F240696C653A2573202D207265733A203078E5
S3150806F2502530327820666C61673A20307825782022
S3150806F260667074723A2030782578206572723A206C
S3150806F27030782578000000005542415F464D5F7399
S3150806F28065656B5F726561645F6461746100000041
S3150806F290665F6F70656E332E2E202573000000009C
S3150806F2A0665F7365656B2E2E00000000665F7265E5
S3150806F2B061642E2E000000004661696C6564207440
S3150806F2C06F206F70656E2066696C652025732C2025
S3150806F2D072657320256400002F5465737420526581
S3150806F2E073756C74730000005542415F464D5F7432
S3150806F2F072616E736665725F6368756E6B2C2072D3
S3150806F3006561642073697A6520256420746F746163
S3150806F3106C20256400000000494E49540000000090
S3150806F32049444C45000000005052455F4348415247
S3150806F33047494E47000000004348415247494E4751
S3150806F3405F4343004348415247494E475F43560089
S3150806F3504449534348415247494E47004445414468
S3150806F360000000007C252D3135737C00286C696EFB
S3150806F37065297570646174652073746174652025E2
S3150806F38073202D2D2D3E2025730000000D0A000042
S3150806F390286C696E65297570646174652073746175
S3150806F3A07465202575202D2D2D3E20257500000017
S3150806F3B04C696E65204100004C494E455F412E63F7
S3150806F3C0616C00004C696E65204200004C494E454A
S3150806F3D05F422E63616C00007C252D3135737C00F7
S3150806F3E04144435B564241545D202020203A25304D
S3150806F3F0357520766F6C746167653A2530357520E4
S3150806F4006D5600000D0A00004144435B5647454EBB
S3150806F4105D202020203A2530357520766F6C74617C
S3150806F42067653A25303575206D5600004144435BBD
S3150806F430414D425F54454D505D3A25303575207627
S3150806F4406F6C746167653A25303575206D56000010
S3150806F4504144435B4E54435F4241545D203A25304E
S3150806F460357520766F6C746167653A253035752073
S3150806F4706D5600004144435B445343485D202020B3
S3150806F480203A2530357520766F6C746167653A259E
S3150806F490303575206D5600004144435B5650535D22
S3150806F4A020202020203A2530357520766F6C746129
S3150806F4B067653A25303575206D56000054657374B0
S3150806F4C020526F7574696E652E7062002F546573C7
S3150806F4D07420526F7574696E65000000544553545E
S3150806F4E020524F5554494E45000000007C252D31C3
S3150806F4F035737C00636F756E74657220696E646514
S3150806F5007820697320686967686572207468656E0D
S3150806F510207468205452206C656E67746820000053
S3150806F5200D0A00002073746570206964202578200A
S3150806F5306973206E6F742076616C6964000000003A
S3150806F5406D616C6C6F63204661696C6564000000CA
S3150806F55063686172676500006469736368617267E8
S3150806F56065000000696E6465782025642C2073742E
S3150806F57065705F696E6465782025642C20737465EA
S3150806F5807020747970652025730000006E65775FB4
S3150806F590737465702063757272656E743D256400B2
S3150806F5A053746570206973206E6F742076616C6972
S3150806F5B064000000696E6465782025642C204C4F2B
S3150806F5C04F5020636F756E746572202564207369C3
S3150806F5D07A6520256420746F5F73746570202564C8
S3150806F5E00000000054797065204964204973205547
S3150806F5F06E6B6E6F756E000025732F2573000000FF
S3150806F6004661696C656420746F2077726974652033
S3150806F610746F2066696C6520272573272E0A0000F5
S3150806F6200D0A00004661696C656420746F20637272
S3150806F630656174652066696C6520272573272E0A19
S3150806F640000000004661696C656420746F20637269
S3150806F6506561746520666F6C646572202725732755
S3150806F6602E0A000000000000252A735B25735D0A32
S3150806F6700000000046696C65204C6F676765720076
S3150806F6807C252D3135737C0046696C65204C6F6781
S3150806F690676572205072696E7400000048656C6C66
S3150806F6A06F2C20776F726C64210000006E65775F99
S3150806F6B066696C652E747874000000002F4E4557EF
S3150806F6C00000000046696C652074726565206166EF
S3150806F6D0746572206372656174696F6E3A0000001C
S3150806F6E04661696C656420746F206D6F756E74204B
S3150806F6F07468652066696C6573797374656D000050
S3150806F7004661696C656420746F204D6F756E743A30
S3150806F71020253032780000004661696C65642074DD
S3150806F7206F204F70656E3A2025303278000000004B
S3150806F7304661696C656420746F2077726974653AE8
S3150806F74020253032780000004F70656E2046696CB9
S3150806F750653A25732073697A65205B25755D000011
S3150806F7604661696C656420746F20726561642066FB
S3150806F770696C653A20253032780000005265616466
S3150806F7802046696C653A2573205B25755D20627986
S3150806F790746573205265616400000000256C752C3B
S3150806F7A025752C25642C25642C252E32660D0A0013
S3150806F7B0504944007C252D3135737C006F7574706D
S3150806F7C075743A25660000000D0A00005574696CC2
S3150806F7D0000000004275666665725B256C755D3AC3
S3150806F7E00000000025303258000000002D25303272
S3150806F7F058000000427566666572206C656E677409
S3150806F8006820697320746F2073686F727428256C74
S3150806F810752C256429000000253034642D253032E0
S3150806F820642D2530326420253032643A2530326418
S3150806F8303A25303264000000756E69785F74696D22
S3150806F840657374616D70325254435F64617465748E
S3150806F850696D6500256C75203D3D20257300000001
S3150806F860253032643A253032643A2530326400004F
S3150806F8701B5B25753B25756D0000000055415254E6
S3150806F880206C6F67000000007C252D3135737C00DF
S3150806F8904465627567206C6576656C000D0A00001E
S3150806F8A0696E666F206C6576656C00007761726EA8
S3150806F8B06E696E67206C6576656C00006572726F98
S3150806F8C072206C6576656C00637269746963616C2F
S3150806F8D0206C6576656C0000636F6D6D206C6576C9
S3150806F8E0656C0000021507080515070808150708B8
S3150806F8F000000000000000000102030406070809CC
S3150806F90000000000010203040100020004000600CC
S3150806F91008000A000C0010002000400080000001C4
S3150806F9200101010307010000080402040801010198
S3150806F930EDE0040825E1040841E1040855E1040858
S3150806F9406BE104089BE10408AFE10408C5E1040875
S3150806F950E3E10408F7E104080DE2040821E20408D5
S3150806F9604355454141414143454545494949414133
S3150806F9704592924F4F4F5555594F554F9C4F9E9FFF
S3150806F98041494F55A5A5A6A7A8A9AAABACADAEAF42
S3150806F990B0B1B2B3B4414141B8B9BABBBCBDBEBF3A
S3150806F9A0C0C1C2C3C4C54141C8C9CACBCCCDCECFD6
S3150806F9B0D1D145454549494949D9DADBDCDD49DF2F
S3150806F9C04FE14F4F4F4FE6E8E85555555959EEEF73
S3150806F9D0F0F1F2F3F4F5F6F7F8F9FAFBFCFDFEFF9B
S3150806F9E001030507090E10121416181C1E0000003E
S3150806F9F0C700FC00E900E200E400E000E500E700D5
S3150806FA00EA00EB00E800EF00EE00EC00C400C500D3
S3150806FA10C900E600C600F400F600F200FB00F9008D
S3150806FA20FF00D600DC00F800A300D800D700920134
S3150806FA30E100ED00F300FA00F100D100AA00BA00D1
S3150806FA40BF00AE00AC00BD00BC00A100AB00BB0009
S3150806FA5091259225932502252425C100C200C000BA
S3150806FA60A9006325512557255D25A200A500102561
S3150806FA70142534252C251C2500253C25E300C30022
S3150806FA805A25542569256625602550256C25A40022
S3150806FA90F000D000CA00CB00C8003101CD00CE0068
S3150806FAA0CF0018250C2588258425A600CC00802598
S3150806FAB0D300DF00D400D200F500D500B500FE005D
S3150806FAC0DE00DA00DB00D900FD00DD00AF00B40079
S3150806FAD0AD00B1001720BE00B600A700F700B800B3
S3150806FAE0B000A800B700B900B300B200A025A00070
S3150806FAF061001A03E0001703F8000703FF00010078
S3150806FB0078010001300132010601390110014A0166
S3150806FB102E017901060180014D0043028101820109
S3150806FB2082018401840186018701870189018A0188
S3150806FB308B018B018D018E018F0190019101910137
S3150806FB4093019401F60196019701980198013D02E1
S3150806FB509B019C019D0120029F01A001A001A20113
S3150806FB60A201A401A401A601A701A701A901AA0148
S3150806FB70AB01AC01AC01AE01AF01AF01B101B201F7
S3150806FB80B301B301B501B501B701B801B801BA01A8
S3150806FB90BB01BC01BC01BE01F701C001C101C2011E
S3150806FBA0C301C401C501C401C701C801C701CA0109
S3150806FBB0CB01CA01CD011001DD0101008E01DE016E
S3150806FBC01201F3010300F101F401F401F801280119
S3150806FBD0220212013A020900652C3B023B023D024B
S3150806FBE0662C3F0240024102410246020A015302BE
S3150806FBF0400081018601550289018A0158028F0152
S3150806FC005A0290015C025D025E025F02930161027E
S3150806FC10620294016402650266026702970196010A
S3150806FC206A02622C6C026D026E029C0170027102F7
S3150806FC309D01730274029F017602770278027902A1
S3150806FC407A027B027C02642C7E027F02A60181026E
S3150806FC508202A9018402850286028702AE0144024F
S3150806FC60B101B20145028D028E028F0290029102FF
S3150806FC70B7017B030300FD03FE03FF03AC03040081
S3150806FC808603880389038A03B1031103C2030200A4
S3150806FC90A303A303C4030803CC0303008C038E0340
S3150806FCA08F03D8031801F2030A00F903F303F403D2
S3150806FCB0F503F603F703F703F903FA03FA03300421
S3150806FCC0200350041007600422018A043601C10481
S3150806FCD00E01CF040100C004D004440161052604C0
S3150806FCE0000000007D1D0100632C001E9601A01E63
S3150806FCF05A01001F0806101F0606201F0806301F91
S3150806FD000806401F0606511F0700591F521F5B1F8C
S3150806FD10541F5D1F561F5F1F601F0806701F0E00C3
S3150806FD20BA1FBB1FC81FC91FCA1FCB1FDA1FDB1F77
S3150806FD30F81FF91FEA1FEB1FFA1FFB1F801F08068D
S3150806FD40901F0806A01F0806B01F0400B81FB91F93
S3150806FD50B21FBC1FCC1F0100C31FD01F0206E01F1F
S3150806FD600206E51F0100EC1FF21F0100FC1F4E21CB
S3150806FD700100322170211002842101008321D0243A
S3150806FD801A05302C2F04602C0201672C0601752CE7
S3150806FD900201802C6401002D260841FF1A03000083
S3150806FDA00412001009170100010020000D170100B2
S3150806FDB02100200010124110141242101812444055
S3150806FDC00000000000000000A0FD0608C4FD0608A5
S3150806FDD00000000000000000060000000600000003
S3150806FDE004120040081204400C12084010120C4077
S3150806FDF00000000000000000E0FD0608F4FD060805
S3150806FE0000000000000000000400000004000000D6
S3150806FE1005180100000010000938014014004C00BE
S3150806FE200D3801401400DC011138014014000200A7
S3150806FE30153801401400B000193801401400A8000E
S3150806FE401D380140140044002138014014003C00C6
S3150806FE502538014014009400293801401400A400EE
S3150806FE602D38014014002C00313801401400500882
S3150806FE70353801401400040500000000F8FD0608A0
S3150806FE8028020708900507082404070884040708B3
S3150806FE9028010708CC060708CC030708A4010708A3
S3150806FEA05000070850060708D80207080803070877
S3150806FEB00000000010FE06087CFE0608000000008A
S3150806FEC0000000000D0000000D00000004120010DE
S3150806FED0081104400000000000000000CCFE0608D9
S3150806FEE0D8FE060800000000000000000200000018
S3150806FEF00200000004140040081204400C110840D1
S3150806FF0010140C400000000000000000F4FE06086D
S3150806FF1008FF0608000000000000000004000000B4
S3150806FF200400000004120010081104400C110840D1
S3150806FF3010140C40151801001000100000000000EF
S3150806FF400CFF06080000000024FF060840FF060806
S3150806FF500000000000000000050000000500000083
S3150806FF6004140040081204400C11084010140C40F2
S3150806FF70000000000000000060FF060874FF06087F
S3150806FF800000000000000000040000000400000055
S3150806FF900412001009180100040008000C140C408D
S3150806FFA0111801001000100000000000DCFE06080B
S3150806FFB078FF06080000000090FF0608ACFF060852
S3150806FFC00000000000000000040000000400000015
S3150806FFD00412004008140440000000000000000057
S3150806FFE0D0FF0608DCFF0608000000000000000037
S3150806FFF00200000002000000041200100812011098
S315080700000C1202100000000000000000F8FF0608A6
S3150807001008000708000000000000000003000000B1
S315080700200300000004120040081204100C120840CE
S3150807003010120C1014120D1018120E101D180100AC
S315080700401000940000000000A40107080000000043
S315080700502400070848000708000000000000000001
S3150807006007000000070000000414004008140440B5
S315080700700000000000000000680007087400070871
S315080700800000000000000000020000000200000057
S315080700900412001009280300040008000D180100BF
S315080700A01C00080011180100240008001518010093
S315080700B02C00080019180100340008001D18010053
S315080700C03C000800211801004400080024124C20AF
S315080700D028124E202C12502000000000780007082E
S315080700E078000708780007087800070878000708DF
S315080700F0780007087800070800000000900007083E
S31508070100DC00070800000000000000000B000000E4
S315080701100B0000000528020000005400000000003C
S31508070120FC0007080000000014010708200107085B
S3150807013000000000000000000100000001000000A8
S3150807014004110040081404400C11084010140C4010
S3150807015014101010000000000000000040010708F6
S31508070160580107080000000000000000050000000D
S315080701700500000004120010081201100C120210E4
S3150807018011180110040014001528020018003C0075
S3150807019018129040000000005C010708CC03070806
S315080701A0000000007401070898010708000000000E
S315080701B000000000060000000600000004120010F8
S315080701C0081201100000000000000000BC01070823
S315080701D0C801070800000000000000000200000030
S315080701E0020000000538014004000C0009380140E8
S315080701F0040002000D3801400400280011380140A8
S3150807020004000300153801400400480000000000F8
S3150807021000040708CC010708FC0607080C000708AE
S315080702209002070800000000E40107081002070803
S31508070230000000000000000005000000050000009F
S3150807024004120040081204100C120510101106209B
S315080702501412082018110A200000000000000000E8
S31508070260400207085C0207080000000000000000BB
S315080702700600000006000000041200100917010016
S31508070280010040000C124440000000000000000076
S31508070290780207088C020708000000000000000023
S315080702A003000000030000000517010000004000D6
S315080702B009120100400004000D1201004400040061
S315080702C01112010048000400151601004C00020827
S315080702D00000000000000000A8020708D40207086B
S315080702E000000000000000000500000005000000EF
S315080702F00527142002004000091201000205020022
S315080703000000000000000000F002070804030708C1
S3150807031000000000000000000200000002000000C4
S3150807032004110040081104400C14084010140C402E
S3150807033014111040181114401C11184020141C40A1
S315080703402410201000000000000000002003070802
S315080703504803070800000000000000000900000025
S315080703600900000004120020081202200C120420BB
S31508070370101206201412082018120A201C120C2024
S31508070380000000000000000064030708840307084C
S31508070390000000000000000007000000070000003A
S315080703A004120010081201100C120440111801005B
S315080703B008002400151801202E000E000000000072
S315080703C04C0307088803070800000000A00307086E
S315080703D0C003070800000000000000000500000031
S315080703E00500000004120010081201100C12021072
S315080703F01011044014110840000000000000000016
S31508070400E4030708FC0307080000000000000000D3
S315080704100500000005000000041200200000000087
S315080704200000000018040708200407080000000059
S31508070430000000000100000001000000051201008D
S315080704400000020009120100040004000D380140EB
S315080704500C004400113801400C003C0015380140D7
S315080704600C009400193801400C00A4000000000095
S31508070470CC060708CC030708A40107085000070895
S31508070480000000003C040708700407080000000085
S3150807049000000000060000000600000004120040E5
S315080704A0081208400C120440000000000000000073
S315080704B09C040708AC0407080000000000000000B9
S315080704C00300000003000000041200100938012089
S315080704D0040020000D3801200400200011380120EF
S315080704E0040008001538012004000C00000000006D
S315080704F048FF0608B8FF0608E0FF0608B00407081D
S3150807050000000000C8040708F004070800000000F8
S3150807051000000000050000000500000005120100A4
S315080705200000010009170100010020000D12010053
S3150807053021000100111801002400480015280A00A7
S315080705406C00240019120100D40102000000000003
S31508070550C8FD060804050708000000001C0507086B
S31508070560500507080000000000000000060000000C
S315080705700600000005120100000001000918010025
S315080705800400D801000000005C0507080000000009
S315080705907405070888050708000000000000000022
S315080705A0020000000200000006280A0000000000FA
S315080705B000000000D8010000000000005C050708DD
S315080705C000000000A8050708BC050708000000008A
S315080705D000000000010000000100000004120020CE
S315080705E0081202200C120420101206200000000030
S315080705F000000000DC050708F005070800000000F2
S315080706000000000004000000040000000412002097
S315080706100812022000000000000000000C06070868
S315080706201806070800000000000000000200000086
S315080706300200000004120040081204400D170100CA
S315080706400800200010122810000000000000000013
S31508070650340607084C0607080000000000000000DB
S315080706600400000004000000051801000000080047
S3150807067009180100080004000C120C40101210108B
S315080706801412144000000000F40507081C060708A2
S31508070690000000006806070888060708000000002B
S315080706A0000000000500000005000000051801000D
S315080706B000002C00091801002C0018000000000093
S315080706C0500607089406070800000000AC06070846
S315080706D0C00607080000000000000000020000002E
S315080706E00200000004120010081204400D1701004A
S315080706F0080020000000000000000000E4060708C4
S31508070700F8060708000000000000000003000000C4
S3150807071003000000297B0508517C0508697C050844
S31508070720C17C0508E57C05087D7D0508917D0508DA
S31508070730E97D0508457E0508B5820508CB820508C3
S31508070740F382050848DE0608078305089D8305081A
S31508070750B183050850DE0608ED83050855840508A4
S315080707606984050858DE06087D840508BD850508D9
S315080707702F86050860DE06087D840508BD850508F9
S315080707802F8605086CDE06087D840508BD850508DD
S315080707902F8605087CDE0608FDB4050839B6050860
S315080707A071B6050871B70508F1BA05086DBB0508DE
S315080707B08DBD0508ADC2050879C50508F1C5050843
S315080707C06DC8050851CC050839CD050849D505086A
S315080707D055D70508ADD70508D9EB050851EF05081C
S315080707E0A9EF050829F10508E9F1050841F2050801
S315080707F059F20508F1F2050805F305081BF305087C
S315080708002FF30508C91206086D1306089513060877
S31508070810ECE70608A9130608DB130608FD130608FE
S31508070820F4E7060821140608251506086D150608AF
S31508070830FCE7060821160608CD170608C51906088F
S3150807084004E80608EB190608231A06087B1A060899
S3150807085010E80608911A0608C91A0608DF1A0608CC
S3150807086020E80608FD1A0608351D0608591D060854
S315080708702CE80608952F0608B92F0608CD2F06086F
S31508070880E8EC0608E12F0608F72F06080B300608D6
S3150807089000ED0608253006085D3006089D3006086F
S315080708A018ED0608252F06080000000000000000BE
S315080708B034ED060801350608A9350608D5350608AC
S315080708C034EE0608E93506081D36060849360608C9
S315080708D03CEE06085D36060891360608BD36060854
S315080708E044EE0608D13606084D370608E1370608E6
S315080708F04CEE0608F5370608B5380608393A0608E5
S3150807090054EE06084D3A0608633A0608773A060883
S3150807091060EE0608055D0608D55D0608455E060805
S3150807092018F30608595E0608A35E0608D35E060886
S3150807093020F30608E75E0608455F0608C95F060846
S3150807094028F30608DD5F060801600608B960060889
S3150807095038F30608CD600608E5600608C961060883
S3150807096044F30608DD610608B56206084963060802
S3150807097050F306088F630608C9630608FD63060869
S315080709805CF30608494E4600696E66004E414E00FE
S315080709906E616E0030313233343536373839414275
S315080709A043444546003031323334353637383961B2
S315080709B062636465660053756363657373004E6F98
S315080709C074206F776E6572004E6F207375636820A3
S315080709D066696C65206F72206469726563746F72E5
S315080709E079004E6F20737563682070726F6365733D
S315080709F07300496E746572727570746564207379CD
S31508070A007374656D2063616C6C00492F4F2065729E
S31508070A10726F72004E6F2073756368206465766916
S31508070A206365206F7220616464726573730041722F
S31508070A3067206C69737420746F6F206C6F6E67001C
S31508070A404578656320666F726D6174206572726F8B
S31508070A507200536F636B657420616C7265616479A4
S31508070A6020636F6E6E656374656400426164206611
S31508070A70696C65206E756D626572004E6F206368D6
S31508070A80696C6472656E0044657374696E6174692E
S31508070A906F6E206164647265737320726571756918
S31508070AA0726564004E6F206D6F72652070726F6392
S31508070AB06573736573004E6F7420656E6F75676827
S31508070AC0207370616365005065726D697373696F2A
S31508070AD06E2064656E6965640042616420616464BA
S31508070AE07265737300446576696365206F72207251
S31508070AF065736F7572636520627573790046696CED
S31508070B0065206578697374730043726F73732D6410
S31508070B106576696365206C696E6B004E6F20737521
S31508070B20636820646576696365004E6F7420612083
S31508070B306469726563746F727900486F73742069A4
S31508070B407320646F776E00436F6E6E656374696FA3
S31508070B506E20616C726561647920696E2070726FA8
S31508070B6067726573730049732061206469726563E8
S31508070B70746F727900496E76616C69642061726771
S31508070B80756D656E74004E6574776F726B20696E46
S31508070B9074657266616365206973206E6F74206376
S31508070BA06F6E6669677572656400436F6E6E656317
S31508070BB074696F6E2061626F72746564206279204A
S31508070BC06E6574776F726B00546F6F206D616E79FF
S31508070BD0206F70656E2066696C657320696E207371
S31508070BE0797374656D0046696C652064657363720D
S31508070BF06970746F722076616C756520746F6F20E3
S31508070C006C61726765004E6F742061206368617254
S31508070C1061637465722064657669636500546578EF
S31508070C20742066696C6520627573790046696C6518
S31508070C3020746F6F206C6172676500486F73742044
S31508070C40697320756E726561636861626C65004ECB
S31508070C506F207370616365206C656674206F6E20FC
S31508070C60646576696365004E6F7420737570706F77
S31508070C707274656400496C6C6567616C2073656599
S31508070C806B00526561642D6F6E6C792066696C65B9
S31508070C902073797374656D00546F6F206D616E7973
S31508070CA0206C696E6B730042726F6B656E20706994
S31508070CB07065004D617468656D6174696373206159
S31508070CC07267756D656E74206F7574206F6620641C
S31508070CD06F6D61696E206F662066756E6374696FDE
S31508070CE06E00526573756C7420746F6F206C617231
S31508070CF06765004E6F206D657373616765206F665C
S31508070D00206465736972656420747970650049643F
S31508070D10656E7469666965722072656D6F76656456
S31508070D2000496C6C6567616C206279746520736528
S31508070D307175656E636500446561646C6F636B0006
S31508070D404E6574776F726B20697320756E7265616D
S31508070D50636861626C65004E6F206C6F636B004E4B
S31508070D606F7420612073747265616D0053747265C0
S31508070D70616D20696F63746C2074696D656F75742E
S31508070D80004E6F2073747265616D207265736F7597
S31508070D9072636573005669727475616C206369724C
S31508070DA06375697420697320676F6E650050726F83
S31508070DB0746F636F6C206572726F7200556E6B6E17
S31508070DC06F776E2070726F746F636F6C004D756CFA
S31508070DD07469686F7020617474656D7074656400F2
S31508070DE0426164206D6573736167650046756E6356
S31508070DF074696F6E206E6F7420696D706C656D65AA
S31508070E006E746564004469726563746F7279206EDF
S31508070E106F7420656D7074790046696C65206F720A
S31508070E202070617468206E616D6520746F6F206C21
S31508070E306F6E6700546F6F206D616E792073796DD9
S31508070E40626F6C6963206C696E6B73004E6F206204
S31508070E507566666572207370616365206176616978
S31508070E606C61626C65004E6F206461746100416451
S31508070E7064726573732066616D696C79206E6F7429
S31508070E8020737570706F727465642062792070724A
S31508070E906F746F636F6C2066616D696C7900507249
S31508070EA06F746F636F6C2077726F6E6720747970D3
S31508070EB06520666F7220736F636B657400536F6383
S31508070EC06B6574206F7065726174696F6E206F6EDB
S31508070ED0206E6F6E2D736F636B65740050726F7437
S31508070EE06F636F6C206E6F7420617661696C6162DF
S31508070EF06C6500436F6E6E656374696F6E20726505
S31508070F00667573656400436F6E6E656374696F6EA5
S31508070F102072657365742062792070656572004171
S31508070F2064647265737320616C726561647920699C
S31508070F306E207573650041646472657373206E6FFE
S31508070F407420617661696C61626C6500536F6674BB
S31508070F50776172652063617573656420636F6E6E6A
S31508070F60656374696F6E2061626F727400536F638D
S31508070F706B6574206973206E6F7420636F6E6E6578
S31508070F806374656400536F636B65742069732061C6
S31508070F906C726561647920636F6E6E6563746564E8
S31508070FA0004F7065726174696F6E2063616E636561
S31508070FB06C6564005374617465206E6F742072657E
S31508070FC0636F76657261626C650050726576696FE4
S31508070FD07573206F776E65722064696564004F7054
S31508070FE065726174696F6E206E6F742073757070A1
S31508070FF06F72746564206F6E20736F636B65740018
S3150807100056616C756520746F6F206C617267652011
S31508071010666F7220646566696E65642064617461CB
S315080710202074797065004D65737361676520746F01
S315080710306F206C6F6E6700436F6E6E656374696FBA
S315080710406E2074696D6564206F7574005245454E48
S3150807105054206D616C6C6F63207375636365656493
S315080710606564002F6275696C642F676E752D746FDA
S315080710706F6C732D666F722D73746D33325F3131F2
S315080710802E332E72656C312E323032333035313984
S315080710902D313934312F7372632F6E65776C696218
S315080710A02F6E65776C69622F6C6962632F74696D39
S315080710B0652F6C636C74696D652E63001F000000ED
S315080710C01C0000001F0000001E0000001F00000093
S315080710D01E0000001F0000001F0000001E00000081
S315080710E01F0000001E0000001F000000000000008F
S315080710F01F0000003B0000005A00000078000000AF
S3150807110097000000B5000000D4000000F3000000B7
S3150807111011010000300100004E0100001F00000009
S315080711201C0000001F0000001E0000001F00000032
S315080711301E0000001F0000001F0000001E00000020
S315080711401F0000001E0000001F0000001F0000000F
S315080711501D0000001F0000001E0000001F00000001
S315080711601E0000001F0000001F0000001E000000F0
S315080711701F0000001E0000001F000000545A004709
S315080711804D54002531315B2D2B302D39412D5A61B0
S315080711902D7A5D256E002531315B412D5A612D7AF1
S315080711A05D256E004D256875256E2E256875256E95
S315080711B02E256875256E002F256875256E3A2568CC
S315080711C075256E3A256875256E002C2066756E633B
S315080711D074696F6E3A2000617373657274696F6E0E
S315080711E02022257322206661696C65643A20666940
S315080711F06C6520222573222C206C696E6520256470
S31508071200257325730A00496E66696E697479004EF7
S31508071210614E002F6275696C642F676E752D746F42
S315080712206F6C732D666F722D73746D33325F313140
S315080712302E332E72656C312E3230323330353139D2
S315080712402D313934312F7372632F6E65776C696266
S315080712502F6E65776C69622F6C6962632F73746486
S315080712606C69622F64746F612E630042616C6C6FE0
S315080712706320737563636565646564002F627569C2
S315080712806C642F676E752D746F6F6C732D666F722E
S315080712902D73746D33325F31312E332E72656C318F
S315080712A02E32303233303531392D313934312F73C7
S315080712B072632F6E65776C69622F6E65776C6962E4
S315080712C02F6C6962632F7374646C69622F6D707211
S315080712D065632E63000000000080E03779C3414349
S315080712E0176E05B5B5B89346F5F93FE9034F384D77
S315080712F0321D30F94877825A3CBF737FDD4F157523
S31508071300000000000000F03F000000000000244035
S3150807131000000000000059400000000000408F4010
S31508071320000000000088C34000000000006AF8407B
S315080713300000000080842E4100000000D01263419F
S315080713400000000084D797410000000065CDCD4115
S31508071350000000205FA00242000000E876483742F6
S31508071360000000A2941A6D42000040E59C30A24294
S315080713700000901EC4BCD64200003426F56B0C4309
S315080713800080E03779C3414300A0D88557347643B0
S3150807139000C84E676DC1AB43003D9160E458E14311
S315080713A0408CB5781DAF154450EFE2D6E41A4B4486
S315080713B092D54D06CFF08044F64AE1C7022DB544CB
S315080713C0B49DD9794378EA4405000000190000005E
S315080713D07D0000000020202020202020202028280B
S315080713E028282820202020202020202020202020D0
S315080713F02020202020881010101010101010101010
S31508071400101010101004040404040404040404103F
S3150807141010101010101041414141414101010101CD
S315080714200101010101010101010101010101010197
S3150807143010101010101042424242424202020202A3
S315080714400202020202020202020202020202020267
S315080714501010101020000000000000000000000017
S315080714600000000000000000000000000000000067
S315080714700000000000000000000000000000000057
S315080714800000000000000000000000000000000047
S315080714900000000000000000000000000000000037
S315080714A00000000000000000000000000000000027
S315080714B00000000000000000000000000000000017
S315080714C00000000000000000000000000000000007
S315080714D00000000000232D302B2000686C4C0065A7
S315080714E06667454647004300504F534958002E0044
S315080714F0412D46612D663839303132333435363722
S311080715005D002B2D0030300078580000E5
S30D0807150C7CF8FC7F01000000D2
S3090807151405020408AB
S30908071518E1010408CC
S3150807151C204500200024F4001000000001000000FC
S3150807152C0100000091D00408BDD00408E9D00408CE
S3150807153C0FD1040835D10408010000006E616D65EA
S3150807154C000000000000000000000000000000007A
S3150807155C00000000000000000000000076657273AA
S3150807156C696F6E0000000000000000000000000014
S3150807157C0000000000000000000000000300050042
S3150807158C00000000000000000000FFFF000000003C
S3150807159C000000000000000000000000000000002A
S315080715AC000000000000000000000000000000001A
S315080715BC4001F000000000004001F00000000000A8
S315080715CC4001F000000000004001F0000000000098
S315080715DC00000000000000000000000000000000EA
S315080715EC00000000000000000000000000000000DA
S315080715FC00000000000000000000000000000000CA
S3150807160C00000000000000000000000000000000B9
S3150807161C00000000000000000000000000000000A9
S3150807162C0000000000000000000000000000000099
S3150807163C0000000000000000000000000000000089
S3150807164C0000000000000000000000000000000079
S3150807165C0000000000000000000000000000000069
S3150807166C0000000000000000000000000000000059
S3150807167C0000000000000000000000000000000049
S3150807168C0000000000000000000000000000000039
S3150807169C0000000000000000000000000000000029
S315080716AC0000000000000000000000000000000019
S315080716BC0000000000000000000000000000000009
S315080716CC00000000000000000000000000000000F9
S315080716DC00000000000000000000000000000000E9
S315080716EC00000000000000000000000000000000D9
S315080716FC00000000000000000000000000000000C9
S3150807170C00000000000000000000000000000000B8
S3150807171C00000000000000000000000000000000A8
S3150807172C0000000000000000000000000000000098
S3150807173C0000000000000000000000000000000088
S3150807174C0000000000000000000000000000000078
S3150807175C0000000000000000000000000000000068
S3150807176C0000000000000000000000000000000058
S3150807177C0000000000000000000000000000000048
S3150807178C0000000000000000000000000000000038
S3150807179C0000000000000000000000000000000028
S315080717AC0000000000000000000000000000000018
S315080717BC0000000000000000000000000000000008
S315080717CC00000000000000000000000000000000F8
S315080717DC00000000000000000000000000000000E8
S315080717EC00000000000000000000000000000000D8
S315080717FC00000000000000000000000000000000C8
S3150807180C00000000000000000000000000000000B7
S3150807181C00000000000000000000000000000000A7
S3150807182C0000000000000000000000000000000097
S3150807183C0000000000000000000000000000000087
S3150807184C0000000000000000000000000000000077
S3150807185C0000000000000000000000000000000067
S3150807186C0000000000000000000000000000000057
S3150807187C0000000000000000000000000000000047
S3150807188C0000000000000000000000000000000037
S3150807189C0000000000000000000000000000000027
S315080718AC0000000000000000000000000000000017
S315080718BC0000000000000000000000000000000007
S315080718CC00000000000000000000000000000000F7
S315080718DC00000000000000000000000000000000E7
S315080718EC00000000000000000000000000000000D7
S315080718FC00000000000000000000000000000000C7
S3150807190C00000000000000000000000000000000B6
S3150807191C00000000000000000000000000000000A6
S3150807192C0000000000000000000000000000000096
S3150807193C0000000000000000000000000000000086
S3150807194C0000000000000000000000000000000076
S3150807195C0000000000000000000000000000000066
S3150807196C0000000000000000000000000000000056
S3150807197C0000000000000000000000000000000046
S3150807198C0000000000000000000000000000000036
S3150807199C0000000000000000000000000000000026
S315080719AC0000000000000000000000000000000016
S315080719BC0000000000000000000000000000000006
S315080719CC00000000000000000000000000000000F6
S315080719DC00000000000000000000000000000000E6
S315080719EC00000000000000000000000000000000D6
S315080719FC00000000000000000000000000000000C6
S31508071A0C00000000000000000000000000000000B5
S31508071A1C00000000000000000000000000000000A5
S31508071A2C0000000000000000000000000000000095
S31508071A3C0000000000000000000000000000000085
S31508071A4C0000000000000000000000000000000075
S31508071A5C0000000000000000000000000000000065
S31508071A6C0000000000000000000000000000000055
S31508071A7C0000000000000000000000000000000045
S31508071A8C0000000000000000000000000000000035
S31508071A9C0000000000000000000000000000000025
S31508071AAC0000000000000000000000000000000015
S31508071ABC0000000000000000000000000000000005
S31508071ACC00000000000000000000000000000000F5
S31508071ADC00000000000000000000000000000000E5
S31508071AEC00000000000000000000000000000000D5
S31508071AFC00000000000000000000000000000000C5
S31508071B0C00000000000000000000000000000000B4
S31508071B1C00000000000000000000000000000000A4
S31508071B2C0000000000000000000000000000000094
S31508071B3C0000000000000000000000000000000084
S31508071B4C0000000000000000000000000000000074
S31508071B5C0000000000000000000000000000000064
S31508071B6C0000000000000000000000000000000054
S31508071B7C0000000000000000000000000000000044
S31508071B8C0000000000000000000000000000000034
S31508071B9C0000000000000000000000000000000024
S31508071BAC0000000000000000000000000000000014
S31508071BBC0000000000000000000000000000000004
S31508071BCC00000000000000000000000000000000F4
S31508071BDC00000000000000000000000000000000E4
S31508071BEC00000000000000000000000000000000D4
S31508071BFC00000000000000000000000000000000C4
S31508071C0C00000000000000000000000000000000B3
S31508071C1C00000000000000000000000000000000A3
S31508071C2C0000000000000000000000000000000093
S31508071C3C0000000000000000000000000000000083
S31508071C4C0000000000000000000000000000000073
S31508071C5C0000000000000000000000000000000063
S31508071C6C0000000000000000000000000000000053
S31508071C7C0000000000000000000000000000000043
S31508071C8C0000000000000000000000000000000033
S31508071C9C0000000000000000000000000000000023
S31508071CAC0000000000000000000000000000000013
S31508071CBC0000000000000000000000000000000003
S31508071CCC00000000000000000000000000000000F3
S31508071CDC00000000000000000000000000000000E3
S31508071CEC00000000000000000000000000000000D3
S31508071CFC00000000000000000000000000000000C3
S31508071D0C00000000000000000000000000000000B2
S31508071D1C00000000000000000000000000000000A2
S31508071D2C0000000000000000000000000000000092
S31508071D3C0000000000000000000000000000000082
S31508071D4C0000000000000000000000000000000072
S31508071D5C0000000000000000000000000000000062
S31508071D6C0000000000000000000000000000000052
S31508071D7C0000000000000000000000000000000042
S31508071D8C0000000000000000000000000000000032
S31508071D9C0000000000000000000000000000000022
S31508071DAC0000000000000000000000000000000012
S31508071DBC0000000000000000000000000000000002
S31508071DCC00000000000000000000000000000000F2
S31508071DDC00000000000000000000000000000000E2
S31508071DEC00000000000000000000000000000000D2
S31508071DFC00000000000000000000000000000000C2
S31508071E0C00000000000000000000000000000000B1
S31508071E1C00000000000000000000000000000000A1
S31508071E2C0000000000000000000000000000000091
S31508071E3C0000000000000000000000000000000081
S31508071E4C0000000000000000000000000000000071
S31508071E5C0000000000000000000000000000000061
S31508071E6C0000000000000000000000000000000051
S31508071E7C0000000000000000000000000000000041
S31508071E8C0000000000000000000000000000000031
S31508071E9C0000000000000000000000000000000021
S31508071EAC0000000000000000000000000000000011
S31508071EBC0000000000000000000000000000000001
S31508071ECC00000000000000000000000000000000F1
S31508071EDC00000000000000000000000000000000E1
S31508071EEC00000000000000000000000000000000D1
S31508071EFC00000000000000000000000000000000C1
S31508071F0C00000000000000000000000000000000B0
S31508071F1C00000000000000000000000000000000A0
S31508071F2C0000000000000000000000000000000090
S31508071F3C0000000000000000000000000000000080
S31508071F4C0000000000000000000000000000000070
S31508071F5C0000000000000000000000000000000060
S31508071F6C0000000000000000000000000000000050
S31508071F7C0000000000000000000000000000000040
S31508071F8C0000000000000000000000000000000030
S31508071F9C0000000000000000000000000000000020
S31508071FAC0000000000000000000000000000000010
S31508071FBC0000000000000000000000000000000000
S31508071FCC00000000000000000000000000000000F0
S31508071FDC00000000000000000000000000000000E0
S31508071FEC00000000000000000000000000000000D0
S31508071FFC00000000000000000000000000000000C0
S3150807200C00000000000000000000000000000000AF
S3150807201C000000000000000000000000000000009F
S3150807202C000000000000000000000000000000008F
S3150807203C000000000000000000000000000000007F
S3150807204C000000000000000000000000000000006F
S3150807205C000000000000000000000000000000005F
S3150807206C000000000000000000000000000000004F
S3150807207C000000000000000000000000000000003F
S3150807208C000000000000000000000000000000002F
S3150807209C000000000000000000000000000000001F
S315080720AC000000000000000000000000000000000F
S315080720BC00000000000000000000000000000000FF
S315080720CC00000000000000000000000000000000EF
S315080720DC00000000000000000000000000000000DF
S315080720EC00000000000000000000000000000000CF
S315080720FC00000000000000000000000000000000BF
S3150807210C00000000000000000000000000000000AE
S3150807211C000000000000000000000000000000009E
S3150807212C000000000000000000000000000000008E
S3150807213C000000000000000000000000000000007E
S3150807214C000000000000000000000000000000006E
S3150807215C000000000000000000000000000000005E
S3150807216C000000000000000000000000000000004E
S3150807217C000000000000000000000000000000003E
S3150807218C000000000000000000000000000000002E
S3150807219C000000000000000000000000000000001E
S315080721AC000000000000000000000000000000000E
S315080721BC00000000000000000000000000000000FE
S315080721CC00000000000000000000000000000000EE
S315080721DC00000000000000000000000000000000DE
S315080721EC00000000000000000000000000000000CE
S315080721FC00000000000000000000000000000000BE
S3150807220C00000000000000000000000000000000AD
S3150807221C000000000000000000000000000000009D
S3150807222C000000000000000000000000000000008D
S3150807223C000000000000000000000000000000007D
S3150807224C000000000000000000000000000000006D
S3150807225C000000000000000000000000000000005D
S3150807226C000000000000000000000000000000004D
S3150807227C000000000000000000000000000000003D
S3150807228C000000000000000000000000000000002D
S3150807229C000000000000000000000000000000001D
S315080722AC000000000000000000000000000000000D
S315080722BC00000000000000000000000000000000FD
S315080722CC00000000000000000000000000000000ED
S315080722DC00000000000000000000000000000000DD
S315080722EC00000000000000000000000000000000CD
S315080722FC00000000000000000000000000000000BD
S3150807230C00000000000000000000000000000000AC
S3150807231C000000000000000000000000000000009C
S3150807232C000000000000000000000000000000008C
S3150807233C000000000000000000000000000000007C
S3150807234C000000000000000000000000000000006C
S3150807235C000000000000000000000000000000005C
S3150807236C000000000000000000000000000000004C
S3150807237C000000000000000000000000000000003C
S3150807238C000000000000000000000000000000002C
S3150807239C000000000000000000000000000000001C
S315080723AC000000000000000000000000000000000C
S315080723BC00000000000000000000000000000000FC
S315080723CC00000000000000000000000000000000EC
S315080723DC00000000000000000000000000000000DC
S315080723EC00000000000000000000000000000000CC
S315080723FC00000000000000000000000000000000BC
S3150807240C00000000000000000000000000000000AB
S3150807241C000000000000000000000000000000009B
S3150807242C000000000000000000000000000000008B
S3150807243C000000000000000000000000000000007B
S3150807244C000000000000000000000000000000006B
S3150807245C000000000000000000000000000000005B
S3150807246C000000000000000000000000000000004B
S3150807247C000000000000000000000000000000003B
S3150807248C000000000000000000000000000000002B
S3150807249C000000000000000000000000000000001B
S315080724AC000000000000000000000000000000000B
S315080724BC00000000000000000000000000000000FB
S315080724CC00000000000000000000000000000000EB
S315080724DC00000000000000000000000000000000DB
S315080724EC00000000000000000000000000000000CB
S315080724FC00000000000000000000000000000000BB
S3150807250C00000000000000000000000000000000AA
S3150807251C000000000000000000000000000000009A
S3150807252C000000000000000000000000000000008A
S3150807253C000000000000000000000000000000007A
S3150807254C000000000000000000000000000000006A
S3150807255C000000000000000000000000000000005A
S3150807256C000000000000000000000000000000004A
S3150807257C000000000000000000000000000000003A
S3150807258C000000000000000000000000000000002A
S3150807259C000000000000000000000000000000001A
S315080725AC000000000000000000000000000000000A
S315080725BC00000000000000000000000000000000FA
S315080725CC00000000000000000000000000000000EA
S315080725DC00000000000000000000000000000000DA
S315080725EC00000000000000000000000000000000CA
S315080725FC00000000000000000000000000000000BA
S3150807260C00000000000000000000000000000000A9
S3150807261C0000000000000000000000000000000099
S3150807262C0000000000000000000000000000000089
S3150807263C0000000000000000000000000000000079
S3150807264C0000000000000000000000000000000069
S3150807265C0000000000000000000000000000000059
S3150807266C0000000000000000000000000000000049
S3150807267C0000000000000000000000000000000039
S3150807268C0000000000000000000000000000000029
S3150807269C0000000000000000000000000000000019
S315080726AC0000000000000000000000000000000009
S315080726BC00000000000000000000000000000000F9
S315080726CC00000000000000000000000000000000E9
S315080726DC00000000000000000000000000000000D9
S315080726EC00000000000000000000000000000000C9
S315080726FC00000000000000000000000000000000B9
S3150807270C00000000000000000000000000000000A8
S3150807271C0000000000000000000000000000000098
S3150807272C0000000000000000000000000000000088
S3150807273C0000000000000000000000000000000078
S3150807274C0000000000000000000000000000000068
S3150807275C0000000000000000000000000000000058
S3150807276C0000000000000000000000000000000048
S3150807277C0000000000000000000000000000000038
S3150807278C0000000000000000000000000000000028
S3150807279C0000000000000000000000000000000018
S315080727AC0000000000000000000000000000000008
S315080727BC00000000000000000000000000000000F8
S315080727CC00000000000000000000000000000000E8
S315080727DC00000000000000000000000000000000D8
S315080727EC00000000000000000000000000000000C8
S315080727FC00000000000000000000000000000000B8
S3150807280C00000000000000000000000000000000A7
S3150807281C0000000000000000000000000000000097
S3150807282C0000000000000000000000000000000087
S3150807283C0000000000000000000000000000000077
S3150807284C0000000000000000000000000000000067
S3150807285C0000000000000000000000000000000057
S3150807286C0000000000000000000000000000000047
S3150807287C0000000000000000000000000000000037
S3150807288C0000000000000000000000000000000027
S3150807289C0000000000000000000000000000000017
S315080728AC0000000000000000000000000000000007
S315080728BC00000000000000000000000000000000F7
S315080728CC00000000000000000000000000000000E7
S315080728DC00000000000000000000000000000000D7
S315080728EC00000000000000000000000000000000C7
S315080728FC00000000000000000000000000000000B7
S3150807290C00000000000000000000000000000000A6
S3150807291C0000000000000000000000000000000096
S3150807292C0000000000000000000000000000000086
S3150807293C0000000000000000000000000000000076
S3150807294C0000000000000000000000000000000066
S3150807295C0000000000000000000000000000000056
S3150807296C0000000000000000000000000000000046
S3150807297C0000000000000000000000000000000036
S3150807298C0000000000000000000000000000000026
S3150807299C0000000000000000000000000000000016
S315080729AC0000000000000000000000000000000006
S315080729BC00000000000000000000000000000000F6
S315080729CC00000000000000000000000000000000E6
S315080729DC00000000000000000000000000000000D6
S315080729EC00000000000000000000000000000000C6
S315080729FC00000000000000000000000000000000B6
S31508072A0C00000000000000000000000000000000A5
S31508072A1C0000000000000000000000000000000095
S31508072A2C0000000000000000000000000000000085
S31508072A3C0000000000000000000000000000000075
S31508072A4C0000000000000000000000000000000065
S31508072A5C0000000000000000000000000000000055
S31508072A6C0000000000000000000000000000000045
S31508072A7C0000000000000000000000000000000035
S31508072A8C0000000000000000000000000000000025
S31508072A9C0000000000000000000000000000000015
S31508072AAC0000000000000000000000000000000005
S31508072ABC00000000000000000000000000000000F5
S31508072ACC00000000000000000000000000000000E5
S31508072ADC00000000000000000000000000000000D5
S31508072AEC00000000000000000000000000000000C5
S31508072AFC00000000000000000000000000000000B5
S31508072B0C00000000000000000000000000000000A4
S31508072B1C0000000000000000000000000000000094
S31508072B2C0000000000000000000000000000000084
S31508072B3C0000000000000000000000000000000074
S31508072B4C0000000000000000000000000000000064
S31508072B5C0000000000000000000000000000000054
S31508072B6C0000000000000000000000000000000044
S31508072B7C0000000000000000000000000000000034
S31508072B8C0000000000000000000000000000000024
S31508072B9C0000000000000000000000000000000014
S31508072BAC0000000000000000000000000000000004
S31508072BBC00000000000000000000000000000000F4
S31508072BCC00000000000000000000000000000000E4
S31508072BDC00000000000000000000000000000000D4
S31508072BEC00000000000000000000000000000000C4
S31508072BFC00000000000000000000000000000000B4
S31508072C0C00000000000000000000000000000000A3
S31508072C1C0000000000000000000000000000000093
S31508072C2C0000000000000000000000000000000083
S31508072C3C0000000000000000000000000000000073
S31508072C4C0000000000000000000000000000000063
S31508072C5C0000000000000000000000000000000053
S31508072C6C0000000000000000000000000000000043
S31508072C7C0000000000000000000000000000000033
S31508072C8C0000000000000000000000000000000023
S31508072C9C0000000000000000000000000000000013
S31508072CAC0000000000000000000000000000000003
S31508072CBC00000000000000000000000000000000F3
S31508072CCC00000000000000000000000000000000E3
S31508072CDC00000000000000000000000000000000D3
S31508072CEC00000000000000000000000000000000C3
S31508072CFC00000000000000000000000000000000B3
S31508072D0C00000000000000000000000000000000A2
S31508072D1C0000000000000000000000000000000092
S31508072D2C0000000000000000000000000000000082
S31508072D3C0000000000000000000000000000000072
S31508072D4C0000000000000000000000000000000062
S31508072D5C0000000000000000000000000000000052
S31508072D6C0000000000000000000000000000000042
S31508072D7C0000000000000000000000000000000032
S31508072D8C0000000000000000000000000000000022
S31508072D9C0000000000000000000000000000000012
S31508072DAC0000000000000000000000000000000002
S31508072DBC00000000000000000000000000000000F2
S31508072DCC00000000000000000000000000000000E2
S31508072DDC00000000000000000000000000000000D2
S31508072DEC00000000000000000000000000000000C2
S31508072DFC00000000000000000000000000000000B2
S31508072E0C00000000000000000000000000000000A1
S31508072E1C0000000000000000000000000000000091
S31508072E2C0000000000000000000000000000000081
S31508072E3C0000000000000000000000000000000071
S31508072E4C0000000000000000000000000000000061
S31508072E5C0000000000000000000000000000000051
S31508072E6C0000000000000000000000000000000041
S31508072E7C0000000000000000000000000000000031
S31508072E8C0000000000000000000000000000000021
S31508072E9C0000000000000000000000000000000011
S31508072EAC0000000000000000000000000000000001
S31508072EBC00000000000000000000000000000000F1
S31508072ECC00000000000000000000000000000000E1
S31508072EDC00000000000000000000000000000000D1
S31508072EEC00000000000000000000000000000000C1
S31508072EFC00000000000000000000000000000000B1
S31508072F0C00000000000000000000000000000000A0
S31508072F1C0000000000000000000000000000000090
S31508072F2C0000000000000000000000000000000080
S31508072F3C0000000000000000000000000000000070
S31508072F4C0000000000000000000000000000000060
S31508072F5C0000000000000000000000000000000050
S31508072F6C0000000000000000000000000000000040
S31508072F7C0000000000000000000000000000000030
S31508072F8C0000000000000000000000000000000020
S31508072F9C0000000000000000000000000000000010
S31508072FAC0000000000000000000000000000000000
S31508072FBC00000000000000000000000000000000F0
S31508072FCC00000000000000000000000000000000E0
S31508072FDC00000000000000000000000000000000D0
S31508072FEC00000000000000000000000000000000C0
S31508072FFC00000000000000000000000000000000B0
S3150807300C000000000000000000000000000000009F
S3150807301C000000000000000000000000000000008F
S3150807302C000000000000000000000000000000007F
S3150807303C000000000000000000000000000000006F
S3150807304C000000000000000000000000000000005F
S3150807305C000000000000000000000000000000004F
S3150807306C000000000000000000000000000000003F
S3150807307C000000000000000000000000000000002F
S3150807308C000000000000000000000000000000001F
S3150807309C000000000000000000000000000000000F
S315080730AC00000000000000000000000000000000FF
S315080730BC00000000000000000000000000000000EF
S315080730CC00000000000000000000000000000000DF
S315080730DC00000000000000000000000000000000CF
S315080730EC00000000000000000000000000000000BF
S315080730FC00000000000000000000000000000000AF
S3150807310C000000000000000000000000000000009E
S3150807311C000000000000000000000000000000008E
S3150807312C000000000000000000000000000000007E
S3150807313C000000000000000000000000000000006E
S3150807314C000000000000000000000000000000005E
S3150807315C000000000000000000000000000000004E
S3150807316C000000000000000000000000000000003E
S3150807317C000000000000000000000000000000002E
S3150807318C000000000000000000000000000000001E
S3150807319C000000000000000000000000000000000E
S315080731AC00000000000000000000000000000000FE
S315080731BC00000000000000000000000000000000EE
S315080731CC00000000000000000000000000000000DE
S315080731DC00000000000000000000000000000000CE
S315080731EC00000000000000000000000000000000BE
S315080731FC00000000000000000000000000000000AE
S3150807320C000000000000000000000000000000009D
S3150807321C000000000000000000000000000000008D
S3150807322C000000000000000000000000000000007D
S3150807323C000000000000000000000000000000006D
S3150807324C000000000000000000000000000000005D
S3150807325C000000000000000000000000000000004D
S3150807326C000000000000000000000000000000003D
S3150807327C000000000000000000000000000000002D
S3150807328C000000000000000000000000000000001D
S3150807329C000000000000000000000000000000000D
S315080732AC00000000000000000000000000000000FD
S315080732BC00000000000000000000000000000000ED
S315080732CC00000000000000000000000000000000DD
S315080732DC00000000000000000000000000000000CD
S315080732EC00000000000000000000000000000000BD
S315080732FC00000000000000000000000000000000AD
S3150807330C000000000000000000000000000000009C
S3150807331C000000000000000000000000000000008C
S3150807332C000000000000000000000000000000007C
S3150807333C000000000000000000000000000000006C
S3150807334C000000000000000000000000000000005C
S3150807335C000000000000000000000000000000004C
S3150807336C000000000000000000000000000000003C
S3150807337C000000000000000000000000000000002C
S3150807338C000000000000000000000000000000001C
S3150807339C000000000000000000000000000000000C
S315080733AC00000000000000000000000000000000FC
S315080733BC00000000000000000000000000000000EC
S315080733CC00000000000000000000000000000000DC
S315080733DC00000000000000000000000000000000CC
S315080733EC00000000000000000000000000000000BC
S315080733FC00000000000000000000000000000000AC
S3150807340C000000000000000000000000000000009B
S3150807341C000000000000000000000000000000008B
S3150807342C000000000000000000000000000000007B
S3150807343C000000000000000000000000000000006B
S3150807344C000000000000000000000000000000005B
S3150807345C000000000000000000000000000000004B
S3150807346C000000000000000000000000000000003B
S3150807347C000000000000000000000000000000002B
S3150807348C000000000000000000000000000000001B
S3150807349C000000000000000000000000000000000B
S315080734AC00000000000000000000000000000000FB
S315080734BC00000000000000000000000000000000EB
S315080734CC00000000000000000000000000000000DB
S315080734DC00000000000000000000000000000000CB
S315080734EC00000000000000000000000000000000BB
S315080734FC00000000000000000000000000000000AB
S3150807350C000000000000000000000000000000009A
S3150807351C000000000000000000000000000000008A
S3150807352C000000000000000000000000000000007A
S3150807353C000000000000000000000000000000006A
S3150807354C000000000000000000003E5B4F5B3E00D9
S3150807355C3E6B4F6B3E001C3E7C3E1C00183C7E3C6B
S3150807356C18001C577D571C001C5E7F5E1C00001834
S3150807357C3C180000FFE7C3E7FF00001824180000F3
S3150807358CFFE7DBE7FF0030483A060E0026297929BC
S3150807359C2600407F05050700407F05253F005A3C56
S315080735ACE73C5A007F3E1C1C0800081C1C3E7F0083
S315080735BC14227F2214005F5F005F5F0006097F01F4
S315080735CC7F00006689956A0060606060600094A257
S315080735DCFFA2940008047E04080010207E20100021
S315080735EC08082A1C0800081C2A0808001E101010B0
S315080735FC10000C1E0C1E0C0030383E383000060E18
S3150807360C3E0E060000000000000000005F000000E8
S3150807361C000700070000147F147F1400242A7F2A4A
S3150807362C1200231308646200364956205000000816
S3150807363C07030000001C224100000041221C000061
S3150807364C2A1C7F1C2A0008083E08080000807030D0
S3150807365C0000080808080800000060600000201031
S3150807366C080402003E5149453E0000427F400000CF
S3150807367C7249494946002141494D33001814127FAE
S3150807368C10002745454539003C4A4949310041212F
S3150807369C11090700364949493600464949291E0082
S315080736AC0000140000000040340000000008142233
S315080736BC41001414141414000041221408000201C2
S315080736CC590906003E415D594E007C1211127C00C1
S315080736DC7F49494936003E41414122007F414141D4
S315080736EC3E007F49494941007F09090901003E41C6
S315080736FC415173007F0808087F0000417F4100008D
S3150807370C2040413F01007F08142241007F4040407A
S3150807371C40007F021C027F007F0408107F003E4191
S3150807372C41413E007F09090906003E4151215E00C9
S3150807373C7F091929460026494949320003017F01A1
S3150807374C03003F4040403F001F2040201F003F40DA
S3150807375C38403F0063140814630003047804030015
S3150807376C6159494D4300007F414141000204081045
S3150807377C2000004141417F00040201020400404039
S3150807378C40404000000307080000205454784000C6
S3150807379C7F2844443800384444442800384444288D
S315080737AC7F0038545454180000087E09020018A4E0
S315080737BCA49C78007F080404780000447D40000028
S315080737CC2040403D00007F102844000000417F4000
S315080737DC00007C04780478007C08040478003844D4
S315080737EC44443800FC182424180018242418FC0010
S315080737FC7C080404080048545454240004043F4421
S3150807380C24003C4040207C001C2040201C003C40E7
S3150807381C30403C004428102844004C9090907C007B
S3150807382C4464544C440000083641000000007700F5
S3150807383C00000041360800000201020402003C267B
S3150807384C23263C001EA1A16112003A4040207A00AB
S3150807385C38545455590021555579410022545478F2
S3150807386C42002155547840002054557940000C1EC7
S3150807387C5272120039555555590039545454590032
S3150807388C3955545458000000457C41000002457DC3
S3150807389C42000001457C40007D1211127D00F0287C
S315080738AC2528F0007C54554500002054547C5400B8
S315080738BC7C0A097F49003249494932003A4444444B
S315080738CC3A00324A484830003A4141217A003A428E
S315080738DC40207800009DA0A07D003D4242423D0055
S315080738EC3D4040403D003C24FF242400487E494384
S315080738FC66002B2FFC2F2B00FF0929F62000C08802
S3150807390C7E0903002054547941000000447D410088
S3150807391C3048484A3200384040227A00007A0A0A68
S3150807392C72007D0D19317D002629292F2800262995
S3150807393C2929260030484D40200038080808080071
S3150807394C0808080838002F10C8ACBA002F102834F6
S3150807395CFA0000007B00000008142A14220022141F
S3150807396C2A140800550055005500AA55AA55AA0049
S3150807397CFF55FF55FF00000000FF0000101010FF51
S3150807398C0000141414FF00001010FF00FF0010109D
S3150807399CF010F000141414FC00001414F700FF00C0
S315080739AC0000FF00FF001414F404FC00141417108D
S315080739BC1F0010101F101F001414141F00001010DE
S315080739CC10F000000000001F10001010101F100048
S315080739DC101010F01000000000FF10001010101047
S315080739EC1000101010FF1000000000FF1400000054
S315080739FCFF00FF0000001F1017000000FC04F4006E
S31508073A0C1414171017001414F404F4000000FF001C
S31508073A1CF7001414141414001414F700F7001414EC
S31508073A2C1417140010101F101F00141414F4140084
S31508073A3C1010F010F00000001F101F000000001FE8
S31508073A4C1400000000FC14000000F010F000101021
S31508073A5CFF10FF00141414FF14001010101F000099
S31508073A6C000000F01000FFFFFFFFFF00F0F0F0F07A
S31508073A7CF000FFFFFF000000000000FFFF000F0F1C
S31508073A8C0F0F0F00384444384400FC4A4A4A34009E
S31508073A9C7E0202060600027E027E02006355494133
S31508073AAC63003844443C0400407E201E200006026E
S31508073ABC7E02020099A5E7A599001C2A492A1C002B
S31508073ACC4C7201724C00304A4D4D300030487848DC
S31508073ADC3000BC625A463D003E49494900007E0102
S31508073AEC01017E002A2A2A2A2A0044445F444400F4
S31508073AFC40514A44400040444A5140000000FF01E7
S31508073B0C0300E080FF00000008086B6B08003612FC
S31508073B1C36243600060F090F060000001818000091
S31508073B2C0000101000003040FF010100001F0101C2
S31508073B3C1E0000191D171200003C3C3C3C000000F7
S31508073B4C00000000F000400138DF060840DF0608D1
S31508073B5C48DF06084CDF060858DF060864DF060840
S31508073B6C70DF060878DF060880DF0608C400000041
S31508073B7C7D00000026010000FA00000088010000FD
S31508073B8CF4010000700300007D0000001704000014
S31508073B9C7D00000097040000FA00000017040000D7
S31508073BAC7D00000097040000F40100002D080000B2
S31508073BBCF40100006F0F0000F40100002D08000047
S31508073BCCF40100006F0F0000F40100002D08000037
S31508073BDCF40100006F0F0000F40100002D08000027
S31508073BECF40100006F0F0000F40100002D08000017
S31508073BFCF40100006F0F0000F40100002D08000007
S31508073C0CF40100006F0F0000F40100009302000096
S31508073C1C7D000000BA0200007D00000010030000BA
S31508073C2C7D000000700300007D00000052000000B4
S31508073C3C7D000000520000007D000000A500000072
S31508073C4C7D000000520000007D00000052000000B5
S31508073C5C7D000000930000007D0000005200000064
S31508073C6C7D000000520000007D0000008300000064
S31508073C7C7D000000520000007D0000005200000085
S31508073C8C7D000000750000007D0000005200000052
S31508073C9C7D000000520000007D0000007B0000003C
S31508073CAC7D000000830000007D0000005200000024
S31508073CBC7D000000520000007D000000A5000000F2
S31508073CCC7D000000520000007D0000005200000035
S31508073CDC7D000000930000007D00000052000000E4
S31508073CEC7D000000520000007D00000083000000E4
S31508073CFC7D000000520000007D0000005200000005
S31508073D0C7D00000075000000F40100005200000059
S31508073D1C7D000000520000007D000000A500000091
S31508073D2C7D000000520000007D00000052000000D4
S31508073D3C7D000000930000007D0000005200000083
S31508073D4C7D000000520000007D0000008300000083
S31508073D5C7D000000520000007D00000052000000A4
S31508073D6C7D000000750000007D0000005200000071
S31508073D7C7D000000520000007D0000007B0000005B
S31508073D8C7D000000830000007D0000005200000043
S31508073D9C7D000000520000007D000000A500000011
S31508073DAC7D000000520000007D0000005200000054
S31508073DBC7D000000930000007D0000005200000003
S31508073DCC7D000000520000007D0000008300000003
S31508073DDC7D000000520000007D0000005200000024
S31508073DEC7D00000075000000F40100005C26002029
S31508073DFC030000001C27002038000000FC260020C2
S31508073E0C0100000004270020010000000C270020F1
S31508073E1C010000001427002001000000742600206A
S31508073E2C050000009C2600200C000000000000007E
S31508073E3C4C494E45203F00000000000000000000DA
S31508073E4C0000000000000000000000000000000051
S31508073E5C610000000C00000000000000480000008C
S31508073E6C00000000530000000000000000000000DE
S31508073E7C0000000000000000000000000707000013
S31508073E8C0000000000000000000000000000000011
S31508073E9C0000000000000000000000000000000001
S31508073EAC00000000000000000000000000000000F1
S31508073EBC00000000000000000000000000000000E1
S31508073ECC00000000000000000000000000000000D1
S31508073EDC01000000010000000100000000000000BE
S31508073EEC00000000000000000000000000000000B1
S31508073EFC00000000000000000000000000000000A1
S31508073F0C0000000000000000000000000000000090
S31508073F1C0000000000000000000000000000000080
S31508073F2C000000000000000001000000010000006E
S31508073F3C010000000000000000000000000000005F
S31508073F4C0000000000000000000000000000000050
S31508073F5C0000000000000000000000000000000040
S31508073F6C0000000000000000000000000000000030
S31508073F7C0000000000000000000000000000000020
S31508073F8C0000000000000000000000000000000010
S31508073F9C0000000000000000000000000000000000
S31508073FAC00000000000000000000000000000000F0
S31508073FBC00000100010001000000000000000000DD
S31508073FCC00000000000000000000000000000000D0
S31508073FDC00000000000000000000000000000000C0
S31508073FEC00000000000000000000000000000000B0
S31508073FFC00000000000000000000000000000000A0
S3150807400C000000000000000000000000000000008F
S3150807401C000000000000000000000000000000007F
S3150807402C000000000000000000000000000000006F
S3150807403C000000004C494E45203F000000000000D8
S3150807404C000000000000000000000000000000004F
S3150807405C00000000610000000C00000000000000D2
S3150807406C4800000000000000530000000000000094
S3150807407C000000000000000000000000000000001F
S3150807408C0707000000000000000000000000000001
S3150807409C00000000000000000000000000000000FF
S315080740AC00000000000000000000000000000000EF
S315080740BC00000000000000000000000000000000DF
S315080740CC00000000000000000000000000000000CF
S315080740DC00000000010000000100000001000000BC
S315080740EC00000000000000000000000000000000AF
S315080740FC000000000000000000000000000000009F
S3150807410C000000000000000000000000000000008E
S3150807411C000000000000000000000000000000007E
S3150807412C000000000000000000000000010000006D
S3150807413C010000000100000000000000000000005C
S3150807414C000000000000000000000000000000004E
S3150807415C000000000000000000000000000000003E
S3150807416C000000000000000000000000000000002E
S3150807417C000000000000000000000000000000001E
S3150807418C000000000000000000000000000000000E
S3150807419C00000000000000000000000000000000FE
S315080741AC00000000000000000000000000000000EE
S315080741BC00000000000001000100010000000000DB
S315080741CC00000000000000000000000000000000CE
S315080741DC00000000000000000000000000000000BE
S315080741EC00000000000000000000000000000000AE
S315080741FC000000000000000000000000000000009E
S3150807420C000000000000000000000000000000008D
S3150807421C000000000000000000000000000000007D
S3150807422C000000000000000000000000000000006D
S3150807423C00000000004469736368617267650000D3
S3150807424C000000000000000000000000000000004D
S3150807425C00000000000200000231323334353637CD
S3150807426C38390000000000000000000000000000BC
S3150807427C000000000000000000029C00000000007F
S3150807428C000000000000000000000000000000000D
S3150807429C00000000000000000000000000000000FD
S315080742AC010000000000000000000000F4010000F7
S315080742BC008088C30000FA4388130000480D0000E5
S315080742CC00409C45010000000000000000000000AB
S315080742DCF4010000008088C30000FA438813000025
S315080742EC480D000000409C45000000000000000037
S315080742FC000000000000000000000000000000009D
S3150807430C000000000000000000000000000000008C
S3150807431C000000000000000000000000000000007C
S3150807432C000000000000000000000000000000006C
S3150807433C000000000000000000000000000000005C
S3150807434C000000000000000000000000000000004C
S3150807435C000000000000000000000000000000003C
S3150807436C000000000000000000000000000000002C
S3150807437C000000000000000000000000000000001C
S3150807438C000000000000000000000000000000000C
S3150807439C00000000000000000000000000000000FC
S315080743AC00000000000000000000000000000000EC
S315080743BC00000000000000000000000000000000DC
S315080743CC00000000000000000000000000000000CC
S315080743DC00000000000000000000000000000000BC
S315080743EC00000000000000000000000000000000AC
S315080743FC000000000000000000000000000000009C
S3150807440C000000000000000000000000004368617F
S3150807441C72676520480000000000000000000000D5
S3150807442C0000000000000000000000000002000069
S3150807443C023132333435363738390000000000007C
S3150807444C000000000000000000000000000000004B
S3150807445C00029C000000000000000000000000009D
S3150807446C000000000000000000000000000000002B
S3150807447C000000000000000000000000000000001B
S3150807448C2C010000D8D60000008088C30000FA4328
S3150807449C20A10700000000000000484400000000A7
S315080744AC000000002C010000D8D60000008088C345
S315080744BC0000FA4320A1070000000000000048444A
S315080744CC00000000000000000000000000000000CB
S315080744DC00000000000000000000000000000000BB
S315080744EC00000000000000000000000000000000AB
S315080744FC000000000000000000000000000000009B
S3150807450C000000000000000000000000000000008A
S3150807451C000000000000000000000000000000007A
S3150807452C000000000000000000000000000000006A
S3150807453C000000000000000000000000000000005A
S3150807454C000000000000000000000000000000004A
S3150807455C000000000000000000000000000000003A
S3150807456C000000000000000000000000000000002A
S3150807457C000000000000000000000000000000001A
S3150807458C000000000000000000000000000000000A
S3150807459C00000000000000000000000000000000FA
S315080745AC00000000000000000000000000000000EA
S315080745BC00000000000000000000000000000000DA
S315080745CC00000000000000000000000000000000CA
S315080745DC00000000000000000000000000000000BA
S315080745EC0000000000436861726765204C000000F4
S315080745FC000000000000000000000000000000009A
S3150807460C0000000000020000023132333435363719
S3150807461C3839000000000000000000000000000008
S3150807462C000000000000000000029C0000000000CB
S3150807463C0000000000000000000000000000000059
S3150807464C0000000000000000000000000000000049
S3150807465C00000000000000002C0100006810000094
S3150807466C008088C30000FA4320A107000000000059
S3150807467C0000484400000000000000002C01000060
S3150807468C68100000008088C30000FA4320A10700C1
S3150807469C000000000000484400000000000000006D
S315080746AC00000000000000000000000000000000E9
S315080746BC00000000000000000000000000000000D9
S315080746CC00000000000000000000000000000000C9
S315080746DC00000000000000000000000000000000B9
S315080746EC00000000000000000000000000000000A9
S315080746FC0000000000000000000000000000000099
S3150807470C0000000000000000000000000000000088
S3150807471C0000000000000000000000000000000078
S3150807472C0000000000000000000000000000000068
S3150807473C0000000000000000000000000000000058
S3150807474C0000000000000000000000000000000048
S3150807475C0000000000000000000000000000000038
S3150807476C0000000000000000000000000000000028
S3150807477C0000000000000000000000000000000018
S3150807478C0000000000000000000000000000000008
S3150807479C00000000000000000000000000000000F8
S315080747AC00000000000000000000000000000000E8
S315080747BC0000000000000000000000000044454D02
S315080747CC4F205465737400000000000000000000B9
S315080747DC00000000000000000000000000050000B3
S315080747EC02313233343536373839000000000000C9
S315080747FC0000000000000000000000000000000098
S3150807480C00029C00000000000000000000000000E9
S3150807481C0000000000000000000000000000000077
S3150807482C0000000000000000000000000000000067
S3150807483C2C010000D8D60000008088C30000FA4374
S3150807484C20A10700000000000000484400000000F3
S3150807485C000000002C01000068100000008088C3C7
S3150807486C0000FA4320A10700000000000000484496
S3150807487C010000000000000000000000F401000021
S3150807488C008088C30000FA4388130000480D00000F
S3150807489C00409C4502000000A086010000000000AD
S315080748AC00000000000000000000000000000000E7
S315080748BC00000000000000000300000000000000D4
S315080748CC05000000000000000000000000000000C2
S315080748DC00000000000000000000000000000000B7
S315080748EC00000000000000000000000000000000A7
S315080748FC0000000000000000000000000000000097
S3150807490C0000000000000000000000000000000086
S3150807491C0000000000000000000000000000000076
S3150807492C0000000000000000000000000000000066
S3150807493C0000000000000000000000000000000056
S3150807494C0000000000000000000000000000000046
S3150807495C0000000000000000000000000000000036
S3150807496C0000000000000000000000000000000026
S3150807497C0000000000000000000000000000000016
S3150807498C0000000000000000000000000000000006
S3150807499C000000000144454D4F204475616C2054B6
S315080749AC657374000000000000000000000000009A
S315080749BC0000000000040000023132333435363764
S315080749CC3839000000000000000000000000000055
S315080749DC000000000000000000029C000000000018
S315080749EC00000000000000000000000000000000A6
S315080749FC0000000000000000000000000000000096
S31508074A0C00000000000000002C010000D8D60000AA
S31508074A1C008088C30000FA4320A1070000000000A5
S31508074A2C00004844010000000000000000000000D8
S31508074A3CF4010000008088C30000FA4388130000BD
S31508074A4C480D000000409C4502000000A0860100A6
S31508074A5C0000000000000000000000000000000035
S31508074A6C0000000000000000000000000300000022
S31508074A7C0000000005000000000000000000000010
S31508074A8C0000000000000000000000000000000005
S31508074A9C03000000000000000500000000000000ED
S31508074AAC00000000000000000000000000000000E5
S31508074ABC00000000030000000000000005000000CD
S31508074ACC00000000000000000000000000000000C5
S31508074ADC00000000000000000300000000000000B2
S31508074AEC05000000000000000000000000000000A0
S31508074AFC0000000000000000000000000300000092
S31508074B0C000000000500000000000000000000007F
S31508074B1C0000000000000000000000000000000074
S31508074B2C030000000000000005000000000000005C
S31508074B3C0000000000000000000000000000000054
S31508074B4C000000000300000000000000050000003C
S31508074B5C0000000000000000000000000000000034
S31508074B6C0000000000000000000000000044454D4E
S31508074B7C4F20546573740000000000000000000005
S31508074B8C00000000000000000000000000050000FF
S31508074B9C0231323334353637383900000000000015
S31508074BAC00000000000000000000000000000000E4
S31508074BBC00029C0000000000000000000000000036
S31508074BCC00000000000000000000000000000000C4
S31508074BDC00000000000000000000000000000000B4
S31508074BEC2C010000D8D60000008088C30000FA43C1
S31508074BFC20A1070000000000000048440000000040
S31508074C0C000000002C01000068100000008088C313
S31508074C1C0000FA4320A107000000000000004844E2
S31508074C2C010000000000000000000000F40100006D
S31508074C3C008088C30000FA4388130000480D00005B
S31508074C4C00409C4502000000A086010000000000F9
S31508074C5C0000000000000000000000000000000033
S31508074C6C0000000000000000030000000000000020
S31508074C7C050000000000000000000000000000000E
S31508074C8C0000000000000000000000000000000003
S31508074C9C00000000000000000000000000000000F3
S31508074CAC00000000000000000000000000000000E3
S31508074CBC00000000000000000000000000000000D3
S31508074CCC00000000000000000000000000000000C3
S31508074CDC00000000000000000000000000000000B3
S31508074CEC00000000000000000000000000000000A3
S31508074CFC0000000000000000000000000000000093
S31508074D0C0000000000000000000000000000000082
S31508074D1C0000000000000000000000000000000072
S31508074D2C0000000000000000000000000000000062
S31508074D3C0000000000000000000000000000000052
S31508074D4C000000000044454D4F205465737400005D
S31508074D5C0000000000000000000000000000000032
S31508074D6C00000000000500000231323334353637AF
S31508074D7C38390000000000000000000000000000A1
S31508074D8C000000000000000000029C000000000064
S31508074D9C00000000000000000000000000000000F2
S31508074DAC00000000000000000000000000000000E2
S31508074DBC00000000000000002C010000D8D60000F7
S31508074DCC008088C30000FA4320A1070000000000F2
S31508074DDC0000484400000000000000002C010000F9
S31508074DEC68100000008088C30000FA4320A107005A
S31508074DFC0000000000004844010000000000000005
S31508074E0C00000000F4010000008088C30000FA4384
S31508074E1C88130000480D000000409C45020000005E
S31508074E2CA08601000000000000000000000000003A
S31508074E3C0000000000000000000000000000000051
S31508074E4C0300000000000000050000000000000039
S31508074E5C0000000000000000000000000000000031
S31508074E6C0000000000000000000000000000000021
S31508074E7C0000000000000000000000000000000011
S31508074E8C0000000000000000000000000000000001
S31508074E9C00000000000000000000000000000000F1
S31508074EAC00000000000000000000000000000000E1
S31508074EBC00000000000000000000000000000000D1
S31508074ECC00000000000000000000000000000000C1
S31508074EDC00000000000000000000000000000000B1
S31508074EEC00000000000000000000000000000000A1
S31508074EFC0000000000000000000000000000000091
S31508074F0C0000000000000000000000000000000080
S31508074F1C0000000000000000000000000044454D9A
S31508074F2C4F20546573740000000000000000000051
S31508074F3C000000000000000000000000000500004B
S31508074F4C0231323334353637383900000000000061
S31508074F5C0000000000000000000000000000000030
S31508074F6C00029C0000000000000000000000000082
S31508074F7C0000000000000000000000000000000010
S31508074F8C0000000000000000000000000000000000
S31508074F9C2C010000D8D60000008088C30000FA430D
S31508074FAC20A107000000000000004844000000008C
S31508074FBC000000002C01000068100000008088C360
S31508074FCC0000FA4320A1070000000000000048442F
S31508074FDC010000000000000000000000F4010000BA
S31508074FEC008088C30000FA4388130000480D0000A8
S31508074FFC00409C4502000000A08601000000000046
S3150807500C000000000000000000000000000000007F
S3150807501C000000000000000003000000000000006C
S3150807502C050000000000000000000000000000005A
S3150807503C000000000000000000000000000000004F
S3150807504C000000000000000000000000000000003F
S3150807505C000000000000000000000000000000002F
S3150807506C000000000000000000000000000000001F
S3150807507C000000000000000000000000000000000F
S3150807508C00000000000000000000000000000000FF
S3150807509C00000000000000000000000000000000EF
S315080750AC00000000000000000000000000000000DF
S315080750BC00000000000000000000000000000000CF
S315080750CC00000000000000000000000000000000BF
S315080750DC00000000000000000000000000000000AF
S315080750EC000000000000000000000000000000009F
S315080750FC000000000044454D4F20546573740000AA
S3150807510C000000000000000000000000000000007E
S3150807511C00000000000500000231323334353637FB
S3150807512C38390000000000000000000000000000ED
S3150807513C000000000000000000029C0000000000B0
S3150807514C000000000000000000000000000000003E
S3150807515C000000000000000000000000000000002E
S3150807516C00000000000000002C010000D8D6000043
S3150807517C008088C30000FA4320A10700000000003E
S3150807518C0000484400000000000000002C01000045
S3150807519C68100000008088C30000FA4320A10700A6
S315080751AC0000000000004844010000000000000051
S315080751BC00000000F4010000008088C30000FA43D1
S315080751CC88130000480D000000409C4502000000AB
S315080751DCA086010000000000000000000000000087
S315080751EC000000000000000000000000000000009E
S315080751FC0300000000000000050000000000000086
S3150807520C000000000000000000000000000000007D
S3150807521C000000000000000000000000000000006D
S3150807522C000000000000000000000000000000005D
S3150807523C000000000000000000000000000000004D
S3150807524C000000000000000000000000000000003D
S3150807525C000000000000000000000000000000002D
S3150807526C000000000000000000000000000000001D
S3150807527C000000000000000000000000000000000D
S3150807528C00000000000000000000000000000000FD
S3150807529C00000000000000000000000000000000ED
S315080752AC00000000000000000000000000000000DD
S315080752BC00000000000000000000000000000000CD
S315080752CC0000000000000000000000000044454DE7
S315080752DC4F2054657374000000000000000000009E
S315080752EC0000000000000000000000000005000098
S315080752FC02313233343536373839000000000000AE
S3150807530C000000000000000000000000000000007C
S3150807531C00029C00000000000000000000000000CE
S3150807532C000000000000000000000000000000005C
S3150807533C000000000000000000000000000000004C
S3150807534C2C010000D8D60000008088C30000FA4359
S3150807535C20A10700000000000000484400000000D8
S3150807536C000000002C01000068100000008088C3AC
S3150807537C0000FA4320A1070000000000000048447B
S3150807538C010000000000000000000000F401000006
S3150807539C008088C30000FA4388130000480D0000F4
S315080753AC00409C4502000000A08601000000000092
S315080753BC00000000000000000000000000000000CC
S315080753CC00000000000000000300000000000000B9
S315080753DC05000000000000000000000000000000A7
S315080753EC000000000000000000000000000000009C
S315080753FC000000000000000000000000000000008C
S3150807540C000000000000000000000000000000007B
S3150807541C000000000000000000000000000000006B
S3150807542C000000000000000000000000000000005B
S3150807543C000000000000000000000000000000004B
S3150807544C000000000000000000000000000000003B
S3150807545C000000000000000000000000000000002B
S3150807546C000000000000000000000000000000001B
S3150807547C000000000000000000000000000000000B
S3150807548C00000000000000000000000000000000FB
S3150807549C00000000000000000000000000000000EB
S315080754AC000000000000000003000000BCB4002048
S315080754BC7F1107087F11070800000000BCB40020FD
S315080754CC24B500208CB50020000000000000000061
S315080754DC00000000000000000000000000000000AB
S315080754EC000000000000000000000000000000009B
S315080754FC000000000000000000000000000000008B
S3150807550C00000000A83F0020010000000000000072
S3150807551C4A00000000000000000000000000000020
S3150807552C000000000000000000000000000000005A
S3150807553C00000000000000004A0000000000000000
S3150807554C000000000000000000000000000000003A
S3150807555C000000000000000000000000000000002A
S3150807556C43000000000000000000000000000000D7
S3150807557C000000000000000000000000000000000A
S3150807558C43000000000000000000000000000000B7
S3150807559C00000000000000000000000000000000EA
S315080755AC4300000000000000000000000000000097
S315080755BC00000000000000000000000000000000CA
S315080755CC4300000000000000000000000000000077
S315080755DC00000000000000000000000000000000AA
S315080755EC4300000000000000000000000000000057
S315080755FC000000000000000000000000000000008A
S3150807560C4300000000000000000000000000000036
S3150807561C0000000000000000000000000000000069
S3150807562C4300000000000000000000000000000016
S3150807563C0000000000000000000000000000000049
S3150807564CE3C4060861C4060800000000D41307085B
S3150807565CEE140708051207080512070805120708A6
S3150807566C0512070805120708051207080512070881
S3150807567C0512070805120708FFFFFFFFFFFFFFFFC5
S3150807568CFFFFFFFFFFFF0000010041534349490095
S3150807569C00000000000000000000000000000000E9
S315080756AC0000000000000000000041534349490070
S315080756BC00000000000000000000000000000000C9
S311080756CC000000000000000000000000BD
S705080433BDFE
