S01200005542415F365F526576332E73726563E6
S3150804000000000220C1330408B5240408BB240408EC
S31508040010C1240408C7240408CD24040800000000E9
S31508040020000000000000000000000000D3240408BB
S31508040030E124040800000000EF240408FD24040851
S31508040040113404081134040811340408113404085A
S31508040050113404081134040811340408113404084A
S315080400601134040809250408113404081925040858
S315080400702D2504084125040855250408692504087E
S315080400807D2504089125040811340408113404084C
S31508040090113404081134040811340408A525040885
S315080400A011340408B5250408113404081134040865
S315080400B011340408113404081134040811340408EA
S315080400C011340408113404081134040811340408DA
S315080400D011340408C9250408F92504081134040848
S315080400E011340408113404081134040811340408BA
S315080400F011340408113404081134040811340408AA
S315080401001134040811340408113404081134040899
S315080401101134040811340408113404081134040889
S315080401200D2604081134040811340408113404088B
S315080401301134040811340408113404081134040869
S315080401401134040811340408113404081134040859
S315080401501134040811340408113404081134040849
S315080401601134040811340408113404081134040839
S315080401701134040811340408113404081134040829
S315080401801134040811340408113404081134040819
S31508040190113404080000000011340408113404085A
S315080401A011340408113404081134040811340408F9
S315080401B011340408113404081134040811340408E9
S315080401C021260408113404081134040811340408D7
S30D080401D0113404081134040873
S315080401E010B5054C237833B9044B13B10448AFF35F
S315080401F000800123237010BDBC41002000000000CC
S31508040200C4D5060808B5034B1BB103490348AFF325
S31508040210008008BD00000000C0410020C4D50608BF
S3150804022010F8012B11F8013B012A28BF9A42F7D08E
S31508040230D01A70470000000000000000000000000B
S3150804024001F0FF01102A2BDB10F0070F08D010F875
S31508040250013B013A8B422DD010F0070F42B3F6D179
S31508040260F0B441EA012141EA014122F007047FF092
S3150804027000070023F0E80256083C85EA010586EAE9
S31508040280010685FA47F5A3FA87F586FA47F6A5FA25
S3150804029087F68EB9EED1F0BC01F0FF0102F0070231
S315080402A032B110F8013B013A83EA010313B1F8D1DC
S315080402B00020704701387047002D06BF35460338BD
S315080402C0073815F0010F07D1013015F4807F02BFF6
S315080402D0013015F4C03F0130F0BC0138704700BF47
S315080402E0034613F8012B002AFBD1181A0138704764
S315080402F081F0004102E000BF83F0004330B54FEAC5
S3150804030041044FEA430594EA050F08BF90EA020F31
S315080403101FBF54EA000C55EA020C7FEA645C7FEAC4
S31508040320655C00F0E2804FEA5454D4EB5555B8BFE7
S315080403306D420CDD2C4480EA020281EA030382EA58
S31508040340000083EA010180EA020281EA0303362DEA
S3150804035088BF30BD11F0004F4FEA01314FF4801CBD
S315080403604CEA113102D0404261EB410113F0004FCF
S315080403704FEA03334CEA133302D0524263EB430386
S3150804038094EA050F00F0A780A4F10104D5F1200E24
S315080403900DDB02FA0EFC22FA05F2801841F100017F
S315080403A003FA0EF2801843FA05F359410EE0A5F153
S315080403B020050EF1200E012A03FA0EFC28BF4CF084
S315080403C0020C43FA05F3C01851EBE37101F000453A
S315080403D007D54FF0000EDCF1000C7EEB00006EEB47
S315080403E00101B1F5801F1BD3B1F5001F0CD34908D1
S315080403F05FEA30004FEA3C0C04F101044FEA445228
S3150804040012F5800F80F09A80BCF1004F08BF5FEAAE
S31508040410500C50F1000041EB045141EA050130BD8E
S315080404205FEA4C0C404141EB0101013C28BFB1F5A0
S31508040430801FE9D291F0000F04BF01460020B1FAEB
S3150804044081F308BF2033A3F10B03B3F120020CDABE
S315080404500C3208DD02F1140CC2F10C0201FA0CF09C
S3150804046021FA02F10CE002F11402D8BFC2F1200C01
S3150804047001FA02F120FA0CFCDCBF41EA0C019040B7
S31508040480E41AA2BF01EB0451294330BD6FEA040400
S315080404901F3C1CDA0C340EDC04F11404C4F12002EB
S315080404A020FA04F001FA02F340EA030021FA04F3FD
S315080404B045EA030130BDC4F10C04C4F1200220FA54
S315080404C002F001FA04F340EA0300294630BD21FA92
S315080404D004F0294630BD94F0000F83F4801306BF58
S315080404E081F480110134013D4EE77FEA645C18BF4C
S315080404F07FEA655C29D094EA050F08BF90EA020FE3
S3150804050005D054EA000C04BF1946104630BD91EADA
S31508040510030F1EBF0021002030BD5FEA545C05D1DD
S315080405204000494128BF41F0004130BD14F580041C
S315080405303CBF01F5801130BD01F0004545F0FE4190
S3150804054041F470014FF0000030BD7FEA645C1ABFC5
S31508040550194610467FEA655C1CBF0B46024650EAFC
S31508040560013406BF52EA033591EA030F41F4002128
S3150804057030BD00BF90F0000F04BF0021704730B5AE
S315080405804FF4806404F132044FF000054FF0000183
S3150804059050E700BF90F0000F04BF0021704730B544
S315080405A04FF4806404F1320410F0004548BF404219
S315080405B04FF000013EE700BF42004FEAE2014FEA6E
S315080405C031014FEA02701FBF12F07F4393F07F4F49
S315080405D081F06051704732F07F4208BF704793F04C
S315080405E07F4F04BF41F40021704730B54FF460745F
S315080405F001F0004521F000411CE700BF50EA010262
S3150804060008BF704730B54FF000050AE050EA01020A
S3150804061008BF704730B511F0004502D5404261EB7A
S3150804062041014FF4806404F132045FEA915C3FF4BB
S31508040630D8AE4FF003025FEADC0C18BF03325FEA58
S31508040640DC0C18BF033202EBDC02C2F1200300FA09
S3150804065003FC20FA02F001FA03FE40EA0E0021FA2E
S3150804066002F11444BDE600BF70B54FF0FF0C4CF41C
S31508040670E06C1CEA11541DBF1CEA135594EA0C0FCE
S3150804068095EA0C0F00F0DEF82C4481EA030621EA09
S315080406904C5123EA4C5350EA013518BF52EA033544
S315080406A041F4801143F4801338D0A0FB02CE4FF0F6
S315080406B00005E1FB02E506F00042E0FB03E54FF026
S315080406C00006E1FB03569CF0000F18BF4EF0010E1E
S315080406D0A4F1FF04B6F5007F64F5407404D25FEA1A
S315080406E04E0E6D4146EB060642EAC62141EA5551CD
S315080406F04FEAC52040EA5E504FEACE2EB4F1FD0C0F
S3150804070088BFBCF5E06F1ED8BEF1004F08BF5FEA8C
S31508040710500E50F1000041EB045170BD06F000463E
S3150804072046EA010140EA020081EA0301B4EB5C04EB
S31508040730C2BFD4EB0C0541EA045170BD41F48011E3
S315080407404FF0000E013C00F3AB8014F1360FDEBF08
S31508040750002001F0004170BDC4F10004203C35DAE4
S315080407600C341BDC04F11404C4F1200500FA05F367
S3150804077020FA04F001FA05F240EA020001F0004208
S3150804078021F0004110EBD37021FA04F642EB06017E
S315080407905EEA430E08BF20EAD37070BDC4F10C04A8
S315080407A0C4F1200500FA04F320FA05F001FA04F26C
S315080407B040EA020001F0004110EBD37041F1000158
S315080407C05EEA430E08BF20EAD37070BDC4F1200563
S315080407D000FA05F24EEA020E20FA04F301FA05F2CB
S315080407E043EA020321FA04F001F0004121FA04F273
S315080407F020EA020000EBD3705EEA430E08BF20EA43
S31508040800D37070BD94F0000F0FD101F0004640007C
S3150804081041EB010111F4801F08BF013CF7D041EAFE
S31508040820060195F0000F18BF704703F00046520002
S3150804083043EB030313F4801F08BF013DF7D043EAD3
S315080408400603704794EA0C0F0CEA135518BF95EA89
S315080408500C0F0CD050EA410618BF52EA4306D1D110
S3150804086081EA030101F000414FF0000070BD50EA2F
S31508040870410606BF1046194652EA430619D094EAB9
S315080408800C0F02D150EA013613D195EA0C0F05D1A3
S3150804089052EA03361CBF104619460AD181EA0301F7
S315080408A001F0004141F0FE4141F470014FF00000AF
S315080408B070BD41F0FE4141F4780170BD70B54FF04A
S315080408C0FF0C4CF4E06C1CEA11541DBF1CEA1355CA
S315080408D094EA0C0F95EA0C0F00F0A7F8A4EB0504AC
S315080408E081EA030E52EA03354FEA013100F08880A3
S315080408F04FEA03334FF0805545EA131343EA12636C
S315080409004FEA022245EA111545EA10654FEA002620
S315080409100EF000419D4208BF964244F1FD0404F5D9
S31508040920407402D25B084FEA3202B61A65EB030535
S315080409305B084FEA32024FF480104FF4002CB6EBF2
S31508040940020E75EB030E22BFB61A754640EA0C0072
S315080409505B084FEA3202B6EB020E75EB030E22BFB2
S31508040960B61A754640EA5C005B084FEA3202B6EBF3
S31508040970020E75EB030E22BFB61A754640EA9C00B2
S315080409805B084FEA3202B6EB020E75EB030E22BF82
S31508040990B61A754640EADC0055EA060E18D04FEA40
S315080409A0051545EA16754FEA06164FEAC30343EAE0
S315080409B052734FEAC2025FEA1C1CC0D111F4801FAD
S315080409C00BD141EA00014FF000004FF0004CB6E7A6
S315080409D011F4801F04BF01430020B4F1FD0C88BF45
S315080409E0BCF5E06F3FF6AFAEB5EB030C04BFB6EB50
S315080409F0020C5FEA500C50F1000041EB045170BD43
S31508040A000EF0004E4EEA113114EB5C04C2BFD4EB6F
S31508040A100C0541EA045170BD41F480114FF0000EF3
S31508040A20013C90E645EA060E8DE60CEA135594EA6F
S31508040A300C0F08BF95EA0C0F3FF43BAF94EA0C0F72
S31508040A400AD150EA01347FF434AF95EA0C0F7FF4E7
S31508040A5025AF104619462CE795EA0C0F06D152EA3B
S31508040A6003353FF4FDAE1046194622E750EA41061F
S31508040A7018BF52EA43067FF4C5AE50EA41047FF430
S31508040A800DAF52EA43057FF4EBAE12E74FF0FF3C95
S31508040A9006E000BF4FF0010C02E000BF4FF0010C66
S31508040AA04DF804CD4FEA410C7FEA6C5C4FEA430CDF
S31508040AB018BF7FEA6C5C1BD001B050EA410C0CBF2E
S31508040AC052EA430C91EA030F02BF90EA020F002090
S31508040AD0704710F1000F91EA030F58BF994208BFF7
S31508040AE090422CBFD8176FEAE37040F001007047B4
S31508040AF04FEA410C7FEA6C5C02D150EA013C07D10B
S31508040B004FEA430C7FEA6C5CD6D152EA033CD3D055
S31508040B105DF8040B704700BF8446104662468C464F
S31508040B201946634600E000BF01B5FFF7B7FF002882
S31508040B3048BF10F1000F01BD4DF808EDFFF7F4FFAB
S31508040B400CBF012000205DF808FB00BF4DF808ED36
S31508040B50FFF7EAFF34BF012000205DF808FB00BF59
S31508040B604DF808EDFFF7E0FF94BF012000205DF87B
S31508040B7008FB00BF4DF808EDFFF7CEFF94BF012030
S31508040B8000205DF808FB00BF4DF808EDFFF7C4FF29
S31508040B9034BF012000205DF808FB00BF4FEA410C72
S31508040BA07FEA6C5C02D150EA013C0AD14FEA430C55
S31508040BB07FEA6C5C02D152EA033C02D14FF0000092
S31508040BC070474FF0010070474FEA410212F50012D0
S31508040BD015D211D56FF47873B3EB625212D94FEA72
S31508040BE0C12343F0004343EA505311F0004F23FA5C
S31508040BF002F018BF404270474FF00000704750EAB1
S31508040C00013005D111F0004008BF6FF0004070476D
S31508040C104FF00000704700BF4FEA4102B2F1E043CB
S31508040C2024BFB3F5001CDCF1FE5C0DD901F0004CC1
S31508040C304FEAC0024CEA5070B2F1004F40EB830011
S31508040C4008BF20F00100704711F0804F21D113F13D
S31508040C503872BCBF01F00040704741F480114FEA76
S31508040C605252C2F11802C2F1200C10FA0CF320FAFF
S31508040C7002F018BF40F001004FEAC1234FEAD3231C
S31508040C8003FA0CFC40EA0C0023FA02F34FEA430386
S31508040C90CCE77FEA625307D150EA01331EBF4FF00F
S31508040CA0FE4040F44000704701F0004040F0FE402A
S31508040CB040F40000704700BF7BB972B90029BEBF73
S31508040CC000204FF0004106E008BF00281CBF6FF063
S31508040CD000414FF0FF3000F0BBB9ADF1080C6DE9E7
S31508040CE004CE002909DB002B1ADB00F04DF8DDF8E9
S31508040CF004E0DDE9022304B07047404261EB410198
S31508040D00002B1BDB00F040F8DDF804E0DDE90223E4
S31508040D1004B0404261EB4101524263EB430370471E
S31508040D20524263EB430300F02FF8DDF804E0DDE9F3
S31508040D30022304B0404261EB41017047524263EB1F
S31508040D40430300F021F8DDF804E0DDE9022304B0EA
S31508040D50524263EB4303704753B94AB9002908BFA3
S31508040D6000281CBF4FF0FF314FF0FF3000F070B978
S31508040D70ADF1080C6DE904CE00F006F8DDF804E0E0
S31508040D80DDE9022304B070472DE9F047089E0D46B5
S31508040D9004460F46002B4AD18A42944665D9B2FACC
S31508040DA082F343B102FA03FCC3F120029F4020FAFE
S31508040DB002F217439C404FEA1C4E1FFA8CF5B7FB08
S31508040DC0FEF1220C0EFB117742EA074201FB05F0FD
S31508040DD090420AD91CEB020201F1FF3780F01C810C
S31508040DE0904240F2198102396244121AA4B2B2FB43
S31508040DF0FEF00EFB102244EA024400FB05F5A54268
S31508040E000AD91CEB040400F1FF3280F00781A542DD
S31508040E1040F204816444023840EA0140641B00211C
S31508040E201EB1DC400023C6E90043BDE8F0878B42C7
S31508040E3008D9002E00F0ED800021C6E90005084611
S31508040E40BDE8F087B3FA83F1002949D1AB4202D34E
S31508040E50824200F2F880841A65EB030201201746E1
S31508040E60002EE2D0C6E90047DFE702B9FFDEB2FA90
S31508040E7082F3002B40F090808A1A4FEA1C471FFA27
S31508040E808CFE0121B2FBF7F507FB1520220C42EA7A
S31508040E9000420EFB05F0904208D91CEB020205F14C
S31508040EA0FF3802D2904200F2CB804546121AA4B209
S31508040EB0B2FBF7F007FB102244EA02440EFB00FEDD
S31508040EC0A64508D91CEB040400F1FF3202D2A64554
S31508040ED000F2BB801046A4EB0E0440EA05409FE7E7
S31508040EE0C1F120078B4022FA07FC4CEA030C05FAE9
S31508040EF001F420FA07F3FD404FEA1C492343B5FBE6
S31508040F00F9F81FFA8CFE09FB18551C0C44EA05442B
S31508040F1008FB0EF5A54202FA01F200FA01F00BD914
S31508040F201CEB040408F1FF3A80F08880A54240F2DD
S31508040F308580A8F102086444641B9DB2B4FBF9F3E6
S31508040F4009FB134445EA044403FB0EFEA64508D9E7
S31508040F501CEB040403F1FF356CD2A6456AD9023B9F
S31508040F60644443EA0843A3FB0295A4EB0E04AC428B
S31508040F70C846AE4656D353D056B1B0EB080264EB16
S31508040F800E0404FA07F7CA40CC401743C6E90074AE
S31508040F9018460021BDE8F087C3F1200102FA03FCD4
S31508040FA020FA01F225FA01F19D402A434FEA1C472B
S31508040FB01FFA8CFEB1FBF7F007FB1015110C41EA7A
S31508040FC0054100FB0EF58D4204FA03F408D91CEB1F
S31508040FD0010100F1FF382FD28D422DD90238614420
S31508040FE0491B92B2B1FBF7F507FB151142EA014218
S31508040FF005FB0EF1914208D91CEB020205F1FF38F4
S3150804100016D2914214D9023D6244521A45EA004165
S3150804101038E73146304608E73946E6E61046FBE641
S315080410204845A9D2B9EB020865EB0C0E013BA3E7C8
S315080410304546EAE72B4694E74046D1E7D0467BE7A0
S31508041040023D624432E708460AE76444023842E746
S31508041050704700BF80B58CB000AF07F124030022A7
S315080410601A605A609A603B1D20220021184628F00F
S3150804107007FA5D4B4FF0A0421A605B4B4FF44032BF
S315080410805A60594B00229A60574B0022DA60564B35
S3150804109000221A61544B01225A61534B08229A6161
S315080410A0514B00221A77504B01225A774E4B06228F
S315080410B01A624D4B002283F824204B4B0022DA6235
S315080410C0494B00221A63484B002283F83820464BC2
S315080410D04FF48052DA63444B002283F84020424896
S315080410E002F092FC0346002B01D000F099FF00237E
S315080410F07B6207F1240319463B4803F0B1FD034616
S31508041100002B01D000F08CFF384B7B600623BB60B4
S315080411100623FB607F233B6104237B610023BB61B9
S315080411203B1D1946304802F01DFF0346002B01D02B
S3150804113000F076FF2E4B7B600C23BB603B1D1946E3
S31508041140294802F00FFF0346002B01D000F068FF80
S31508041150284B7B601223BB600423FB603B1D1946A6
S31508041160214802F0FFFE0346002B01D000F058FF89
S31508041170214B7B601823BB603B1D19461A4802F0B5
S31508041180F1FE0346002B01D000F04AFF1B4B7B609F
S315080411904FF48073BB603B1D1946134802F0E2FE08
S315080411A00346002B01D000F03BFF154B7B604FF440
S315080411B08373BB600623FB603B1D19460A4802F08D
S315080411C0D1FE0346002B01D000F02AFF7F210648F2
S315080411D003F0E4FC0346002B01D000F021FF00BF16
S315080411E03037BD4680BD00BFD84100200200300418
S315080411F004006008000180218000501D4000201969
S315080412000010603280B588B000AF3B46202200212A
S31508041210184628F035F9604B604A1A605E4B4FF45D
S3150804122040325A605C4B00229A605B4B0022DA60BB
S31508041230594B00221A61584B01225A61564B08220F
S315080412409A61554B00221A77534B01225A77524B0F
S3150804125006221A62504B002283F824204E4B0022A1
S31508041260DA624D4B00221A634B4B002283F838206E
S31508041270494B4FF48052DA63474B012283F84020E6
S31508041280454B0C225A64444B80229A64424B0022F2
S31508041290DA64414B01221A653F4802F0B5FB03465E
S315080412A0002B01D000F0BCFE3D4B3B6006237B605F
S315080412B00623BB607F23FB6004233B6164237B61B5
S315080412C04FF08073BB613B461946334802F04AFE29
S315080412D00346002B01D000F0A3FE324B3B600C23DF
S315080412E07B6032237B613B4619462B4802F03AFE63
S315080412F00346002B01D000F093FE2B4B3B601223D0
S315080413007B600423BB6000237B613B461946224865
S3150804131002F028FE0346002B01D000F081FE234B81
S315080413203B6018237B603B4619461B4802F01AFEAD
S315080413300346002B01D000F073FE1D4B3B604FF4AF
S3150804134080737B600623BB603B461946124802F04D
S3150804135009FE0346002B01D000F062FE154B3B60E4
S315080413604FF483737B600423BB603B4619460A48E3
S3150804137002F0F8FD0346002B01D000F051FE7F2150
S31508041380054803F00BFC0346002B01D000F048FE89
S3150804139000BF2037BD4680BD4442002000010050EE
S315080413A00040C03A0800900C0080F03E1000C010BF
S315080413B00008302E0010603280B5A6B000AF786001
S315080413C007F1840300221A605A609A60DA601A6187
S315080413D007F1300354220021184628F051F87B6897
S315080413E01B68B3F1A04F40F0BF804FF400433B6342
S315080413F04FF000537B6707F13003184606F032FABC
S315080414000346002B01D000F00BFEAE4B1B680133DC
S31508041410AC4A1360AB4B1B68012B0BD1AA4BDB6C94
S31508041420A94A43F40053D364A74BDB6C03F4005373
S31508041430FB62FB6AA44BDB6CA34A43F02003D36428
S31508041440A14BDB6C03F02003BB62BB6A9E4BDB6CCF
S315080414509D4A43F00403D3649B4BDB6C03F00403FB
S315080414607B627B6A984BDB6C974A43F00103D3642F
S31508041470954BDB6C03F001033B623B6A924BDB6CD6
S31508041480914A43F00203D3648F4BDB6C03F00203E7
S31508041490FB61FB690123C7F884300323C7F8883046
S315080414A00023C7F88C3007F184031946874804F0EB
S315080414B0C5FB0723C7F884300323C7F888300023FD
S315080414C0C7F88C3007F184031946814804F0B6FB43
S315080414D00123C7F884300323C7F888300023C7F8E4
S315080414E08C3007F1840319464FF0904004F0A6FBAC
S315080414F00223C7F884300323C7F888300023C7F8C3
S315080415008C3007F184031946724804F097FB724B32
S31508041510724A1A60704B05225A606F4B00229A6011
S315080415206D4B0022DA606C4B80221A616A4B4FF4C9
S3150804153080725A61684B4FF480629A61664B002246
S31508041540DA61654B4FF400521A62634804F038F8BE
S315080415500346002B01D000F063FD7B685E4A5A659A
S315080415605D4A7B689362A9E07B681B685C4A934280
S3150804157040F0A4804FF400433B634FF000537B676D
S3150804158007F13003184606F06DF90346002B01D01F
S3150804159000F046FD4B4B1B6801334A4A1360494B1E
S315080415A01B68012B0BD1484BDB6C474A43F40053A9
S315080415B0D364454BDB6C03F40053BB61BB69424BF4
S315080415C0DB6C414A43F00103D3643F4BDB6C03F005
S315080415D001037B617B693C4BDB6C3B4A43F00403A8
S315080415E0D364394BDB6C03F004033B613B69364B2C
S315080415F0DB6C354A43F00203D364334BDB6C03F0EC
S315080416000203FB60FB68C023C7F884300323C7F8CA
S3150804161088300023C7F88C3007F1840319464FF045
S31508041620904004F00BFB2023C7F884300323C7F843
S3150804163088300023C7F88C3007F1840319462448F8
S3150804164004F0FCFA48F60403C7F884300323C7F801
S3150804165088300023C7F88C3007F1840319461D48DF
S3150804166004F0ECFA1F4B204A1A601E4B24225A60D7
S315080416701C4B00229A601B4B0022DA60194B80220D
S315080416801A61184B4FF480725A61164B4FF48062F4
S315080416909A61144B0022DA61124B4FF480521A6293
S315080416A0104803F08DFF0346002B01D000F0B8FC68
S315080416B07B680C4A5A650B4A7B68936200BF983765
S315080416C0BD4680BD70430020001002400014004847
S315080416D00008004800040048B04200200800024000
S315080416E000010050104300204400024080B58CB02D
S315080416F000AF3B4630220021184627F0C1FE1B4B9B
S315080417001B4A1A60194803F0C2FC0346002B01D091
S3150804171000F086FC02233B6000233B7100237B71A7
S315080417200023BB600023FB6000233B6102237B612B
S315080417300123BB610023FB613B46002219460B4883
S3150804174003F084FD0346002B01D000F069FC3B46F8
S3150804175010221946054803F079FD0346002B01D0EB
S3150804176000F05EFC00BF3037BD4680BD74430020E0
S315080417700008005080B58AB000AF786007F11403FA
S3150804178000221A605A609A60DA601A617B681B68DC
S31508041790154A934224D1154BDB6C144A43F480331F
S315080417A0D364124BDB6C03F480333B613B690F4B08
S315080417B0DB6C0E4A43F00103D3640C4BDB6C03F079
S315080417C00103FB60FB6830237B610323BB610023B1
S315080417D0FB6107F1140319464FF0904004F02EFA02
S315080417E000BF2837BD4680BD0008005000100240DF
S315080417F080B584B000AF384B9B6C374A43F004037A
S315080418009364354B9B6C03F00403FB60FB68324B13
S315080418109B6C314A43F0010393642F4B9B6C03F092
S315080418200103BB60BB682C4B9B6C2B4A43F0020339
S315080418309364294B9B6C03F002037B607B6800224C
S3150804184001210B2003F0EFFB0B2003F006FC00221A
S3150804185000210C2003F0E7FB0C2003F0FEFB00221A
S3150804186000210D2003F0DFFB0D2003F0F6FB002218
S3150804187000210E2003F0D7FB0E2003F0EEFB002216
S3150804188000210F2003F0CFFB0F2003F0E6FB002214
S315080418900021102003F0C7FB102003F0DEFB002212
S315080418A00021112003F0BFFB112003F0D6FB002210
S315080418B00021382003F0B7FB382003F0CEFB0022C2
S315080418C00021602003F0AFFB602003F0C6FB00BFD5
S315080418D01037BD4680BD00BF0010024080B58CB0ED
S315080418E000AF07F11C0300221A605A609A60DA6096
S315080418F01A61864BDB6C854A43F00403D364834B35
S31508041900DB6C03F00403BB61BB69804BDB6C7F4A69
S3150804191043F02003D3647D4BDB6C03F020037B6127
S315080419207B697A4BDB6C794A43F00103D364774BC2
S31508041930DB6C03F001033B613B69744BDB6C734A54
S3150804194043F00203D364714BDB6C03F00203FB60C0
S31508041950FB686E4BDB6C6D4A43F01003D3646B4B28
S31508041960DB6C03F01003BB60BB68684BDB6C674A2F
S3150804197043F00803D364654BDB6C03F008037B6010
S315080419807B6800220221624804F0F2FA00224FF42E
S315080419900141604804F0ECFA002241F210415E4825
S315080419A004F0E6FA002240F206715C4804F0E0FA14
S315080419B000224FF410615A4804F0DAFA01224FF46F
S315080419C00071574804F0D4FA0223FB6101233B62F1
S315080419D000237B620023BB6207F11C0319464C48AB
S315080419E004F02CF90823FB614FF444133B620123EA
S315080419F07B6207F11C031946494804F01FF9802342
S31508041A00FB6100233B6200237B6207F11C03194632
S31508041A10404804F013F94FF48073FB6101233B62D9
S31508041A2000237B620023BB6207F11C03194639486D
S31508041A3004F004F94FF40043FB6101233B620023DD
S31508041A407B620323BB6207F11C031946314804F081
S31508041A50F5F841F21043FB6101233B6200237B62E4
S31508041A600023BB6207F11C0319462B4804F0E6F869
S31508041A7040F20273FB6101233B6200237B6200236D
S31508041A80BB6207F11C031946244804F0D7F84FF43F
S31508041A903063FB6101233B6200237B620023BB6244
S31508041AA007F11C0319461E4804F0C8F80423FB6111
S31508041AB001233B6200237B620323BB6207F11C03F9
S31508041AC01946164804F0BAF84FF40073FB614FF44C
S31508041AD044133B6200237B6207F11C0319460E4834
S31508041AE004F0ACF800220121092003F09CFA09202D
S31508041AF003F0B3FA00220121172003F094FA172001
S31508041B0003F0ABFA00BF3037BD4680BD0010024073
S31508041B10001400480010004800040048000C00485F
S31508041B200008004880B500AF1B4B1C4A1A601A4BC4
S31508041B301B4A5A60184B00229A60174B0122DA6036
S31508041B40154B00221A61144B00225A61124B0022CB
S31508041B509A61114B0022DA610F4B00221A620E4871
S31508041B6004F036FA0346002B01D000F059FA002196
S31508041B70094804F07DFF0346002B01D000F050FA13
S31508041B800021054804F0BFFF0346002B01D000F0EE
S31508041B9047FA00BF80BD00BF884300200078004094
S31508041BA0F2A6E11080B500AF1B4B1C4A1A601A4B0B
S31508041BB01B4A5A60184B00229A60174B0122DA60B6
S31508041BC0154B00221A61144B00225A61124B00224B
S31508041BD09A61114B0022DA610F4B00221A620E48F1
S31508041BE004F0F6F90346002B01D000F019FA002197
S31508041BF0094804F03DFF0346002B01D000F010FA13
S31508041C000021054804F07FFF0346002B01D000F0AD
S31508041C1007FA00BF80BD00BFDC43002000840040F3
S31508041C20F2A6E11080B5A2B000AF786007F174039C
S31508041C3000221A605A609A60DA601A6107F1200372
S31508041C4054220021184627F01BFC7B681B685E4A51
S31508041C50934259D14FF480733B6200237B6407F1A6
S31508041C602003184605F0FEFD0346002B01D000F0BC
S31508041C70D7F9564BDB6C554A43F00103D364534BEF
S31508041C80DB6C03F00103FB61FB69504BDB6C4F4AC9
S31508041C9043F00203D3644D4BDB6C03F00203BB61D0
S31508041CA0BB694FF480737B671223BB670023FB670A
S31508041CB00023C7F880300223C7F8843007F1740379
S31508041CC019464FF0904003F0B9FF20237B6712238F
S31508041CD0BB670023FB670023C7F880300823C7F8CF
S31508041CE0843007F174031946394803F0A7FF374BC4
S31508041CF09B6D364A43F080439365344B9B6D03F0E2
S31508041D0080437B617B695BE07B681B68314A93424D
S31508041D1056D14FF400333B620023BB6407F120031A
S31508041D20184605F09FFD0346002B01D000F078F90C
S31508041D30264BDB6C254A43F00403D364234BDB6C44
S31508041D4003F004033B613B69204BDB6C1F4A43F0F9
S31508041D500203D3641D4BDB6C03F00203FB60FB68D0
S31508041D6040237B671223BB670023FB670023C7F85E
S31508041D7080300823C7F8843007F1740319461648D7
S31508041D8003F05CFF80237B671223BB670023FB6792
S31508041D900023C7F880300323C7F8843007F1740397
S31508041DA019460B4803F04AFF084BDB6D074A43F014
S31508041DB00203D365054BDB6D03F00203BB60BB6806
S31508041DC000BF8837BD4680BD007800400010024039
S31508041DD000040048008400400008004880B586B026
S31508041DE000AF01F016FB00F097F8FFF777FDFFF751
S31508041DF0FFFCFFF72FF9FFF705FAFFF777FCFFF764
S31508041E0091FEFFF7CFFE00F0E9F900F025FA0BF092
S31508041E10C7F80346002B01D000F002F901F02AF9AD
S31508041E2000F0E4FC01F0D6F800F018FE00F018F90A
S31508041E3000F09CFD0A2001F05DFB00224FF480713E
S31508041E402B4804F095F824F0A1FC0A2001F052FB73
S31508041E5025F05CFB25F0B8FF264815F05BF90BF076
S31508041E6029FEC82001F046FB1EF00EF80A2001F0F0
S31508041E7041FB00237B607B6901337B611EF060FBB9
S31508041E8000237B61BB680133BB601B480BF01AFE59
S31508041E901A4821F0B7F80023BB603B6901333B615C
S31508041EA0174815F0A3FF00233B61FB680133FB6069
S31508041EB0144824F073FB144824F070FB0023FB60D9
S31508041EC07A68531C7B60114B83FB0231D317C91AFA
S31508041ED00B465B000B44D11A0029CCD10C4820F0E0
S31508041EE057FE0C4820F054FE00237B60C3E700BF6E
S31508041EF0000C00481C4C00202C00002084AB002059
S31508041F00344C00201C290020202B002056555555FA
S31508041F10404C0020CC50002080B59AB000AF07F1A1
S31508041F20300338220021184627F0AAFA07F11C03C1
S31508041F3000221A605A609A60DA601A613B1D002210
S31508041F401A605A609A60DA601A615A61002004F0CD
S31508041F50A7FE04F025FE314BD3F890302F4A23F020
S31508041F601803C2F8903006233B630123BB634FF47E
S31508041F708073FB6340233B640223FB6402233B65B3
S31508041F8004237B655523BB650223FB6502233B6655
S31508041F9002237B6607F13003184604F035FF03462F
S31508041FA0002B01D000F03CF80F23FB6103233B62AE
S31508041FB000237B624FF48063BB624FF48063FB6249
S31508041FC007F11C030421184605F030FA0346002BD2
S31508041FD001D000F025F8114B9B6D104A43F4807329
S31508041FE093650E4B9B6D03F480733B603B6800233B
S31508041FF07B604FF08053BB600023FB6040F2B7530D
S315080420003B6122237B612023BB613B1D184605F0F7
S3150804201077FE00BF6837BD4680BD00BF001002408A
S3150804202080B500AF102026F0A1FA0346002B0BD08A
S3150804203026F032FA0649074826F0F6F9064826F045
S31508042040F3F9064826F0F0F972B600BFFEE700BFBA
S31508042050E0D50608E8D50608F0D506081CD606080D
S3150804206080B586B000AF3B1D00221A605A609A609C
S31508042070DA601A6100233B60374B384A1A60364BDC
S3150804208000225A60344B7F229A60334BFF22DA606F
S31508042090314B00221A61304B00225A612E4B002222
S315080420A09A612D4B4FF08042DA612B4B00221A625B
S315080420B0294805F067FE0346002B01D0FFF7B0FF59
S315080420C0274BD3F8943003F00063002B06D1244B36
S315080420D0D3F8943003F08063002B08D001211E48FE
S315080420E006F08EF9034641F23522934230D0002396
S315080420F03B7100237B710023BB710023BB60002363
S315080421003B6100237B613B1D01221946124805F0F9
S31508042110B8FE0346002B01D0FFF782FF01233B706C
S3150804212001237B700123BB700023FB703B4601220D
S315080421301946094805F09EFF0346002B01D0FFF710
S315080421406FFF41F235220121034806F041F900E008
S3150804215000BF1837BD4680BD304400200028004023
S315080421600010024080B598B000AF786007F10C0300
S3150804217054220021184627F083F97B681B68154A00
S31508042180934223D14FF40023FB604FF48073FB651D
S3150804219007F10C03184605F065FB0346002B01D02E
S315080421A0FFF73EFF0C4BD3F890300B4A43F4004339
S315080421B0C2F89030084B9B6D074A43F480639365D5
S315080421C0054B9B6D03F48063BB60BB6800BF603737
S315080421D0BD4680BD002800400010024080B500AF0F
S315080421E01B4B1C4A1A601A4B4FF482725A60184BDE
S315080421F000229A60164B4FF4E062DA60144B02220E
S315080422001A61134B01225A61114B4FF400729A61F9
S315080422100F4B0022DA610E4B00221A620C4B002285
S315080422205A620B4B00229A62094B0722DA62084B60
S3150804223000221A63064B00225A63054806F0F6F88C
S315080422400346002B01D0FFF7EBFE00BF80BD00BF9D
S31508042250584400200038004080B500AF1B4B1C4A88
S315080422601A601A4B4FF482725A60184B00229A600D
S31508042270164B4FF4E062DA60144B00221A61134BD2
S3150804228000225A61114B4FF480229A610F4B102297
S31508042290DA610E4B00221A620C4B00225A620B4B6F
S315080422A000229A62094B0722DA62084B00221A6353
S315080422B0064B08225A63054806F0B8F80346002B6D
S315080422C001D0FFF7ADFE00BF80BD00BFBC440020AF
S315080422D0003C014080B58CB000AF786007F11C0360
S315080422E000221A605A609A60DA601A617B681B6871
S315080422F04F4A934258D14F4B9B6D4E4A43F4804301
S3150804230093654C4B9B6D03F48043BB61BB69494B96
S31508042310DB6C484A43F00203D364464BDB6C03F098
S3150804232002037B617B69434BDB6C424A43F001033E
S31508042330D364404BDB6C03F001033B613B694FF408
S315080423400053FB6102233B6200237B620323BB62C7
S315080423500523FB6207F11C031946374803F06EFC94
S315080423604FF48043FB6102233B6200237B62002314
S31508042370BB620523FB6207F11C0319462E4803F0CA
S315080423805DFC4FF40063FB6102233B6200237B621E
S315080423900323BB620523FB6207F11C0319464FF0AE
S315080423A0904003F04BFC3EE07B681B68234A93424B
S315080423B039D1204B1B6E1F4A43F4004313661D4B49
S315080423C01B6E03F40043FB60FB681A4BDB6C194A6B
S315080423D043F01003D364174BDB6C03F01003BB60A4
S315080423E0BB684FF40063FB6102233B6200237B62F4
S315080423F00223BB620523FB6207F11C031946104836
S3150804240003F01CFC4FF4E043FB6102233B62002308
S315080424107B620323BB620523FB6207F11C0319468F
S31508042420074803F00BFC00BF3037BD4680BD00BF2C
S31508042430003800400010024000040048003C0140F7
S315080424400010004880B584B000AF07F108030022E5
S315080424501A605A60164B1B6E154A43F0010313663D
S31508042460134B1B6E03F001037B607B68104B9B6D5B
S315080424700F4A43F0805393650D4B9B6D03F08053CD
S315080424803B603B680C23BB600023FB6007F1080331
S31508042490184604F095FB04F0F3FB022001F04CF80F
S315080424A001F05EF804F0A0FC00BF1037BD4680BDFD
S315080424B00010024080B400AFFEE780B400AFFEE728
S315080424C080B400AFFEE780B400AFFEE780B400AF87
S315080424D0FEE780B400AF00BFBD465DF8047B7047D5
S315080424E080B400AF00BFBD465DF8047B704780B476
S315080424F000AF00BFBD465DF8047B704780B500AFEA
S3150804250000F0DAFF00BF80BD80B500AF082003F0F5
S3150804251047FD00BF80BD000080B500AF024803F048
S3150804252032FA00BF80BD00BFB042002080B500AFBC
S31508042530024803F028FA00BF80BD00BFCC4600203D
S3150804254080B500AF024803F01EFA00BF80BD00BF85
S315080425500C46002080B500AF024803F014FA00BF09
S3150804256080BD00BF1043002080B500AF024803F0C9
S315080425700AFA00BF80BD00BF2C47002080B500AF13
S31508042580024803F000FA00BF80BD00BF6C46002075
S3150804259080B500AF024803F0F6F900BF80BD00BF5E
S315080425A0B448002080B500AF4FF4007003F0F8FC7F
S315080425B000BF80BD80B500AF024807F06BFA00BFC4
S315080425C080BD00BF2845002080B500AF094809F042
S315080425D04BF8084B1B68DB6903F01003102B06D174
S315080425E0044B1B6810221A6202481DF033FE00BF12
S315080425F080BD00BF8C47002080B500AF024809F0B3
S3150804260033F800BF80BD00BF2048002080B500AF66
S31508042610024803F0B8F900BF80BD00BF1449002082
S3150804262080B500AF024803F0AEF900BF80BD00BF15
S315080426307449002080B400AF01231846BD465DF8EE
S31508042640047B704780B582B000AF7860396027F0A4
S31508042650D3FF034616221A604FF0FF33184608378D
S31508042660BD4680BD80B582B000AF78604FF0FF31BB
S315080426707868FFF7E7FFFEE780B586B000AFF86035
S31508042680B9607A6000237B610AE0AFF300800146F3
S31508042690BB685A1CBA60CAB21A707B6901337B617B
S315080426A07A697B689A42F0DB7B6818461837BD4618
S315080426B080BD80B586B000AFF860B9607A60002343
S315080426C07B6109E0BB685A1CBA601B781846AFF3ED
S315080426D000807B6901337B617A697B689A42F1DB06
S315080426E07B6818461837BD4680BD80B483B000AFF2
S315080426F078604FF0FF3318460C37BD465DF8047B07
S31508042700704780B483B000AF786039603B684FF493
S3150804271000525A60002318460C37BD465DF8047B00
S31508042720704780B483B000AF7860012318460C372D
S31508042730BD465DF8047B704780B485B000AFF86089
S31508042740B9607A60002318461437BD465DF8047BE1
S315080427507047000080B586B000AF7860144A154B00
S31508042760D31A7B617B693B61134B1B68002B02D12F
S31508042770114B124A1A60104B1A687B6813443A695B
S315080427809A4207D227F038FF03460C221A604FF004
S31508042790FF3309E0084B1B68FB60074B1A687B6824
S315080427A01344054A1360FB6818461837BD4680BDAE
S315080427B000000220000400002445002028B600205A
S315080427C080B400AF074BD3F88830064A43F4700345
S315080427D0C2F88830034B044A9A6000BFBD465DF8C8
S315080427E0047B704700ED00E00000040880B59CB047
S315080427F000AF07F1600300221A605A609A60DA6033
S3150804280007F1540300221A605A609A6007F13803E4
S3150804281000221A605A609A60DA601A615A619A61EB
S315080428203B1D34220021184626F02AFE4D4B4E4AFB
S315080428301A604C4B00225A604A4B20229A60494B34
S3150804284040F2FF12DA60474B4FF400721A61454BA7
S3150804285020225A61434B00229A61424806F08AFBB9
S315080428600346002B01D0FFF7DBFB4FF480533B668E
S3150804287007F1600319463B4807F070FB0346002B33
S3150804288001D0FFF7CDFB374806F0CBFB0346002BF8
S3150804289001D0FFF7C5FB00237B650023BB65002336
S315080428A0FB6507F1540319462E4808F045FB034611
S315080428B0002B01D0FFF7B4FB6023BB632023FB6323
S315080428C000233B6400237B640423BB640023FB646A
S315080428D000233B6507F1380300221946214807F00F
S315080428E029FA0346002B01D0FFF79AFB07F13803B0
S315080428F0042219461B4807F01DFA0346002B01D08B
S31508042900FFF78EFB174808F041FC00237B60002381
S31508042910BB600023FB6006233B6100237B614FF405
S315080429200053BB610023FB6100233B6200237B62E7
S315080429304FF00073BB620023FB6200233B63002352
S315080429407B633B1D1946074808F08CFB0346002B9E
S3150804295001D0FFF765FB034800F04EFA00BF703755
S31508042960BD4680BD28450020002C014080B58EB0A8
S3150804297000AF07F1280300221A605A609A60DA60E9
S3150804298007F11C0300221A605A609A603B4600222B
S315080429901A605A609A60DA601A615A619A612D4B14
S315080429A02D4A1A602B4BA0225A602A4B00229A60A1
S315080429B0284B4FF47A72DA60264B00221A61254BAB
S315080429C080229A61234806F0D5FA0346002B01D0E3
S315080429D0FFF726FB4FF48053BB6207F12803194619
S315080429E01C4807F0BBFA0346002B01D0FFF718FB77
S315080429F0184806F016FB0346002B01D0FFF710FB18
S31508042A000023FB6100237B6207F11C031946114866
S31508042A1008F092FA0346002B01D0FFF701FB602366
S31508042A203B6000237B600023BB6000233B613B467D
S31508042A3004221946074807F07DF90346002B01D0FE
S31508042A40FFF7EEFA034800F0D7F900BF3837BD465A
S31508042A5080BD00BF74450020000C004080B59CB0C2
S31508042A6000AF07F1600300221A605A609A60DA60C0
S31508042A7007F1540300221A605A609A6007F1380372
S31508042A8000221A605A609A60DA601A615A619A6179
S31508042A903B1D34220021184626F0F2FC4D4B4E4AC3
S31508042AA01A604C4B00225A604A4B20229A60494BC2
S31508042AB040F2FF12DA60474B4FF400721A61454B35
S31508042AC020225A61434B00229A61424806F052FA80
S31508042AD00346002B01D0FFF7A3FA4FF480533B6655
S31508042AE007F1600319463B4807F038FA0346002BFA
S31508042AF001D0FFF795FA374806F093FA0346002BF8
S31508042B0001D0FFF78DFA00237B650023BB650023FC
S31508042B10FB6507F1540319462E4808F00DFA0346D7
S31508042B20002B01D0FFF77CFA6023BB632023FB63E9
S31508042B3000233B6400237B640423BB640023FB64F7
S31508042B4000233B6507F1380300221946214807F09C
S31508042B50F1F80346002B01D0FFF762FA07F13803B0
S31508042B60042219461B4807F0E5F80346002B01D052
S31508042B70FFF756FA174808F009FB00237B60002381
S31508042B80BB600023FB6006233B6100237B614FF493
S31508042B900053BB610023FB6100233B6200237B6275
S31508042BA04FF00073BB620023FB6200233B630023E0
S31508042BB07B633B1D1946074808F054FA0346002B65
S31508042BC001D0FFF72DFA034800F016F900BF703755
S31508042BD0BD4680BDC04500200034014080B586B09E
S31508042BE000AF78607B681B68774A93426CD1774B51
S31508042BF01B6E764A43F400631366744B1B6E03F428
S31508042C0000637B617B69724B724A1A60704B2A2295
S31508042C105A606F4B10229A606D4B0022DA606C4B37
S31508042C2080221A616A4B4FF400725A61684B4FF45A
S31508042C3000629A61664B2022DA61654B4FF40052B2
S31508042C401A62634802F0BCFC0346002B01D0FFF766
S31508042C50E7F97B685E4A5A625D4A7B6893625E4B13
S31508042C605E4A1A605C4B2B225A605B4B10229A60B0
S31508042C70594B0022DA60584B80221A61564B4FF49E
S31508042C8000725A61544B4FF400629A61524B2022E7
S31508042C90DA61514B4FF400521A624F4802F090FC25
S31508042CA00346002B01D0FFF7BBF97B684A4A9A62B0
S31508042CB0494A7B68936200220021192002F0B3F97D
S31508042CC0192002F0CAF97AE07B681B68444A9342E1
S31508042CD00CD13E4B9B6D3D4A43F0080393653B4B31
S31508042CE09B6D03F008033B613B6968E07B681B68DE
S31508042CF03C4A934263D1354B1B6E344A43F4005322
S31508042D001366324B1B6E03F40053FB60FB68364BA9
S31508042D10364A1A60344B31225A60334B10229A6071
S31508042D20314B0022DA60304B80221A612E4B4FF465
S31508042D3000725A612C4B4FF400629A612A4B202286
S31508042D40DA61294B4FF400521A62274802F038FC1C
S31508042D500346002B01D0FFF763F97B68224A5A62BF
S31508042D60214A7B689362224B224A1A60204B3222FC
S31508042D705A601F4B10229A601D4B0022DA601C4BC6
S31508042D8080221A611A4B4FF400725A61184B4FF499
S31508042D9000629A61164B2022DA61154B4FF40052F1
S31508042DA01A62134802F00CFC0346002B01D0FFF705
S31508042DB037F97B680E4A9A620D4A7B68936200BFAC
S31508042DC01837BD4680BD00BF002C014000100240E4
S31508042DD00C460020300002406C4600206C0002407D
S31508042DE0000C004000340140CC4600201C00024080
S31508042DF02C4700205800024080B58EB000AF78609A
S31508042E0007F1240300221A605A609A60DA601A618C
S31508042E107B681B68684A934258D1684BDB6C674ADF
S31508042E2043F00403D364654BDB6C03F004033B6291
S31508042E303B6A624BDB6C614A43F01003D3645F4B15
S31508042E40DB6C03F01003FB61FB695C4BDB6C5B4AD0
S31508042E5043F00103D364594BDB6C03F00103BB61F4
S31508042E60BB694FF400537B620223BB620023FB62F7
S31508042E7000233B6304237B6307F124031946504864
S31508042E8002F0DCFE4FF4C0637B620223BB620023BC
S31508042E90FB6200233B6302237B6307F12403194681
S31508042EA0484802F0CBFE4FF400737B620223BB62F0
S31508042EB00023FB6200233B6306237B6307F1240399
S31508042EC019464FF0904002F0B9FE70E07B681B6823
S31508042ED03D4A93421DD1394BDB6C384A43F004030F
S31508042EE0D364364BDB6C03F004037B617B694FF4D4
S31508042EF080537B620223BB620023FB6200233B638D
S31508042F0001237B6307F1240319462D4802F096FE34
S31508042F104DE07B681B682D4A934248D1274BDB6CEE
S31508042F20264A43F00203D364244BDB6C03F0020302
S31508042F303B613B69214BDB6C204A43F00403D364B1
S31508042F401E4BDB6C03F00403FB60FB6801237B6206
S31508042F500223BB620023FB6200233B6304237B63D7
S31508042F6007F1240319461A4802F068FE4FF49063E1
S31508042F707B620223BB620023FB6200233B630423B8
S31508042F807B6307F1240319460D4802F057FE4023D4
S31508042F907B620223BB620023FB6200233B63052397
S31508042FA07B6307F124031946094802F047FE00BF6C
S31508042FB03837BD4680BD00BF002C014000100240D2
S31508042FC00008004800100048000C00400034014086
S31508042FD00004004880B500AF244B254A1A60234BE9
S31508042FE04FF4E1325A60214B00229A601F4B0022AB
S31508042FF0DA601E4B00221A611C4B0C225A611B4BC9
S3150804300000229A61194B0022DA61184B00221A62CF
S31508043010164B00225A62154B00229A62002300229C
S315080430200021124809F032FE0346002B01D0FEF7B0
S31508043030F7FF00210D4809F0E9FE0346002B01D0ED
S31508043040FEF7EEFF0021094809F01EFF0346002B90
S3150804305001D0FEF7E5FF054809F09FFE0346002B5D
S3150804306001D0FEF7DDFF00BF80BD00BF8C470020FE
S315080430700038014080B500AF244B254A1A60234B1B
S315080430804FF4E1325A60214B00229A601F4B00220A
S31508043090DA601E4B00221A611C4B0C225A611B4B28
S315080430A000229A61194B0022DA61184B00221A622F
S315080430B0164B00225A62154B00229A6200230022FC
S315080430C00021124809F0E2FD0346002B01D0FEF761
S315080430D0A7FF00210D4809F099FE0346002B01D0ED
S315080430E0FEF79EFF0021094809F0CEFE0346002B91
S315080430F001D0FEF795FF054809F04FFE0346002B5D
S3150804310001D0FEF78DFF00BF80BD00BF2048002018
S315080431100044004080B5A2B000AF786007F174039C
S3150804312000221A605A609A60DA601A6107F120036D
S3150804313054220021184626F0A3F97B681B68964A90
S31508043140934240F0B58001233B6201237B6207F179
S315080431502003184604F086FB0346002B01D0FEF72D
S315080431605FFF8E4B1B6E8D4A43F4804313668B4B6D
S315080431701B6E03F48043FB61FB69884BDB6C874A4F
S3150804318043F00403D364854BDB6C03F00403BB618F
S31508043190BB69824BDB6C814A43F00103D3647F4BE2
S315080431A0DB6C03F001037B617B6910237B670223D5
S315080431B0BB670023FB670023C7F880300723C7F8DB
S315080431C0843007F174031946754802F037FD4FF445
S315080431D0A0537B670223BB670023FB670023C7F85A
S315080431E080300723C7F8843007F1740319464FF073
S315080431F0904002F023FD6B4B6B4A1A60694B182208
S315080432005A60684B00229A60664B0022DA60654B66
S3150804321080221A61634B00225A61624B00229A612A
S31508043220604B2022DA615F4B4FF440521A625D48C4
S3150804323002F0C6F90346002B01D0FEF7F1FE7B68BF
S31508043240584AC3F88020574A7B689362574B584AB2
S315080432501A60564B19225A60544B10229A60534BE3
S315080432600022DA60514B80221A61504B00225A61BF
S315080432704E4B00229A614D4B0022DA614B4B0022D9
S315080432801A624A4802F09CF90346002B01D0FEF75D
S31508043290C7FE7B68454ADA67444A7B68936200221C
S315080432A00021252001F0BFFE252001F0D6FE6FE09F
S315080432B07B681B683F4A93426AD102233B62002318
S315080432C0BB6207F12003184604F0CCFA0346002B28
S315080432D001D0FEF7A5FE314B9B6D304A43F400330B
S315080432E093652E4B9B6D03F400333B613B692B4B73
S315080432F0DB6C2A4A43F00103D364284BDB6C03F0E6
S315080433000103FB60FB680E237B670223BB6700236C
S31508043310FB670023C7F880300723C7F8843007F112
S31508043320740319464FF0904002F088FC224B234A56
S315080433301A60214B1B225A601F4B10229A601E4B9F
S315080433400022DA601C4B80221A611B4B00225A6148
S31508043350194B00229A61184B0022DA61164B4FF476
S3150804336000521A62144802F02BF90346002B01D0C6
S31508043370FEF756FE7B68104ADA670F4A7B68936243
S3150804338000220021262001F04EFE262001F065FECB
S3150804339000BF8837BD4680BD003801400010024092
S315080433A000080048B4480020800002401449002060
S315080433B00804024000440040744900209400024076
S315080433C00D488546FFF7FCF90C480D490D4A0023BC
S315080433D002E0D458C4500433C4188C42F9D30A4AB8
S315080433E00A4C002301E013600432A242FBD327F0FF
S315080433F009F9FEF7F3FCFEE70000022000000020AE
S31508043400BC4100201C150708BC41002024B6002036
S31508043410FEE780B582B000AF0023FB71032001F0FC
S31508043420F7FD002000F00EF80346002B02D0012316
S31508043430FB7101E0FFF706F8FB7918460837BD4625
S3150804344080BD000080B584B000AF78600023FB73AC
S31508043450164B1B68002B22D0154B1A68134B1B6896
S315080434604FF47A71B1FBF3F3B2FBF3F3184601F0A8
S3150804347002FE0346002B0FD17B680F2B09D80022C6
S3150804348079684FF0FF3001F0CEFD0A4A7B68136075
S3150804349007E00123FB7304E00123FB7301E0012326
S315080434A0FB73FB7B18461037BD4680BD0C00002015
S315080434B0040000200800002080B400AF054B1A68F9
S315080434C0054B1B681344034A136000BFBD465DF8E9
S315080434D0047B7047D44900200C00002080B400AF58
S315080434E0034B1B681846BD465DF8047B704700BF4E
S315080434F0D449002080B584B000AF7860FFF7EEFFAA
S31508043500B8607B68FB60FB68B3F1FF3F04D0094BE6
S315080435101B68FA681344FB6000BFFFF7DFFF024627
S31508043520BB68D31AFA689A42F7D800BF00BF1037A7
S31508043530BD4680BD0C00002080B483B000AF78601F
S31508043540064B1B6823F0020204497B6813430B608D
S3150804355000BF0C37BD465DF8047B70473000014058
S3150804356080B400AF054B1B68044A23F001031360BB
S3150804357000BFBD465DF8047B704700BF30000140BC
S3150804358080B483B000AF786039607B689B6823F4A5
S315080435907C123B681A437B689A6000BF0C37BD46A9
S315080435A05DF8047B704780B483B000AF78603960F7
S315080435B07B689B6823F0E0723B681A437B689A60D1
S315080435C000BF0C37BD465DF8047B704780B483B0F2
S315080435D000AF78607B689B6803F0E07318460C3785
S315080435E0BD465DF8047B704780B487B000AFF860C9
S315080435F0B9607A603B60FB6860331A46BB689B0017
S3150804360013447B617B691A68084B13407A6802F095
S31508043610F8413A680A43134343F000427B691A6047
S3150804362000BF1C37BD465DF8047B704700F0FF03F6
S3150804363080B485B000AF786039607B6860331A4619
S315080436403B689B001344FB60FB681B6803F0F84364
S3150804365018461437BD465DF8047B704780B487B0B6
S3150804366000AFF860B9607A60FB6860331A46BB68D5
S315080436709B0013447B617B691B6823F000427B68CB
S315080436801A437B691A6000BF1C37BD465DF8047B84
S31508043690704780B487B000AFF860B9607A60FB6899
S315080436A060331A46BB689B0013447B617B691B68BD
S315080436B023F080727B681A437B691A6000BF1C3743
S315080436C0BD465DF8047B704780B487B000AFF860E8
S315080436D0B9607A60FB6860331A46BB689B0013447A
S315080436E07B617B691B6823F000727B681A437B69DC
S315080436F01A6000BF1C37BD465DF8047B704780B46A
S3150804370083B000AF786039607B685B6923F0004258
S315080437103B681A437B685A6100BF0C37BD465DF89F
S31508043720047B704780B483B000AF78607B68DB683D
S3150804373003F44063002B01D1012300E0002318465B
S315080437400C37BD465DF8047B704780B487B000AF7C
S31508043750F860B9607A60FB6830331A46BB681B0A9E
S315080437609B0003F00C0313447B617B691A68BB68EE
S3150804377003F01F031F2101FA03F3DB431A407B6896
S315080437809B0E03F01F01BB6803F01F0301FA03F342
S315080437901A437B691A6000BF1C37BD465DF8047B73
S315080437A0704780B487B000AFF860B9607A60FB6888
S315080437B014331A46BB685B0E9B0003F004031344D8
S315080437C07B617B691A68BB681B0D03F01F0307211D
S315080437D001FA03F3DB431A40BB681B0D03F01F030E
S315080437E0796801FA03F31A437B691A6000BF1C3728
S315080437F0BD465DF8047B704780B485B000AFF860B9
S31508043800B9607A60FB68D3F8B020BB68C3F31203C7
S31508043810DB431A407B6803F018030849D940BB68A0
S315080438200B40C3F312031A43FB68C3F8B02000BF66
S315080438301437BD465DF8047B704700BFFFFF0700D9
S3150804384080B483B000AF78607B689B6803F01F037D
S3150804385018460C37BD465DF8047B704780B483B0C0
S3150804386000AF78607B689B6823F0204323F03F030E
S315080438707A68936000BF0C37BD465DF8047B7047D1
S3150804388080B483B000AF78607B689B6803F000530C
S31508043890B3F1005F01D1012300E0002318460C3779
S315080438A0BD465DF8047B704780B483B000AF78608A
S315080438B07B689B6823F0104323F03F0343F0805250
S315080438C07B689A6000BF0C37BD465DF8047B704779
S315080438D080B483B000AF78607B689B6803F080533C
S315080438E0B3F1805F01D1012300E0002318460C37A9
S315080438F0BD465DF8047B704780B483B000AF78603A
S315080439007B689B6823F0004323F03F0343F00102DE
S315080439107B689A6000BF0C37BD465DF8047B704728
S3150804392080B483B000AF78607B689B6823F000435B
S3150804393023F03F0343F002027B689A6000BF0C370A
S31508043940BD465DF8047B704780B483B000AF7860E9
S315080439507B689B6803F00103012B01D1012300E076
S31508043960002318460C37BD465DF8047B704780B4BF
S3150804397083B000AF78607B689B6803F00203022B70
S3150804398001D1012300E0002318460C37BD465DF833
S31508043990047B704780B483B000AF78607B689B680B
S315080439A023F0004323F03F0343F004027B689A6044
S315080439B000BF0C37BD465DF8047B704780B483B0FE
S315080439C000AF78607B689B6803F00403042B01D17D
S315080439D0012300E0002318460C37BD465DF8047B36
S315080439E0704780B483B000AF78607B689B6803F047
S315080439F00803082B01D1012300E0002318460C37DD
S31508043A00BD465DF8047B704790B589B000AF786011
S31508043A100023FB770023FB607B68002B01D101237D
S31508043A20A9E17B685B69002B7B68DB6D002B09D1F8
S31508043A307868FDF7C1FC7B6800221A667B68002259
S31508043A4083F858207B681B681846FFF719FF034656
S31508043A50002B04D07B681B681846FFF7FFFE7B68BB
S31508043A601B681846FFF734FF0346002B15D17B68FD
S31508043A701B681846FFF718FF9C4B1B689B099C4A52
S31508043A80A2FB03239B0901335B00FB6002E0FB688E
S31508043A90013BFB60FB68002BF9D17B681B68184661
S31508043AA0FFF716FF0346002B0DD17B68DB6D43F049
S31508043AB010027B68DA657B681B6E43F001027B683B
S31508043AC01A660123FB777B681B681846FFF776FF9F
S31508043AD078617B68DB6D03F01003002B40F04281AC
S31508043AE07B69002B40F03E817B68DB6D23F4817390
S31508043AF043F002027B68DA657B681B681846FFF7A1
S31508043B0023FF0346002B41D17B681B68B3F1A04F02
S31508043B1004D07B681B68774A93420FD14FF0A040C4
S31508043B20FFF712FF04467348FFF70EFF03462343C5
S31508043B30002B0CBF01230023DBB212E06E48FFF70B
S31508043B4003FF04466D48FFF7FFFE03461C436C4813
S31508043B50FFF7FAFE03462343002B0CBF0123002379
S31508043B60DBB2002B12D07B681B68B3F1A04F04D0DC
S31508043B707B681B685F4A934201D1624A00E0624A45
S31508043B807B685B6819461046FFF7FAFC7B685B7F1F
S31508043B905A037B68DB6B1A437B68DB681A437B68CA
S31508043BA09B681A437B6893F824301B041343BB6150
S31508043BB07B6893F82430012B06D17B689B6A013B0A
S31508043BC05B04BA691343BB617B68DB6A002B09D0C3
S31508043BD07B68DB6A03F478727B681B6B1343BA69E8
S31508043BE01343BB617B681B68DA68484B13407A68E1
S31508043BF01268B9690B43D3607B681B681B6923F099
S31508043C0040617B685A6B7B681B680A431A617B6848
S31508043C101B681846FFF7E5FE38617B69002B7FD1E0
S31508043C203B69002B7CD17B681B7F9A037B6893F8DE
S31508043C3038305B001343BB617B681B68DB6823F47D
S31508043C40804323F002037A681268B9690B43D36088
S31508043C507B681B69002B17D07B681B681A697B680D
S31508043C601B6842F480321A617B681B68D3F8C0303B
S31508043C7023F47F5323F03F037A6811697A6812683C
S31508043C800B43C2F8C03013E07B681B681A697B686B
S31508043C901B6822F480321A617B681B68D3F8C0302B
S31508043CA07A68126823F47F5323F03F03C2F8C030BE
S31508043CB07B6893F84030012B2AD17B681B681B6903
S31508043CC023F4FF6323F004037A68516C7A68926CD0
S31508043CD011437A68D26C11437A68126D0A431A43FF
S31508043CE07B681B6842F001021A6119E0040000208F
S31508043CF0632D3E05000100500004005000050050E5
S31508043D000006005000030050000700500740F0FF6B
S31508043D107B681B681A697B681B6822F001021A61B2
S31508043D207B685B69012B0CD17B681B681B6B23F0D2
S31508043D300F017B681B6A5A1E7B681B680A431A6351
S31508043D4007E07B681B681A6B7B681B6822F00F0206
S31508043D501A637B68DB6D23F0030343F001027B6877
S31508043D60DA6507E07B68DB6D43F010027B68DA6589
S31508043D700123FB77FB7F18462437BD4690BD00BF59
S31508043D8080B586B000AFF860B9607A60FB681B68D6
S31508043D90B3F1A04F04D0FB681B685A4A934201D179
S31508043DA0594B00E0594B1846FFF74AFD3861FB6842
S31508043DB01B681846FFF702FE0346002B40F09B805B
S31508043DC0FB6893F85830012B01D1022396E0FB686F
S31508043DD0012283F85820FB681B684D4A934208D091
S31508043DE03B69002B05D03B69052B02D03B69092B9F
S31508043DF07AD1F86800F0F6FC0346FB75FB7D002BC8
S31508043E006DD1FB68DB6D23F4706323F0010343F47F
S31508043E108072FB68DA65FB681B683A4A934209D0E4
S31508043E20FB681B683B4A934202D0FB681B6803E0A5
S31508043E30394B01E04FF0A043FA681268934202D066
S31508043E403B69002B05D1FB68DB6D23F48012FB6804
S31508043E50DA65FB68DB6D03F48053002B06D0FB6838
S31508043E601B6E23F00602FB681A6602E0FB68002252
S31508043E701A66FB685B6D294ADA62FB685B6D284A39
S31508043E801A63FB685B6D274A5A63FB681B681C2226
S31508043E901A60FB68002283F85820FB681B685A6876
S31508043EA0FB681B6842F010025A60FB681B68DA68F4
S31508043EB0FB681B6842F00102DA60FB68586DFB6810
S31508043EC01B6840331946BA687B6801F021FC03462F
S31508043ED0FB75FB681B681846FFF75CFD0DE0FB687D
S31508043EE0002283F8582008E00123FB75FB680022AA
S31508043EF083F8582001E00223FB75FB7D1846183722
S31508043F00BD4680BD00010050000300500007005064
S31508043F10000600500005005000040050CF4904086C
S31508043F20A74A0408C34A040880B483B000AF78607B
S31508043F3000BF0C37BD465DF8047B704780B483B078
S31508043F4000AF786000BF0C37BD465DF8047B704748
S31508043F5080B483B000AF786000BF0C37BD465DF807
S31508043F60047B704780B5B6B000AF7860396000232B
S31508043F7087F8D7300023FB607B6893F85830012B09
S31508043F8002D1022300F013BC7B68012283F858206F
S31508043F907B681B681846FFF711FD0346002B40F0A3
S31508043FA0F3837B6818683B6859683B681B681A463C
S31508043FB0FFF7CBFB7B681B681846FFF7FFFCC7F8BF
S31508043FC0D0007B681B681846FFF70BFDC7F8CC00C2
S31508043FD0D7F8D030002B40F0D981D7F8CC30002B55
S31508043FE040F0D4813B689B68B3F1004F0FD17B68DE
S31508043FF018683B681B6800221946FFF7D2FB7B68E2
S315080440001B684FF000411846FFF779FB0EE07B6802
S3150804401018683B6819683B689B681A46FFF7C1FB32
S315080440207B681B6800211846FFF769FB3B685A69D9
S315080440307B681B68DB68DB0803F003035B0002FA92
S3150804404003F3C7F8C8303B681B69042B22D07B6886
S3150804405018683B6819693B681A68D7F8C830FFF7C7
S31508044060C3FA7B6818683B6819693B689B691A46F2
S31508044070FFF70FFB7B6818683B6819693B681B7F69
S31508044080012B02D14FF0007300E000231A46FFF714
S315080440901BFB7BE17B681B6800211846FFF7C8FAFF
S315080440A00346C3F31203002B0AD17B681B6800215D
S315080440B01846FFF7BDFA03469B0E03F01F021EE0DF
S315080440C07B681B6800211846FFF7B2FA0346C7F84F
S315080440D0BC30D7F8BC3093FAA3F3C7F8B830D7F88E
S315080440E0B830C7F8C030D7F8C030002B01D1202328
S315080440F004E0D7F8C030B3FA83F3DBB21A463B6858
S315080441001B68C3F31203002B05D13B681B689B0E7F
S3150804411003F01F0318E03B681B68C7F8B030D7F8EC
S31508044120B03093FAA3F3C7F8AC30D7F8AC30C7F875
S31508044130B430D7F8B430002B01D1202304E0D7F8E3
S31508044140B430B3FA83F3DBB29A4206D17B681B68B0
S31508044150002200211846FFF781FA7B681B680121B3
S315080441601846FFF765FA0346C3F31203002B0AD170
S315080441707B681B6801211846FFF75AFA03469B0E0B
S3150804418003F01F021EE07B681B6801211846FFF72F
S315080441904FFA0346C7F8A430D7F8A43093FAA3F322
S315080441A0C7F8A030D7F8A030C7F8A830D7F8A83091
S315080441B0002B01D1202304E0D7F8A830B3FA83F3FF
S315080441C0DBB21A463B681B68C3F31203002B05D1FE
S315080441D03B681B689B0E03F01F0318E03B681B68CB
S315080441E0C7F89830D7F8983093FAA3F3C7F89430F9
S315080441F0D7F89430C7F89C30D7F89C30002B01D1F7
S31508044200202304E0D7F89C30B3FA83F3DBB29A424E
S3150804421006D17B681B68002201211846FFF71EFA9F
S315080442207B681B6802211846FFF702FA0346C3F3A4
S315080442301203002B0AD17B681B6802211846FFF774
S31508044240F7F903469B0E03F01F021EE07B681B6802
S3150804425002211846FFF7ECF90346C7F88C30D7F85D
S315080442608C3093FAA3F3C7F88830D7F88830C7F8A0
S315080442709030D7F89030002B01D1202304E0D7F8EA
S315080442809030B3FA83F3DBB21A463B681B68C3F370
S315080442901203002B05D13B681B689B0E03F01F0312
S315080442A016E03B681B68C7F88030D7F8803093FA65
S315080442B0A3F3FB67FB6FC7F88430D7F88430002B69
S315080442C001D1202304E0D7F88430B3FA83F3DBB2B0
S315080442D09A4206D17B681B68002202211846FFF71A
S315080442E0BDF97B681B6803211846FFF7A1F9034645
S315080442F0C3F31203002B0AD17B681B6803211846F3
S31508044300FFF796F903469B0E03F01F0217E07B6836
S315080443101B6803211846FFF78BF903467B677B6FF7
S3150804432093FAA3F33B673B6FBB67BB6F002B01D1C3
S31508044330202303E0BB6FB3FA83F3DBB21A463B6868
S315080443401B68C3F31203002B05D13B681B689B0E3D
S3150804435003F01F0311E03B681B68BB66BB6E93FA48
S31508044360A3F37B667B6EFB66FB6E002B01D12023D1
S3150804437003E0FB6EB3FA83F3DBB29A4206D17B6899
S315080443801B68002203211846FFF768F97B681B6837
S315080443901846FFF7D9FA0346002B40F03D817B689F
S315080443A018683B6819683B68DB681A46FFF724FAFD
S315080443B03B68DB68A24A934240F02E817B68186802
S315080443C03B681B68C3F31203002B0BD13B681B68BD
S315080443D09B0E013303F01F03092B94BF012300230B
S315080443E0DBB219E03B681B68FB65FB6D93FAA3F324
S315080443F0BB65BB6D3B663B6E002B01D1202303E0F6
S315080444003B6EB3FA83F3DBB2013303F01F03092BC4
S3150804441094BF01230023DBB2002B79D03B681B68C9
S31508044420C3F31203002B07D13B681B689B0E0133A9
S315080444309B0603F0F84215E03B681B683B653B6D39
S3150804444093FAA3F3FB64FB6C7B657B6D002B01D1AC
S31508044450202303E07B6DB3FA83F3DBB201339B06B7
S3150804446003F0F8423B681B68C3F31203002B09D117
S315080444703B681B689B0E013303F01F03012101FAF5
S3150804448003F317E03B681B687B647B6C93FAA3F31E
S315080444903B643B6CBB64BB6C002B01D1202303E05B
S315080444A0BB6CB3FA83F3DBB2013303F01F030121B8
S315080444B001FA03F342EA03013B681B68C3F31203D8
S315080444C0002B0AD13B681B689B0E013303F01F02BD
S315080444D013465B0013441B0518E03B681B68BB6363
S315080444E0BB6B93FAA3F37B637B6BFB63FB6B002BBE
S315080444F001D1202303E0FB6BB3FA83F3DBB2013368
S3150804450003F01F0213465B0013441B050B437EE0AE
S315080445103B681B68C3F31203002B07D13B681B686F
S315080445209B0E01339B0603F0F84215E03B681B68B3
S31508044530FB62FB6A93FAA3F3BB62BB6A3B633B6BFE
S31508044540002B01D1202303E03B6BB3FA83F3DBB2E0
S3150804455001339B0603F0F8423B681B68C3F3120356
S31508044560002B09D13B681B689B0E013303F01F031C
S31508044570012101FA03F317E03B681B683B623B6AB7
S3150804458093FAA3F3FB61FB697B627B6A002B01D177
S31508044590202303E07B6AB3FA83F3DBB2013303F027
S315080445A01F03012101FA03F342EA03013B681B686E
S315080445B0C3F31203002B0DD13B681B689B0E013312
S315080445C003F01F0213465B0013441E3B1B0543F00E
S315080445D000731BE03B681B687B617B6993FAA3F352
S315080445E03B613B69BB61BB69002B01D1202303E016
S315080445F0BB69B3FA83F3DBB2013303F01F02134634
S315080446005B0013441E3B1B0543F000730B433A68D7
S3150804461092681946FFF7C5F83B681A68094B1340B0
S31508044620002B00F0BE807B681B68B3F1A04F04D052
S315080446307B681B68044A93420AD1044B09E000BF0D
S3150804464000007F400000088000010050000300506D
S31508044650594B1846FEF7BAFFC7F8C4003B681B68EF
S31508044660564A934204D03B681B68554A93423AD14A
S31508044670D7F8C43003F40003002B34D17B681B68D5
S31508044680B3F1A04F05D07B681B684E4A934240F0AD
S3150804469085807B681B68B3F1A04F04D07B681B68D0
S315080446A0494A934201D1494A00E0434AD7F8C430FB
S315080446B043F4000319461046FEF775FF444B1B687E
S315080446C09B09444AA2FB03239B095A1C13465B0015
S315080446D013449B00FB6002E0FB68013BFB60FB683C
S315080446E0002BF9D15AE03B681B683B4A934225D113
S315080446F0D7F8C43003F08073002B1FD17B681B687E
S31508044700314A934204D17B681B68344A934247D0A2
S315080447107B681B68B3F1A04F04D07B681B682A4AE0
S31508044720934201D1294A00E0234AD7F8C43043F01A
S31508044730807319461046FEF736FF31E03B681B685E
S31508044740274A93422DD1D7F8C43003F48003002BAB
S3150804475027D17B681B681C4A934222D07B681B6856
S31508044760B3F1A04F04D07B681B68174A934201D162
S31508044770164A00E0104AD7F8C43043F480031946B1
S315080447801046FEF710FF0CE07B68DB6D43F0200251
S315080447907B68DA65012387F8D73002E000BF00E0BA
S315080447A000BF7B68002283F8582097F8D73018464C
S315080447B0D837BD4680BD00BF00070050000021C39E
S315080447C01000C0900006005000010050000300507D
S315080447D004000020632D3E05000052C70005005062
S315080447E0000084CB80B584B000AF78600023BB603A
S315080447F07B681B681846FFF7A7F80346002B76D193
S315080448007B681B689A683C4B1340002B0DD07B6869
S31508044810DB6D43F010027B68DA657B681B6E43F038
S3150804482001027B681A66012362E07B681B681846E6
S31508044830FFF762F87B681B68B3F1A04F04D07B6866
S315080448401B682E4A934201D12D4B00E02D4B184686
S31508044850FEF7BCFE034603F40003002B13D02A4BD1
S315080448601B689B09294AA2FB03239B095A1C134666
S315080448705B0013449B00BB6002E0BB68013BBB6062
S31508044880BB68002BF9D1FEF729FEF86028E07B689F
S315080448901B681846FFF758F80346002B04D17B68B3
S315080448A01B681846FFF728F8FEF718FE0246FB6849
S315080448B0D31A022B14D97B681B681B6803F00103FF
S315080448C0012B0DD07B68DB6D43F010027B68DA653B
S315080448D07B681B6E43F001027B681A66012307E0B6
S315080448E07B681B681B6803F00103012BCFD10023E7
S315080448F018461037BD4680BD3F00008000010050B1
S31508044900000300500007005004000020632D3E05F4
S3150804491080B584B000AF78607B681B681846FFF7DB
S3150804492026F8F8607B681B681846FFF70DF80346F7
S31508044930002B47D0FB68002B44D17B681B689B6817
S3150804494003F00D03012B0CD17B681B681846FEF790
S31508044950E7FF7B681B6803221A60FEF7BFFDB86091
S3150804496029E07B68DB6D43F010027B68DA657B68B7
S315080449701B6E43F001027B681A66012323E0FEF7E7
S31508044980ADFD0246BB68D31A022B14D97B681B6893
S315080449909B6803F00103002B0DD07B68DB6D43F0A5
S315080449A010027B68DA657B681B6E43F001027B683C
S315080449B01A66012307E07B681B689B6803F00103FA
S315080449C0002BDCD1002318461037BD4680BD80B5C0
S315080449D084B000AF78607B689B6AFB60FB68DB6D1C
S315080449E003F05003002B4BD1FB68DB6D43F40072D4
S315080449F0FB68DA65FB681B681B6803F00803002B71
S31508044A0021D0FB681B681846FEF78CFE0346002B6C
S31508044A1032D0FB681B68DB6803F40053002B2BD1E8
S31508044A20FB68DB6D23F48072FB68DA65FB68DB6D73
S31508044A3003F48053002B1FD1FB68DB6D43F001029E
S31508044A40FB68DA6518E0FB681B68DB6803F0020399
S31508044A50002B11D1FB68DB6D23F48072FB68DA65E1
S31508044A60FB68DB6D03F48053002B05D1FB68DB6D13
S31508044A7043F00102FB68DA65F868FFF755FA0EE0B9
S31508044A80FB68DB6D03F01003002B03D0F868FFF70F
S31508044A905FFA04E0FB685B6D5B6B7868984700BF58
S31508044AA01037BD4680BD80B584B000AF78607B689A
S31508044AB09B6AFB60F868FFF741FA00BF1037BD46EA
S31508044AC080BD80B584B000AF78607B689B6AFB6064
S31508044AD0FB68DB6D43F04002FB68DA65FB681B6E16
S31508044AE043F00402FB681A66F868FFF731FA00BF58
S31508044AF01037BD4680BD80B483B000AF78607B684C
S31508044B009B6803F00103012B01D1012300E0002374
S31508044B1018460C37BD465DF8047B704780B483B0ED
S31508044B2000AF786039607B689B6823F0404323F0C4
S31508044B303F033A6802F08042134343F000427B681D
S31508044B409A6000BF0C37BD465DF8047B704780B495
S31508044B5083B000AF78607B689B6803F00043B3F1C9
S31508044B60004F01D1012300E0002318460C37BD4647
S31508044B705DF8047B704780B483B000AF78607B68C7
S31508044B809B6803F00403042B01D1012300E00023EE
S31508044B9018460C37BD465DF8047B704780B584B06B
S31508044BA000AF786039600023BB607B6893F858309F
S31508044BB0012B01D102234DE07B68012283F858209A
S31508044BC07868FFF7A5FE0346FB73FB7B002B36D1FB
S31508044BD07B68DB6D23F4885323F0020343F0020257
S31508044BE07B68DA657B681B6839681846FFF796FFA1
S31508044BF014E0BB680133BB60BB68184A93420DD9FD
S31508044C007B68DB6D23F0120343F010027B68DA65D8
S31508044C107B68002283F8582001231BE07B681B6805
S31508044C201846FFF794FF0346002BE2D17B68DB6D39
S31508044C3023F0030343F001027B68DA6505E07B6829
S31508044C40DB6D43F010027B68DA657B68002283F823
S31508044C505820FB7B18461037BD4680BD01DE04008C
S31508044C6090B5A1B000AF78603960002387F87F302B
S31508044C707B6893F85830012B01D10223E7E07B685F
S31508044C80012283F8582000237B660023BB667B68D1
S31508044C901B68B3F1A04F02D16F4BBB6009E07B6878
S31508044CA01B686E4A934202D16D4BBB6001E0002338
S31508044CB0BB60BB68002B0BD17B68DB6D43F020021D
S31508044CC07B68DA657B68002283F858200123BEE0F6
S31508044CD0BB681846FFF74FFFB8677B681B6818461A
S31508044CE0FFF749FF0346002B40F0A080BB6F002B5B
S31508044CF040F09C807B681B68B3F1A04F04D07B68A6
S31508044D001B68554A934201D1564B00E0564B7B67C4
S31508044D103B681B68002B4BD07B6F9B6823F460426F
S31508044D203B6859687B6893F838305B030B431A432E
S31508044D307B6F9A607B681B68B3F1A04F04D07B68CD
S31508044D401B68454A93420FD14FF0A040FFF7D3FEA4
S31508044D5004464148FFF7CFFE03462343002B0CBF06
S31508044D6001230023DBB212E03C48FFF7C4FE0446E5
S31508044D703B48FFF7C0FE03461C433C48FFF7BBFE0F
S31508044D8003462343002B0CBF01230023DBB2002B6D
S31508044D9056D07B6F9B6823F4716323F00F033A683C
S31508044DA011683A6892680A431A437B6F9A6047E027
S31508044DB07B6F9B6823F460427B6F9A607B681B68F1
S31508044DC0B3F1A04F04D07B681B68234A93420FD1E2
S31508044DD04FF0A040FFF78FFE04461F48FFF78BFEEF
S31508044DE003462343002B0CBF01230023DBB212E046
S31508044DF01A48FFF780FE04461948FFF77CFE034667
S31508044E001C431A48FFF777FE03462343002B0CBFBF
S31508044E1001230023DBB2002B12D07B6F9B6823F49B
S31508044E20716323F00F037A6F936009E07B68DB6D87
S31508044E3043F020027B68DA65012387F87F3000E0B7
S31508044E4000BF7B68002283F8582097F87F301846FD
S31508044E508437BD4690BD00BF0001005000040050D1
S31508044E6000050050000300500007005000060050DB
S31508044E7080B485B000AF78607B6803F00703FB60F5
S31508044E800C4BDB68BB60BA684FF6FF031340BB6084
S31508044E90FB681A02BB68134343F0BF6343F4003349
S31508044EA0BB60044ABB68D36000BF1437BD465DF8CF
S31508044EB0047B704700ED00E080B400AF044BDB6868
S31508044EC01B0A03F007031846BD465DF8047B7047C2
S31508044ED000ED00E080B483B000AF0346FB7197F998
S31508044EE00730002B0BDBFB7903F01F02074997F900
S31508044EF007305B09012000FA02F241F8232000BFBB
S31508044F000C37BD465DF8047B704700BF00E100E03E
S31508044F1080B483B000AF03463960FB7197F9073054
S31508044F20002B0ADB3B68DAB20C4997F90730120101
S31508044F30D2B20B4483F800230AE03B68DAB2084984
S31508044F40FB7903F00F03043B1201D2B20B441A7621
S31508044F5000BF0C37BD465DF8047B704700E100E0EE
S31508044F6000ED00E080B489B000AFF860B9607A60FB
S31508044F70FB6803F00703FB61FB69C3F10703042B12
S31508044F8028BF0423BB61FB690433062B02D9FB69DA
S31508044F90033B00E000237B614FF0FF32BB6902FA52
S31508044FA003F3DA43BB681A407B699A404FF0FF3132
S31508044FB07B6901FA03F3D9437B680B40134318460C
S31508044FC02437BD465DF8047B7047000080B582B07F
S31508044FD000AF78607B68013BB3F1807F01D301237E
S31508044FE00FE00A4A7B68013B53600F214FF0FF30FC
S31508044FF0FFF78EFF054B00229A60044B07221A60BE
S31508045000002318460837BD4680BD00BF10E000E0FF
S3150804501080B582B000AF78607868FFF729FF00BFD3
S315080450200837BD4680BD80B586B000AF0346B96073
S315080450307A60FB73FFF740FF78617A68B968786924
S31508045040FFF790FF024697F90F3011461846FFF707
S315080450505FFF00BF1837BD4680BD80B582B000AF7C
S315080450600346FB7197F907301846FFF733FF00BF6D
S315080450700837BD4680BD80B582B000AF78607868D1
S31508045080FFF7A4FF034618460837BD4680BD80B51A
S3150804509082B000AF78607B68002B01D1012314E04D
S315080450A07B681B79DBB2002B05D17B6800225A7119
S315080450B07868FCF75FFB7B6802221A717B6800221A
S315080450C01A617B6801221A71002318460837BD46FF
S315080450D080BD000080B485B000AF786039607B6815
S315080450E0002B01D1012356E07B685B79012B01D1A2
S315080450F0022350E07B6801225A717B6802221A71E6
S315080451007B681B6819683B6803F0100301229A4000
S315080451107B681B680A431A60224B1B689B09224A50
S31508045120A2FB03239B090133FB6002E0FB68013BF6
S31508045130FB60FB68002BF9D13B68002B0FD17B6819
S315080451401B681B6803F03E03022B1DD17B681B6892
S315080451505A687B681B6842F001025A6014E07B684F
S315080451601B681B6803F478123B6803F010030221DA
S3150804517001FA03F39A4207D17B681B685A687B686D
S315080451801B6842F002025A607B6801221A717B6826
S3150804519000225A71002318461437BD465DF8047B6D
S315080451A0704700BF04000020632D3E0580B483B019
S315080451B000AF786039607B68002B01D1012311E0C8
S315080451C07B681B6819683B6803F01003012202FA1E
S315080451D003F3DA437B681B680A401A607B6801227A
S315080451E01A71002318460C37BD465DF8047B7047D0
S315080451F080B487B000AFF860B9607A603B6000237A
S315080452007B61FB68002B01D1012318E0FB681B684E
S31508045210DB6BFB681B687B61BB68002B05D17A696D
S315080452207B68134408337B6104E07A697B6813441A
S3150804523014337B617B691A463B681360002318465E
S315080452401C37BD465DF8047B7047000080B58AB0FC
S3150804525000AFF860B9607A600023FB77FB68002B1F
S3150804526002D0BB68002B01D10123A1E1BB689B686E
S31508045270042BFB685B79012B01D1022398E1FB68B7
S3150804528001225A71FB6802221A71BB689B68042BB7
S315080452907AD1FEF723F9B8617B68002B3DD118E073
S315080452A0FEF71CF90246BB69D31A012B11D9FB6810
S315080452B01B685B6B03F40043002B0AD0FB681B696D
S315080452C043F00802FB681A61FB6803221A71032378
S315080452D06EE1FB681B685B6B03F40043002BDFD1AC
S315080452E0FB681B68BA68526A1A6420E0FEF7F6F887
S315080452F00246BB69D31A012B0FD9FB681B685B6B83
S31508045300002B0ADAFB681B6943F00802FB681A617A
S31508045310FB6803221A7103234AE1FB681B685B6B6B
S31508045320002BE3DBFB681B68BA68526A5A64FB689D
S315080453301B689A6C7B6803F0100340F2FF3101FA8C
S3150804534003F3DB4302EA0301BB689A6A7B6803F04A
S3150804535010039A40FB681B680A439A64FB681B6837
S31508045360DA6C7B6803F01003FF2101FA03F3DB43CD
S3150804537002EA0301BB68DA6A7B6803F010039A4001
S31508045380FB681B680A43DA64BB68DB69012B1DD119
S31508045390FB681B689B6B7B627B6803F010031F2208
S315080453A002FA03F3DB437A6A13407B62BB681B6A1F
S315080453B07B617B6803F010037A6902FA03F37A6A5D
S315080453C013437B62FB681B687A6A9A63FB681B68EB
S315080453D0DB6B7B627B6803F01003072202FA03F394
S315080453E0DB437A6A13407B62BB689B69012B02D153
S315080453F000233B620FE0BB689B69022B02D10123A1
S315080454003B6208E0BB685B69002B02D101233B625F
S3150804541001E000233B62BB689A68BB685B69134377
S315080454203A6A13437B617B6803F010034FF4807276
S3150804543002FA03F3DB437A6A13407B62BB681B797F
S31508045440012B02D14FF4807300E000237A691343D9
S315080454507B617B6803F010034FF4007202FA03F3CE
S31508045460DB437A6A13407B62BB685B79012B02D102
S315080454704FF4007300E000237A6913437B617B6A67
S3150804548023F440437B62BB681B68022B14D102F0E9
S315080454906BF938613B69484A934204D97B6A43F4F9
S315080454A000437B620FE03B69444A93420AD97B6A0C
S315080454B043F480437B6206E0BB681B687A6A13433D
S315080454C07B6200E000BF7B6803F010037A6902FA86
S315080454D003F37A6A13437B62FB681B687A6ADA63A6
S315080454E0FB681B6819687B6803F010034FF4804255
S315080454F002FA03F3DA43FB681B680A401A60FB687E
S315080455001B681B687B627B6803F0100340F6FE7217
S3150804551002FA03F3DB437A6A13407B62BB68DB68EF
S315080455207B617B6803F010037A6902FA03F37A6AEB
S3150804553013437B62FB681B687A6A1A60FB681B68FC
S3150804554019687B6803F01003C02202FA03F3DA43EE
S31508045550FB681B680A401A60BB68DB689B0803F093
S315080455600F037B61BB681B699B081B0203F470630A
S315080455707A6913437B61FB681B681A6E7B6803F0C0
S31508045580100340F60F7101FA03F3DB4302EA030141
S315080455907B6803F010037A699A40FB681B680A4320
S315080455A01A66FB6801221A71FB6800225A71FB7F8E
S315080455B018462837BD4680BD0068890900B4C40466
S315080455C080B584B000AF78607B68002B01D10123D5
S315080455D08DE07B681B681A46474B9A420FD87B684E
S315080455E01B681A46454B1344454AA2FB03231B0969
S315080455F09A007B685A647B68424A1A640EE07B68A0
S315080456001B681A46404B13443D4AA2FB03231B0955
S315080456109A007B685A647B683C4A1A647B6802224F
S3150804562083F825207B681B681B68FB60FB6823F4EA
S31508045630FF4323F07003FB607B689A687B68DB682A
S315080456401A437B681B691A437B685B691A437B6840
S315080456509B691A437B68DB691A437B681B6A134395
S31508045660FA681343FB607B681B68FA681A607868F3
S3150804567000F082FA7B689B68B3F5804F02D17B6899
S3150804568000225A607B685A687B689B6CD2B21A609F
S315080456907B68DB6C7A68126D5A607B685B68002BE2
S315080456A010D07B685B68042B0CD8786800F0A2FAE3
S315080456B07B685B6D00221A607B689B6D7A68D26D85
S315080456C05A6008E07B6800225A657B6800229A655E
S315080456D07B680022DA657B680022DA637B6801222C
S315080456E083F825207B68002283F8242000231846A3
S315080456F01037BD4680BD00BF07040240F8FFFDBF52
S31508045700CDCCCCCC00000240F8FBFDBF000402401F
S3150804571080B586B000AFF860B9607A603B60002354
S31508045720FB75FB6893F82430012B01D1022366E04C
S31508045730FB68012283F82420FB6893F82530DBB242
S31508045740012B55D1FB68022283F82520FB68002229
S31508045750DA63FB681B681A68FB681B6822F0010297
S315080457601A603B687A68B968F86800F0C7F9FB6894
S315080457701B6B002B08D0FB681B681A68FB681B6840
S3150804578042F00E021A600FE0FB681B681A68FB6891
S315080457901B6822F004021A60FB681B681A68FB6817
S315080457A01B6842F00A021A60FB689B6C1B6803F4C8
S315080457B08033002B07D0FB689B6C1A68FB689B6CCC
S315080457C042F480721A60FB685B6D002B07D0FB6895
S315080457D05B6D1A68FB685B6D42F480721A60FB683D
S315080457E01B681A68FB681B6842F001021A6005E028
S315080457F0FB68002283F824200223FB75FB7D1846E8
S315080458001837BD4680BD80B485B000AF78600023E4
S31508045810FB737B6893F82530DBB2022B05D07B68D3
S315080458200422DA630123FB7337E07B681B681A6872
S315080458307B681B6822F00E021A607B689B6C1A68E8
S315080458407B689B6C22F480721A607B681B681A68F2
S315080458507B681B6822F001021A607B685B6C03F0A4
S315080458601F027B681B6C012101FA02F25A607B68ED
S31508045870DB6C7A68126D5A607B685B6D002B0CD002
S315080458807B685B6D1A687B685B6D22F480721A60AC
S315080458907B689B6D7A68D26D5A607B68012283F8AF
S315080458A025207B68002283F82420FB7B18461437BE
S315080458B0BD465DF8047B704780B584B000AF786058
S315080458C00023FB737B6893F82530DBB2022B0DD0DB
S315080458D07B680422DA637B68012283F825207B68C7
S315080458E0002283F824200123FB7347E07B681B68A6
S315080458F01A687B681B6822F00E021A607B681B68AC
S315080459001A687B681B6822F001021A607B689B6C24
S315080459101A687B689B6C22F480721A607B685B6CDD
S3150804592003F01F027B681B6C012101FA02F25A601C
S315080459307B68DB6C7A68126D5A607B685B6D002B3A
S315080459400CD07B685B6D1A687B685B6D22F4807289
S315080459501A607B689B6D7A68D26D5A607B680122EF
S3150804596083F825207B68002283F824207B689B6BB8
S31508045970002B03D07B689B6B78689847FB7B18469B
S315080459801037BD4680BD80B584B000AF78607B68AB
S315080459901B6C1B68FB607B681B681B68BB607B68A9
S315080459A05B6C03F01F0304229A40FB681340002B28
S315080459B026D0BB6803F00403002B21D07B681B6840
S315080459C01B6803F02003002B07D17B681B681A6841
S315080459D07B681B6822F004021A607B685B6C03F020
S315080459E01F027B681B6C042101FA02F25A607B6869
S315080459F01B6B002B71D07B681B6B786898476CE02F
S31508045A007B685B6C03F01F0302229A40FB68134011
S31508045A10002B2ED0BB6803F00203002B29D07B6829
S31508045A201B681B6803F02003002B0BD17B681B68DB
S31508045A301A687B681B6822F00A021A607B680122CE
S31508045A4083F825207B685B6C03F01F027B681B6C5C
S31508045A50022101FA02F25A607B68002283F82420A4
S31508045A607B68DB6A002B38D07B68DB6A78689847E2
S31508045A7033E07B685B6C03F01F0308229A40FB68DB
S31508045A801340002B2AD0BB6803F00803002B25D04B
S31508045A907B681B681A687B681B6822F00E021A600A
S31508045AA07B685B6C03F01F027B681B6C012101FA9F
S31508045AB002F25A607B680122DA637B68012283F862
S31508045AC025207B68002283F824207B685B6B002BE7
S31508045AD004D07B685B6B7868984700BF00BF1037B3
S31508045AE0BD4680BD80B483B000AF78607B68DB6B4D
S31508045AF018460C37BD465DF8047B704780B485B0FC
S31508045B0000AFF860B9607A603B60FB68DB6CFA68E2
S31508045B10126D5A60FB685B6D002B04D0FB689B6DA5
S31508045B20FA68D26D5A60FB685B6C03F01F02FB6867
S31508045B301B6C012101FA02F25A60FB681B683A6879
S31508045B405A60FB689B68102B08D1FB681B687A6847
S31508045B509A60FB681B68BA68DA6007E0FB681B682A
S31508045B60BA689A60FB681B687A68DA6000BF1437FB
S31508045B70BD465DF8047B704780B487B000AF786093
S31508045B807B681B681A46164B9A4202D8154B7B61EA
S31508045B9001E0154B7B617B693B617B681B68DBB263
S31508045BA0083B124AA2FB03231B09FB607B685B6C58
S31508045BB09B089A003B6913441A467B689A647B6877
S31508045BC00B4ADA64FB6803F01F0301229A407B68D8
S31508045BD01A6500BF1C37BD465DF8047B704700BFD5
S31508045BE0070402400008024020080240CDCCCCCC71
S31508045BF08008024080B485B000AF78607B685B6833
S31508045C00DBB2FB60FA680B4B13449B001A467B68AD
S31508045C105A657B68084A9A65FB68013B03F01F03CB
S31508045C2001229A407B68DA6500BF1437BD465DF8E1
S31508045C30047B70473F8200104009024080B487B055
S31508045C4000AF7860396000237B615AE13B681A68C3
S31508045C5001217B6901FA03F31340FB60FB68002BFF
S31508045C6000F04C813B685B6803F00303012B05D005
S31508045C703B685B6803F00303022B30D17B689B689F
S31508045C803B617B695B00032202FA03F3DB433A694F
S31508045C9013403B613B68DA687B695B0002FA03F3ED
S31508045CA03A6913433B617B683A699A607B685B6827
S31508045CB03B6101227B6902FA03F3DB433A69134029
S31508045CC03B613B685B681B0903F001027B6902FAC6
S31508045CD003F33A6913433B617B683A695A603B6844
S31508045CE05B6803F00303032B17D07B68DB683B610F
S31508045CF07B695B00032202FA03F3DB433A69134028
S31508045D003B613B689A687B695B0002FA03F33A696C
S31508045D1013433B617B683A69DA603B685B6803F066
S31508045D200303022B23D17B69DA087B68083253F80C
S31508045D3022303B617B6903F007039B000F2202FABA
S31508045D4003F3DB433A6913403B613B681A697B6991
S31508045D5003F007039B0002FA03F33A6913433B6112
S31508045D607B69DA087B680832396943F822107B684C
S31508045D701B683B617B695B00032202FA03F3DB437E
S31508045D803A6913403B613B685B6803F003027B692D
S31508045D905B0002FA03F33A6913433B617B683A6989
S31508045DA01A603B685B6803F44033002B00F0A68056
S31508045DB05B4B1B6E5A4A43F001031366584B1B6E22
S31508045DC003F00103BB60BB68564A7B699B08023330
S31508045DD052F823303B617B6903F003039B000F22CF
S31508045DE002FA03F3DB433A6913403B617B68B3F178
S31508045DF0904F1FD07B684C4A934219D07B684B4A14
S31508045E00934213D07B684A4A93420DD07B68494A29
S31508045E10934207D07B68484A934201D105230AE096
S31508045E20062308E0042306E0032304E0022302E031
S31508045E30012300E000237A6902F0030292009340EA
S31508045E403A6913433B6137497B699B0802333A69CC
S31508045E5041F82320394B9B683B61FB68DB433A696D
S31508045E6013403B613B685B6803F48013002B03D043
S31508045E703A69FB6813433B61304A3B6993602F4B8D
S31508045E80DB683B61FB68DB433A6913403B613B686B
S31508045E905B6803F40013002B03D03A69FB681343C9
S31508045EA03B61264A3B69D360244B5B683B61FB68CC
S31508045EB0DB433A6913403B613B685B6803F4003390
S31508045EC0002B03D03A69FB6813433B611B4A3B69C1
S31508045ED053601A4B1B683B61FB68DB433A69134002
S31508045EE03B613B685B6803F48033002B03D03A6953
S31508045EF0FB6813433B61114A3B6913607B690133B1
S31508045F007B613B681A687B6922FA03F3002B7FF4EA
S31508045F109DAE00BF00BF1C37BD465DF8047B7047C5
S31508045F200010024000000140000400480008004830
S31508045F30000C004800100048001400480004014002
S31508045F4080B485B000AF78600B467B807B681A699D
S31508045F507B881340002B02D00123FB7301E0002346
S31508045F60FB73FB7B18461437BD465DF8047B704704
S31508045F7080B483B000AF78600B467B8013467B7091
S31508045F807B78002B03D07A887B689A6102E07A884A
S31508045F907B689A6200BF0C37BD465DF8047B704780
S31508045FA080B582B000AF0346FB80084B5A69FB886C
S31508045FB01340002B06D0054AFB885361FB88184614
S31508045FC010F06CFD00BF0837BD4680BD00040140D3
S31508045FD080B582B000AF78607B68002B01D10123BD
S31508045FE08DE07B6893F84130DBB2002B06D17B68E1
S31508045FF0002283F840207868FBF714FE7B68242285
S3150804600083F841207B681B681A687B681B6822F042
S3150804601001021A607B685A687B681B6822F0706202
S315080460201A617B681B689A687B681B6822F40042BD
S315080460309A607B68DB68012B07D17B689A687B6862
S315080460401B6842F400429A6006E07B689A687B689B
S315080460501B6842F404429A607B68DB68022B08D109
S315080460607B681B685A687B681B6842F400625A603E
S3150804607007E07B681B685A687B681B6822F4006221
S315080460805A607B681B685B687A68126843F0007319
S3150804609043F4004353607B681B68DA687B681B68B3
S315080460A022F40042DA607B681A697B685B6942EA13
S315080460B003017B689B691A027B681B680A43DA60DA
S315080460C07B68D9697B681A6A7B681B680A431A6005
S315080460D07B681B681A687B681B6842F001021A60B1
S315080460E07B6800225A647B68202283F841207B68F7
S315080460F000221A637B68002283F84220002318468C
S315080461000837BD4680BD000080B588B002AFF86088
S315080461107A601A460B467B8113463B81FB6893F8E3
S315080461204130DBB2202B40F0FD80FB6893F8403009
S31508046130012B01D10223F6E0FB68012283F84020F3
S31508046140FDF7CCF938613B690093192301224FF412
S315080461500041F86800F00AFA0346002B01D001232F
S31508046160E1E0FB68212283F84120FB68102283F8CA
S315080461704220FB6800225A64FB687A685A62FB6804
S315080461803A895A85FB6800225A63FB685B8D9BB281
S31508046190FF2B06D9FB68FF221A854FF080737B61B3
S315080461A007E0FB685B8D9AB2FB681A854FF00073AB
S315080461B07B61FB681B8D002B24D0FB685B6A1A780D
S315080461C0FB681B689A62FB685B6A5A1CFB685A621E
S315080461D0FB685B8D9BB2013B9AB2FB685A85FB68E8
S315080461E01B8D013B9AB2FB681A85FB681B8DDBB2D3
S315080461F00133DAB279894E4B00937B69F86800F06B
S3150804620005FC66E0FB681B8DDAB27989484B009376
S315080462107B69F86800F0FAFB5BE03A69396AF86862
S3150804622000F0FDF90346002B01D001237BE0FB684F
S315080462305B6A1A78FB681B689A62FB685B6A5A1C75
S31508046240FB685A62FB685B8D9BB2013B9AB2FB689A
S315080462505A85FB681B8D013B9AB2FB681A85FB6855
S315080462605B8D9BB2002B34D0FB681B8D002B30D181
S315080462703B6900933B6A00228021F86800F076F9AE
S315080462800346002B01D001234DE0FB685B8D9BB2CE
S31508046290FF2B0ED9FB68FF221A85FB681B8DDAB221
S315080462A07989002300934FF08073F86800F0AEFBF9
S315080462B00FE0FB685B8D9AB2FB681A85FB681B8D39
S315080462C0DAB27989002300934FF00073F86800F076
S315080462D09DFBFB685B8D9BB2002B9ED13A69396A9C
S315080462E0F86800F0E3F90346002B01D001231AE00D
S315080462F0FB681B682022DA61FB681B685968FB681F
S315080463001A680C4B0B405360FB68202283F8412023
S31508046310FB68002283F84220FB68002283F84020A9
S31508046320002300E0022318461837BD4680BD00BF87
S315080463300020008000E800FE80B588B002AFF8604F
S315080463407A601A460B467B8113463B81FB6893F8B1
S315080463504130DBB2202B40F0DB80FB6893F84030F9
S31508046360012B01D10223D4E0FB68012283F84020E3
S31508046370FDF7B4F878617B690093192301224FF479
S315080463800041F86800F0F2F80346002B01D0012317
S31508046390BFE0FB68222283F84120FB68102283F8B9
S315080463A04220FB6800225A64FB687A685A62FB68D2
S315080463B03A895A85FB6800225A63FB685B8D9BB24F
S315080463C0FF2B0ED9FB68FF221A85FB681B8DDAB2F0
S315080463D07989524B00934FF08073F86800F016FBE6
S315080463E06DE0FB685B8D9AB2FB681A85FB681B8DAA
S315080463F0DAB27989494B00934FF00073F86800F0D4
S3150804640005FB5CE07A69396AF86800F093F9034693
S31508046410002B01D001237CE0FB681B685A6AFB68E1
S315080464205B6AD2B21A70FB685B6A5A1CFB685A62CA
S31508046430FB681B8D013B9AB2FB681A85FB685B8D6A
S315080464409BB2013B9AB2FB685A85FB685B8D9BB28B
S31508046450002B34D0FB681B8D002B30D17B6900934D
S315080464603B6A00228021F86800F080F80346002B76
S3150804647001D001234DE0FB685B8D9BB2FF2B0ED93F
S31508046480FB68FF221A85FB681B8DDAB2798900231B
S3150804649000934FF08073F86800F0B8FA0FE0FB68D1
S315080464A05B8D9AB2FB681A85FB681B8DDAB279890B
S315080464B0002300934FF00073F86800F0A7FAFB680E
S315080464C05B8D9BB2002B9DD17A69396AF86800F016
S315080464D0EDF80346002B01D001231AE0FB681B687C
S315080464E02022DA61FB681B685968FB681A680C4B3A
S315080464F00B405360FB68202283F84120FB68002286
S3150804650083F84220FB68002283F84020002300E039
S31508046510022318461837BD4680BD00BF00240080F4
S3150804652000E800FE80B483B000AF78607B681B681F
S315080465309B6903F00203022B03D17B681B680022C4
S315080465409A627B681B689B6903F00103012B07D0D9
S315080465507B681B689A697B681B6842F001029A612A
S3150804656000BF0C37BD465DF8047B704780B584B020
S3150804657000AFF860B9603B601346FB713BE0BA694B
S315080465803968F86800F062F90346002B01D0012344
S3150804659041E03B68B3F1FF3F2DD0FCF79FFF02466D
S315080465A0BB69D31A3A689A4202D33B68002B22D1B4
S315080465B0FB681B689A69BB681340BA689A420CBFA1
S315080465C001230023DBB21A46FB799A4213D1FB68EE
S315080465D05B6C43F02002FB685A64FB68202283F84C
S315080465E04120FB68002283F84220FB68002283F8D6
S315080465F0402001230FE0FB681B689A69BB681340B7
S31508046600BA689A420CBF01230023DBB21A46FB7907
S315080466109A42B4D0002318461037BD4680BD80B5CB
S3150804662084B000AFF860B9607A6033E07A68B96814
S31508046630F86800F00BF90346002B01D0012331E07A
S31508046640BB68B3F1FF3F25D0FCF748FF02467B68D9
S31508046650D31ABA689A4202D3BB68002B1AD1FB68CC
S315080466601B689B6903F00203022B13D0FB685B6C5F
S3150804667043F02002FB685A64FB68202283F8412011
S31508046680FB68002283F84220FB68002283F8402036
S31508046690012307E0FB681B689B6903F00203022BCE
S315080466A0C4D1002318461037BD4680BD80B584B0D2
S315080466B000AFF860B9607A602FE07A68B968F8685C
S315080466C000F0C4F80346002B01D001232DE0FCF7A3
S315080466D005FF02467B68D31ABA689A4202D3BB6896
S315080466E0002B1AD1FB681B689B6903F02003202B37
S315080466F013D0FB685B6C43F02002FB685A64FB68A2
S31508046700202283F84120FB68002283F84220FB6894
S31508046710002283F84020012307E0FB681B689B6975
S3150804672003F02003202BC8D1002318461037BD4692
S3150804673080BD000080B586B000AFF860B9607A60A5
S315080467400023FB7571E07A68B968F86800F07EF88A
S315080467500346002B01D00123FB75FB681B689B6964
S3150804676003F02003202B3BD1FB7D002B38D1FB689B
S315080467701B689B6903F00403042B05D1FB681B8D76
S31508046780002B01D00023FB75FB681B689B6903F08B
S315080467901003102B21D1FB681B681022DA61FB68F1
S315080467A004225A64FB681B682022DA61FB681B68AA
S315080467B05968FB681A68244B0B405360FB6820220F
S315080467C083F84120FB68002283F84220FB680022F4
S315080467D083F840200123FB7502E0FB6800225A6413
S315080467E0FCF77CFE02467B68D31ABA689A4202D33F
S315080467F0BB68002B19D1FB7D002B16D1FB681B68DF
S315080468009B6903F00403042B0FD0FB685B6C43F00D
S315080468102002FB685A64FB68202283F84120FB683F
S31508046820002283F840200123FB75FB681B689B69DB
S3150804683003F00403042B02D0FB7D002B83D0FB7DDD
S3150804684018461837BD4680BD00E800FE80B58AB0F4
S3150804685000AFF860B9607A60002387F82730FB68D0
S315080468601B689B69BB6100233B627B68FB61BB6950
S3150804687003F01003002B68D0FB681B681022DA614A
S3150804688049E0BB68B3F1FF3F45D0FCF727FE024653
S31508046890FB69D31ABA689A4202D3BB68002B3AD169
S315080468A0FB681B685B6803F480437B61FB6893F8A9
S315080468B04230FB74FB681B689B6903F40043B3F519
S315080468C0004F21D17B69B3F5804F1DD0FB7C202B6B
S315080468D01AD0FB681B685A68FB681B6842F4804236
S315080468E05A60FCF7FBFDF8610EE0FCF7F7FD02467B
S315080468F0FB69D31A192B07D93B6A43F020033B6279
S31508046900012387F8273006E0FB681B689B6903F0B8
S315080469102003202BE9D1FB681B689B6903F020033D
S31508046920202B03D097F82730002BAAD097F82730C6
S31508046930002B03D1FB681B682022DA613B6A43F00B
S3150804694004033B62012387F82730FB681B689B69AD
S31508046950BB61BB6903F48073002B0BD03B6A43F01D
S3150804696001033B62FB681B684FF48072DA610123FA
S3150804697087F82730BB6903F48063002B0BD03B6A86
S3150804698043F008033B62FB681B684FF48062DA61D4
S31508046990012387F82730BB6903F40073002B0BD057
S315080469A03B6A43F002033B62FB681B684FF40072C0
S315080469B0DA61012387F8273097F82730002B1CD093
S315080469C0F868FFF7AFFDFB681B685968FB681A6827
S315080469D00D4B0B405360FB685A6C3B6A1A43FB68C1
S315080469E05A64FB68202283F84120FB68002283F856
S315080469F04220FB68002283F8402097F8273018467F
S31508046A002837BD4680BD00BF00E800FE80B487B0C5
S31508046A1000AFF8607B600B467B8113467B727B89EB
S31508046A20C3F309027B7A1B0403F47F031A437B68C6
S31508046A301A433B6A134323F000437B61FB681B68D4
S31508046A405A683B6A5B0D03F48061084B0B43DB43CE
S31508046A5002EA0301FB681B687A690A435A6000BFA5
S31508046A601C37BD465DF8047B704700BFFF63FF0310
S31508046A7080B483B000AF786039607B6893F841309E
S31508046A80DBB2202B38D17B6893F84030012B01D137
S31508046A90022332E07B68012283F840207B682422A3
S31508046AA083F841207B681B681A687B681B6822F098
S31508046AB001021A607B681B681A687B681B6822F4E3
S31508046AC080521A607B681B6819687B681B683A6879
S31508046AD00A431A607B681B681A687B681B6842F05D
S31508046AE001021A607B68202283F841207B68002211
S31508046AF083F84020002300E0022318460C37BD46DD
S31508046B005DF8047B704780B485B000AF786039605F
S31508046B107B6893F84130DBB2202B39D17B6893F834
S31508046B204030012B01D1022333E07B68012283F82C
S31508046B3040207B68242283F841207B681B681A68F6
S31508046B407B681B6822F001021A607B681B681B6855
S31508046B50FB60FB6823F47063FB603B681B02FA68FE
S31508046B601343FB607B681B68FA681A607B681B68BA
S31508046B701A687B681B6842F001021A607B68202247
S31508046B8083F841207B68002283F84020002300E034
S31508046B90022318461437BD465DF8047B7047000087
S31508046BA080B400AF054B1B68044A43F48073136032
S31508046BB000BFBD465DF8047B704700BF0070004007
S31508046BC080B483B000AF78602B4B5B6823F00E0269
S31508046BD07B681B68284913434B60284B5B68274A24
S31508046BE023F480335360254B1B68244A23F48033EB
S31508046BF01360224BDB68214A23F48033D3601F4B8E
S31508046C009B681E4A23F4803393607B685B6803F4AD
S31508046C108033002B05D0194B1B68184A43F480337C
S31508046C2013607B685B6803F40033002B05D0134BB1
S31508046C305B68124A43F4803353607B685B6803F0ED
S31508046C400103002B05D00D4B9B680C4A43F4803393
S31508046C5093607B685B6803F00203002B05D0074B3F
S31508046C60DB68064A43F48033D360002318460C379E
S31508046C70BD465DF8047B704700700040000401407F
S31508046C8080B400AF054B5B68044A43F001035360C4
S31508046C9000BFBD465DF8047B704700BF0070004026
S31508046CA080B485B000AF78607B68002B41D14B4B2C
S31508046CB01B6803F4C063B3F5806F31D1474BD3F82F
S31508046CC08030464A23F48073C2F88030434B1B68ED
S31508046CD023F4C063414A43F400731360404B1B68B2
S31508046CE0322202FB03F33F4AA2FB03239B0C013324
S31508046CF0FB6002E0FB68013BFB60384B5B6903F40D
S31508046D008063B3F5806F02D1FB68002BF2D1334B55
S31508046D105B6903F48063B3F5806F58D1032357E0A6
S31508046D202E4BD3F880302D4A23F48073C2F8803072
S31508046D304DE07B68B3F5007F41D1284B1B6803F40B
S31508046D40C063B3F5806F31D1244BD3F88030234A1E
S31508046D5043F48073C2F88030204B1B6823F4C06365
S31508046D601E4A43F4007313601D4B1B68322202FB50
S31508046D7003F31C4AA2FB03239B0C0133FB6002E0CA
S31508046D80FB68013BFB60154B5B6903F48063B3F551
S31508046D90806F02D1FB68002BF2D1104B5B6903F4B8
S31508046DA08063B3F5806F12D1032311E00B4BD3F83C
S31508046DB080300A4A43F48073C2F8803007E0074BF0
S31508046DC01B6823F4C063054A43F4806313600023F5
S31508046DD018461437BD465DF8047B704700700040BA
S31508046DE00400002083DE1B4380B400AF054B9B6878
S31508046DF0044A43F48043936000BFBD465DF8047BB0
S31508046E00704700BF0070004080B588B000AF786056
S31508046E107B68002B01D10123FEE27B681B6803F023
S31508046E200103002B75D0974B9B6803F00C03BB61D9
S31508046E30944BDB6803F003037B61BB690C2B02D11B
S31508046E407B69032B02D0BB69082B0BD18D4B1B68BE
S31508046E5003F40033002B5BD07B685B68002B57D1A7
S31508046E600123D9E27B685B68B3F5803F06D1854B7D
S31508046E701B68844A43F4803313601DE07B685B68AF
S31508046E80B3F5A02F0CD17F4B1B687E4A43F48023AD
S31508046E9013607C4B1B687B4A43F4803313600BE016
S31508046EA0784B1B68774A23F480331360754B1B6849
S31508046EB0744A23F4802313607B685B68002B13D021
S31508046EC0FCF70CFB386108E0FCF708FB02463B6953
S31508046ED0D31A642B01D903239EE26A4B1B6803F475
S31508046EE00033002BF0D014E0FCF7F8FA386108E018
S31508046EF0FCF7F4FA02463B69D31A642B01D9032337
S31508046F008AE2604B1B6803F40033002BF0D100E0DF
S31508046F1000BF7B681B6803F00203002B75D0594B2E
S31508046F209B6803F00C03BB61564BDB6803F0030351
S31508046F307B61BB690C2B02D17B69022B02D0BB692E
S31508046F40042B1FD14F4B1B6803F48063002B05D019
S31508046F507B68DB68002B01D101235DE2494B5B6842
S31508046F6023F0FE427B681B691B06464913434B60A4
S31508046F70454B1B681846FCF765FA0346002B43D0B5
S31508046F80012349E27B68DB68002B23D03D4B1B6851
S31508046F903C4A43F480731360FCF7A0FA386108E0AE
S31508046FA0FCF79CFA02463B69D31A022B01D9032340
S31508046FB032E2344B1B6803F48063002BF0D0314B68
S31508046FC05B6823F0FE427B681B691B062D49134345
S31508046FD04B601AE02B4B1B682A4A23F48073136010
S31508046FE0FCF77CFA386108E0FCF778FA02463B6954
S31508046FF0D31A022B01D903230EE2224B1B6803F48E
S315080470008063002BF0D100E000BF7B681B6803F0A7
S315080470100803002B41D07B685B69002B1CD0194BF5
S31508047020D3F89430174A43F00103C2F89430FCF7B6
S3150804703055FA386108E0FCF751FA02463B69D31A57
S31508047040022B01D90323E7E10E4BD3F8943003F05E
S315080470500203002BEFD020E00A4BD3F89430094AF8
S3150804706023F00103C2F89430FCF738FA38610DE0CE
S31508047070FCF734FA02463B69D31A022B06D90323D2
S31508047080CAE100BF00100240080000208C4BD3F868
S31508047090943003F00203002BEAD17B681B6803F0E3
S315080470A00403002B00F0A6800023FB77844B9B6D1A
S315080470B003F08053002B01D1012300E00023002BA9
S315080470C00DD07F4B9B6D7E4A43F0805393657C4B72
S315080470D09B6D03F08053FB60FB680123FB77794BB8
S315080470E01B6803F48073002B18D1764B1B68754A0A
S315080470F043F480731360FCF7F1F9386108E0FCF790
S31508047100EDF902463B69D31A022B01D9032383E11D
S315080471106C4B1B6803F48073002BF0D07B689B6868
S31508047120012B08D1664BD3F89030654A43F0010326
S31508047130C2F8903024E07B689B68052B10D1604B1D
S31508047140D3F890305E4A43F00403C2F890305C4B9F
S31508047150D3F890305A4A43F00103C2F890300FE04E
S31508047160574BD3F89030564A23F00103C2F89030AF
S31508047170534BD3F89030524A23F00403C2F89030A4
S315080471807B689B68002B16D0FCF7A8F938610AE0DF
S31508047190FCF7A4F902463B69D31A41F288329342B2
S315080471A001D9032338E1464BD3F8903003F00203A0
S315080471B0002BEDD015E0FCF791F938610AE0FCF7ED
S315080471C08DF902463B69D31A41F28832934201D9B2
S315080471D0032321E13A4BD3F8903003F00203002B42
S315080471E0EDD1FB7F012B05D1354B9B6D344A23F03A
S315080471F0805393657B681B6803F02003002B3CD0FF
S315080472007B689B69002B1CD02D4BD3F898302C4AED
S3150804721043F00103C2F89830FCF760F9386108E0D6
S31508047220FCF75CF902463B69D31A022B01D90323FE
S31508047230F2E0234BD3F8983003F00203002BEFD087
S315080472401BE01F4BD3F898301D4A23F00103C2F8FC
S315080472509830FCF743F9386108E0FCF73FF9024631
S315080472603B69D31A022B01D90323D5E0144BD3F86F
S31508047270983003F00203002BEFD17B68DB69002BFF
S3150804728000F0C9800E4B9B6803F00C030C2B00F02E
S3150804729083807B68DB69022B5ED1094B1B68084A2D
S315080472A023F080731360FCF719F938610CE0FCF7D6
S315080472B015F902463B69D31A022B05D90323ABE019
S315080472C00010024000700040554B1B6803F0007321
S315080472D0002BECD1524BDA68524B13407A68116A88
S315080472E07A68526A013A120111437A68926A12025A
S315080472F011437A68126B5208013A520511437A68A7
S31508047300526B5208013A520611437A68D26AD20677
S315080473100A4343491343CB60414B1B68404A43F035
S31508047320807313603E4BDB683D4A43F08073D36039
S31508047330FCF7D4F8386108E0FCF7D0F802463B6954
S31508047340D31A022B01D9032366E0354B1B6803F0D5
S315080473500073002BF0D05EE0314B1B68304A23F0F3
S3150804736080731360FCF7BAF8386108E0FCF7B6F8DE
S3150804737002463B69D31A022B01D903234CE0284B56
S315080473801B6803F00073002BF0D1254BDA682449F7
S31508047390254B1340CB603EE07B68DB69012B01D1AA
S315080473A0012339E01E4BDB687B617B6903F003022A
S315080473B07B681B6A9A422CD17B6903F0F0027B68CE
S315080473C05B6A013B1B019A4223D17B6903F4FE42A3
S315080473D07B689B6A1B029A421BD17B6903F078423D
S315080473E07B68DB6ADB069A4213D17B6903F4C00225
S315080473F07B681B6B5B08013B5B059A4209D17B6979
S3150804740003F0C0627B685B6B5B08013B5B069A42D0
S3150804741001D0012300E0002318462037BD4680BD6D
S31508047420001002400C809F01FCFFEEFE80B586B07A
S3150804743000AF7860396000237B617B68002B01D13B
S3150804744001231EE1914B1B6803F00F033A689A4225
S3150804745010D98E4B1B6823F00F028C493B681343E3
S315080474600B608A4B1B6803F00F033A689A4201D0F3
S31508047470012306E17B681B6803F00103002B73D024
S315080474807B685B68032B29D1814B1B6803F0007367
S31508047490002B01D10123F4E000F09EF938613B6921
S315080474A07C4A93423FD97A4B9B6803F0F003002B3E
S315080474B009D07B681B6803F00203002B33D07B6872
S315080474C09B68002B2FD1724B9B6823F0F003704AFC
S315080474D043F08003936080237B6124E07B685B68C8
S315080474E0022B07D16A4B1B6803F40033002B09D11E
S315080474F00123C6E0664B1B6803F48063002B01D1A5
S315080475000123BEE000F0CEF838613B69614A934234
S3150804751009D95F4B9B6823F0F0035D4A43F0800367
S31508047520936080237B615A4B9B6823F003027B6834
S315080475305B68574913438B60FBF7D0FFF8600AE092
S31508047540FBF7CCFF0246FB68D31A41F28832934212
S3150804755001D9032395E04E4B9B6803F00C027B6824
S315080475605B689B009A42EBD17B681B6803F00203B5
S31508047570002B23D07B681B6803F00403002B05D07B
S31508047580434B9B68424A43F4E06393607B681B68F9
S3150804759003F00803002B07D03D4B9B6823F47C5368
S315080475A03B4A43F4E0639360394B9B6823F0F0024B
S315080475B07B689B68364913438B6008E07B69802B9C
S315080475C005D1334B9B68324A23F0F00393602F4B63
S315080475D01B6803F00F033A689A421DD22B4B1B68AB
S315080475E023F00F0229493B6813430B60FBF776FF28
S315080475F0F8600AE0FBF772FF0246FB68D31A41F209
S315080476008832934201D903233BE0204B1B6803F0DD
S315080476100F033A689A42EDD17B681B6803F00403AA
S31508047620002B08D01A4B9B6823F4E0627B68DB685E
S31508047630174913438B607B681B6803F00803002B08
S3150804764009D0134B9B6823F460527B681B69DB00E3
S315080476500F4913438B6000F025F802460C4B9B68D0
S315080476601B0903F00F030C49CB5C03F01F0322FA32
S3150804767003F30A4A13600A4B1B681846FBF7E2FE33
S31508047680034618461837BD4680BD00BF0020024091
S315080476900010024000B4C404F0F8060804000020F0
S315080476A00800002080B487B000AF2C4B9B6803F019
S315080476B00C03042B02D12A4B3B6147E0274B9B68FA
S315080476C003F00C03082B02D1264B3B613EE0234B07
S315080476D09B6803F00C030C2B36D1204BDB6803F0B4
S315080476E00303FB601D4BDB681B0903F00F0301331F
S315080476F0BB60FB68032B0CD11A4ABB68B2FBF3F3D5
S31508047700164AD268120A02F07F0202FB03F37B616F
S315080477100CE0134ABB68B2FBF3F3104AD268120AA8
S3150804772002F07F0202FB03F37B6100BF0B4BDB68AD
S315080477305B0E03F0030301335B007B607A697B68A5
S31508047740B2FBF3F33B6101E000233B613B69184656
S315080477501C37BD465DF8047B704700BF0010024025
S315080477600024F40000127A0080B400AF034B1B68AF
S315080477701846BD465DF8047B704700BF0400002028
S3150804778080B500AFFFF7F0FF0246064B9B681B0A5D
S3150804779003F007030449CB5C03F01F0322FA03F33F
S315080477A0184680BD0010024000F9060880B500AFEF
S315080477B0FFF7DAFF0246064B9B68DB0A03F007036A
S315080477C00449CB5C03F01F0322FA03F3184680BD71
S315080477D00010024000F9060880B487B000AF1E4BBB
S315080477E0DB6803F003033B611B4BDB681B0903F0EF
S315080477F00F030133FB603B69032B0CD1174AFB6863
S31508047800B2FBF3F3144AD268120A02F07F0202FBAF
S3150804781003F37B610CE0124AFB68B2FBF3F30E4AEE
S31508047820D268120A02F07F0202FB03F37B6100BFEF
S31508047830094BDB685B0E03F0030301335B00BB6093
S315080478407A69BB68B2FBF3F37B607B6818461C371E
S31508047850BD465DF8047B70470010024000127A00AA
S315080478600024F40080B586B000AF78600023FB746A
S315080478700023BB747B681B6803F40023002B00F009
S31508047880988000237B74434B9B6D03F08053002B35
S315080478900DD1404B9B6D3F4A43F0805393653D4B56
S315080478A09B6D03F08053BB60BB6801237B743A4B22
S315080478B01B68394A43F480731360FBF70FFEF860BC
S315080478C009E0FBF70BFE0246FB68D31A022B02D922
S315080478D00323FB7405E0304B1B6803F48073002B09
S315080478E0EFD0FB7C002B59D12A4BD3F8903003F404
S315080478F040737B617B69002B1ED07B681B6D7A699C
S315080479009A4219D0234BD3F8903023F440737B6101
S31508047910204BD3F890301F4A43F48033C2F8903092
S315080479201C4BD3F890301B4A23F48033C2F89030AA
S31508047930184A7B69C2F890307B6903F00103002B6F
S3150804794016D0FBF7CBFDF8600BE0FBF7C7FD024644
S31508047950FB68D31A41F28832934202D90323FB7493
S3150804796006E00C4BD3F8903003F00203002BECD05E
S31508047970FB7C002B0BD1074BD3F8903023F44072D1
S315080479807B681B6D03491343C1F8903008E0FB7C00
S31508047990BB7405E00010024000700040FB7CBB7419
S315080479A07B7C012B05D1A74B9B6DA64A23F08053FC
S315080479B093657B681B6803F00103002B0AD0A14B6F
S315080479C0D3F8883023F003027B685B689D49134328
S315080479D0C1F888307B681B6803F00203002B0AD0C1
S315080479E0984BD3F8883023F00C027B689B6895493A
S315080479F01343C1F888307B681B6803F00403002B23
S31508047A000AD0904BD3F8883023F030027B68DB68C1
S31508047A108C491343C1F888307B681B6803F0080354
S31508047A20002B0AD0874BD3F8883023F0C0027B6832
S31508047A301B6984491343C1F888307B681B6803F0C3
S31508047A401003002B0AD07F4BD3F8883023F44072F6
S31508047A507B685B697B491343C1F888307B681B687C
S31508047A6003F02003002B0AD0764BD3F8883023F48E
S31508047A7040627B689B6973491343C1F888307B6805
S31508047A801B6803F04003002B0AD06E4BD3F88830EA
S31508047A9023F440527B68DB696A491343C1F888308A
S31508047AA07B681B6803F08003002B0AD0654BD3F868
S31508047AB0883023F440427B681B6A62491343C1F841
S31508047AC088307B681B6803F48073002B0AD05D4BEF
S31508047AD0D3F8883023F440327B685B6A59491343E8
S31508047AE0C1F888307B681B6803F40033002B0AD07E
S31508047AF0544BD3F89C3023F003027B689B6A5149A4
S31508047B001343C1F89C307B681B6803F40073002B8D
S31508047B100AD04C4BD3F8883023F440227B68DB6ABE
S31508047B2048491343C1F888307B681B6803F48063AB
S31508047B30002B15D0434BD3F8883023F440127B68C6
S31508047B401B6B40491343C1F888307B681B6BB3F53C
S31508047B50801F05D13B4BDB683A4A43F48013D36054
S31508047B607B681B6803F40063002B15D0354BD3F8E8
S31508047B70883023F440027B685B6B32491343C1F8AF
S31508047B8088307B685B6BB3F5800F05D12D4BDB68BA
S31508047B902C4A43F48013D3607B681B6803F4805330
S31508047BA0002B15D0274BD3F8883023F040727B6816
S31508047BB09B6B24491343C1F888307B689B6BB3F1EC
S31508047BC0807F05D11F4BDB681E4A43F48013D360BC
S31508047BD07B681B6803F40053002B15D0194BD3F8A4
S31508047BE0883023F040627B68DB6B16491343C1F87F
S31508047BF088307B68DB6BB3F1006F05D1114BDB680A
S31508047C00104A43F48013D3607B681B6803F48043EB
S31508047C10002B19D00B4BD3F8883023F040627B68CD
S31508047C201B6C08491343C1F888307B681B6CB3F195
S31508047C30006F09D1034BDB68024A43F48013D3600F
S31508047C4002E000BF001002407B681B6803F400438F
S31508047C50002B15D0294BD3F8883023F040527B6883
S31508047C605B6C26491343C1F888307B685B6CB3F1B7
S31508047C70805F05D1214BDB68204A43F48033D36007
S31508047C807B681B6803F48033002B15D01B4BD3F891
S31508047C90883023F040427B689B6C18491343C1F82B
S31508047CA088307B689B6CB3F1804F05D1134BDB6836
S31508047CB0124A43F48033D3607B681B6803F4802339
S31508047CC0002B15D00D4BD3F89C3023F440127B6857
S31508047CD0DB6C0A491343C1F89C307B68DB6CB3F54B
S31508047CE0001F05D1054BDB68044A43F48013D360AF
S31508047CF0BB7C18461837BD4680BD00BF001002403D
S31508047D0080B485B000AF78601C4B9B6B1B4A43F468
S31508047D1080739363194B9B6B184A23F4807393639C
S31508047D207B681A687B685B681A437B689B6813439D
S31508047D30FB607B68DB68FA681343FB607B681B6936
S31508047D401B04FA681343FB600D4AFB6853600C4B2B
S31508047D501B6823F4FE427B685B691B0208491343CC
S31508047D600B60074B1B68064A43F06003136000BFA9
S31508047D701437BD465DF8047B704700BF0010024007
S31508047D800020004080B584B000AF78600123FB73FF
S31508047D907B68002B70D07B6893F82530DBB2002B08
S31508047DA006D17B68002283F824207868FAF7DAF982
S31508047DB07B68022283F825207B681B68DB6803F04E
S31508047DC01003102B4FD07B681B68CA225A627B6843
S31508047DD01B6853225A62786800F044FA0346FB7318
S31508047DE0FB7B002B26D17B681B689B697A68126823
S31508047DF023F08E6323F0400393617B681B689969BB
S31508047E007B685A687B681B691A437B689B691A43B3
S31508047E107B681B680A439A617B68D9687B689B6898
S31508047E201A047B681B680A431A61786800F050FADA
S31508047E300346FB73FB7B002B10D17B681B689B698D
S31508047E4023F060417B681A6A7B68DB691A437B689E
S31508047E505B691A437B681B680A439A617B681B68DB
S31508047E60FF225A6201E00023FB73FB7B002B03D13C
S31508047E707B68012283F82520FB7B18461037BD460C
S31508047E8080BD90B587B000AFF860B9607A60FB68CA
S31508047E9093F82430012B01D102238BE0FB680122DD
S31508047EA083F82420FB68022283F82520FB681B68D4
S31508047EB0CA225A62FB681B6853225A62F86800F0A1
S31508047EC0D1F90346FB74FB7C002B63D17B68002B3A
S31508047ED026D1FB681B689B6903F04003002B02D17B
S31508047EE0BB680022DA70BB681B78184600F033FAC0
S31508047EF003461C04BB685B78184600F02CFA034654
S31508047F001B021C43BB689B78184600F024FA0346F8
S31508047F1044EA0302BB68DB789B0513437B6118E0DC
S31508047F20FB681B689B6903F04003002B02D1BB68FE
S31508047F300022DA70BB681B781A04BB685B781B02DC
S31508047F401343BA6892781A43BB68DB789B051343D4
S31508047F507B61FB681A687B6903F07F3323F0FE4371
S31508047F601360FB681B689A69FB681B6822F4802205
S31508047F709A61FB681B689969BB68DA68BB681B6900
S31508047F801A43FB681B680A439A61F86800F0A0F96B
S31508047F900346FB74FB681B68FF225A62FB7C002BB2
S31508047FA003D1FB68012283F82520FB68002283F8A5
S31508047FB02420FB7C18461C37BD4690BD80B586B088
S31508047FC000AFF860B9607A60FB681B689A68BB689A
S31508047FD05A60FB681B681B69C3F30E02BB689A6088
S31508047FE0FB681B681B6803F07F3323F0FE437B6141
S31508047FF07B691B0CDBB203F03F03DAB2BB681A7069
S315080480007B691B0ADBB203F07F03DAB2BB685A70DA
S315080480107B69DBB203F07F03DAB2BB689A707B69CB
S315080480209B0DDBB203F00103DAB2BB68DA707B6836
S31508048030002B1AD1BB681B78184600F0ACF9034626
S315080480401A46BB681A70BB685B78184600F0A3F931
S3150804805003461A46BB685A70BB689B78184600F0F4
S315080480609AF903461A46BB689A70002318461837C5
S31508048070BD4680BD90B587B000AFF860B9607A6038
S31508048080FB6893F82430012B01D1022375E0FB68C1
S31508048090012283F82420FB68022283F825207B68C2
S315080480A0002B0ED1BB685B7803F01003002B08D0B5
S315080480B0BB685B7823F01003DBB20A33DAB2BB6819
S315080480C05A707B68002B1CD1BB68DB78184600F015
S315080480D042F903461C04BB685B78184600F03BF972
S315080480E003461B021C43BB689B78184600F033F909
S315080480F0034644EA0302BB681B785B0313437B61AC
S315080481000EE0BB68DB781A04BB685B781B02134372
S31508048110BA6892781A43BB681B785B0313437B617E
S31508048120FB681B68CA225A62FB681B6853225A6298
S31508048130F86800F097F80346FB74FB7C002B0CD117
S31508048140FB681A687B6923F07F4323F0C0035360F6
S31508048150F86800F0BDF80346FB74FB681B68FF2249
S315080481605A62FB7C002B03D1FB68012283F8252085
S31508048170FB68002283F82420FB7C18461C37BD467E
S3150804818090BD80B586B000AFF860B9607A60FB68C8
S315080481901B685B6823F07F4323F0C0037B617B691C
S315080481A01B0CDAB2BB68DA707B691B0ADBB203F014
S315080481B01F03DAB2BB685A707B69DBB203F03F036C
S315080481C0DAB2BB689A707B695B0BDBB203F0070310
S315080481D0DAB2BB681A707B68002B1AD1BB68DB78E5
S315080481E0184600F0D8F803461A46BB68DA70BB6826
S315080481F05B78184600F0CFF803461A46BB685A70EF
S31508048200BB689B78184600F0C6F803461A46BB684E
S315080482109A70002318461837BD4680BD80B584B0C9
S3150804822000AF78607B681B680D4ADA60FBF756F97D
S31508048230F86009E0FBF752F90246FB68D31AB3F56E
S315080482407A7F01D9032307E07B681B68DB6803F0A0
S315080482502003002BEED0002318461037BD4680BDF8
S315080482605F00010080B584B000AF78600023FB731B
S315080482707B681B68DB6803F04003002B23D17B680B
S315080482801B68DA687B681B6842F08002DA60FBF7D1
S3150804829025F9B8600DE0FBF721F90246BB68D31A45
S315080482A0B3F57A7F05D90323FB737B68032283F826
S315080482B025207B681B68DB6803F04003002B02D18A
S315080482C0FB7B032BE7D1FB7B18461037BD4680BDE5
S315080482D080B584B000AF78600023FB737B681B68A5
S315080482E0DA687B681B6822F08002DA607B681B68A0
S315080482F09B6903F02003002B0CD17868FFF78EFFE7
S315080483000346002B22D07B68032283F82520032307
S31508048310FB731BE07B681B689A697B681B6822F001
S3150804832020029A617868FFF779FF0346002B05D087
S315080483307B68032283F825200323FB737B681B6869
S315080483409A697B681B6842F020029A61FB7B18468F
S315080483501037BD4680BD80B485B000AF0346FB71B7
S315080483600023FB60FB79FB7205E0FB680133FB60C5
S31508048370FB7A0A3BFB72FB7A092BF6D8FB68DBB25D
S315080483801B01DAB2FB7A1343DBB218461437BD462F
S315080483905DF8047B704780B485B000AF0346FB7173
S315080483A0FB791B09DBB21A4613469B0013445B0090
S315080483B0FB60FB68DAB2FB7903F00F03DBB2134404
S315080483C0DBB218461437BD465DF8047B70470000D7
S315080483D080B487B000AFF860B9607A60074B7B61F8
S315080483E0BB689B007A6913447B617B697A681A6067
S315080483F000BF1C37BD465DF8047B70470025004066
S3150804840080B485B000AF78603960074BFB603B6881
S315080484109B00FA681344FB60FB681B68184614370C
S31508048420BD465DF8047B70470025004080B584B0DE
S3150804843000AF78607B68002B01D101239DE07B683F
S315080484405B6A002B08D17B685B68B3F5827F09D029
S315080484507B680022DA6105E07B6800221A617B6882
S3150804846000225A617B6800229A627B6893F85D3021
S31508048470DBB2002B06D17B68002283F85C2078687F
S31508048480F9F728FF7B68022283F85D207B681B685E
S315080484901A687B681B6822F040021A607B68DB68EE
S315080484A0B3F5E06F02D90023FB6002E04FF4805372
S315080484B0FB607B68DB68B3F5706F07D07B68DB68A5
S315080484C0B3F5E06F02D07B6800229A627B685B682A
S315080484D003F482727B689B6803F404431A437B683B
S315080484E01B6903F002031A437B685B6903F0010303
S315080484F01A437B689B6903F400731A437B68DB6938
S3150804850003F038031A437B681B6A03F0800342EAC4
S3150804851003017B689B6A03F400527B681B680A4361
S315080485201A607B689B691B0C03F004027B685B6A10
S3150804853003F010031A437B685B6B03F008031A43C2
S315080485407B68DB6803F4706342EA0301FB6803F49F
S3150804855080527B681B680A435A607B681B68DA6921
S315080485607B681B6822F40062DA617B6800221A665B
S315080485707B68012283F85D20002318461037BD4620
S3150804858080BD80B588B000AFF860B9603B6013461B
S31508048590FB80FAF7A3FFF861FB887B83FB6893F8F3
S315080485A05D30DBB2012B01D002235CE1BB68002BF2
S315080485B002D0FB88002B01D1012354E1FB6893F810
S315080485C05C30012B01D102234DE1FB68012283F8BB
S315080485D05C20FB68032283F85D20FB6800221A6688
S315080485E0FB68BA689A63FB68FA889A87FB68FA880C
S315080485F0DA87FB6800221A64FB680022A3F8442081
S31508048600FB680022A3F84620FB6800221A65FB686B
S315080486100022DA64FB689B68B3F5004F0FD1FB6848
S315080486201B681A68FB681B6822F040021A60FB681C
S315080486301B681A68FB681B6842F480421A60FB6868
S315080486401B681B6803F04003402B07D0FB681B68B4
S315080486501A68FB681B6842F040021A60FB68DB680C
S31508048660B3F5E06F52D9FB685B68002B02D07B8BAD
S31508048670012B45D1FB689B6B1A88FB681B68DA607B
S31508048680FB689B6B9A1CFB689A63FB68DB8F9BB23F
S31508048690013B9AB2FB68DA8732E0FB681B689B6881
S315080486A003F00203022B12D1FB689B6B1A88FB6842
S315080486B01B68DA60FB689B6B9A1CFB689A63FB6809
S315080486C0DB8F9BB2013B9AB2FB68DA8718E0FAF7AC
S315080486D005FF0246FB69D31A3A689A4203D83B68EF
S315080486E0B3F1FF3F02D13B68002B09D1FB68012295
S315080486F083F85D20FB68002283F85C200323B2E03C
S31508048700FB68DB8F9BB2002BC7D183E0FB685B68F1
S31508048710002B02D07B8B012B77D1FB68DB8F9BB2B6
S31508048720012B12D9FB689B6B1A88FB681B68DA60F5
S31508048730FB689B6B9A1CFB689A63FB68DB8F9BB28E
S31508048740023B9AB2FB68DA875FE0FB689A6BFB68C0
S315080487501B680C3312781A70FB689B6B5A1CFB68EF
S315080487609A63FB68DB8F9BB2013B9AB2FB68DA8794
S315080487704BE0FB681B689B6803F00203022B2BD1B2
S31508048780FB68DB8F9BB2012B12D9FB689B6B1A889B
S31508048790FB681B68DA60FB689B6B9A1CFB689A6328
S315080487A0FB68DB8F9BB2023B9AB2FB68DA872CE044
S315080487B0FB689A6BFB681B680C3312781A70FB68A3
S315080487C09B6B5A1CFB689A63FB68DB8F9BB2013B65
S315080487D09AB2FB68DA8718E0FAF780FE0246FB6964
S315080487E0D31A3A689A4203D83B68B3F1FF3F02D1D9
S315080487F03B68002B09D1FB68012283F85D20FB68DE
S31508048800002283F85C2003232DE0FB68DB8F9BB2F0
S31508048810002BAED1FA693968F86800F065FB03469F
S31508048820002B02D0FB6820221A66FB689B68002B83
S315080488300AD100237B61FB681B68DB687B61FB68E4
S315080488401B689B687B617B69FB68012283F85D2052
S31508048850FB68002283F85C20FB681B6E002B01D0A2
S31508048860012300E0002318462037BD4680BD80B5A5
S315080488708AB000AFF860B9607A607B8001237B62B6
S31508048880FAF72CFE3862FB6893F85D30FB77FB68D1
S315080488905B68BB617B88FB827B88BB82FB7F012B81
S315080488A00CD0BB69B3F5827F06D1FB689B68002BA5
S315080488B002D1FB7F042B01D00223F3E1BB68002B12
S315080488C005D07B68002B02D07B88002B01D10123BD
S315080488D0E8E1FB6893F85C30012B01D10223E1E15E
S315080488E0FB68012283F85C20FB6893F85D30DBB2F1
S315080488F0042B03D0FB68052283F85D20FB6800225D
S315080489001A66FB687A681A64FB687A88A3F84620AC
S31508048910FB687A88A3F84420FB68BA689A63FB68FC
S315080489207A88DA87FB687A889A87FB680022DA6489
S31508048930FB6800221A65FB68DB68B3F5E06F02D8AA
S31508048940BB8A012B08D9FB681B685A68FB681B6835
S3150804895022F480525A6007E0FB681B685A68FB6871
S315080489601B6842F480525A60FB681B681B6803F054
S315080489704003402B07D0FB681B681A68FB681B6812
S3150804898042F040021A60FB68DB68B3F5E06F40F218
S315080489908380FB685B68002B02D0FB8A012B6FD1AE
S315080489A0FB689B6B1A88FB681B68DA60FB689B6B21
S315080489B09A1CFB689A63FB68DB8F9BB2013B9AB2ED
S315080489C0FB68DA875CE0FB681B689B6803F00203B4
S315080489D0022B1BD1FB68DB8F9BB2002B16D07B6A5C
S315080489E0012B13D1FB689B6B1A88FB681B68DA603A
S315080489F0FB689B6B9A1CFB689A63FB68DB8F9BB2CC
S31508048A00013B9AB2FB68DA8700237B62FB681B6822
S31508048A109B6803F00103012B1CD1FB68B3F84630AD
S31508048A209BB2002B16D0FB681B68DA68FB681B6CC4
S31508048A3092B21A80FB681B6C9A1CFB681A64FB6862
S31508048A40B3F846309BB2013B9AB2FB68A3F84620BA
S31508048A5001237B62FAF742FD02463B6AD31A3A6B54
S31508048A609A420DD83B6BB3F1FF3F09D0FB6801224C
S31508048A7083F85D20FB68002283F85C20032311E158
S31508048A80FB68DB8F9BB2002B9DD1FB68B3F846309D
S31508048A909BB2002B97D1E5E0FB685B68002B03D0FB
S31508048AA0FB8A012B40F0D180FB68DB8F9BB2012B3C
S31508048AB012D9FB689B6B1A88FB681B68DA60FB682B
S31508048AC09B6B9A1CFB689A63FB68DB8F9BB2023B21
S31508048AD09AB2FB68DA87B8E0FB689A6BFB681B688E
S31508048AE00C3312781A70FB689B6B5A1CFB689A63E2
S31508048AF0FB68DB8F9BB2013B9AB2FB68DA87A4E07A
S31508048B00FB681B689B6803F00203022B34D1FB68DD
S31508048B10DB8F9BB2002B2FD07B6A012B2CD1FB68F1
S31508048B20DB8F9BB2012B12D9FB689B6B1A88FB68F7
S31508048B301B68DA60FB689B6B9A1CFB689A63FB6884
S31508048B40DB8F9BB2023B9AB2FB68DA8712E0FB68BA
S31508048B509A6BFB681B680C3312781A70FB689B6B5C
S31508048B605A1CFB689A63FB68DB8F9BB2013B9AB27B
S31508048B70FB68DA8700237B62FB681B689B6803F043
S31508048B800103012B48D1FB68B3F846309BB2002B8E
S31508048B9042D0FB68B3F846309BB2012B23D9FB6855
S31508048BA01B68DA68FB681B6C92B21A80FB681B6C3C
S31508048BB09A1CFB681A64FB68B3F846309BB2023BFE
S31508048BC09AB2FB68A3F84620FB68B3F846309BB212
S31508048BD0012B1FD8FB681B685A68FB681B6842F49C
S31508048BE080525A6016E0FB681B6803F10C02FB68A6
S31508048BF01B6C1278D2B21A70FB681B6C5A1CFB6881
S31508048C001A64FB68B3F846309BB2013B9AB2FB6818
S31508048C10A3F8462001237B62FAF760FC02463B6A06
S31508048C20D31A3A6B9A4203D83B6BB3F1FF3F02D18E
S31508048C303B6B002B09D1FB68012283F85D20FB6896
S31508048C40002283F85C2003232CE0FB68DB8F9BB2AD
S31508048C50002B7FF455AFFB68B3F846309BB2002B64
S31508048C607FF44EAF3A6A396BF86800F03DF903466B
S31508048C70002B08D0FB6820221A66FB68002283F8BA
S31508048C805C2001230EE0FB68012283F85D20FB6863
S31508048C90002283F85C20FB681B6E002B01D001239D
S31508048CA000E0002318462837BD4680BD80B588B045
S31508048CB000AFF860B9603B601346FB71FAF70EFC27
S31508048CC00246BB6A9B1A3A681344FB61FAF706FC28
S31508048CD0B861394B1B685B011B0DFA6902FB03F388
S31508048CE07B6154E03B68B3F1FF3F50D0FAF7F6FBDB
S31508048CF00246BB69D31AFA699A4202D9FB69002B60
S31508048D003DD1FB681B685A68FB681B6822F0E002C1
S31508048D105A60FB685B68B3F5827F11D1FB689B6870
S31508048D20B3F5004F04D0FB689B68B3F5806F07D191
S31508048D30FB681B681A68FB681B6822F040021A6005
S31508048D40FB689B6AB3F5005F0FD1FB681B681A685A
S31508048D50FB681B6822F400521A60FB681B681A68D1
S31508048D60FB681B6842F400521A60FB68012283F808
S31508048D705D20FB68002283F85C20032317E07B69E7
S31508048D80002B01D10023FB617B69013B7B61FB68F6
S31508048D901B689A68BB681340BA689A420CBF0123D9
S31508048DA00023DBB21A46FB799A429BD10023184664
S31508048DB02037BD4680BD00BF0400002080B58AB0B8
S31508048DC000AFF860B9607A603B600023FB75FAF778
S31508048DD085FB02463B6B9B1A3A6813447B62FAF797
S31508048DE07DFB3862FB681B680C33FB613D4B1A68D4
S31508048DF013469B001344DA00D31A1B0D7A6A02FB46
S31508048E0003F3BB6160E0BB68B3F5C06F07D17B6849
S31508048E10002B04D1FB691B78DBB2FB75FB7D3B6831
S31508048E20B3F1FF3F50D0FAF759FB02463B6AD31A0F
S31508048E307A6A9A4202D97B6A002B3DD1FB681B6881
S31508048E405A68FB681B6822F0E0025A60FB685B6894
S31508048E50B3F5827F11D1FB689B68B3F5004F04D044
S31508048E60FB689B68B3F5806F07D1FB681B681A68B3
S31508048E70FB681B6822F040021A60FB689B6AB3F51C
S31508048E80005F0FD1FB681B681A68FB681B6822F42D
S31508048E9000521A60FB681B681A68FB681B6842F470
S31508048EA000521A60FB68012283F85D20FB680022E1
S31508048EB083F85C20032310E0BB69002B01D100234F
S31508048EC07B62BB69013BBB61FB681B689A68BB682C
S31508048ED013407A689A4296D1002318462837BD4625
S31508048EE080BD00BF0400002080B586B002AFF860DC
S31508048EF0B9607A607B680093BB6800224FF4C0515E
S31508048F00F868FFF75BFF0346002B07D0FB681B6E68
S31508048F1043F02002FB681A66032327E07B68009364
S31508048F20BB6800228021F868FFF7C0FE0346002BC1
S31508048F3007D0FB681B6E43F02002FB681A660323FE
S31508048F4014E07B680093BB6800224FF4C061F8689C
S31508048F50FFF734FF0346002B07D0FB681B6E43F06C
S31508048F602002FB681A66032300E00023184610371C
S31508048F70BD4680BD80B582B000AF78607B68002BA3
S31508048F8001D1012349E07B6893F83D30DBB2002B1D
S31508048F9006D17B68002283F83C207868F9F71EFE20
S31508048FA07B68022283F83D207B681A687B68043351
S31508048FB01946104601F000FA7B68012283F8482016
S31508048FC07B68012283F83E207B68012283F83F20D0
S31508048FD07B68012283F840207B68012283F84120BC
S31508048FE07B68012283F842207B68012283F84320A8
S31508048FF07B68012283F844207B68012283F8452094
S315080490007B68012283F846207B68012283F847207F
S315080490107B68012283F83D20002318460837BD469D
S3150804902080BD80B582B000AF78607B68002B01D123
S31508049030012349E07B6893F83D30DBB2002B06D167
S315080490407B68002283F83C20786800F041F87B6846
S31508049050022283F83D207B681A687B680433194624
S31508049060104601F0A9F97B68012283F848207B6839
S31508049070012283F83E207B68012283F83F207B681F
S31508049080012283F840207B68012283F841207B680B
S31508049090012283F842207B68012283F843207B68F7
S315080490A0012283F844207B68012283F845207B68E3
S315080490B0012283F846207B68012283F847207B68CF
S315080490C0012283F83D20002318460837BD4680BD93
S315080490D080B483B000AF786000BF0C37BD465DF836
S315080490E0047B704780B584B000AF786039603B680C
S315080490F0002B09D17B6893F83E30DBB2012B14BFF1
S3150804910001230023DBB23CE03B68042B09D17B68CE
S3150804911093F83F30DBB2012B14BF01230023DBB2E3
S315080491202FE03B68082B09D17B6893F84030DBB203
S31508049130012B14BF01230023DBB222E03B680C2B6E
S3150804914009D17B6893F84130DBB2012B14BF0123A4
S315080491500023DBB215E03B68102B09D17B6893F832
S315080491604230DBB2012B14BF01230023DBB208E033
S315080491707B6893F84330DBB2012B14BF0123002329
S31508049180DBB2002B01D00123A6E03B68002B04D1F7
S315080491907B68022283F83E2023E03B68042B04D133
S315080491A07B68022283F83F201BE03B68082B04D126
S315080491B07B68022283F8402013E03B680C2B04D119
S315080491C07B68022283F841200BE03B68102B04D10C
S315080491D07B68022283F8422003E07B68022283F834
S315080491E043207B681B6801223968184601F05EFD36
S315080491F07B681B683A4A934218D07B681B68394ACD
S31508049200934213D07B681B68374A93420ED07B6817
S315080492101B68364A934209D07B681B68344A9342D2
S3150804922004D07B681B68334A934201D1012300E0CA
S315080492300023002B07D07B681B685A6C7B681B6865
S3150804924042F400425A647B681B68254A934222D03A
S315080492507B681B68B3F1804F1DD07B681B68264A60
S31508049260934218D07B681B68244A934213D07B68C0
S315080492701B68234A93420ED07B681B68194A93429B
S3150804928009D07B681B68184A934204D07B681B681C
S31508049290184A934215D17B681B689A68194B134080
S315080492A0FB60FB68062B15D0FB68B3F5803F11D02D
S315080492B07B681B681A687B681B6842F001021A609F
S315080492C008E07B681B681A687B681B6842F0010221
S315080492D01A6000E000BF002318461037BD4680BD5B
S315080492E0002C014000340140004001400044014084
S315080492F000480140005001400004004000080040B6
S31508049300000C00400700010080B582B000AF786009
S3150804931039607B681B6800223968184601F0C6FC68
S315080493207B681B68404A934218D07B681B683F4A8F
S31508049330934213D07B681B683D4A93420ED07B68E0
S315080493401B683C4A934209D07B681B683A4A934295
S3150804935004D07B681B68394A934201D1012300E093
S315080493600023002B17D07B681B681A6A41F2111375
S315080493701340002B0FD17B681B681A6A44F24443D6
S315080493801340002B07D17B681B685A6C7B681B68E3
S3150804939022F400425A647B681B681A6A41F2111364
S315080493A01340002B0FD17B681B681A6A44F24443A6
S315080493B01340002B07D17B681B681A687B681B68F7
S315080493C022F001021A603B68002B04D17B68012253
S315080493D083F83E2023E03B68042B04D17B680122F2
S315080493E083F83F201BE03B68082B04D17B680122E5
S315080493F083F8402013E03B680C2B04D17B680122D8
S3150804940083F841200BE03B68102B04D17B680122CA
S3150804941083F8422003E07B68012283F84320002373
S3150804942018460837BD4680BD002C0140003401406B
S3150804943000400140004401400048014000500140FA
S3150804944080B586B000AFF860B9607A607B80002387
S31508049450FB75BB68002B09D1FB6893F83E30DBB279
S31508049460022B0CBF01230023DBB23CE0BB68042BB0
S3150804947009D1FB6893F83F30DBB2022B0CBF0123FA
S315080494800023DBB22FE0BB68082B09D1FB6893F8ED
S315080494904030DBB2022B0CBF01230023DBB222E0EF
S315080494A0BB680C2B09D1FB6893F84130DBB2022B5D
S315080494B00CBF01230023DBB215E0BB68102B09D1CE
S315080494C0FB6893F84230DBB2022B0CBF012300235E
S315080494D0DBB208E0FB6893F84330DBB2022B0CBF1F
S315080494E001230023DBB2002B01D00223B5E1BB68BC
S315080494F0002B09D1FB6893F83E30DBB2012B0CBF75
S3150804950001230023DBB23CE0BB68042B09D1FB68CA
S3150804951093F83F30DBB2012B0CBF01230023DBB2E7
S315080495202FE0BB68082B09D1FB6893F84030DBB2FF
S31508049530012B0CBF01230023DBB222E0BB680C2BF2
S3150804954009D1FB6893F84130DBB2012B0CBF012328
S315080495500023DBB215E0BB68102B09D1FB6893F82E
S315080495604230DBB2012B0CBF01230023DBB208E037
S31508049570FB6893F84330DBB2012B0CBF01230023AD
S31508049580DBB2002B34D07B68002B02D07B88002BFF
S3150804959001D1012361E1BB68002B04D1FB680222D7
S315080495A083F83E2026E0BB68042B04D1FB6802221C
S315080495B083F83F201EE0BB68082B04D1FB6802220F
S315080495C083F8402016E0BB680C2B04D1FB68022202
S315080495D083F841200EE0BB68102B04D1FB680222F5
S315080495E083F8422006E0FB68022283F8432001E060
S315080495F0012332E1BB680C2B00F2AE8001A252F8BB
S3150804960023F000BF399604085997040859970408A3
S315080496105997040881960408599704085997040821
S3150804962059970408C99604085997040859970408C9
S315080496305997040811970408FB685B6A894ADA6231
S31508049640FB685B6A884A1A63FB685B6A874A5A63DB
S31508049650FB68586A7968FB681B6834331A467B8842
S31508049660FCF756F80346002B01D00123F5E0FB6806
S315080496701B68DA68FB681B6842F40072DA606EE0FD
S31508049680FB689B6A774ADA62FB689B6A764A1A63BE
S31508049690FB689B6A754A5A63FB68986A7968FB682B
S315080496A01B6838331A467B88FCF732F80346002BC6
S315080496B001D00123D1E0FB681B68DA68FB681B68E4
S315080496C042F48062DA604AE0FB68DB6A654ADA6279
S315080496D0FB68DB6A644A1A63FB68DB6A634A5A6393
S315080496E0FB68D86A7968FB681B683C331A467B882A
S315080496F0FCF70EF80346002B01D00123ADE0FB6806
S315080497001B68DA68FB681B6842F40062DA6026E0C4
S31508049710FB681B6B534ADA62FB681B6B524A1A6373
S31508049720FB681B6B514A5A63FB68186B7968FB68BC
S315080497301B6840331A467B88FBF7EAFF0346002B6F
S3150804974001D0012389E0FB681B68DA68FB681B689B
S3150804975042F48052DA6002E00123FB7500BFFB7D08
S31508049760002B79D1FB681B680122B968184601F0F9
S315080497709DFAFB681B683E4A934218D0FB681B682F
S315080497803C4A934213D0FB681B683B4A93420ED06B
S31508049790FB681B68394A934209D0FB681B68384A38
S315080497A0934204D0FB681B68364A934201D10123CD
S315080497B000E00023002B07D0FB681B685A6CFB6883
S315080497C01B6842F400425A64FB681B68284A9342A1
S315080497D022D0FB681B68B3F1804F1DD0FB681B6859
S315080497E0294A934218D0FB681B68284A934213D027
S315080497F0FB681B68264A93420ED0FB681B681D4A01
S31508049800934209D0FB681B681B4A934204D0FB6841
S315080498101B681C4A934215D1FB681B689A681D4B42
S3150804982013403B613B69062B15D03B69B3F5803F72
S3150804983011D0FB681B681A68FB681B6842F00102B2
S315080498401A6008E0FB681B681A68FB681B6842F024
S3150804985001021A6000E000BFFB7D18461837BD46B2
S3150804986080BD00BFA7A204084FA3040815A20408D4
S31508049870002C0140003401400040014000440140EE
S315080498800048014000500140000400400008004020
S31508049890000C00400700010080B584B000AF786072
S315080498A039600023FB733B680C2B55D801A252F888
S315080498B023F000BFE998040859990408599904083B
S315080498C059990408059904085999040859990408E2
S315080498D059990408219904085999040859990408B6
S315080498E0599904083D9904087B681B68DA687B68FB
S315080498F01B6822F40072DA607B685B6A1846FBF719
S31508049900DBFF2CE07B681B68DA687B681B6822F43B
S315080499108062DA607B689B6A1846FBF7CDFF1EE017
S315080499207B681B68DA687B681B6822F40062DA6065
S315080499307B68DB6A1846FBF7BFFF10E07B681B6889
S31508049940DA687B681B6822F48052DA607B681B6BD2
S315080499501846FBF7B1FF02E00123FB7300BFFB7B4C
S31508049960002B40F086807B681B68002239681846FD
S3150804997001F09CF97B681B68404A934218D07B68BF
S315080499801B683F4A934213D07B681B683D4A93423F
S315080499900ED07B681B683C4A934209D07B681B68D7
S315080499A03A4A934204D07B681B68394A934201D1E8
S315080499B0012300E00023002B17D07B681B681A6A72
S315080499C041F211131340002B0FD17B681B681A6AE6
S315080499D044F244431340002B07D17B681B685A6C36
S315080499E07B681B6822F400425A647B681B681A6AFF
S315080499F041F211131340002B0FD17B681B681A6AB6
S31508049A0044F244431340002B07D17B681B681A6849
S31508049A107B681B6822F001021A603B68002B04D19C
S31508049A207B68012283F83E2023E03B68042B04D19B
S31508049A307B68012283F83F201BE03B68082B04D18E
S31508049A407B68012283F8402013E03B680C2B04D181
S31508049A507B68012283F841200BE03B68102B04D174
S31508049A607B68012283F8422003E07B68012283F89D
S31508049A704320FB7B18461037BD4680BD002C0140A9
S31508049A8000340140004001400044014000480140C0
S31508049A900050014080B584B000AF78607B681B68CD
S31508049AA0DB68FB607B681B681B69BB60BB6803F0EB
S31508049AB00203002B20D0FB6803F00203002B1BD003
S31508049AC07B681B686FF002021A617B6801221A77A9
S31508049AD07B681B689B6903F00303002B03D0786833
S31508049AE000F066FB05E0786800F058FB786800F03B
S31508049AF069FB7B6800221A77BB6803F00403002B12
S31508049B0020D0FB6803F00403002B1BD07B681B687A
S31508049B106FF004021A617B6802221A777B681B6855
S31508049B209B6903F44073002B03D0786800F040FB6C
S31508049B3005E0786800F032FB786800F043FB7B6840
S31508049B4000221A77BB6803F00803002B20D0FB68B1
S31508049B5003F00803002B1BD07B681B686FF0080210
S31508049B601A617B6804221A777B681B68DB6903F031
S31508049B700303002B03D0786800F01AFB05E0786825
S31508049B8000F00CFB786800F01DFB7B6800221A774E
S31508049B90BB6803F01003002B20D0FB6803F0100306
S31508049BA0002B1BD07B681B686FF010021A617B6858
S31508049BB008221A777B681B68DB6903F44073002B59
S31508049BC003D0786800F0F4FA05E0786800F0E6FA5D
S31508049BD0786800F0F7FA7B6800221A77BB6803F006
S31508049BE00103002B0CD0FB6803F00103002B07D0FC
S31508049BF07B681B686FF001021A61786800F0C4FA82
S31508049C00BB6803F08003002B04D1BB6803F400533C
S31508049C10002B0CD0FB6803F08003002B07D07B686D
S31508049C201B686FF402521A61786801F0CCFABB68B3
S31508049C3003F48073002B0CD0FB6803F08003002B1D
S31508049C4007D07B681B686FF480721A61786801F024
S31508049C50C4FABB6803F04003002B0CD0FB6803F07E
S31508049C604003002B07D07B681B686FF040021A611B
S31508049C70786800F0BBFABB6803F02003002B0CD00D
S31508049C80FB6803F02003002B07D07B681B686FF082
S31508049C9020021A61786801F08CFABB6803F4801311
S31508049CA0002B0CD0FB6803F48013002B07D07B68C9
S31508049CB01B686FF480121A61786801F098FABB6819
S31508049CC003F40013002B0CD0FB6803F40013002BD9
S31508049CD007D07B681B686FF400121A61786801F074
S31508049CE090FABB6803F48003002B0CD0FB6803F4DA
S31508049CF08003002B07D07B681B686FF480021A6107
S31508049D00786801F088FABB6803F40003002B0CD0CA
S31508049D10FB6803F40003002B07D07B681B686FF409
S31508049D2000021A61786801F080FA00BF1037BD4650
S31508049D3080BD000080B586B000AFF860B9607A606F
S31508049D400023FB75FB6893F83C30012B01D10223F1
S31508049D50FFE0FB68012283F83C207B68142B00F2A1
S31508049D60F08001A252F823F0BD9D0408439F04081D
S31508049D70439F0408439F0408FD9D0408439F040861
S31508049D80439F0408439F04083F9E0408439F04080E
S31508049D90439F0408439F04087F9E0408439F0408BE
S31508049DA0439F0408439F0408C19E0408439F04086C
S31508049DB0439F0408439F0408019F0408FB681B6823
S31508049DC0B968184600F0ACFBFB681B689A69FB681F
S31508049DD01B6842F008029A61FB681B689A69FB686B
S31508049DE01B6822F004029A61FB681B689969BB68C0
S31508049DF01A69FB681B680A439A61A5E0FB681B6835
S31508049E00B968184600F026FCFB681B689A69FB6863
S31508049E101B6842F400629A61FB681B689A69FB68CE
S31508049E201B6822F480629A61FB681B689969BB689F
S31508049E301B691A02FB681B680A439A6184E0FB687B
S31508049E401B68B968184600F099FCFB681B68DA6950
S31508049E50FB681B6842F00802DA61FB681B68DA696A
S31508049E60FB681B6822F00402DA61FB681B68D9697F
S31508049E70BB681A69FB681B680A43DA6164E0FB6815
S31508049E801B68B968184600F00BFDFB681B68DA699D
S31508049E90FB681B6842F40062DA61FB681B68DA69CE
S31508049EA0FB681B6822F48062DA61FB681B68D9695F
S31508049EB0BB681B691A02FB681B680A43DA6143E03C
S31508049EC0FB681B68B968184600F07EFDFB681B68CA
S31508049ED01A6DFB681B6842F008021A65FB681B6862
S31508049EE01A6DFB681B6822F004021A65FB681B6876
S31508049EF0196DBB681A69FB681B680A431A6523E06F
S31508049F00FB681B68B968184600F0C8FDFB681B683F
S31508049F101A6DFB681B6842F400621A65FB681B68C5
S31508049F201A6DFB681B6822F480621A65FB681B6855
S31508049F30196DBB681B691A02FB681B680A431A6514
S31508049F4002E00123FB7500BFFB68002283F83C206E
S31508049F50FB7D18461837BD4680BD00BF80B584B062
S31508049F6000AF786039600023FB737B6893F83C3054
S31508049F70012B01D10223F6E07B68012283F83C20F9
S31508049F807B68022283F83D207B681B689B68BB605C
S31508049F90BB6823F4441323F07703BB60BB6823F43C
S31508049FA07F43BB607B681B68BA689A603B681B681A
S31508049FB06F4A934200F0C1806D4A934200F2C6800C
S31508049FC06C4A934200F0B9806A4A934200F2BE8012
S31508049FD0694A934200F0B180674A934200F2B68018
S31508049FE0664A934200F0A980644A934200F2AE801E
S31508049FF0634A934200F0A180614A934200F2A68024
S3150804A000604A934200F099805E4A934200F29E8029
S3150804A010B3F1101F00F09180B3F1101F00F296807F
S3150804A020B3F5801F00F08980B3F5801F00F28E8097
S3150804A030B3F5005F3ED0B3F5005F00F28780B3F551
S3150804A040805F00F08680B3F5805F7FD8702B1AD0C6
S3150804A050702B7BD8602B50D0602B77D8502B3CD0F4
S3150804A060502B73D8402B58D0402B6FD8302B64D044
S3150804A070302B6BD8202B60D0202B67D8002B5CD0D4
S3150804A080102B5AD062E07B6818683B6899683B686D
S3150804A0905A683B68DB6800F0E9FD7B681B689B68C7
S3150804A0A0BB60BB6843F07703BB607B681B68BA6810
S3150804A0B09A604FE07B6818683B6899683B685A68F9
S3150804A0C03B68DB6800F0D2FD7B681B689A687B688E
S3150804A0D01B6842F480429A603CE07B6818683B68D7
S3150804A0E059683B68DB681A4600F044FD7B681B68C0
S3150804A0F05021184600F09DFD2CE07B6818683B68E3
S3150804A10059683B68DB681A4600F063FD7B681B6880
S3150804A1106021184600F08DFD1CE07B6818683B68D2
S3150804A12059683B68DB681A4600F024FD7B681B689F
S3150804A1304021184600F07DFD0CE07B681A683B68F0
S3150804A1401B681946104600F074FD03E00123FB73EF
S3150804A15000E000BF7B68012283F83D207B6800226B
S3150804A16083F83C20FB7B18461037BD4680BD00BFEC
S3150804A170700010006000100050001000400010002D
S3150804A180300010002000100080B483B000AF78605F
S3150804A19000BF0C37BD465DF8047B704780B483B0B6
S3150804A1A000AF786000BF0C37BD465DF8047B704786
S3150804A1B080B483B000AF786000BF0C37BD465DF845
S3150804A1C0047B704780B483B000AF786000BF0C3757
S3150804A1D0BD465DF8047B704780B483B000AF7860F1
S3150804A1E000BF0C37BD465DF8047B704780B483B066
S3150804A1F000AF786000BF0C37BD465DF8047B704736
S3150804A20080B483B000AF786000BF0C37BD465DF8F4
S3150804A210047B704780B584B000AF78607B689B6A1E
S3150804A220FB60FB685B6A7A689A4207D1FB6801227D
S3150804A2301A77FB68012283F83E202AE0FB689B6AAA
S3150804A2407A689A4207D1FB6802221A77FB680122C8
S3150804A25083F83F201DE0FB68DB6A7A689A4207D1D7
S3150804A260FB6804221A77FB68012283F8402010E071
S3150804A270FB681B6B7A689A4207D1FB6808221A772F
S3150804A280FB68012283F8412003E0FB68012283F876
S3150804A2903D20F868FFF7B4FFFB6800221A7700BF71
S3150804A2A01037BD4680BD80B584B000AF78607B6842
S3150804A2B09B6AFB60FB685B6A7A689A420BD1FB6807
S3150804A2C001221A777B68DB69002B36D1FB680122E9
S3150804A2D083F83E2031E0FB689B6A7A689A420BD180
S3150804A2E0FB6802221A777B68DB69002B25D1FB6899
S3150804A2F0012283F83F2020E0FB68DB6A7A689A42E9
S3150804A3000BD1FB6804221A777B68DB69002B14D10E
S3150804A310FB68012283F840200FE0FB681B6B7A6810
S3150804A3209A420AD1FB6808221A777B68DB69002BF4
S3150804A33003D1FB68012283F84120F868FFF742FF3E
S3150804A340FB6800221A7700BF1037BD4680BD80B56A
S3150804A35084B000AF78607B689B6AFB60FB685B6AC5
S3150804A3607A689A4203D1FB6801221A7719E0FB68D6
S3150804A3709B6A7A689A4203D1FB6802221A7710E02C
S3150804A380FB68DB6A7A689A4203D1FB6804221A7767
S3150804A39007E0FB681B6B7A689A4202D1FB680822BD
S3150804A3A01A77F868FFF718FFFB6800221A7700BFC8
S3150804A3B01037BD4680BD000080B485B000AF786014
S3150804A3C039607B681B68FB607B684C4A934217D0EC
S3150804A3D07B68B3F1804F13D07B68494A93420FD008
S3150804A3E07B68484A93420BD07B68474A934207D016
S3150804A3F07B68464A934203D07B68454A934208D110
S3150804A400FB6823F07003FB603B685B68FA681343D8
S3150804A410FB607B68394A934223D07B68B3F1804F4B
S3150804A4201FD07B68364A93421BD07B68354A9342D1
S3150804A43017D07B68344A934213D07B68334A9342D5
S3150804A4400FD07B68334A93420BD07B68324A9342D7
S3150804A45007D07B68314A934203D07B682C4A9342DF
S3150804A46008D1FB6823F44073FB603B68DB68FA6831
S3150804A4701343FB60FB6823F080023B685B69134364
S3150804A480FB607B68FA681A603B689A687B68DA62DC
S3150804A4903B681A687B689A627B68184A934213D0A9
S3150804A4A07B681A4A93420FD07B681A4A93420BD0A8
S3150804A4B07B68194A934207D07B68184A934203D0AB
S3150804A4C07B68134A934203D13B681A697B681A630B
S3150804A4D07B6801225A617B681B6903F00103012B1F
S3150804A4E005D17B681B6923F001027B681A6100BFEA
S3150804A4F01437BD465DF8047B704700BF002C014045
S3150804A5000004004000080040000C004000340140EC
S3150804A5100050014000400140004401400048014009
S3150804A52080B487B000AF786039607B681B6A7B614A
S3150804A5307B681B6A23F001027B681A627B685B6886
S3150804A5403B617B689B69FB60FB6823F4803323F0DB
S3150804A5507003FB60FB6823F00303FB603B681B681E
S3150804A560FA681343FB607B6923F002037B613B684B
S3150804A5709B687A6913437B617B68304A934213D09C
S3150804A5807B682F4A93420FD07B682E4A93420BD09E
S3150804A5907B682D4A934207D07B682C4A934203D0A2
S3150804A5A07B682B4A93420CD17B6923F008037B61B1
S3150804A5B03B68DB687A6913437B617B6923F0040390
S3150804A5C07B617B681D4A934213D07B681C4A93427D
S3150804A5D00FD07B681B4A93420BD07B681A4A934276
S3150804A5E007D07B68194A934203D07B68184A93427A
S3150804A5F011D13B6923F480733B613B6923F40073EF
S3150804A6003B613B685B693A6913433B613B689B69F9
S3150804A6103A6913433B617B683A695A607B68FA680E
S3150804A6209A613B685A687B685A637B687A691A62D6
S3150804A63000BF1C37BD465DF8047B7047002C0140FB
S3150804A64000340140004001400044014000480140F4
S3150804A6500050014080B487B000AF786039607B68E9
S3150804A6601B6A7B617B681B6A23F010027B681A628B
S3150804A6707B685B683B617B689B69FB60FB6823F0CE
S3150804A680807323F4E043FB60FB6823F44073FB60A8
S3150804A6903B681B681B02FA681343FB607B6923F05B
S3150804A6A020037B613B689B681B017A6913437B61C2
S3150804A6B07B682C4A934207D07B682B4A934203D083
S3150804A6C07B682A4A93420DD17B6923F080037B6118
S3150804A6D03B68DB681B017A6913437B617B6923F05A
S3150804A6E040037B617B681F4A934213D07B681E4AEA
S3150804A6F093420FD07B681E4A93420BD07B681D4A4F
S3150804A700934207D07B681C4A934203D07B68174A56
S3150804A710934213D13B6923F480633B613B6923F479
S3150804A72000633B613B685B699B003A6913433B6181
S3150804A7303B689B699B003A6913433B617B683A69AA
S3150804A7405A607B68FA689A613B685A687B689A63B8
S3150804A7507B687A691A6200BF1C37BD465DF8047BBC
S3150804A760704700BF002C01400034014000500140EE
S3150804A77000400140004401400048014080B487B0CD
S3150804A78000AF786039607B681B6A7B617B681B6AEB
S3150804A79023F480727B681A627B685B683B617B681A
S3150804A7A0DB69FB60FB6823F4803323F07003FB60EA
S3150804A7B0FB6823F00303FB603B681B68FA681343D2
S3150804A7C0FB607B6923F400737B613B689B681B020F
S3150804A7D07A6913437B617B682B4A934207D07B686B
S3150804A7E02A4A934203D07B68294A93420DD17B694E
S3150804A7F023F400637B613B68DB681B027A691343B5
S3150804A8007B617B6923F480637B617B681E4A934280
S3150804A81013D07B681D4A93420FD07B681D4A934226
S3150804A8200BD07B681C4A934207D07B681B4A934229
S3150804A83003D07B68164A934213D13B6923F48053A9
S3150804A8403B613B6923F400533B613B685B691B012D
S3150804A8503A6913433B613B689B691B013A69134395
S3150804A8603B617B683A695A607B68FA68DA613B68D7
S3150804A8705A687B68DA637B687A691A6200BF1C3790
S3150804A880BD465DF8047B7047002C01400034014046
S3150804A8900050014000400140004401400048014086
S3150804A8A080B487B000AF786039607B681B6A7B61C7
S3150804A8B07B681B6A23F480527B681A627B685B6830
S3150804A8C03B617B68DB69FB60FB6823F0807323F4D8
S3150804A8D0E043FB60FB6823F44073FB603B681B683A
S3150804A8E01B02FA681343FB607B6923F400537B61FC
S3150804A8F03B689B681B037A6913437B617B682C4A14
S3150804A900934207D07B682B4A934203D07B682A4A32
S3150804A91093420DD17B6923F400437B613B68DB6872
S3150804A9201B037A6913437B617B6923F480437B6148
S3150804A9307B681F4A934213D07B681E4A93420FD002
S3150804A9407B681E4A93420BD07B681D4A934207D004
S3150804A9507B681C4A934203D07B68174A934213D1F7
S3150804A9603B6923F480433B613B6923F400433B6121
S3150804A9703B685B699B013A6913433B613B689B6986
S3150804A9809B013A6913433B617B683A695A607B6861
S3150804A990FA68DA613B685A687B681A647B687A697C
S3150804A9A01A6200BF1C37BD465DF8047B704700BFBA
S3150804A9B0002C014000340140005001400040014091
S3150804A9C0004401400048014080B487B000AF786075
S3150804A9D039607B681B6A3B617B681B6A23F4803297
S3150804A9E07B681A627B685B687B617B681B6DFB60AE
S3150804A9F0FB6823F4803323F07003FB603B681B6811
S3150804AA00FA681343FB603B6923F400333B613B68F4
S3150804AA109B681B043A6913433B617B68194A934252
S3150804AA2013D07B68184A93420FD07B68174A93421F
S3150804AA300BD07B68164A934207D07B68154A934223
S3150804AA4003D07B68144A934209D17B6923F4803383
S3150804AA507B613B685B691B027A6913437B617B688C
S3150804AA607A695A607B68FA681A653B685A687B682B
S3150804AA709A647B683A691A6200BF1C37BD465DF85A
S3150804AA80047B7047002C014000340140004001401B
S3150804AA9000440140004801400050014080B487B09A
S3150804AAA000AF786039607B681B6A3B617B681B6A08
S3150804AAB023F480127B681A627B685B687B617B6817
S3150804AAC01B6DFB60FB6823F0807323F4E043FB6093
S3150804AAD03B681B681B02FA681343FB603B6923F453
S3150804AAE000133B613B689B681B053A6913433B614A
S3150804AAF07B681A4A934213D07B68194A93420FD04B
S3150804AB007B68184A93420BD07B68174A934207D04E
S3150804AB107B68164A934203D07B68154A934209D147
S3150804AB207B6923F480237B613B685B699B027A69B2
S3150804AB3013437B617B687A695A607B68FA681A658D
S3150804AB403B685A687B68DA647B683A691A6200BFAC
S3150804AB501C37BD465DF8047B704700BF002C0140D6
S3150804AB6000340140004001400044014000480140CF
S3150804AB700050014080B487B000AFF860B9607A60CD
S3150804AB80FB681B6A7B61FB681B6A23F00102FB688E
S3150804AB901A62FB689B693B613B6923F0F0033B61DE
S3150804ABA07B681B013A6913433B617B6923F00A03FB
S3150804ABB07B617A69BB6813437B61FB683A699A616E
S3150804ABC0FB687A691A6200BF1C37BD465DF8047BC8
S3150804ABD0704780B487B000AFF860B9607A60FB68E4
S3150804ABE01B6A7B61FB681B6A23F01002FB681A6206
S3150804ABF0FB689B693B613B6923F470433B617B6853
S3150804AC001B033A6913433B617B6923F0A0037B6109
S3150804AC10BB681B017A6913437B61FB683A699A61CD
S3150804AC20FB687A691A6200BF1C37BD465DF8047B67
S3150804AC30704780B485B000AF786039607B689B68DC
S3150804AC40FB60FB6823F4401323F07003FB603A6847
S3150804AC50FB68134343F00703FB607B68FA689A6052
S3150804AC6000BF1437BD465DF8047B704780B487B0CF
S3150804AC7000AFF860B9607A603B60FB689B687B61EB
S3150804AC807B6923F47F437B613B681A027B681A431A
S3150804AC90BB6813437A6913437B61FB687A699A60D4
S3150804ACA000BF1C37BD465DF8047B704780B487B087
S3150804ACB000AFF860B9607A60BB6803F01F0301222D
S3150804ACC002FA03F37B61FB681A6A7B69DB431A4061
S3150804ACD0FB681A62FB681A6ABB6803F01F03796883
S3150804ACE001FA03F31A43FB681A6200BF1C37BD4610
S3150804ACF05DF8047B7047000080B584B000AF7860C7
S3150804AD0039603B68002B09D17B6893F84430DBB281
S3150804AD10012B14BF01230023DBB222E03B68042B7A
S3150804AD2009D17B6893F84530DBB2012B14BF0123A4
S3150804AD300023DBB215E03B68082B09D17B6893F83E
S3150804AD404630DBB2012B14BF01230023DBB208E033
S3150804AD507B6893F84730DBB2012B14BF0123002329
S3150804AD60DBB2002B01D0012373E03B68002B04D12E
S3150804AD707B68022283F8442013E03B68042B04D141
S3150804AD807B68022283F845200BE03B68082B04D134
S3150804AD907B68022283F8462003E07B68022283F854
S3150804ADA047207B681B6804223968184600F047FA6E
S3150804ADB07B681B685A6C7B681B6842F400425A64B9
S3150804ADC07B681B68254A934222D07B681B68B3F1CB
S3150804ADD0804F1DD07B681B68214A934218D07B6834
S3150804ADE01B68204A934213D07B681B681E4A934209
S3150804ADF00ED07B681B681D4A934209D07B681B6882
S3150804AE001B4A934204D07B681B681A4A934215D19D
S3150804AE107B681B689A68184B1340FB60FB68062B13
S3150804AE2015D0FB68B3F5803F11D07B681B681A6898
S3150804AE307B681B6842F001021A6008E07B681B689D
S3150804AE401A687B681B6842F001021A6000E000BFBA
S3150804AE50002318461037BD4680BD00BF002C0140AC
S3150804AE600004004000080040000C00400034014083
S3150804AE7000400140005001400700010080B582B03F
S3150804AE8000AF786039607B681B6800223968184609
S3150804AE9000F0D5F97B681B681A6A41F2111313404E
S3150804AEA0002B0FD17B681B681A6A44F2444313408B
S3150804AEB0002B07D17B681B685A6C7B681B6822F4D5
S3150804AEC000425A647B681B681A6A41F211131340DC
S3150804AED0002B0FD17B681B681A6A44F2444313405B
S3150804AEE0002B07D17B681B681A687B681B6822F0ED
S3150804AEF001021A603B68002B04D17B68012283F89F
S3150804AF00442013E03B68042B04D17B68012283F8B0
S3150804AF1045200BE03B68082B04D17B68012283F8A3
S3150804AF20462003E07B68012283F84720002318465D
S3150804AF300837BD4680BD000080B485B000AF786090
S3150804AF4039607B6893F83C30012B01D1022374E005
S3150804AF507B68012283F83C207B68022283F83D2023
S3150804AF607B681B685B68FB607B681B689B68BB60C7
S3150804AF707B681B68344A934209D07B681B68334A4A
S3150804AF80934204D07B681B68314A934208D1FB6814
S3150804AF9023F47003FB603B685B68FA681343FB6041
S3150804AFA0FB6823F0007323F07003FB603B681B689F
S3150804AFB0FA681343FB607B681B68FA685A607B6807
S3150804AFC01B68214A934222D07B681B68B3F1804FE1
S3150804AFD01DD07B681B681F4A934218D07B681B6880
S3150804AFE01D4A934213D07B681B681C4A93420ED0B1
S3150804AFF07B681B68154A934209D07B681B68184A04
S3150804B000934204D07B681B68114A93420CD1BB68EF
S3150804B01023F08003BB603B689B68BA681343BB6034
S3150804B0207B681B68BA689A607B68012283F83D20AE
S3150804B0307B68002283F83C20002318461437BD4653
S3150804B0405DF8047B704700BF002C014000340140C2
S3150804B050005001400004004000080040000C004075
S3150804B0600040014080B485B000AF786039600023A1
S3150804B070FB607B6893F83C30012B01D1022378E00E
S3150804B0807B68012283F83C20FB6823F0FF023B68B7
S3150804B090DB681343FB60FB6823F440723B689B68D8
S3150804B0A01343FB60FB6823F480623B685B681343C5
S3150804B0B0FB60FB6823F400623B681B681343FB6070
S3150804B0C0FB6823F480523B681B691343FB60FB68E7
S3150804B0D023F400523B685B691343FB60FB6823F463
S3150804B0E080423B681B6B1343FB60FB6823F47022A6
S3150804B0F03B689B691B041343FB60FB6823F080527F
S3150804B1003B68DB691343FB607B681B681C4A9342F4
S3150804B11009D07B681B681B4A934204D07B681B686A
S3150804B120194A93421CD1FB6823F470023B689B6A54
S3150804B1301B051343FB60FB6823F080723B681B6A9C
S3150804B1401343FB60FB6823F000723B685B6A134396
S3150804B150FB60FB6823F000523B68DB6A1343FB6021
S3150804B1607B681B68FA685A647B68002283F83C206B
S3150804B170002318461437BD465DF8047B704700BFA4
S3150804B180002C0140003401400050014080B483B0D3
S3150804B19000AF78607B681B685A6D7B681B6842F44D
S3150804B1A000325A65002318460C37BD465DF8047B01
S3150804B1B0704780B483B000AF786000BF0C37BD46D3
S3150804B1C05DF8047B704780B483B000AF786000BF35
S3150804B1D00C37BD465DF8047B704780B483B000AF76
S3150804B1E0786000BF0C37BD465DF8047B704780B4B1
S3150804B1F083B000AF786000BF0C37BD465DF8047BAA
S3150804B200704780B483B000AF786000BF0C37BD4682
S3150804B2105DF8047B704780B483B000AF786000BFE4
S3150804B2200C37BD465DF8047B704780B483B000AF25
S3150804B230786000BF0C37BD465DF8047B704780B460
S3150804B24087B000AFF860B9607A60BB6803F00F0393
S3150804B250042202FA03F37B61FB681A6A7B69DB43FF
S3150804B2601A40FB681A62FB681A6ABB6803F00F0384
S3150804B270796801FA03F31A43FB681A6200BF1C379C
S3150804B280BD465DF8047B704780B58AB002AFF860A6
S3150804B290B9603B601346FB80FB68D3F88830202BE3
S3150804B2A07BD1BB68002B02D0FB88002B01D101237C
S3150804B2B074E0FB680022C3F89020FB682122C3F8D7
S3150804B2C08820F8F70BF97861FB68FA88A3F8542004
S3150804B2D0FB68FA88A3F85620FB689B68B3F5805F79
S3150804B2E008D1FB681B69002B04D10023FB61BB68EA
S3150804B2F0BB6103E0BB68FB610023BB6130E03B68CC
S3150804B30000937B6900228021F86801F077F90346E7
S3150804B310002B05D0FB682022C3F8882003233DE0D0
S3150804B320FB69002B0BD1BB691B881A46FB681B6893
S3150804B330C2F308029A62BB690233BB6107E0FB6980
S3150804B3401A78FB681B689A62FB690133FB61FB6820
S3150804B350B3F856309BB2013B9AB2FB68A3F8562061
S3150804B360FB68B3F856309BB2002BC8D13B680093F0
S3150804B3707B6900224021F86801F040F90346002B56
S3150804B38005D0FB682022C3F88820032306E0FB685F
S3150804B3902022C3F88820002300E002231846203719
S3150804B3A0BD4680BD80B58AB000AFF860B960134663
S3150804B3B0FB80FB68D3F88830202B67D1BB68002B49
S3150804B3C002D0FB88002B01D1012360E0FB68BA6830
S3150804B3D01A65FB68FA88A3F85420FB68FA88A3F868
S3150804B3E05620FB680022C3F89020FB682122C3F884
S3150804B3F08820FB68DB6F002B28D0FB68DB6F264AA6
S3150804B400DA62FB68DB6F254A1A63FB68DB6F244A3A
S3150804B4105A63FB68DB6F00229A63FB68D86FFB6884
S3150804B4201B6D1946FB681B6828331A46FB88FAF70E
S3150804B4306FF90346002B09D0FB681022C3F8902045
S3150804B440FB682022C3F88820012320E0FB681B68D8
S3150804B45040221A62FB681B6808337B617B6953E8E0
S3150804B460003F3B613B6943F080037B62FB681B68D2
S3150804B47008337A6A3A62FB61F9693A6A41E8002351
S3150804B480BB61BB69002BE5D1002300E00223184603
S3150804B4902837BD4680BD00BF73C904080DCA040811
S3150804B4A093CB040880B58AB000AFF860B960134638
S3150804B4B0FB80FB68D3F88C30202B37D1BB68002B74
S3150804B4C002D0FB88002B01D1012330E0FB6800225F
S3150804B4D0DA66FB681B68184A93421FD0FB681B6828
S3150804B4E05B6803F40003002B18D0FB681B687B61B8
S3150804B4F07B6953E8003F3B613B6943F080637B62A9
S3150804B500FB681B681A467B6A3B62FA61F9693A6A00
S3150804B51041E80023BB61BB69002BE6D1FB881A46C8
S3150804B520B968F86801F0D8F8034600E0022318461B
S3150804B5302837BD4680BD00BF0080004080B590B066
S3150804B54000AF78607B68D3F88830FB637B68D3F8F0
S3150804B5508C30BB637B681B689B6803F08003802B75
S3150804B56039D1FB6B212B36D17B681B6808333B62C8
S3150804B5703B6A53E8003FFB61FB6923F080037B6366
S3150804B5807B681B6808337A6BFA62BB62B96AFA6A23
S3150804B59041E800237B627B6A002BE5D17B68DB6F7D
S3150804B5A0002B15D07B68DB6F1846FAF72CF903468F
S3150804B5B0002B0DD07B68DB6F1846FAF793FA03461F
S3150804B5C0202B05D17B681022C3F89020032347E07B
S3150804B5D0786801F027F97B681B689B6803F04003C9
S3150804B5E0402B3CD1BB6B222B39D17B681B680833B3
S3150804B5F0FB60FB6853E8003FBB60BB6823F040036D
S3150804B6003B637B681B6808333A6BBA617B6179696B
S3150804B610BA6941E800233B613B69002BE5D17B68A5
S3150804B620D3F88030002B17D07B68D3F880301846BF
S3150804B630FAF7E9F80346002B0ED07B68D3F8803076
S3150804B6401846FAF74FFA0346202B05D17B681022D1
S3150804B650C3F89020032303E0786801F024F9002353
S3150804B66018464037BD4680BD80B5BAB000AF78608D
S3150804B6707B681B68DB69C7F8E4307B681B681B6852
S3150804B680C7F8E0307B681B689B68C7F8DC30D7F8D6
S3150804B690E42040F60F031340C7F8D830D7F8D8305B
S3150804B6A0002B1BD1D7F8E43003F02003002B15D068
S3150804B6B0D7F8E03003F02003002B05D1D7F8DC30A7
S3150804B6C003F08053002B09D07B685B6F002B00F0D6
S3150804B6D000837B685B6F78689847FAE2D7F8D830B6
S3150804B6E0002B00F02381D7F8DC208D4B1340002B68
S3150804B6F006D1D7F8E0208B4B1340002B00F01681B7
S3150804B700D7F8E43003F00103002B11D0D7F8E03062
S3150804B71003F48073002B0BD07B681B6801221A6222
S3150804B7207B68D3F8903043F001027B68C3F8902015
S3150804B730D7F8E43003F00203002B11D0D7F8DC3035
S3150804B74003F00103002B0BD07B681B6802221A62E4
S3150804B7507B68D3F8903043F004027B68C3F89020E2
S3150804B760D7F8E43003F00403002B11D0D7F8DC3003
S3150804B77003F00103002B0BD07B681B6804221A62B2
S3150804B7807B68D3F8903043F002027B68C3F89020B4
S3150804B790D7F8E43003F00803002B17D0D7F8E030C5
S3150804B7A003F02003002B05D1D7F8DC205C4B1340AB
S3150804B7B0002B0BD07B681B6808221A627B68D3F8B7
S3150804B7C0903043F008027B68C3F89020D7F8E43039
S3150804B7D003F40063002B12D0D7F8E03003F080633B
S3150804B7E0002B0CD07B681B684FF400621A627B68D6
S3150804B7F0D3F8903043F020027B68C3F890207B6826
S3150804B800D3F89030002B00F06682D7F8E43003F0C2
S3150804B8102003002B13D0D7F8E03003F02003002BC5
S3150804B82005D1D7F8DC3003F08053002B07D07B68AA
S3150804B8305B6F002B03D07B685B6F786898477B68DF
S3150804B840D3F89030C7F8D4307B681B689B6803F03C
S3150804B8504003402B05D0D7F8D43003F02803002B37
S3150804B86054D0786801F01FF87B681B689B6803F05E
S3150804B8704003402B46D17B681B680833C7F89C30C5
S3150804B880D7F89C3053E8003FC7F89830D7F8983073
S3150804B89023F04003C7F8D0307B681B680833D7F811
S3150804B8A0D020C7F8A820C7F8A430D7F8A410D7F82A
S3150804B8B0A82041E80023C7F8A030D7F8A030002B09
S3150804B8C0D9D17B68D3F88030002B17D07B68D3F89E
S3150804B8D08030154A9A637B68D3F880301846F9F79E
S3150804B8E0EBFF0346002B19D07B68D3F880309B6B9B
S3150804B8F07A68D2F88020104698470FE0786800F0F6
S3150804B90009FA0BE0786800F005FA07E0786800F0B1
S3150804B91001FA7B680022C3F89020DCE100BFDAE173
S3150804B920010000102001000413CC04087B68DB6EB8
S3150804B930012B40F07081D7F8E43003F01003002B94
S3150804B94000F06981D7F8E03003F01003002B00F00B
S3150804B95062817B681B6810221A627B681B689B6875
S3150804B96003F04003402B40F0D8807B68D3F880303E
S3150804B9701B685B68A7F8BE30B7F8BE30002B00F02A
S3150804B980AF807B68B3F85C30B7F8BE209A4280F083
S3150804B990A7807B68B7F8BE20A3F85E207B68D3F837
S3150804B9A080301B681B6803F02003002B40F0878057
S3150804B9B07B681B68C7F88830D7F8883053E8003F97
S3150804B9C0C7F88430D7F8843023F48073C7F8B830BE
S3150804B9D07B681B681A46D7F8B830C7F89430C7F896
S3150804B9E09020D7F89010D7F8942041E80023C7F898
S3150804B9F08C30D7F88C30002BDAD17B681B68083377
S3150804BA007B677B6F53E8003F3B673B6F23F001037B
S3150804BA10C7F8B4307B681B680833D7F8B420C7F86E
S3150804BA208020FB67F96FD7F8802041E80023BB67BD
S3150804BA30BB6F002BE1D17B681B6808333B663B6E02
S3150804BA4053E8003FFB65FB6D23F04003C7F8B030AD
S3150804BA507B681B680833D7F8B020FA66BB66B96EEC
S3150804BA60FA6E41E800237B667B6E002BE3D17B6884
S3150804BA702022C3F88C207B680022DA667B681B6860
S3150804BA80FB64FB6C53E8003FBB64BB6C23F01003F8
S3150804BA90C7F8AC307B681B681A46D7F8AC30BB6568
S3150804BAA07A65796DBA6D41E800233B653B6D002BD9
S3150804BAB0E4D17B68D3F880301846F9F7A4FE7B688E
S3150804BAC002221A677B68B3F85C207B68B3F85E3099
S3150804BAD09BB2D31A9BB21946786800F025F9FCE0A4
S3150804BAE07B68B3F85C30B7F8BE209A4240F0F5801C
S3150804BAF07B68D3F880301B681B6803F02003202B6F
S3150804BB0040F0EB807B6802221A677B68B3F85C30E6
S3150804BB101946786800F008F9DFE07B68B3F85C201A
S3150804BB207B68B3F85E309BB2D31AA7F8CE307B682D
S3150804BB30B3F85E309BB2002B00F0D180B7F8CE3054
S3150804BB40002B00F0CC807B681B68BB63BB6B53E897
S3150804BB50003F7B637B6B23F49073C7F8C8307B681C
S3150804BB601B681A46D7F8C8307B643A64396C7A6C11
S3150804BB7041E80023FB63FB6B002BE4D17B681B685D
S3150804BB8008337B627B6A53E8003F3B623B6A23F0D7
S3150804BB90805323F00103C7F8C4307B681B68083355
S3150804BBA0D7F8C4203A63FB62F96A3A6B41E8002382
S3150804BBB0BB62BB6A002BE1D17B682022C3F88C20C8
S3150804BBC07B680022DA667B6800225A677B681B68F2
S3150804BBD03B613B6953E8003FFB60FB6823F01003B5
S3150804BBE0C7F8C0307B681B681A46D7F8C030FB61B3
S3150804BBF0BA61B969FA6941E800237B617B69002B5C
S3150804BC00E4D17B6802221A67B7F8CE3019467868F9
S3150804BC1000F08AF863E0D7F8E43003F48013002BC5
S3150804BC200ED0D7F8DC3003F48003002B08D07B68E9
S3150804BC301B684FF480121A62786801F090F851E094
S3150804BC40D7F8E43003F08003002B14D0D7F8E0309B
S3150804BC5003F08003002B05D1D7F8DC3003F4000386
S3150804BC60002B08D07B689B6F002B3AD07B689B6FB0
S3150804BC707868984735E0D7F8E43003F04003002B9A
S3150804BC8009D0D7F8E03003F04003002B03D07868D6
S3150804BC9000F0D1FF26E0D7F8E43003F40003002BC4
S3150804BCA009D0D7F8E03003F08043002B03D0786836
S3150804BCB001F069F816E0D7F8E43003F08073002B36
S3150804BCC010D0D7F8E030002B0CDA786801F051F878
S3150804BCD008E000BF06E000BF04E000BF02E000BFC2
S3150804BCE000E000BFE837BD4680BD00BF80B483B01E
S3150804BCF000AF786000BF0C37BD465DF8047B70471B
S3150804BD0080B483B000AF786000BF0C37BD465DF8D9
S3150804BD10047B704780B483B000AF786000BF0C37EB
S3150804BD20BD465DF8047B704780B483B000AF786085
S3150804BD300B467B8000BF0C37BD465DF8047B704715
S3150804BD4080B485B000AF78607B68D3F88830FB6030
S3150804BD507B68D3F88C30BB60FA68BB681343184613
S3150804BD601437BD465DF8047B704700002DE9B04FD3
S3150804BD708CB000AF7861002387F82A307B699A680B
S3150804BD807B691B691A437B695B691A437B69DB69AF
S3150804BD901343FB627B691B681A68AA4B13407A69CA
S3150804BDA01268F96A0B4313607B691B685B6823F4A2
S3150804BDB040517B69DA687B691B680A435A607B6968
S3150804BDC09B69FB627B691B689F4A934204D07B6923
S3150804BDD01B6AFA6A1343FB627B691B689B6823F038
S3150804BDE06E4323F430637A691268F96A0B439360E5
S3150804BDF07B691B68DB6A23F00F017B695A6A7B69D6
S3150804BE001B680A43DA627B691B68904A934225D108
S3150804BE108F4BD3F8883003F00303032B1AD801A2F7
S3150804BE2052F823F035BE040845BE04083DBE04088E
S3150804BE304DBE0408012387F82B3016E1022387F840
S3150804BE402B3012E1042387F82B300EE1082387F8F8
S3150804BE502B300AE1102387F82B3006E17B691B682F
S3150804BE607C4A934238D17A4BD3F8883003F00C03D2
S3150804BE700C2B2DD801A252F823F000BFB1BE04083A
S3150804BE80D1BE0408D1BE0408D1BE0408C1BE040844
S3150804BE90D1BE0408D1BE0408D1BE0408B9BE04083C
S3150804BEA0D1BE0408D1BE0408D1BE0408C9BE04081C
S3150804BEB0002387F82B30D8E0022387F82B30D4E008
S3150804BEC0042387F82B30D0E0082387F82B30CCE0FE
S3150804BED0102387F82B30C8E07B691B685E4A9342B7
S3150804BEE025D15B4BD3F8883003F03003302B16D0BA
S3150804BEF0302B18D8202B0AD0202B14D8002B02D08C
S3150804BF00102B08D00FE0002387F82B30ADE002236E
S3150804BF1087F82B30A9E0042387F82B30A5E00823FB
S3150804BF2087F82B30A1E0102387F82B309DE07B6936
S3150804BF301B684A4A934225D1454BD3F8883003F007
S3150804BF40C003C02B16D0C02B18D8802B0AD0802B40
S3150804BF5014D8002B02D0402B08D00FE0002387F812
S3150804BF602B3082E0022387F82B307EE0042387F8FF
S3150804BF702B307AE0082387F82B3076E0102387F8ED
S3150804BF802B3072E07B691B68354A93422AD1304BC1
S3150804BF90D3F8883003F44073B3F5407F1AD0B3F569
S3150804BFA0407F1BD8B3F5007F0CD0B3F5007F15D8B6
S3150804BFB0002B03D0B3F5807F08D00FE0002387F861
S3150804BFC02B3052E0022387F82B304EE0042387F8FF
S3150804BFD02B304AE0082387F82B3046E0102387F8ED
S3150804BFE02B3042E07B691B68174A93423AD1184BB7
S3150804BFF0D3F8883003F44063B3F5406F1AD0B3F529
S3150804C000406F1BD8B3F5006F0CD0B3F5006F15D885
S3150804C010002B03D0B3F5806F08D00FE0002387F810
S3150804C0202B3022E0022387F82B301EE0042387F8FE
S3150804C0302B301AE0082387F82B3016E0102387F8EC
S3150804C0402B3012E0F369FFCF00800040003801402E
S3150804C050001002400044004000480040004C0040E4
S3150804C06000500040102387F82B307B691B68AE4AC2
S3150804C070934240F0978097F82B30082B23D801A2D7
S3150804C08052F823F0A9C00408C7C00408B1C00408BC
S3150804C090C7C00408B7C00408C7C00408C7C0040852
S3150804C0A0C7C00408BFC00408FBF76AFB786210E03F
S3150804C0B09E4B7B620DE0FBF7F5FA786209E04FF4D4
S3150804C0C000437B6205E000237B62012387F82A305C
S3150804C0D000BF7B6A002B00F030817B695B6A944A57
S3150804C0E032F813301A467B6AB3FBF2F3BB617B69F9
S3150804C0F05A6813465B001344BA699A4205D37B69A6
S3150804C1005B681B03BA699A4203D9012387F82A3064
S3150804C11013E17B6A0022BB60FA607B695B6A844A26
S3150804C12032F813309BB200223B607A60D7E90023C9
S3150804C130D7E90201F4F710FE02460B4610461946E3
S3150804C1404FF000024FF000030B0243EA10630202A9
S3150804C15079694968490800200C46054612EB040823
S3150804C16043EB05097B695B6800229A469346524667
S3150804C1705B4640464946F4F7EFFD02460B4613462E
S3150804C1803B623B6AB3F5407F08D33B6AB3F5801F2D
S3150804C19004D27B691B683A6ADA60CEE0012387F821
S3150804C1A02A30CAE07B69DB69B3F5004F66D197F894
S3150804C1B02B30082B27D801A252F823F0E1C1040832
S3150804C1C0E9C10408F1C1040807C20408F7C1040850
S3150804C1D007C2040807C2040807C20408FFC1040802
S3150804C1E0FBF7CEFA786214E0FBF7E0FA786210E01F
S3150804C1F04E4B7B620DE0FBF755FA786209E04FF483
S3150804C20000437B6205E000237B62012387F82A301A
S3150804C21000BF7B6A002B00F090807B695B6A444A06
S3150804C22032F813301A467B6AB3FBF2F35A007B6979
S3150804C2305B685B081A447B695B68B2FBF3F33B6291
S3150804C2403B6A0F2B16D93B6AB3F5803F12D23B6A79
S3150804C2509BB223F00F03FB833B6A5B089BB203F094
S3150804C26007039AB2FB8B1343FB837B691B68FA8B20
S3150804C270DA6062E0012387F82A305EE097F82B300B
S3150804C280082B28D801A252F823F000BFB1C204082B
S3150804C290B9C20408C1C20408D7C20408C7C204083C
S3150804C2A0D7C20408D7C20408D7C20408CFC20408F0
S3150804C2B0FBF766FA786214E0FBF778FA786210E01E
S3150804C2C01A4B7B620DE0FBF7EDF9786209E04FF44F
S3150804C2D000437B6205E000237B62012387F82A304A
S3150804C2E000BF7B6A002B28D07B695B6A104A32F848
S3150804C2F013301A467B6AB3FBF2F27B695B685B0808
S3150804C3001A447B695B68B2FBF3F33B623B6A0F2B07
S3150804C31010D93B6AB3F5803F0CD23B6A9AB27B6963
S3150804C3201B68DA6009E000BF008000400024F400BE
S3150804C33008F90608012387F82A307B690122A3F83D
S3150804C3406A207B690122A3F868207B6900225A6760
S3150804C3507B6900229A6797F82A3018463037BD4613
S3150804C360BDE8B08F80B483B000AF78607B689B6A01
S3150804C37003F00803002B0AD07B681B685B6823F468
S3150804C38000417B689A6B7B681B680A435A607B6822
S3150804C3909B6A03F00103002B0AD07B681B685B6861
S3150804C3A023F400317B68DA6A7B681B680A435A609F
S3150804C3B07B689B6A03F00203002B0AD07B681B6820
S3150804C3C05B6823F480317B681A6B7B681B680A43B5
S3150804C3D05A607B689B6A03F00403002B0AD07B68C7
S3150804C3E01B685B6823F480217B685A6B7B681B682F
S3150804C3F00A435A607B689B6A03F01003002B0AD031
S3150804C4007B681B689B6823F480517B68DA6B7B68BE
S3150804C4101B680A439A607B689B6A03F02003002B17
S3150804C4200AD07B681B689B6823F400517B681A6CE6
S3150804C4307B681B680A439A607B689B6A03F040031F
S3150804C440002B1AD07B681B685B6823F480117B6811
S3150804C4505A6C7B681B680A435A607B685B6CB3F545
S3150804C460801F0AD17B681B685B6823F4C0017B685C
S3150804C4709A6C7B681B680A435A607B689B6A03F05C
S3150804C4808003002B0AD07B681B685B6823F40021B1
S3150804C4907B68DA6C7B681B680A435A6000BF0C37F2
S3150804C4A0BD465DF8047B704780B598B002AF7860E6
S3150804C4B07B680022C3F89020F7F710F878657B6844
S3150804C4C01B681B6803F00803082B2FD16FF07E4303
S3150804C4D000937B6D00224FF40011786800F08EF803
S3150804C4E00346002B22D07B681B68BB63BB6B53E8EF
S3150804C4F0003F7B637B6B23F080033B657B681B688B
S3150804C5001A463B6D7B643A64396C7A6C41E80023BD
S3150804C510FB63FB6B002BE6D17B682022C3F88820DB
S3150804C5207B68002283F88420032363E07B681B6806
S3150804C5301B6803F00403042B49D16FF07E43009370
S3150804C5407B6D00224FF48001786800F057F80346A3
S3150804C550002B3CD07B681B687B627B6A53E8003FF0
S3150804C5603B623B6A23F49073FB647B681B681A4638
S3150804C570FB6C3B63FA62F96A3A6B41E80023BB62D7
S3150804C580BB6A002BE6D17B681B6808333B613B69B1
S3150804C59053E8003FFB60FB6823F00103BB647B6838
S3150804C5A01B680833BA6CFA61BB61B969FA6941E870
S3150804C5B000237B617B69002BE5D17B682022C3F8C5
S3150804C5C08C207B68002283F88420032312E07B688E
S3150804C5D02022C3F888207B682022C3F88C207B6835
S3150804C5E00022DA667B6800221A677B68002283F8D1
S3150804C5F08420002318465837BD4680BD80B584B0CC
S3150804C60000AFF860B9603B601346FB714FE0BB6945
S3150804C610B3F1FF3F4BD0F6F761FF02463B68D31AE6
S3150804C620BA699A4202D3BB69002B01D103234EE0AF
S3150804C630FB681B681B6803F00403002B37D0BB6830
S3150804C640802B34D0BB68402B31D0FB681B68DB6970
S3150804C65003F00803082B10D1FB681B6808221A622A
S3150804C660F86800F020F9FB680822C3F89020FB68F4
S3150804C670002283F88420012329E0FB681B68DB6910
S3150804C68003F40063B3F5006F11D1FB681B684FF41C
S3150804C69000621A62F86800F006F9FB682022C3F8FB
S3150804C6A09020FB68002283F8842003230FE0FB68AC
S3150804C6B01B68DA69BB681340BA689A420CBF01233F
S3150804C6C00023DBB21A46FB799A42A0D00023184607
S3150804C6D01037BD4680BD000080B596B000AFF8603F
S3150804C6E0B9601346FB80FB68BA689A65FB68FA88E2
S3150804C6F0A3F85C20FB680022C3F89020FB6822227A
S3150804C700C3F88C20FB68D3F88030002B2DD0FB6847
S3150804C710D3F88030404ADA62FB68D3F880303F4A5F
S3150804C7201A63FB68D3F880303D4A5A63FB68D3F82A
S3150804C730803000229A63FB68D3F88000FB681B6884
S3150804C74024331946FB689B6D1A46FB88F8F7E0FF05
S3150804C7500346002B09D0FB681022C3F89020FB6817
S3150804C7602022C3F88C20012351E0FB681B69002BA7
S3150804C77018D0FB681B68FB63FB6B53E8003FBB637D
S3150804C780BB6B43F480737B65FB681B681A467B6D39
S3150804C790BB647A64796CBA6C41E800233B643B6CED
S3150804C7A0002BE6D1FB681B680833BB62BB6A53E8F7
S3150804C7B0003F7B627B6A43F001033B65FB681B68A9
S3150804C7C008333A6D7A633B63396B7A6B41E8002325
S3150804C7D0FB62FB6A002BE5D1FB681B6808337B61A7
S3150804C7E07B6953E8003F3B613B6943F04003FB64C4
S3150804C7F0FB681B680833FA6C3A62FB61F9693A6AA2
S3150804C80041E80023BB61BB69002BE5D10023184628
S3150804C8105837BD4680BD00BF29CA040855CB04084D
S3150804C82093CB040880B48FB000AF78607B681B682C
S3150804C8303B623B6A53E8003FFB61FB6923F0C00394
S3150804C8407B637B681B681A467B6BFB62BA62B96AB0
S3150804C850FA6A41E800237B627B6A002BE6D17B688F
S3150804C8601B680833FB60FB6853E8003FBB60BB6882
S3150804C87023F400033B637B681B6808333A6BBA618D
S3150804C8807B617969BA6941E800233B613B69002BFE
S3150804C890E5D17B682022C3F8882000BF3C37BD4613
S3150804C8A05DF8047B704780B495B000AF78607B6808
S3150804C8B01B687B637B6B53E8003F3B633B6B23F44A
S3150804C8C09073FB647B681B681A46FB6C3B64FA63CB
S3150804C8D0F96B3A6C41E80023BB63BB6B002BE6D1CA
S3150804C8E07B681B6808333B623B6A53E8003FFB617D
S3150804C8F0FB6923F0805323F00103BB647B681B6840
S3150804C9000833BA6CFA62BB62B96AFA6A41E8002368
S3150804C9107B627B6A002BE3D17B68DB6E012B18D123
S3150804C9207B681B68FB60FB6853E8003FBB60BB6819
S3150804C93023F010037B647B681B681A467B6CBB6117
S3150804C9407A617969BA6941E800233B613B69002B3E
S3150804C950E6D17B682022C3F88C207B680022DA663D
S3150804C9607B6800225A6700BF5437BD465DF8047BCE
S3150804C970704780B590B000AF78607B689B6AFB63AC
S3150804C9807B681B681B6803F02003002B37D1FB6BFD
S3150804C9900022A3F85620FB6B1B6808337B627B6A6C
S3150804C9A053E8003F3B623B6A23F08003BB63FB6B9F
S3150804C9B01B680833BA6B3A63FB62F96A3A6B41E857
S3150804C9C00023BB62BB6A002BE5D1FB6B1B683B618A
S3150804C9D03B6953E8003FFB60FB6843F040037B6315
S3150804C9E0FB6B1B681A467B6BFB61BA61B969FA690A
S3150804C9F041E800237B617B69002BE6D102E0F86BF2
S3150804CA0013F086FD00BF4037BD4680BD80B584B0AF
S3150804CA1000AF78607B689B6AFB60F868FFF766F985
S3150804CA2000BF1037BD4680BD80B59CB000AF7860A6
S3150804CA307B689B6AFB667B681B681B6803F020039C
S3150804CA40002B71D1FB6E0022A3F85E20FB6E1B68D7
S3150804CA50FB64FB6C53E8003FBB64BB6C23F4807334
S3150804CA60BB66FB6E1B681A46BB6EBB657A65796D39
S3150804CA70BA6D41E800233B653B6D002BE6D1FB6E9E
S3150804CA801B680833BB63BB6B53E8003F7B637B6B54
S3150804CA9023F001037B66FB6E1B6808337A6E7A649F
S3150804CAA03B64396C7A6C41E80023FB63FB6B002B0F
S3150804CAB0E5D1FB6E1B6808337B627B6A53E8003F4B
S3150804CAC03B623B6A23F040033B66FB6E1B680833F4
S3150804CAD03A6E3A63FB62F96A3A6B41E80023BB6231
S3150804CAE0BB6A002BE5D1FB6E2022C3F88C20FB6EB3
S3150804CAF0DB6E012B18D1FB6E1B683B613B6953E85F
S3150804CB00003FFB60FB6823F01003FB65FB6E1B68A4
S3150804CB101A46FB6DFB61BA61B969FA6941E80023F3
S3150804CB207B617B69002BE6D1FB6E00221A67FB6EDC
S3150804CB30DB6E012B07D1FB6EB3F85C301946F86E31
S3150804CB40FFF7F2F802E0F86E13F0CAFC00BF70377C
S3150804CB50BD4680BD80B584B000AF78607B689B6AAB
S3150804CB60FB60FB6801221A67FB68DB6E012B09D19F
S3150804CB70FB68B3F85C305B089BB21946F868FFF7A4
S3150804CB80D3F802E0F868FFF7BBF800BF1037BD46D4
S3150804CB9080BD80B586B000AF78607B689B6A7B6190
S3150804CBA07B69D3F888303B617B69D3F88C30FB60AA
S3150804CBB07B691B689B6803F08003802B09D13B695A
S3150804CBC0212B06D17B690022A3F856207869FFF742
S3150804CBD029FE7B691B689B6803F04003402B09D137
S3150804CBE0FB68222B06D17B690022A3F85E207869AC
S3150804CBF0FFF759FE7B69D3F8903043F010027B693E
S3150804CC00C3F890207869FFF785F800BF1837BD4642
S3150804CC1080BD80B584B000AF78607B689B6AFB6092
S3150804CC20FB680022A3F85E20F868FFF773F800BFD4
S3150804CC301037BD4680BD80B588B000AF78607B6884
S3150804CC401B68FB60FB6853E8003FBB60BB6823F0C6
S3150804CC504003FB617B681B681A46FB69BB617A6102
S3150804CC607969BA6941E800233B613B69002BE6D13F
S3150804CC707B682022C3F888207B6800229A67786834
S3150804CC8013F046FC00BF2037BD4680BD80B586B08C
S3150804CC9000AFF860B9607A603B60FB68002B01D18D
S3150804CCA0012358E0FB68D3F88830002B06D1FB68CB
S3150804CCB0002283F88420F868F6F72CFAFB68242205
S3150804CCC0C3F88820FB681B681A68FB681B6822F08F
S3150804CCD001021A60FB689B6A002B02D0F868FFF70A
S3150804CCE041FBF868FFF742F80346012B01D10123FB
S3150804CCF031E0FB681B689A68FB681B6842F480424B
S3150804CD009A60FB681B689B6823F40041FB681B68F0
S3150804CD10BA680A439A607B685B057B613B681B04B7
S3150804CD207A6913437B61FB681B681B6823F07F736E
S3150804CD3023F44033FA68126879690B431360FB6875
S3150804CD401B681A68FB681B6842F001021A60F868D7
S3150804CD50FFF7AAFB034618461837BD4680BD80B4BC
S3150804CD6083B000AF786000BF0C37BD465DF8047B1E
S3150804CD70704780B483B000AF786000BF0C37BD46F7
S3150804CD805DF8047B704780B483B000AF786000BF59
S3150804CD900C37BD465DF8047B704780B485B000AF98
S3150804CDA078607B6893F88430012B01D1022327E04D
S3150804CDB07B68012283F884207B682422C3F88820B0
S3150804CDC07B681B681B68FB607B681B681A687B6842
S3150804CDD01B6822F001021A60FB6823F00053FB600B
S3150804CDE07B6800225A667B681B68FA681A607B6847
S3150804CDF02022C3F888207B68002283F88420002335
S3150804CE0018461437BD465DF8047B704780B584B070
S3150804CE1000AF786039607B6893F88430012B01D1C0
S3150804CE2002232DE07B68012283F884207B68242270
S3150804CE30C3F888207B681B681B68FB607B681B68D3
S3150804CE401A687B681B6822F001021A607B681B68F3
S3150804CE509B6823F060417B681B683A680A439A60BA
S3150804CE60786800F04FF87B681B68FA681A607B6874
S3150804CE702022C3F888207B68002283F884200023B4
S3150804CE8018461037BD4680BD80B584B000AF7860BB
S3150804CE9039607B6893F88430012B01D102232DE095
S3150804CEA07B68012283F884207B682422C3F88820BF
S3150804CEB07B681B681B68FB607B681B681A687B6851
S3150804CEC01B6822F001021A607B681B689B6823F0C2
S3150804CED060617B681B683A680A439A60786800F060
S3150804CEE011F87B681B68FA681A607B682022C3F805
S3150804CEF088207B68002283F884200023184610378C
S3150804CF00BD4680BD80B485B000AF78607B685B6E33
S3150804CF10002B08D17B680122A3F86A207B680122CA
S3150804CF20A3F8682031E00823FB730823BB737B68E6
S3150804CF301B689B685B0EDBB203F007037B737B6895
S3150804CF401B689B685B0FDBB203F007033B73BB7B71
S3150804CF503A7B11498A5C02FB03F33A7B0F498A5CE4
S3150804CF6093FBF2F39AB27B68A3F86A20FB7B7A7B7D
S3150804CF7009498A5C02FB03F37A7B08498A5C93FBBA
S3150804CF80F2F39AB27B68A3F8682000BF1437BD464B
S3150804CF905DF8047B704700BF20F9060828F90608DF
S3150804CFA080B500AF0749084806F0C6FA0346002BC1
S3150804CFB002D04FF0FF3303E0044B01221A7000231A
S3150804CFC0184680BDD849002014000020DC490020FA
S3150804CFD080B586B000AF3B46002219461048FAF7DA
S3150804CFE0EDFF07F11403002219460D48FBF7C9F8AB
S3150804CFF0FB7D14335A067B7D5B051A43BB7D1B04F4
S3150804D0001A433B78DB021A437B785B011343BA78ED
S3150804D0105208D2B2134318461837BD4680BD00BF1E
S3150804D0203044002080B582B000AF0346FB71FB791B
S3150804D030184600F0EBF903461A46044B1A70034BDC
S3150804D0401B78DBB218460837BD4680BD10000020A1
S3150804D05080B582B000AF0346FB71FB79184600F031
S3150804D060C1FA03461A46044B1A70034B1B78DBB203
S3150804D07018460837BD4680BD1000002080B584B028
S3150804D08000AFB9607A603B600346FB73F87B3B6884
S3150804D0907A68B96800F0BCFA034618461037BD46E4
S3150804D0A080BD80B584B000AFB9607A603B60034642
S3150804D0B0FB73F87B3B687A68B96800F00FFB034694
S3150804D0C018461037BD4680BD80B584B000AF034608
S3150804D0D03A60FB710B46BB71B979FB793A68184615
S3150804D0E000F078FB0346FB73FB7B18461037BD46F6
S3150804D0F080BD000080B582B000AF7860F6F7EEF91F
S3150804D1000346044A1360044A7B68136000BF083761
S3150804D110BD4680BDE0490020E449002080B500AF43
S3150804D120F6F7DCF90246064B1B68D21A054B1B6850
S3150804D1309A4234BF01230023DBB2184680BD00BFE0
S3150804D140E0490020E449002080B586B002AF0346D2
S3150804D150FB7107F10E02F91D3223009301230548DA
S3150804D160FBF785FB0346FB73BB7B18461037BD46A6
S3150804D17080BD00BFBC44002090B585B000AF786080
S3150804D18039600023FB600AE07A68FB68D418FF203C
S3150804D190FFF7DAFF03462370FB680133FB60FA687E
S3150804D1A03B689A42F0D300BF00BF1437BD4690BD12
S3150804D1B080B582B000AF786039603B689AB24FF0A8
S3150804D1C0FF3379680348FBF7DCF900BF0837BD4627
S3150804D1D080BD00BFBC44002080B586B000AF78602F
S3150804D1E0F6F77CF978617B683B61FF20FFF7ACFFB3
S3150804D1F00346FB73FB7BFF2B07D0F6F76FF9024652
S3150804D2007B69D31A3A699A42EFD8FB7BFF2B0CBF8A
S3150804D21001230023DBB218461837BD4680BD00003B
S3150804D22080B500AF01224FF400610448F8F7A0FE68
S3150804D230FF20FFF789FF00BF80BD00BF001000482C
S3150804D24080B500AF00224FF400610A48F8F790FE53
S3150804D250FF20FFF779FF4FF4FA70FFF7BDFF034687
S3150804D260002B01D0012302E0FFF7DAFF002318465A
S3150804D27080BD00BF0010004880B584B000AF786058
S3150804D2803960C820FFF736FFFF20FFF75DFF034626
S3150804D290FB73FB7BFF2B04D1FFF740FF0346002BF0
S3150804D2A0F2D1FB7BFE2B01D000230AE039687868AB
S3150804D2B0FFF762FFFF20FFF747FFFF20FFF744FF52
S3150804D2C0012318461037BD4680BD80B584B000AF2B
S3150804D2D078600B46FB704FF4FA70FFF77DFF034640
S3150804D2E0002B01D100231EE0FB781846FFF72CFF1C
S3150804D2F0FB78FD2B16D04FF400717868FFF758FFBA
S3150804D300FF20FFF721FFFF20FFF71EFFFF20FFF78F
S3150804D3101BFF0346FB73FB7B03F01F03052B01D09E
S3150804D320002300E0012318461037BD4680BD80B5AA
S3150804D33084B000AF03463960FB7197F90730002BB8
S3150804D3400EDAFB7903F07F03FB7100213720FFF720
S3150804D350EEFF0346BB73BB7B012B01D9BB7B51E0B4
S3150804D360FB790C2B08D0FFF75BFFFFF769FF034631
S3150804D370002B01D1FF2345E0FB7943F04003DBB2E0
S3150804D3801846FFF7E1FE3B681B0EDBB21846FFF7AB
S3150804D390DBFE3B681B0CDBB21846FFF7D5FE3B6881
S3150804D3A01B0ADBB21846FFF7CFFE3B68DBB218460A
S3150804D3B0FFF7CAFE0123FB73FB79002B01D19523E2
S3150804D3C0FB73FB79082B01D18723FB73FB7B184678
S3150804D3D0FFF7BAFEFB790C2B02D1FF20FFF7B4FE48
S3150804D3E00A23FB73FF20FFF7AFFE0346BB7397F9C7
S3150804D3F00E30002B05DAFB7B013BFB73FB7B002B12
S3150804D400F0D1BB7B18461037BD4680BD90B585B0B4
S3150804D41000AF0346FB71FB79002B01D00123D6E04C
S3150804D4206D4B1B78DBB203F00203002B03D06A4B67
S3150804D4301B78DBB2CBE0694B1B681B6823F0380208
S3150804D440664B1B6842F030021A600A23FB7305E038
S3150804D450FF20FFF779FEFB7B013BFB73FB7B002B6D
S3150804D460F6D100237B7300210020FFF760FF0346F3
S3150804D470012B40F08B804FF47A70FFF73BFE4FF494
S3150804D480D5710820FFF753FF0346012B51D100231A
S3150804D490FB730DE0FC7BFF20FFF756FE03461A4696
S3150804D4A004F110033B4403F8082CFB7B0133FB739C
S3150804D4B0FB7B032BEED9BB7A012B67D1FB7AAA2B0C
S3150804D4C064D100BFFFF72AFE0346002B07D04FF0AE
S3150804D4D08041A920FFF72BFF0346002BF2D1FFF763
S3150804D4E01DFE0346002B51D000213A20FFF71FFFEB
S3150804D4F00346002B4AD10023FB730DE0FC7BFF2077
S3150804D500FFF722FE03461A4604F110033B4403F8C8
S3150804D510082CFB7B0133FB73FB7B032BEED93B7A8D
S3150804D52003F04003002B01D00C2300E004237B7393
S3150804D5302CE00021A920FFF7FAFE0346012B04D8A4
S3150804D54002237B73A923BB7303E001237B730123A3
S3150804D550BB7300BFFFF7E2FD0346002B07D0BB7B76
S3150804D56000211846FFF7E3FE0346002BF2D1FFF726
S3150804D570D5FD0346002B07D04FF400711020FFF7A2
S3150804D580D6FE0346002B01D000237B73144A7B7B0B
S3150804D5901370FFF745FE7B7B002B12D00F4B1B68DD
S3150804D5A01B6823F038020D4B1B6842F010021A6000
S3150804D5B0094B1B78DBB223F00103DAB2064B1A7067
S3150804D5C002E0054B01221A70034B1B78DBB218469E
S3150804D5D01437BD4690BD00BF28000020BC44002077
S3150804D5E0DD49002080B483B000AF0346FB71FB79A4
S3150804D5F0002B01D0012302E0044B1B78DBB218464A
S3150804D6000C37BD465DF8047B704700BF2800002030
S3150804D61080B584B000AFB9607A603B600346FB739B
S3150804D620FB7B002B02D13B68002B01D104234DE080
S3150804D630284B1B78DBB203F00103002B01D003232C
S3150804D64044E0254B1B7803F00803002B02D17B68C2
S3150804D6505B027B603B68012B11D179681120FFF7C7
S3150804D66066FE0346002B29D14FF40071B868FFF70C
S3150804D67003FE0346002B21D000233B601EE0796895
S3150804D6801220FFF754FE0346002B17D14FF40071FE
S3150804D690B868FFF7F1FD0346002B0AD0BB6803F50B
S3150804D6A00073BB603B68013B3B603B68002BEDD1D4
S3150804D6B000E000BF00210C20FFF739FEFFF7B0FD9C
S3150804D6C03B68002B14BF01230023DBB2184610372E
S3150804D6D0BD4680BD28000020DD49002080B584B001
S3150804D6E000AFB9607A603B600346FB73FB7B002B93
S3150804D6F002D13B68002B01D1042363E0334B1B782A
S3150804D700DBB203F00103002B01D003235AE02F4BAD
S3150804D7101B78DBB203F00403002B01D0022351E08B
S3150804D7202B4B1B7803F00803002B02D17B685B02A2
S3150804D7307B603B68012B10D179681820FFF7F7FD49
S3150804D7400346002B36D1FE21B868FFF7BEFD034613
S3150804D750002B2FD000233B602CE01D4B1B7803F0D5
S3150804D7600603002B03D039689720FFF7E0FD796894
S3150804D7701920FFF7DCFD0346002B1BD1FC21B868F2
S3150804D780FFF7A3FD0346002B0AD0BB6803F5007315
S3150804D790BB603B68013B3B603B68002BEED100E075
S3150804D7A000BFFD210020FFF790FD0346002B01D1A1
S3150804D7B001233B60FFF734FD3B68002B14BF0123AC
S3150804D7C00023DBB218461037BD4680BD280000206A
S3150804D7D0DD49002080B58CB000AF03463A60FB7182
S3150804D7E00B46BB71FB79002B01D004235AE1AF4BDE
S3150804D7F01B78DBB203F00103002B01D0032351E1AC
S3150804D800012387F82F30BB79042B00F2368101A255
S3150804D81052F823F029D804083DD804087BDA04080A
S3150804D820E9D80408DFD90408FFF70AFD0346002BE4
S3150804D83000F02781002387F82F3022E100210920F0
S3150804D840FFF775FD0346002B40F01D8107F10C0315
S3150804D85010211846FFF710FD0346002B00F013812C
S3150804D8603B7B9B09DBB2012B11D17B7D1A463B7DA1
S3150804D8701B0213441A46FB7C1B0403F47C1313444F
S3150804D8800133FB61FB699A023B681A6028E07B7CDA
S3150804D89003F00F03DAB2BB7DDB09DBB21344DAB259
S3150804D8A07B7D5B00DBB203F00603DBB21344DBB219
S3150804D8B0023387F82E303B7D9B09DBB21A46FB7C84
S3150804D8C09B001A44BB7C9B0203F440631344013354
S3150804D8D0FB6197F82E30093BFA699A403B681A604F
S3150804D8E0002387F82F30CEE0714B1B7803F004032E
S3150804D8F0002B31D000218D20FFF719FD0346002B9C
S3150804D90040F0C380FF20FFF71FFC07F10C0310212A
S3150804D9101846FFF7B1FC0346002B00F0B680302307
S3150804D92087F82E3007E0FF20FFF70EFC97F82E3015
S3150804D930013B87F82E3097F82E30002BF3D1BB7DA8
S3150804D9401B09DBB21A46102303FA02F23B681A6073
S3150804D950002387F82F3098E000210920FFF7E7FC19
S3150804D9600346002B40F0918007F10C03102118465A
S3150804D970FFF782FC0346002B00F087804C4B1B788C
S3150804D98003F00203002B12D0BB7D5B0003F07E0379
S3150804D990FA7DD209D2B213445A1C7B7E9B09DBB2A8
S3150804D9A0013B02FA03F31A463B681A6013E0BB7D8F
S3150804D9B09B109BB203F01F030133FA7DD20002F0D9
S3150804D9C01802F97D4909C9B20A44013202FB03F374
S3150804D9D01A463B681A60002387F82F3055E0344B03
S3150804D9E01B7803F00603002B51D007F10C02FB79D0
S3150804D9F00B211846FFF7EEFE0346002B49D13B7B65
S3150804DA009B09DBB2002B04D1BB7D03F04003002B3A
S3150804DA1041D03B683B623B6A1B68BB623B6A5B68F6
S3150804DA207B62234B1B7803F00803002B05D1BB6AE2
S3150804DA305B02BB627B6A5B027B62B96A2020FFF7E2
S3150804DA4076FC0346002B28D1796A2120FFF76FFC60
S3150804DA500346002B21D100212620FFF768FC034644
S3150804DA60002B1AD147F23050FFF7B6FB0346002BBA
S3150804DA7013D0002387F82F300FE0042387F82F30BC
S3150804DA800CE000BF0AE000BF08E000BF06E000BFE4
S3150804DA9004E000BF02E000BF00E000BFFFF7C0FBE0
S3150804DAA097F82F3018463037BD4680BD2800002029
S3150804DAB0DD49002080B400AF00BFBD465DF8047B95
S3150804DAC07047000080B582B000AF78607B6893F831
S3150804DAD06A31052B1CD17B6893F8693119462C4A9F
S3150804DAE00B465B000B449B00134404331B68002B52
S3150804DAF049D07B6893F869311946254A0B465B0079
S3150804DB000B449B00134404331B68786898473AE02F
S3150804DB107B6893F86931032B1BD87B6893F86931C2
S3150804DB2019461B4A0B465B000B449B0013440833F7
S3150804DB301B68002B0DD07B6893F869311946144A83
S3150804DB400B465B000B449B00134408331B68786838
S3150804DB5098477B6893F86A3119460D4A0B465B0069
S3150804DB600B449B0013441B68002B0CD07B6893F86A
S3150804DB706A311946064A0B465B000B449B0013445C
S3150804DB801B687868984700BF0837BD4680BD00BF44
S3150804DB9030F9060880B582B000AF786002201AF022
S3150804DBA0E5FC0346002B13D01AF076FC12491348F9
S3150804DBB01AF03AFC7B6893F8693119467B6893F83E
S3150804DBC06A311A460E481AF02FFC0E481AF02CFC35
S3150804DBD07B6893F869217B6883F868217B6893F8E6
S3150804DBE06A217B6883F869217B68052283F86A21A0
S3150804DBF000BF0837BD4680BD20D6060824D60608C9
S3150804DC002CD6060844D6060890B587B004AF7860C3
S3150804DC107B68264918461BF0ADFB7B6803F1200098
S3150804DC20234BB3F8E03D1C46214BB3F8E23D1A46B4
S3150804DC301F4BB3F8E43D19461D4BB3F8E63D029372
S3150804DC400191009223461B4A20211BF05FFB7B6847
S3150804DC50032283F840207B68052283F842207B68E8
S3150804DC60032283F844207B680022A3F846207B68B5
S3150804DC700022A3F848207B68F022A3F84A207B6890
S3150804DC804FF4A072A3F84C207B680022A3F8502016
S3150804DC907B684FF6FF72A3F84E207B6890331846CC
S3150804DCA00DF0BAFC00BF0C37BD4690BD48D6060831
S3150804DCB0344C002058D6060880B58EB000AF78607C
S3150804DCC007F108032E22002118461BF0D9FB7B68AE
S3150804DCD0423318460AF046FE7A6807F10803083301
S3150804DCE0114618461BF046FB03233B720323BB72FB
S3150804DCF07B68B3F84C305B089BB2BB817B68B3F88E
S3150804DD004A309B089BB2FB814FF6FF73BB86002300
S3150804DD107B86022387F8303007F1080318460BF090
S3150804DD2027F97B6803F1200207F108030833114633
S3150804DD3018461BF01FFB7B68B3F876309B089BB22A
S3150804DD401A46520013449BB2FB8107F1080318468E
S3150804DD500BF00EF900BF3837BD4680BD80B483B0DA
S3150804DD6000AF78607B68B3F846207B68A3F8782010
S3150804DD707B68B3F848207B68A3F87A207B68B3F8F5
S3150804DD804C305B089AB27B68A3F87C207B68B3F8AE
S3150804DD904A207B68A3F87E207B68B3F846207B6814
S3150804DDA0B3F84C305B089BB213449AB27B68A3F869
S3150804DDB080207B68B3F848207B68A3F882207B68B8
S3150804DDC0B3F84C305B089AB27B68A3F884207B6866
S3150804DDD0B3F84A207B68A3F886207B68B3F8462004
S3150804DDE07B68A3F888207B68B3F848207B68A3F887
S3150804DDF08A207B68B3F84C207B68A3F88C207B6860
S3150804DE00B3F84A207B68A3F88E207B687A68C3F83F
S3150804DE106C217B68974AC3F8EC2A7B68012283F84D
S3150804DE20F02A7B68D3F8EC3A202283F81C247B6812
S3150804DE30D3F8EC3A082283F83C247B68D3F8EC3A06
S3150804DE400122C3F840247B68D3F8EC3A002283F80D
S3150804DE504A247B68D3F8EC3A45F25842A3F8462498
S3150804DE607B68D3F8EC3A45F25842A3F848247B6811
S3150804DE70D3F8EC3A222283F844247B68D3F8EC3AA4
S3150804DE80002283F84A247B68D3F8EC3A45F25842D0
S3150804DE90A3F846247B68D3F8EC3A45F25842A3F82B
S3150804DEA048247B68D3F8EC3A222283F844247B6816
S3150804DEB07A68C3F8A02B7B6803F580531A466E4B21
S3150804DEC0C2F820357B6803F58053022283F824259B
S3150804DED07B6803F58053D3F82035202283F81C2465
S3150804DEE07B6803F58053D3F82035082283F83C244D
S3150804DEF07B6803F58053D3F820350122C3F8402400
S3150804DF007B6803F58053D3F82035002283F84A2426
S3150804DF107B6803F58053D3F8203545F25842A3F8B5
S3150804DF2046247B6803F58053D3F8203545F25842D6
S3150804DF30A3F848247B6803F58053D3F820352222B6
S3150804DF4083F844247B6803F58053D3F820350022EC
S3150804DF5083F84A247B6803F58053D3F8203545F2C1
S3150804DF605842A3F846247B6803F58053D3F8203532
S3150804DF7045F25842A3F848247B6803F58053D3F83E
S3150804DF802035222283F844247B6803F580531A46F5
S3150804DF907B68C2F8D4357B6803F580531A46374B39
S3150804DFA0C2F8543F7B6803F58053032283F8582F3D
S3150804DFB07B6803F58053D3F8543F202283F81C2446
S3150804DFC07B6803F58053D3F8543F082283F83C242E
S3150804DFD07B6803F58053D3F8543F0122C3F84024E1
S3150804DFE07B6803F58053D3F8543F002283F84A2408
S3150804DFF07B6803F58053D3F8543F45F25842A3F897
S3150804E00046247B6803F58053D3F8543F45F25842B7
S3150804E010A3F848247B6803F58053D3F8543F222297
S3150804E02083F844247B6803F58053D3F8543F0022CD
S3150804E03083F84A247B6803F58053D3F8543F45F2A2
S3150804E0405842A3F846247B6803F58053D3F8543F13
S3150804E05045F25842A3F848247B6803F58053D3F85D
S3150804E060543F222283F8442400BF0C37BD465DF88A
S3150804E070047B7047404C0020CC50002058550020A3
S3150804E08080B582B000AF786001F0F6FA7B6893F841
S3150804E0904030184601F0F6F87868FFF77BFD786893
S3150804E0A0FFF7B2FD7868FFF707FE7868FFF756FEB4
S3150804E0B000BF0837BD4680BD80B483B000AF786022
S3150804E0C07B68012283F86A2100BF0C37BD465DF8D8
S3150804E0D0047B704780B483B000AF786000BF0C3708
S3150804E0E0BD465DF8047B704780B582B000AF7860A2
S3150804E0F07868FFF74FFD00BF0837BD4680BD80B579
S3150804E10082B000AF78607B6803F5B673184611F0E1
S3150804E11005F97B6803F53A63184611F0FFF87B683E
S3150804E12093F87131082B00BF0837BD4680BD80B40B
S3150804E13083B000AF786000BF0C37BD465DF8047B3A
S3150804E140704780B582B000AF78607868FFF722FD23
S3150804E15000BF0837BD4680BD80B582B000AF786081
S3150804E1607B6803F5AE531433184611F0D7F800BF8D
S3150804E1700837BD4680BD80B483B000AF786000BF61
S3150804E1800C37BD465DF8047B704780B582B000AF96
S3150804E19078607868FFF7FEFC00BF0837BD4680BD87
S3150804E1A080B483B000AF786000BF0C37BD465DF815
S3150804E1B0047B704780B483B000AF786000BF0C3727
S3150804E1C0BD465DF8047B704790B589B000AF044638
S3150804E1D0084611461A462346FB800346BB800B466F
S3150804E1E07B8013467B707B88FB610023BB6101231C
S3150804E1F07B6101233B617B885B007A69D31AFB60E8
S3150804E200B4E097F90130002B0DDAFB699AB2FB8862
S3150804E210134498B2BB699AB2BB8813449BB23A8E2C
S3150804E220194601F0EBF87B7803F04003002B0DD078
S3150804E230BB699AB2FB88134498B2FB699AB2BB8845
S3150804E24013449BB23A8E194601F0D8F87B7803F04A
S3150804E2502003002B0DD0BB699BB2FA88D31A98B257
S3150804E260FB699AB2BB8813449BB23A8E194601F0ED
S3150804E270C5F87B7803F01003002B0DD0FB699BB21D
S3150804E280FA88D31A98B2BB699AB2BB8813449BB26C
S3150804E2903A8E194601F0B2F87B7803F00803002B8E
S3150804E2A00DD0FB699BB2FA88D31A98B2BB699BB2A4
S3150804E2B0BA88D31A9BB23A8E194601F09FF87B782E
S3150804E2C003F00403002B0DD0BB699BB2FA88D31A5A
S3150804E2D098B2FB699BB2BA88D31A9BB23A8E19468E
S3150804E2E001F08CF87B7803F00203002B0DD0BB6990
S3150804E2F09AB2FB88134498B2FB699BB2BA88D31ABC
S3150804E3009BB23A8E194601F079F87B7803F001033B
S3150804E310002B0DD0FB699AB2FB88134498B2BB69EB
S3150804E3209BB2BA88D31A9BB23A8E194601F066F89C
S3150804E330FB68002B09DCBB690133BB61FA683B69DE
S3150804E3401344FB603B6902333B61FB68002B0DDD1C
S3150804E350FB69013BFB617B6902337B617B885B421A
S3150804E3605A007B691344FA681344FB60FA69BB696B
S3150804E3709A42BFF646AF00BF00BF2437BD4690BDDC
S3150804E3802DE9F04395B002AF0646084611461A46EB
S3150804E3903346FB810346BB810B467B8113467B725E
S3150804E3A07B897B6400233B647B6CC3F10103FB63B9
S3150804E3B07B895B000133BB627B8901337B62BE6A5E
S3150804E3C0731E3B6232460023904699464FF000027C
S3150804E3D04FF000034FEA091343EA18734FEA081289
S3150804E3E0BB6A32465200114618461AF011F903461A
S3150804E3F0FB61796A79604B1EBB610A4600231446A1
S3150804E4001D464FF000024FF000032B0143EA147334
S3150804E41022017B6A0A465200114618461AF0F8F891
S3150804E42003467B610023BB6318E000237B630EE08D
S3150804E4303246BB6B02FB03F35B00FA6913447A6B3F
S3150804E440B7F86C1023F812107B6B01337B637A6B75
S3150804E450BB6A9A42ECDBBB6B0133BB63BA6BBB6A20
S3150804E4609A42E2DBABE0FA897B6CD31A3B633EE063
S3150804E4707A893B6B1A44FB89D31ABB63BB6B002BA3
S3150804E48012DA10201AF072F80346002B0CD01AF090
S3150804E49003F8A449A44819F0C7FFB96BA34819F0AF
S3150804E4A0C3FFA34819F0C0FF7B893A6C13447B6306
S3150804E4B03246BB6B02FB03F35B00FA6913447A6BBF
S3150804E4C0B7F8681023F812107A893B6CD31A7B6361
S3150804E4D03246BB6B02FB03F35B00FA6913447A6B9F
S3150804E4E0B7F8681023F812103B6B01333B63FA89BB
S3150804E4F07B6C13443A6B9A42BADDFA893B6CD31A9D
S3150804E500FB623EE07A89FB6A1A44FB89D31ABB6329
S3150804E510BB6B002B12DA10201AF028F80346002BDE
S3150804E5200CD019F0B9FF7F497F4819F07DFFB96B04
S3150804E5307E4819F079FF7E4819F076FF7B897A6C54
S3150804E54013447B633246BB6B02FB03F35B00FA6935
S3150804E55013447A6BB7F8681023F812107A897B6C1F
S3150804E560D31A7B633246BB6B02FB03F35B00FA697F
S3150804E57013447A6BB7F8681023F81210FB6A013350
S3150804E580FB62FA893B6C1344FA6A9A42BADD3B6C1D
S3150804E59001333B64FB6B002B06DC3B6C5B000133ED
S3150804E5A0FA6B1344FB630AE07B6C013B7B643A6CAD
S3150804E5B07B6CD31A5B000133FA6B1344FB637A6CE6
S3150804E5C03B6C9A42BFF64FAF7B7A032B00F23F812E
S3150804E5D001A252F823F000BFE9E504087FE604081F
S3150804E5E017E70408BDE704080023BB6322E00023F9
S3150804E5F07B6318E03246BB6B02FB03F35B00FA69E4
S3150804E6001A4479897B6B19447868BB6B00FB03F35E
S3150804E6105B007869034432F811107A6B23F81210F8
S3150804E6207B6B01337B637B897A6B9A42E2DDBB6B36
S3150804E6300133BB637B89BA6B9A42D8DDBA897B8975
S3150804E640D31A9CB27B6A9DB27B6A9EB27B697A6A4C
S3150804E65091B27A6A92B211FB02F292B2F8890192E5
S3150804E660009333462A46214600F0AEFF7A89B989D3
S3150804E670F889002300930323FFF7A6FDE7E00023A8
S3150804E680BB6320E000237B6316E03246BB6B02FBC8
S3150804E69003F35B00FA691A447968BB6B01FB03F35D
S3150804E6A05B0079690B44796B32F811107A6B23F89D
S3150804E6B012107B6B01337B637A6B7B6A9A42E4DBC9
S3150804E6C0BB6B0133BB63BA6B7B6A9A42DADBFA89A2
S3150804E6D07B89D31A98B2BA897B89D31A9CB27B6A86
S3150804E6E09DB27B6A9EB27B697A6A91B27A6A92B261
S3150804E6F011FB02F292B20192009333462A4621464E
S3150804E70000F062FF7A89B989F889002300930C23FB
S3150804E710FFF75AFD9BE00023BB632BE000237B63D2
S3150804E72021E000BF70D6060874D606087CD606080B
S3150804E73084D606087A89BB6B1344324602FB03F374
S3150804E7405B00FA691A447968BB6B01FB03F35B0047
S3150804E75079690B44796B32F811107A6B23F8121025
S3150804E7607B6B01337B637B897A6B9A42E2DDBB6BF5
S3150804E7700133BB637B89BA6B9A42CFDDFA897B89FD
S3150804E780D31A98B27B6A9CB27B6A9DB27B697A6A11
S3150804E79091B27A6A92B211FB02F292B2B9890192E3
S3150804E7A000932B46224600F00FFF7A89B989F88927
S3150804E7B0002300933023FFF707FD48E00023BB63DB
S3150804E7C024E000237B631AE07A89BB6B1344324640
S3150804E7D002FB03F35B00FA691A4479897B6B1944D3
S3150804E7E07868BB6B00FB03F35B007869034432F873
S3150804E7F011107A6B23F812107B6B01337B637B89C8
S3150804E8007A6B9A42E0DDBB6B0133BB637B89BA6BD7
S3150804E8109A42D6DD7B6A9CB27B6A9DB27B697A6A28
S3150804E82091B27A6A92B211FB02F292B2B989F88964
S3150804E830019200932B46224600F0C6FE7A89B989CE
S3150804E840F88900230093C023FFF7BEFC00BFF869CC
S3150804E85019F004FF786919F001FF00BF4C37BD466B
S3150804E860BDE8F08390B587B000AF04460846114664
S3150804E8701A462346FB800346BB800B467B80134619
S3150804E8803B800023FB820023BB820023FB74002306
S3150804E890BB744FF00003FB607A88FB88D31A07EE33
S3150804E8A0903AF8EEE77AC7ED037AD7ED037AF5EEF0
S3150804E8B0C07AF1EE10FA01D50123FB744FF0000378
S3150804E8C0FB603A88BB88D31A07EE903AF8EEE77AE3
S3150804E8D0C7ED037AD7ED037AF5EEC07AF1EE10FAAE
S3150804E8E001D50123BB74FB7C002B04D17A88FB88F1
S3150804E8F0D31AFB8203E0FA887B88D31AFB823B8D02
S3150804E900FA8AB988F88800F0CAFF3B8DFA8A3988EA
S3150804E910F88800F0C4FFBB7C002B04D13A88BB8876
S3150804E920D31ABB8203E0BA883B88D31ABB823B8DD1
S3150804E930BA8AB988F88801F010F83B8DBA8AB9887A
S3150804E940788801F00AF8FB8A002B02D1BB8A002BCF
S3150804E95005D03A8D39887B88184600F04FFD00BFEC
S3150804E9601C37BD4690BD90B589B002AF044608462B
S3150804E97011461A462346FB800346BB800B467B801A
S3150804E98013463B800023FB820023BB820023FB74CF
S3150804E9900023BB740023BB6000233B820023FB8156
S3150804E9A07A88FB88D31ABB60BB68002B01DA01237B
S3150804E9B0FB740023BB603A88BB88D31ABB60BB6868
S3150804E9C0002B01DA0123BB74FB7C002B06D17A8861
S3150804E9D0FB88D31AFB82FB883B8205E0FA887B888E
S3150804E9E0D31AFB827B883B82BB7C002B06D13A88F0
S3150804E9F0BB88D31ABB82BB88FB8105E0BA883B88EF
S3150804EA00D31ABB823B88FB81BC8AFA8AF989388A7D
S3150804EA103B8D0093234600F07BFD00BF1C37BD46A3
S3150804EA2090BD0000F0B5ADF5057D02AF84460E46EF
S3150804EA301046194607F50273A3F2012362461A70B3
S3150804EA4007F50273A3F5017332461A8007F50273B4
S3150804EA50A3F2062302461A8007F50273A3F5027386
S3150804EA600A461A80B7F8202213465B0013445B0053
S3150804EA701E46731EC7F8FC313246002314461D464B
S3150804EA804FF000024FF000032B0143EA14732201EE
S3150804EA90B7F82032DB001A4633465B00194610469F
S3150804EAA019F0B6FD0346C7F8F83107F5CA736022AC
S3150804EAB0002118461AF0E4FC07F50273A3F5FA7365
S3150804EAC018464FF4C0731A4600211AF0D9FC07F504
S3150804EAD00273A3F201231B7887F8F73197F8F73105
S3150804EAE01F2B05D807F50273A3F2012300221A7017
S3150804EAF0002387F8033217E097F8F72197F80302FB
S3150804EB0097F80312AB4C13465B0013445B0023448B
S3150804EB1003441A7807F50273A3F5FE735A5497F853
S3150804EB200332013387F8033297F80332052BE3D906
S3150804EB30002387F8063218E2002387F807320AE228
S3150804EB4097F8063207F50272A2F5FE72D35C1A46E6
S3150804EB5097F8073242FA03F303F00103002B00F097
S3150804EB60FC80B7F82032012B12D197F807323246C7
S3150804EB7002FB03F35B00D7F8F821134497F806223F
S3150804EB8007F50271A1F50271098823F81210DDE16F
S3150804EB90002387F8053234E0002387F8043224E09A
S3150804EBA097F80732B7F8202203FB02F297F80532E2
S3150804EBB01344324602FB03F35B00D7F8F8211344E7
S3150804EBC097F80622B7F8201202FB01F197F80422F7
S3150804EBD00A4407F50271A1F50271098823F812108F
S3150804EBE097F80432013387F8043297F804329BB253
S3150804EBF0B7F820229A42D3D897F80532013387F812
S3150804EC00053297F805329BB2B7F820229A42C3D840
S3150804EC10B7F82032022B74D197F80732B7F82022B6
S3150804EC2003FB02F297F80632B7F8201201FB03F049
S3150804EC3007F50273A3F5FA7113465B0013449B00A8
S3150804EC40034407F50272A2F50272128821F813200A
S3150804EC5097F80732B7F8202202FB03F35A1C97F8F1
S3150804EC600632B7F8201201FB03F007F50273A3F581
S3150804EC70FA7113465B0013449B00034407F50272BA
S3150804EC80A2F50272128821F8132097F80732B7F80A
S3150804EC90202203FB02F297F80632B7F8201201FB8A
S3150804ECA003F3581C07F50273A3F5FA7113465B00C0
S3150804ECB013449B00034407F50272A2F502721288F4
S3150804ECC021F8132097F80732B7F8202202FB03F33A
S3150804ECD05A1C97F80632B7F8201201FB03F3581C9E
S3150804ECE007F50273A3F5FA7113465B0013449B00F8
S3150804ECF0034407F50272A2F50272128821F813205A
S3150804ED0024E197F806329BB2B7F8202212FB03F3E4
S3150804ED109AB207F50273A3F501731B88134498B2D4
S3150804ED2097F807329BB2B7F8202212FB03F39AB27C
S3150804ED3007F50273A3F206231B88134499B2B7F89E
S3150804ED402042B7F8202207F50273A3F502731B883D
S3150804ED500093234600F0DCFBF8E0B7F82032012BD9
S3150804ED6020D197F8072297F8061213465B00134436
S3150804ED705B000B445B0003F502733B44B7F824229B
S3150804ED8023F8742C97F80732324602FB03F35B0028
S3150804ED90D7F8F821134497F80622B7F8241223F86B
S3150804EDA01210D3E0002387F8053233E0002387F8EE
S3150804EDB0043223E03420002097F80732B7F82022DB
S3150804EDC003FB02F297F805321344324602FB03F3B7
S3150804EDD05B00D7F8F821134497F80622B7F82012EF
S3150804EDE002FB01F197F804220A44B7F8241223F81F
S3150804EDF0121097F80432013387F8043297F804326C
S3150804EE009BB2B7F820229A42D6D897F8053201332E
S3150804EE1087F8053297F805329BB2B7F820229A424A
S3150804EE20C4D8B7F82032022B68D197F80732B7F856
S3150804EE30202203FB02F297F80632B7F8201201FBE8
S3150804EE4003F007F50273A3F5FA7113465B0013443E
S3150804EE509B000344B7F8242221F8132097F80732B5
S3150804EE60B7F8202202FB03F35A1C97F80632B7F8C0
S3150804EE70201201FB03F007F50273A3F5FA71134692
S3150804EE805B0013449B000344B7F8242221F813209B
S3150804EE9097F80732B7F8202203FB02F297F80632EE
S3150804EEA0B7F8201201FB03F3581C07F50273A3F500
S3150804EEB0FA7113465B0013449B000344B7F82422F3
S3150804EEC021F8132097F80732B7F8202202FB03F338
S3150804EED05A1C97F80632B7F8201201FB03F3581C9C
S3150804EEE007F50273A3F5FA7113465B0013449B00F6
S3150804EEF00344B7F8242221F8132027E097F80632AA
S3150804EF009BB2B7F8202212FB03F39AB207F50273F1
S3150804EF10A3F501731B88134498B297F807329BB27A
S3150804EF20B7F8202212FB03F39AB207F50273A3F289
S3150804EF3006231B88134499B2B7F82042B7F820224F
S3150804EF40B7F824320093234600F0E2FA97F807321A
S3150804EF50013387F8073297F80732072B7FF6F0ADA7
S3150804EF6097F80632013387F8063297F80632052BE6
S3150804EF707FF6E2ADB7F820321A46520013445B0016
S3150804EF809DB2B7F82032DB009EB2D7F8F821B7F85D
S3150804EF90203213FB03F39BB2194649000B441B01A9
S3150804EFA09BB207F50271A1F206210C8807F50271D6
S3150804EFB0A1F5017108880193009233462A46214631
S3150804EFC000F002FBD7F8F80119F048FB00BF07F573
S3150804EFD00377BD46F0BD00BF90B587B002AFBA60EF
S3150804EFE01A460346FB810B46BB811346FB8016E093
S3150804EFF0BB685A1CBA6018783C8CBA89F989BB8CE8
S3150804F0000193FB8800932346FFF70CFDFB881A46F9
S3150804F010520013445B009AB2FB891344FB81BB6814
S3150804F0201B78002BE4D100BF00BF1437BD4690BD42
S3150804F03090B585B002AF0446084611461A462346DB
S3150804F040FB800346BB800B467B8013463B80FA88CD
S3150804F0507B8813449AB23B8BD31A9BB2013B98B272
S3150804F060BA883B8B134499B23A8B3B8C0193BB8B7E
S3150804F07000930023FFF784F9FA883B8B134498B26C
S3150804F080BA883B8B134499B23A8B3B8C0193BB8B5E
S3150804F09000930123FFF774F9FA883B8B134498B25B
S3150804F0A0BA883B8813449AB23B8BD31A9BB2013B6A
S3150804F0B099B23A8B3B8C0193BB8B00930223FFF7DF
S3150804F0C05FF9FA887B8813449AB23B8BD31A9BB2AE
S3150804F0D0013B98B2BA883B8813449AB23B8BD31A3D
S3150804F0E09BB2013B99B23A8B3B8C0193BB8B009341
S3150804F0F00323FFF745F9FA883B8B134498B23B8BF5
S3150804F1005B009BB27A88D31A9AB23C88B988BB8BBF
S3150804F1100093234600F0FCF9FA883B8B134498B213
S3150804F1203B8B5B009BB27A88D31A9AB2B9880023C0
S3150804F13000F0B5FBFA883B8B134498B2BA883B882F
S3150804F14013449BB2013B99B23B8B5B009BB27A8812
S3150804F150D31A9AB2002300F0A2FBBA883B8B134455
S3150804F16099B23B8B5B009BB23A88D31A9CB27A88D5
S3150804F170F888BB8B0093234600F0CAF9BA883B8B00
S3150804F180134499B23B8B5B009BB23A88D31A9AB262
S3150804F190F888002300F0E1FBFA887B8813449BB2C5
S3150804F1A0013B98B2BA883B8B134499B23B8B5B00FC
S3150804F1B09BB23A88D31A9AB2002300F0CEFB00BF5A
S3150804F1C00C37BD4690BD000080B500AF01224FF450
S3150804F1D000410248F6F7CCFE00BF80BD0010004887
S3150804F1E080B500AF00224FF400410848F6F7C0FE88
S3150804F1F00A20F4F77FF901224FF400410348F6F791
S3150804F200B7FEC820F4F776F900BF80BD00100048A1
S3150804F21080B582B000AF0346FB71F91D01230122B4
S3150804F2200348F9F7AEF900BF0837BD4680BD00BFED
S3150804F2305844002080B582B000AF0346FB71002213
S3150804F24004210548F6F794FEFB791846FFF7E0FF14
S3150804F25000BF0837BD4680BD000C004880B582B0A3
S3150804F26000AF0346FB71012204210548F6F780FE28
S3150804F270FB791846FFF7CCFF00BF0837BD4680BDAB
S3150804F280000C004880B582B000AF0346FB713620F7
S3150804F290FFF7D0FFFB79032B1AD801A252F823F003
S3150804F2A0B1F20408B9F20408C1F20408C9F2040860
S3150804F2B0C020FFF7D3FF0CE0A020FFF7CFFF08E03C
S3150804F2C00020FFF7CBFF04E06020FFF7C7FF00E04C
S3150804F2D000BF00BF0837BD4680BD00BF2DE9F04317
S3150804F2E08DB000AF03463960FB806B461E4600238B
S3150804F2F0FB623B685B00B3F5FA7F02D23B68FB62AC
S3150804F30002E04FF4FA73FB62012204213948F6F746
S3150804F3102FFEFB881B0A9BB287F82330F96A0B4633
S3150804F320013BFB610023884699464FF000024FF0E3
S3150804F33000034FEAC90343EA58734FEAC802002395
S3150804F3400C461D464FF000024FF00003EB0043EA5B
S3150804F3505473E200CB1DDB08DB00ADEB030D6B46F3
S3150804F3600033BB610023BB620EE0BA69BB6A13446F
S3150804F37097F823201A70BB6A0133FA88D1B2BA699E
S3150804F380D154BB6A0233BB62BA6AFB6A9A42ECD3AB
S3150804F3903B685B007B617A69FB6AB2FBF3F33B610A
S3150804F3A07B69FA6AB3FBF2F2F96A01FB02F29B1A69
S3150804F3B0FB603B69002B10D000237B6209E0FB6AE3
S3150804F3C09AB26423B9690C48F9F7DBF87B6A013306
S3150804F3D07B627A6A3B699A42F1D3FB689AB26423E0
S3150804F3E0B9690548F9F7CDF8B54600BF3437BD46BF
S3150804F3F0BDE8F083000C00485844002080B586B068
S3150804F40000AF0346FB800B46BB8013467B803C4B10
S3150804F4101B889BB2FA889A426ED23A4B1B889BB2D7
S3150804F420BA889A4268D2002204213748F6F7A0FD22
S3150804F4302A20FFF7EDFE012204213348F6F798FD4A
S3150804F440FB881B0A9BB2DBB23B75FB88DBB27B7578
S3150804F450FB8801331B12DBB2BB75FB88DBB20133B5
S3150804F460DBB2FB7507F11401012304222748F9F7D7
S3150804F47088F8002204212448F6F77AFD2B20FFF7A2
S3150804F480C7FE012204212048F6F772FDBB881B0A31
S3150804F4909BB2DBB23B74BB88DBB27B74BB8801339B
S3150804F4A01B12DBB2BB74BB88DBB20133DBB2FB7461
S3150804F4B007F11001012304221448F9F762F800221F
S3150804F4C004211148F6F754FD2C20FFF7A1FE01226A
S3150804F4D004210D48F6F74CFD7B881B0A9BB2DBB268
S3150804F4E03B737B88DBB27B7307F10C010123022291
S3150804F4F00648F9F746F800E000BF1837BD4680BD50
S3150804F5003626002034260020000C004858440020E3
S3150804F51090B583B000AF0446084611461A462346FA
S3150804F520FB800346BB800B467B8013463B80244BFB
S3150804F5301B889BB2FA889A423DD2224B1B889BB2FF
S3150804F540BA889A4237D2FA887B8813441C4A1288A6
S3150804F55092B2934205DD1A4B1B889AB2FB88D31ADA
S3150804F5607B80BA883B881344164A128892B293421F
S3150804F57005DD144B1B889AB2BB88D31A3B80FA88DC
S3150804F5807B8813449BB2013B9CB2BA883B881344DC
S3150804F5909BB2013B9BB2B988F888224600F033F93E
S3150804F5A03B887A8802FB03F31A463B8B11461846B6
S3150804F5B0FFF794FE00E000BF0C37BD4690BD00BFC0
S3150804F5C0362600203426002090B585B000AF0446C0
S3150804F5D0084611461A462346FB800346BB800B465B
S3150804F5E07B8013463B80FA887B8813449BB2013B95
S3150804F5F09CB2BA883B8813449BB2013B9BB2B98838
S3150804F600F888224600F0FFF8012204211848F6F784
S3150804F610AFFC0023FB811BE0FB895B003A6A1344B9
S3150804F6201B88BB81FB895B003A6A13441B881B024F
S3150804F6301AB2BB891B0A9BB21BB2134319B2FB89C4
S3150804F6405B003A6A13448AB21A80FB890133FB8148
S3150804F650FA89BB8C9A42DFD3BB8C5B009AB26423CB
S3150804F660396A0448F8F78DFF00BF1437BD4690BDC4
S3150804F670000C00485844002080B500AFFFF7A4FDED
S3150804F6800120F3F737FFFFF7ABFD0A20F3F732FF44
S3150804F690FFF79AFD7820F3F72DFF3A20FFF7CAFD06
S3150804F6A05520FFF7DBFDB220FFF7C4FD0C20FFF75A
S3150804F6B0D5FD0C20FFF7D2FD0020FFF7CFFD332040
S3150804F6C0FFF7CCFD3320FFF7C9FDB720FFF7B2FDDE
S3150804F6D03520FFF7C3FDBB20FFF7ACFD1920FFF764
S3150804F6E0BDFDC020FFF7A6FD2C20FFF7B7FDC220FD
S3150804F6F0FFF7A0FD0120FFF7B1FDC320FFF79AFD30
S3150804F7001220FFF7ABFDC420FFF794FD2020FFF776
S3150804F710A5FDC620FFF78EFD0F20FFF79FFDD0201D
S3150804F720FFF788FDA420FFF799FDA120FFF796FDB2
S3150804F730E020FFF77FFDD020FFF790FD0420FFF7B8
S3150804F7408DFD0D20FFF78AFD1120FFF787FD132095
S3150804F750FFF784FD2B20FFF781FD3F20FFF77EFD91
S3150804F7605420FFF77BFD4C20FFF778FD1820FFF7A0
S3150804F77075FD0D20FFF772FD0B20FFF76FFD1F20A7
S3150804F780FFF76CFD2320FFF769FDE120FFF752FD23
S3150804F790F020FFF763FD0720FFF760FD0A20FFF757
S3150804F7A05DFD0D20FFF75AFD0B20FFF757FD0720D7
S3150804F7B0FFF754FD2820FFF751FD3320FFF74EFDD0
S3150804F7C03E20FFF74BFD3620FFF748FD1420FFF7D0
S3150804F7D045FD1420FFF742FD2920FFF73FFD32209F
S3150804F7E0FFF73CFD2120FFF725FD1120FFF722FD39
S3150804F7F07820F3F77FFE1320FFF71CFD2920FFF777
S3150804F80019FD00BF80BD90B583B000AF0446084615
S3150804F81011461A462346FB800346BB800B467B806B
S3150804F82013463B802A20FFF705FDFB881B0A9BB27B
S3150804F830DBB21846FFF712FDFB88DBB21846FFF762
S3150804F8400DFD7B881B0A9BB2DBB21846FFF706FD43
S3150804F8507B88DBB21846FFF701FD2B20FFF7EAFC8D
S3150804F860BB881B0A9BB2DBB21846FFF7F7FCBB88BA
S3150804F870DBB21846FFF7F2FC3B881B0A9BB2DBB2E5
S3150804F8801846FFF7EBFC3B88DBB21846FFF7E6FCA5
S3150804F8902C20FFF7CFFC00BF0C37BD4690BDB0B592
S3150804F8A0ADF5267D02AF05460C461046194607F502
S3150804F8B02473A3F28A232A461A8007F52473A3F528
S3150804F8C0237322461A8007F52473A3F28E2302466D
S3150804F8D01A8007F52473A3F524730A461A800023AD
S3150804F8E0A7F88E320023A7F88E3211E0B7F88E22D5
S3150804F8F007F52473A3F5217307F52471A1F524717B
S3150804F900098823F81210B7F88E320133A7F88E3215
S3150804F910B7F88E32B3F5A07FE8D307F52473A3F2BC
S3150804F9208E231A8807F52473A3F52373198807F514
S3150804F9302473A3F28A23188807F52473A3F28E2363
S3150804F9401B88019307F10C0300930123FFF73CFE80
S3150804F95000BF07F52477BD46B0BDB0B5ADF5267D25
S3150804F96002AF05460C461046194607F52473A3F25A
S3150804F9708A232A461A8007F52473A3F52373224695
S3150804F9801A8007F52473A3F28E2302461A8007F514
S3150804F9902473A3F524730A461A800023A7F88E3223
S3150804F9A00023A7F88E3211E0B7F88E2207F52473E0
S3150804F9B0A3F5217307F52471A1F52471098823F8A1
S3150804F9C01210B7F88E320133A7F88E3207F524736E
S3150804F9D0A3F28E23B7F88E221B889A42E4D307F53E
S3150804F9E02473A3F28E231A8807F52473A3F52373C5
S3150804F9F0198807F52473A3F28A23188807F524734C
S3150804FA00A3F28E231B88019307F10C030093134674
S3150804FA100122FFF7D9FD00BF07F52477BD46B0BD1F
S3150804FA2080B584B000AF0346FB71FB79084A9B0096
S3150804FA3013445B685B68FA7905490A44127A1046E6
S3150804FA4098470346FB73FB7B18461037BD4680BDB3
S3150804FA50104C002080B584B000AF0346FB71002328
S3150804FA60FB73FB790D4AD35C002B11D1FB790B4A46
S3150804FA700121D154FB79094A9B0013445B681B682E
S3150804FA80FA7906490A44127A104698470346FB73DC
S3150804FA90FB7B18461037BD4680BD00BF104C0020BE
S3150804FAA090B587B000AFB9607A603B600346FB73D4
S3150804FAB0FB7B0A4A9B0013445B689C68FB7B074AEA
S3150804FAC01344187A3B687A68B968A0470346FB75F5
S3150804FAD0FB7D18461C37BD4690BD00BF104C002060
S3150804FAE090B587B000AFB9607A603B600346FB7394
S3150804FAF0FB7B0A4A9B0013445B68DC68FB7B074A6A
S3150804FB001344187A3B687A68B968A0470346FB75B4
S3150804FB10FB7D18461C37BD4690BD00BF104C00201F
S3150804FB2080B584B000AF03463A60FB710B46BB71DF
S3150804FB30FB79094A9B0013445B681B69FA790649F1
S3150804FB400A44107AB9793A6898470346FB73FB7BEB
S3150804FB5018461037BD4680BD104C002080B485B0C9
S3150804FB6000AF78607B6801331B78FB81FB891B0235
S3150804FB701AB27B681B781BB213431BB2FB81FB8941
S3150804FB8018461437BD465DF8047B704780B485B0C3
S3150804FB9000AF78607B6803331B78FB60FB681B0245
S3150804FBA07A68023212781343FB60FB681B027A6890
S3150804FBB0013212781343FB60FB681B027A681278D9
S3150804FBC01343FB60FB6818461437BD465DF8047B8F
S3150804FBD0704780B483B000AF78600B467B807B683F
S3150804FBE05A1C7A607A88D2B21A707B881B0A7B8080
S3150804FBF07B685A1C7A607A88D2B21A7000BF0C37AE
S3150804FC00BD465DF8047B704780B483B000AF786066
S3150804FC1039607B685A1C7A603A68D2B21A703B68B3
S3150804FC201B0A3B607B685A1C7A603A68D2B21A701F
S3150804FC303B681B0A3B607B685A1C7A603A68D2B2F6
S3150804FC401A703B681B0A3B607B685A1C7A603A68E0
S3150804FC50D2B21A7000BF0C37BD465DF8047B7047F4
S3150804FC6080B487B000AFF860B9607A60FB687B61DE
S3150804FC70BB683B617B68002B0DD03A69531C3B611A
S3150804FC807B69591C796112781A707B68013B7B6021
S3150804FC907B68002BF1D100BF1C37BD465DF8047B99
S3150804FCA0704780B487B000AFF860B9607A60FB68C3
S3150804FCB07B617B695A1C7A61BA68D2B21A707B680E
S3150804FCC0013B7B607B68002BF3D100BF00BF1C3768
S3150804FCD0BD465DF8047B704780B489B000AFF86010
S3150804FCE0B9607A60FB68FB61BB68BB6100237B6112
S3150804FCF0FB695A1CFA611B781946BB695A1CBA6116
S3150804FD001B78CB1A7B617B68013B7B607B68002B85
S3150804FD1002D07B69002BEBD07B6918462437BD4695
S3150804FD205DF8047B704780B483B000AF78603960AF
S3150804FD3002E07B6801337B607B681B78002B05D067
S3150804FD407B681B781A463B689342F2D17B681B781A
S3150804FD5018460C37BD465DF8047B704780B485B0F9
S3150804FD6000AF786039600023BB60BB68FB6029E09C
S3150804FD70274AFB681B0113441B68002B1DD0244A21
S3150804FD80FB681B0113441A687B681B689A4216D1E0
S3150804FD901F4AFB681B01134404331A687B689B6873
S3150804FDA09A420CD11A4AFB681B01134408331A6891
S3150804FDB07B685B699A4202D107E00123BB60FB6852
S3150804FDC00133FB60FB68012BD2D9FB68022B09D1EE
S3150804FDD0BB68002B02D13B68022B01D1002310E03B
S3150804FDE012230EE03B68002B08D1094AFB681B0165
S3150804FDF013440C331B88B3F5807F01D1102300E02C
S3150804FE00002318461437BD465DF8047B704700BFC7
S3150804FE10F049002080B483B000AF00237B6002E081
S3150804FE207B6801337B607B68012B06D8094A7B68AB
S3150804FE301B0113441B68002BF2D17B68022B14BFE9
S3150804FE4001230023DBB218460C37BD465DF8047B54
S3150804FE50704700BFF049002080B485B000AF7860D1
S3150804FE6039600023FB601FE0414AFB681B01134409
S3150804FE701A687B681B689A4213D13D4AFB681B01C2
S3150804FE80134404331A687B689B689A4209D1384A32
S3150804FE90FB681B01134408331A687B685B699A423A
S3150804FEA006D0FB680133FB60FB68012BDCD900E054
S3150804FEB000BFFB68022B32D10023FB6002E0FB681B
S3150804FEC00133FB60FB68012B06D8294AFB681B0132
S3150804FED013441B68002BF2D1FB68022B01D10023C3
S3150804FEE040E07B681A682249FB681B010B441A60C8
S3150804FEF07B689A681E49FB681B010B4404331A6025
S3150804FF007B685A691A49FB681B010B4408331A6053
S3150804FF10174AFB681B0113440C3300221A803B68FA
S3150804FF20002B09D0124AFB681B0113440C331B88A7
S3150804FF30002B01D0002315E03B68002B08D10C4A9E
S3150804FF40FB681B0113440C331B8801339AB201E086
S3150804FF504FF480720649FB681B010B440C331A8064
S3150804FF60FB68013318461437BD465DF8047B7047B1
S3150804FF70F049002080B485B000AF78607B68013B07
S3150804FF807B607B68012B25D8174A7B681B011344C1
S3150804FF900C331B88FB81FB89B3F5807F01D10023D1
S3150804FFA0FB81FB89002B02D0FB89013BFB810E4AAE
S3150804FFB07B681B0113440C33FA891A80FB89002BCE
S3150804FFC005D1094A7B681B01134400221A600023E1
S3150804FFD07B7301E002237B737B7B18461437BD468B
S3150804FFE05DF8047B704700BFF049002080B485B0F3
S3150804FFF000AF78600023FB6010E00D4AFB681B0124
S3150805000013441B687A689A4205D1094AFB681B019D
S31508050010134400221A60FB680133FB60FB68012B59
S31508050020EBD900BF00BF1437BD465DF8047B7047A2
S31508050030F049002080B586B000AF78600023FB73D1
S315080500407B68DB78002B34D07B681B6B7B617B6810
S3150805005058787B6803F1340101237A69FFF740FD77
S315080500600346002B02D00123FB7322E07B6800229E
S31508050070DA707B685B6A7A69D21A7B68DB699A42A9
S3150805008017D27B689B783B6110E07B68DB697A69E8
S3150805009013447B617B6858787B6803F13401012337
S315080500A07A69FFF71DFD3B69013B3B613B69012BFE
S315080500B0EBD8FB7B18461837BD4680BD80B584B09E
S315080500C000AF786039600023FB737B681B6B3A6861
S315080500D09A421BD07868FFF7ADFF0346FB73FB7B97
S315080500E0002B13D17B6858787B6803F1340101230B
S315080500F03A68FFF7D5FC0346002B04D04FF0FF33CB
S315080501003B600123FB737B683A681A63FB7B1846D9
S315080501101037BD4680BD000080B584B000AF786055
S315080501207868FFF787FF0346FB73FB7B002B58D1DF
S315080501307B681B78032B48D17B681B79012B44D137
S315080501407B6834334FF4007200211846FFF7A9FD82
S315080501507B68343303F5FF734AF655211846FFF7CE
S3150805016038FD7B68343321491846FFF74DFD7B6812
S31508050170343303F5F2731E491846FFF745FD7B68C8
S31508050180343303F5F4727B685B6919461046FFF745
S315080501903BFD7B68343303F5F6727B681B691946A4
S315080501A01046FFF731FD7B681B6A5A1C7B681A6384
S315080501B07B6858787B6803F134017B681A6B0123E1
S315080501C0FFF78EFC7B6800221A717B685B78002234
S315080501D000211846FFF7A4FC0346002B01D001238E
S315080501E0FB73FB7B18461037BD4680BD52526141ED
S315080501F07272416180B483B000AF786039603B683C
S31508050200023B3B607B689B69023B3A689A4201D38D
S31508050210002308E07B685B891A463B6803FB02F204
S315080502207B68DB6A134418460C37BD465DF8047BC4
S31508050230704780B586B000AF786039607B681B6803
S315080502403B613B68012B04D93B699B693A689A422D
S3150805025002D301237B618FE04FF0FF337B613B6956
S315080502601B78032B62D0032B7CDC012B02D0022BD7
S3150805027042D077E03B68FB60FB685B08FA68134485
S31508050280FB603B695A6AFB685B0A13441946386979
S31508050290FFF714FF0346002B67D1FB685A1CFA6063
S315080502A0C3F308033A69134493F83430BB603B69D2
S315080502B05A6AFB685B0A134419463869FFF7FEFE56
S315080502C00346002B53D1FB68C3F308033A69134465
S315080502D093F834301B021A46BB681343BB603B6868
S315080502E003F00103002B02D0BB681B0902E0BB68BB
S315080502F0C3F30B037B613FE03B695A6A3B681B0AFC
S31508050300134419463869FFF7D9FE0346002B30D141
S315080503103B6903F134023B685B0003F4FF7313443E
S315080503201846FFF71BFC03467B6125E03B695A6ABD
S315080503303B68DB09134419463869FFF7BFFE0346D0
S31508050340002B18D13B6903F134023B689B0003F483
S31508050350FE7313441846FFF719FC034623F070434A
S315080503607B6109E001237B6106E000BF04E000BF6D
S3150805037002E000BF00E000BF7B6918461837BD4696
S3150805038080BD90B589B000AFF860B9607A60022380
S31508050390FB77BB68012B40F2D980FB689B69BA6875
S315080503A09A4280F0D380FB681B78032B00F0968071
S315080503B0032B00F3CB80012B02D0022B6ED0C5E0B0
S315080503C0BB68BB61BB695B08BA691344BB61FB685B
S315080503D05A6ABB695B0A13441946F868FFF76EFE45
S315080503E00346FB77FB7F002B40F0A980FB6803F1EA
S315080503F03402BB69591CB961C3F3080313447B610D
S31508050400BB6803F00103002B0DD07B691B785BB233
S3150805041003F00F035AB27B68DBB21B015BB21343C9
S315080504205BB2DBB201E07B68DBB27A691370FB6805
S315080504300122DA70FB685A6ABB695B0A13441946D6
S31508050440F868FFF73BFE0346FB77FB7F002B78D161
S31508050450FB6803F13402BB69C3F3080313447B61E4
S31508050460BB6803F00103002B03D07B681B09DBB2CD
S315080504700EE07B691B785BB223F00F035AB27B68E3
S315080504801B0A5BB203F00F035BB213435BB2DBB225
S315080504907A691370FB680122DA7057E0FB685A6AB5
S315080504A0BB681B0A13441946F868FFF707FE034697
S315080504B0FB77FB7F002B46D1FB6803F13402BB684B
S315080504C05B0003F4FF7313447A6892B21146184623
S315080504D0FFF77FFBFB680122DA7037E0FB685A6A8B
S315080504E0BB68DB0913441946F868FFF7E7FD0346B9
S315080504F0FB77FB7F002B28D17B6823F07044FB68CC
S3150805050003F13402BB689B0003F4FE7313441846D3
S31508050510FFF73CFB034603F0704323437B60FB6808
S3150805052003F13402BB689B0003F4FE731344796830
S315080505301846FFF769FBFB680122DA7006E000BF7B
S3150805054004E000BF02E000BF00E000BFFB7F1846DD
S315080505502437BD4690BD80B588B000AFF860B96050
S315080505607A600023FB77FB681B68BB61BB68012BB8
S3150805057004D9BB699B69BA689A4201D302234BE041
S315080505807B68002B0CD04FF0FF327968B869FFF706
S31508050590F8FE0346FB77FB7F002B01D0FB7F3BE08C
S315080505A0B968F868FFF745FE78617B69002B31D095
S315080505B07B69012B01D102232EE07B69B3F1FF3F4D
S315080505C001D1012328E00022B968B869FFF7D9FEE9
S315080505D00346FB77FB7F002B01D0FB7F1CE0BB693D
S315080505E05A69BB699B69023B9A420BD2BB695B692F
S315080505F05A1CBB695A61BB691B7943F00103DAB218
S31508050600BB691A717B69BB60BB699B69BA689A4203
S31508050610C6D300E000BF002318462037BD4680BD77
S3150805062080B588B000AF786039607B681B683B6128
S315080506303B68002B0DD13B691B69BB61BB69002B68
S3150805064004D03B699B69BA699A421BD30123BB61EE
S3150805065018E039687868FFF7ECFDF860FB68012B48
S3150805066001D8012370E0FB68B3F1FF3F01D1FB68B0
S315080506706AE03B699B69FA689A4201D2FB6863E0BE
S315080506803B68BB61BB69FB61FB690133FB613B6980
S315080506909B69FA699A4207D30223FB61FA69BB6922
S315080506A09A4201D900234FE0F9697868FFF7C1FD39
S315080506B0F860FB68002B0ED0FB68012B03D0FB689E
S315080506C0B3F1FF3F01D1FB683EE0FA69BB699A427F
S315080506D0DAD1002338E000BF4FF0FF32F9693869EF
S315080506E0FFF74FFE0346FB75FB7D002B09D13B68DB
S315080506F0002B06D0FA6939683869FFF742FE0346C2
S31508050700FB75FB7D002B16D13B69FA691A613B69B6
S315080507105A693B699B69023B9A4204D83B695B69FE
S315080507205A1E3B695A613B691B7943F00103DAB2E4
S315080507303B691A7107E0FB7D012B02D14FF0FF33A8
S3150805074000E00123FB61FB6918462037BD4680BDDD
S3150805075080B487B000AF786039607B681B68FB603A
S315080507607B68DB6A04333B613B685B0AFA68528936
S31508050770B3FBF2F37B613B691A1D3A611B68BB60E3
S31508050780BB68002B01D1002310E07A69BB689A4241
S3150805079007D37A69BB68D31A7B613B6904333B6126
S315080507A0E9E700BF3B691A687B69134418461C3795
S315080507B0BD465DF8047B704780B586B000AF7860A6
S315080507C039607B681B683B613B68B3F5001F04D23B
S315080507D03B6803F01F03002B01D0022363E07B6807
S315080507E03A685A617B689B687B617B69002B06D1F1
S315080507F03B691B78022B02D93B699B6A7B617B693E
S31508050800002B0CD13B685B093A691289934201D3DF
S31508050810022348E03B699A6A7B68DA6129E03B6905
S315080508205B895B02FB6019E07B6879691846FFF707
S3150805083000FD78617B69B3F1FF3F01D1012332E001
S315080508407B69012B04D93B699B697A699A4201D36D
S31508050850022328E03A68FB68D31A3B603A68FB68C6
S315080508609A42E1D279693869FFF7C4FC02467B6882
S31508050870DA617B687A699A617B68DB69002B01D145
S31508050880022310E07B68DA693B685B0A1A447B68D1
S31508050890DA613B6903F134023B68C3F308031A447A
S315080508A07B681A62002318461837BD4680BD80B591
S315080508B086B000AF786039607B681B68FB607B682B
S315080508C05B692033BB607B68DB69002B03D0BB689B
S315080508D0B3F5001F01D30423AAE0BB68C3F30803D5
S315080508E0002B40F098807B68DB695A1C7B68DA61C7
S315080508F07B689B69002B0BD1BB685B09FA68128973
S315080509009342C0F088807B680022DA6104238FE071
S31508050910BB685B0AFA685289013A1340002B7AD1FB
S315080509207A687B689B6919461046FFF782FC7861E9
S315080509307B69012B01D802237AE07B69B3F1FF3F76
S3150805094001D1012374E0FB689B697A699A4258D3F9
S315080509503B68002B04D17B680022DA61042367E033
S315080509607A687B689B6919461046FFF759FE7861D0
S315080509707B69002B01D107235AE07B69012B01D13D
S31508050980022355E07B69B3F1FF3F01D101234FE00F
S31508050990F868FFF74FFB0346002B01D0012347E014
S315080509A0FB6834334FF4007200211846FFF779F9CE
S315080509B000233B617969F868FFF71CFC0246FB686A
S315080509C01A6312E0FB680122DA70F868FFF732FB52
S315080509D00346002B01D001232AE03B6901333B611D
S315080509E0FB681B6B5A1CFB681A63FB685B891A460E
S315080509F03B699342E6D3FB681A6B3B69D21AFB68D7
S31508050A001A637B687A699A617969F868FFF7F2FB70
S31508050A1002467B68DA617B68BA685A61FB6803F146
S31508050A203402BB68C3F308031A447B681A620023B9
S31508050A3018461837BD4680BD80B586B000AF7860C4
S31508050A4039607B681B68FB6000217868FFF7B4FE90
S31508050A500346FB75FB7D002B2BD100233B617B6889
S31508050A60DB691946F868FFF729FB0346FB75FB7D25
S31508050A70002B1DD17B681B6A1B78E52B04D07B6888
S31508050A801B6A1B78002B07D13B6901333B613A6921
S31508050A903B689A4202D10CE000233B610121786844
S31508050AA0FFF705FF0346FB75FB7D002BD7D000E056
S31508050AB000BFFB7D042B01D10723FB75FB7D18467B
S31508050AC01837BD4680BD80B584B000AF78603960FB
S31508050AD03B681A331846FFF741F80346FB607B68FF
S31508050AE01B78032B09D13B6814331846FFF736F8EC
S31508050AF003461B04FA681343FB60FB681846103760
S31508050B00BD4680BD80B584B000AFF860B9607A602F
S31508050B10BB681A337A6892B211461846FFF759F830
S31508050B20FB681B78032B09D1BB6803F114027B68A4
S31508050B301B0C9BB219461046FFF74BF800BF10373A
S31508050B40BD4680BD90B587B000AF786039603B6813
S31508050B501A331846FFF702F80346002B01D000237F
S31508050B6059E03B681B7803F03F035A1E13465B00A2
S31508050B7013449B0013447B610123FB8100233B61DE
S31508050B8033E0274A3B6913441B781A463B681344E6
S31508050B901846FEF7E3FF0346BB81FB89002B1AD0EF
S31508050BA07B69FE2B12D8BB89184602F011FD034650
S31508050BB01C467B695A1C7A615B007A6813441B8854
S31508050BC0184602F005FD03469C4201D0002322E0A3
S31508050BD0BB89FB8106E0BB894FF6FF72934201D0BC
S31508050BE0002318E03B6901333B613B690C2BC8D9E7
S31508050BF03B681B7803F04003002B0BD0FB89002BC1
S31508050C0008D07B695B007A6813441B88002B01D0E2
S31508050C10002300E0012318461C37BD4690BD00BFDA
S31508050C20E0F9060880B586B000AF786039603B689C
S31508050C301A331846FEF792FF0346002B01D0002308
S31508050C404DE03B681B7823F040035A1E13465B00AC
S31508050C5013449B0013447B610123FB8100233B61FD
S31508050C6028E0214A3B6913441B781A463B68134416
S31508050C701846FEF773FF0346BB81FB89002B0FD089
S31508050C807B69FE2B01D9002329E0BB89FB817B699A
S31508050C905A1C7A615B007A681344FA891A8006E059
S31508050CA0BB894FF6FF72934201D0002317E03B69D3
S31508050CB001333B613B690C2BD3D93B681B7803F0A1
S31508050CC04003002B0AD07B69FE2B01D9002306E0D9
S31508050CD07B695B007A68134400221A80012318464B
S31508050CE01837BD4680BD00BFE0F9060880B588B04F
S31508050CF000AFF860B96011461A460B46FB711346F4
S31508050D00BB71BB680D33BA791A70BB680B330F22F2
S31508050D101A70BB680C3300221A70BB681A33002197
S31508050D201846FEF756FFFB795A1E13465B00134411
S31508050D309B001344FB610023FB820023BB61FB8AEE
S31508050D404FF6FF72934207D0FB695A1CFA615B009E
S31508050D50FA6813441B88FB82174ABB6913441B7838
S31508050D601A46BB681344FA8A11461846FEF731FF38
S31508050D70FB8A002B02D14FF6FF73FB82BB69013351
S31508050D80BB61BB690C2BDAD9FB8A4FF6FF72934216
S31508050D9006D0FB695B00FA6813441B88002B03D150
S31508050DA0FB7943F04003FB71BB68FA791A7000BFFB
S31508050DB02037BD4680BD00BFE0F9060880B58CB072
S31508050DC000AFF860B9607A603B600B22B968F868CD
S31508050DD0FEF746FF3B68052B2BD93B68FB6122E0EE
S31508050DE07B689A1C7A601B887B840023BB6217E0A4
S31508050DF0FB695A007B8C03F001031344FB617B8C6A
S31508050E005B087B84FB6903F48033002B05D0FB69FB
S31508050E1083F4883383F02103FB61BB6A0133BB6224
S31508050E20BB6A0F2BE4D97B681B88002BD8D1FB69D5
S31508050E303B600723BB623B68DBB203F00F03DBB2FB
S31508050E40303387F82F3097F82F30392B04D997F890
S31508050E502F30073387F82F30BB6A5A1EBA623033EC
S31508050E603B4497F82F2003F81C2C3B681B093B606D
S31508050E703B68002BDFD107F11402BB6A13447E22B7
S31508050E801A7000237B6202E07B6A01337B627A6A09
S31508050E90BB6A9A4205D2FA687B6A13441B78202BEB
S31508050EA0F2D1BB6A072B07D8BB6A5A1CBA6230331C
S31508050EB03B4413F81C1C00E020217B6A5A1C7A6205
S31508050EC0FA6813440A461A707B6A072BE9D900BFE4
S31508050ED000BF3037BD4680BD80B485B000AF7860A9
S31508050EE00023FB730B23BB60FB7BDAB25208DB01DD
S31508050EF01343DAB27B68591C79601B781344FB7374
S31508050F00BB68013BBB60BB68002BEDD1FB7B184674
S31508050F101437BD465DF8047B704780B586B000AFCB
S31508050F20786039600423FB757B681B683B61FF2382
S31508050F307B75FF233B7581E07B68DB691946386954
S31508050F40FFF7BCF80346FB75FB7D002B7CD17B6858
S31508050F501B6A1B78BB75BB7D002B02D10423FB7569
S31508050F6077E07B681B6A0B331B7803F03F03FB733B
S31508050F707B68FA7B9A71BB7DE52B0ED0BB7D2E2B44
S31508050F800BD0FB7B23F02003082B0CBF0123002382
S31508050F90DBB21A463B68934202D0FF237B7544E0D1
S31508050FA0FB7B0F2B2FD1BB7D03F04003002B0DD008
S31508050FB07B681B6A5B7B3B75BB7D23F04003BB7572
S31508050FC0BB7D7B757B685A697B681A63BA7D7B7DB1
S31508050FD09A4215D17B681B6A0D331B783A7D9A426E
S31508050FE00ED13B69DA687B681B6A19461046FFF716
S31508050FF019FE0346002B03D07B7D013BDBB200E0DF
S31508051000FF237B7511E07B7D002B09D17B681B6A65
S315080510101846FFF761FF03461A463B7D934215D0EE
S315080510207B684FF0FF321A6310E000217868FFF7F6
S315080510303EFC0346FB75FB7D002B09D17B68DB6906
S31508051040002B7FF479AF04E000BF02E000BF00E0A3
S3150805105000BFFB7D002B02D07B680022DA61FB7D91
S3150805106018461837BD4680BD80B586B000AF78608E
S315080510707B681B683B6100217868FFF79DFB034683
S31508051080FB75FB7D002B01D0FB7DA9E0FF233B7596
S315080510903B7D7B757B684FF0FF321A637B68DB699E
S315080510A019463869FFF70AF80346FB75FB7D002BD9
S315080510B040F090807B681B6A1B78BB75BB7D002B4F
S315080510C002D10423FB758AE07B681B6A0B331B7800
S315080510D003F03F03FB737B68FA7B9A71BB7DE52BAF
S315080510E007D0FB7B03F00803002B09D0FB7B0F2BEE
S315080510F006D0FF237B757B684FF0FF321A635EE0E7
S31508051100FB7B0F2B36D17B6893F82F3003F0400312
S31508051110002B54D1BB7D03F04003002B0DD07B6813
S315080511201B6A5B7B3B75BB7D23F04003BB75BB7DAB
S315080511307B757B685A697B681A63BA7D7B7D9A429B
S3150805114015D17B681B6A0D331B783A7D9A420ED1F9
S315080511503B69DA687B681B6A19461046FFF7F2FC95
S315080511600346002B03D07B7D013BDBB200E0FF2362
S315080511707B7524E07B7D002B09D17B681B6A1846A5
S31508051180FFF7AAFE03461A463B7D934224D07B68A1
S3150805119093F82F3003F00103002B0AD17B68186AF0
S315080511A07B6824330B221946FEF796FD0346002B6A
S315080511B014D0FF237B757B684FF0FF321A63002135
S315080511C07868FFF774FB0346FB75FB7D002B3FF438
S315080511D065AF04E000BF02E000BF00E000BFFB7D8D
S315080511E018461837BD4680BD80B58CB000AF786007
S315080511F07B681B68FB617B6893F82F3003F0A003B7
S31508051200002B01D00623E0E000237B6202E07B6A1F
S3150805121001337B62FB69DA687B6A5B0013441B88CA
S31508051220002BF4D17B6803F1240107F10C030C228A
S315080512301846FEF715FDFB7D03F00103002B32D09A
S315080512407B68402283F82F200123BB6216E07B6862
S3150805125003F12400FB69DA6807F10C01BB6AFFF79D
S31508051260ADFD7868FFF700FF034687F82F3097F836
S315080512702F30002B06D1BB6A0133BB62BB6A632BD1
S31508051280E5D900E000BFBB6A642B01D107239CE0C2
S3150805129097F82F30042B02D097F82F3095E0FA7D72
S315080512A07B6883F82F20FB7D03F00203002B07D00C
S315080512B07B6A0C33474AA2FB03239B08013300E0EC
S315080512C001233B62396A7868FFF7B6FB034687F858
S315080512D02F3097F82F30002B48D13B6A013B3B62EC
S315080512E03B6A002B42D07B685A693B6A5B01D31A75
S315080512F019467868FFF760FA034687F82F3097F896
S315080513002F30002B32D17B6824331846FFF7E4FDCE
S315080513100346FB767B68DB691946F869FEF7CEFE58
S31508051320034687F82F3097F82F30002B1DD1FB6918
S31508051330D8687B68196A3B6ADAB2FB7EFFF7D6FC82
S31508051340FB690122DA7000217868FFF7B0FA0346CF
S3150805135087F82F3097F82F30002B07D13B6A013BCA
S315080513603B623B6A002BD5D100E000BF97F82F30CA
S31508051370002B28D17B68DB691946F869FEF79EFEBE
S31508051380034687F82F3097F82F30002B1BD17B683B
S315080513901B6A202200211846FEF783FC7B68186A1B
S315080513A07B6824330B221946FEF75AFC7B6893F8AB
S315080513B02F207B681B6A0C3302F01802D2B21A700A
S315080513C0FB690122DA7097F82F3018463037BD4683
S315080513D080BD00BF4FECC44E80B586B000AF7860BF
S315080513E07B681B683B617B685B69FB607B681B6B7D
S315080513F0B3F1FF3F07D07B681B6B19467868FFF783
S31508051400DBF9034600E00023FB75FB7D002B28D19D
S315080514107B68DB6919463869FEF750FE0346FB7596
S31508051420FB7D002B15D17B681B6AE5221A703B6983
S315080514300122DA707B685B69FA689A420BD9002142
S315080514407868FFF734FA0346FB75FB7D002BDFD07A
S3150805145002E000BF00E000BFFB7D042B01D102239B
S31508051460FB75FB7D18461837BD4680BD80B588B027
S3150805147000AF786039607B681B683B613B68002272
S315080514809A757B68DB69002B00F0C9807B681B6B46
S31508051490B3F1FF3F32D00023BB61BB69FB611BE09B
S315080514A0FB890021184602F057F80346FB81FB899C
S315080514B0002B02D10023FB611AE0FB69FE2B02D93A
S315080514C00023FB6114E0FB695A1CFA61FA89D1B25B
S315080514D03A6813440A469A753B69DA68BB69591C22
S315080514E0B9615B0013441B88FB81FB89002BD7D1A7
S315080514F03A68FB691344163300221A700023BB6148
S31508051500BB69FB613A68FB69134416331B78BB81D3
S315080515104CE07B681A6AFB69591CF96113441B7808
S31508051520FB75FB7D202B00D140E0FB7D052B01D10A
S31508051530E523FB75FB69092B0FD1BB89002B05D163
S315080515403A68BB69134416332E221A70BB695A1CAE
S31508051550BA613A6813442E225A723A68BB6913442B
S315080515600933FA7D1A70BB89002B1CD1FB7D402BEC
S3150805157013D9FB7D5A2B10D87B681B6A0C331B784D
S315080515801A46FB69082B01D9102300E008231340E6
S31508051590002B02D0FB7D2033FB753A68BB691344E3
S315080515A01633FA7D1A70BB690133BB61FB690A2BD1
S315080515B0AFD9BB89002B0DD13A68BB6913441633DD
S315080515C000221A707B681B6A0C331B78002B01D125
S315080515D00023BB613A68BB691344093300221A70B4
S315080515E07B681B6ADA7A3B681A727B681B6A1C3346
S315080515F01846FEF7CBFA02463B681A607B681B6AF3
S3150805160016331846FEF7C2FAB860BB689AB23B6845
S31508051610DA80BB681B0C9AB23B689A8000E000BF6B
S315080516202037BD4680BD000080B58AB000AF78601A
S3150805163039603B681B683B617B681B68DB68FB6038
S3150805164000237B617B69BB61BB695A1CBA613A6930
S3150805165013441B78BB84BB8C1F2B40D9BB8C2F2B03
S3150805166006D0BB8C5C2B10D102E0BB690133BB618C
S315080516703A69BB6913441B782F2BF6D03A69BB69BF
S3150805168013441B785C2BF0D02AE07B69FE2B01D925
S3150805169006237DE1BB8CDBB2BB84BB8C01211846D6
S315080516A001F05AFF0346BB84BB8C002B01D10623E8
S315080516B06EE1BB8C7F2B09D8BB8C19468D48FEF786
S315080516C032FB0346002B01D0062361E17B695A1CD0
S315080516D07A615B00FA681344BA8C1A80B4E700BFCE
S315080516E03A69BB691A443B681A60BB8C1F2B01D83B
S315080516F0042300E0002387F8273011E07B6903F10E
S315080517000043013B5B00FA6813441B88BB84BB8C0A
S31508051710202B02D0BB8C2E2B06D17B69013B7B6126
S315080517207B69002BEAD100E000BF7B695B00FA689C
S31508051730134400221A807B69002B01D1062327E171
S315080517407B6824330B2220211846FEF7AAFA0023C4
S31508051750BB6102E0BB690133BB61BB695B00FA6823
S3150805176013441B88202BF5D0BB695B00FA68134424
S315080517701B882E2BEED0BB69002B09D097F827308E
S3150805178043F0030387F8273002E07B69013B7B6159
S315080517907B69002B09D07B6903F10043013B5B009C
S315080517A0FA6813441B882E2BEFD1002387F82630B9
S315080517B000233B620823FB61BB695A1CBA615B00BF
S315080517C0FA6813441B88BB84BB8C002B00F09080F9
S315080517D0BB8C202B06D0BB8C2E2B0AD1BA697B690C
S315080517E09A4206D097F8273043F0030387F827303F
S315080517F07DE03A6AFB699A4203D2BA697B699A42DD
S3150805180023D1FB690B2B06D197F8273043F0030341
S3150805181087F8273075E0BA697B699A4205D097F843
S31508051820273043F0030387F82730BA697B699A425C
S3150805183066D87B69BB6108233B620B23FB6197F876
S3150805184026309B0087F8263051E0BB8C7F2B14D9B0
S31508051850BB8C0021184601F07FFE0346BB84BB8C72
S31508051860002B04D0BB8C803B234AD35CBB8497F8FA
S31508051870273043F0020387F82730BB8C002B07D0A7
S31508051880BB8C19461D48FEF74EFA0346002B08D0B1
S315080518905F23BB8497F8273043F0030387F827307F
S315080518A01BE0BB8C402B09D9BB8C5A2B06D897F85D
S315080518B0263043F0020387F826300EE0BB8C602BF2
S315080518C00BD9BB8C7A2B08D897F8263043F0010339
S315080518D087F82630BB8C203BBB843B6A5A1C3A6288
S315080518E0BA8CD1B27A6813440A4683F8242063E78A
S315080518F000BF06E094D6060860F90608A0D60608CD
S3150805190000BF7B6893F82430E52B03D17B68052255
S3150805191083F82420FB69082B04D197F826309B0009
S3150805192087F8263097F8263003F00C030C2B05D0DC
S3150805193097F8263003F00303032B05D197F82730CC
S3150805194043F0020387F8273097F8273003F0020398
S31508051950002B17D197F8263003F00303012B05D181
S3150805196097F8273043F0100387F8273097F826307D
S3150805197003F00C03042B05D197F8273043F0080329
S3150805198087F827307B6897F8272083F82F200023C8
S3150805199018462837BD4680BD80B586B000AF786045
S315080519A039607B683B613B691B68FB6002E03B6805
S315080519B001333B603B681B782F2BF8D03B681B78B7
S315080519C05C2BF4D03B6900229A603B681B781F2B79
S315080519D00AD87B68802283F82F2000217868FEF7CD
S315080519E0EBFE0346FB7543E03B4619467868FFF769
S315080519F01BFE0346FB75FB7D002B34D17868FFF784
S31508051A0033FB0346FB757B6893F82F30FB72FB7D2A
S31508051A10002B0AD0FB7D042B27D1FB7A03F00403A0
S31508051A20002B22D10523FB751FE0FB7A03F004037F
S31508051A30002B1CD13B699B7903F01003002B02D1BF
S31508051A400523FB7514E0FB6803F134027B685B69C3
S31508051A50C3F3080313441946F868FFF734F8024632
S31508051A603B699A60C0E700BF02E000BF00E000BF1F
S31508051A70FB7D18461837BD4680BD80B487B000AFD4
S31508051A8078604FF0FF333B617B681B68002B31D0CC
S31508051A907B681B687B6102E07B6901337B617B6937
S31508051AA01B781F2B03D97B691B783A2BF4D17B69E5
S31508051AB01B783A2B1CD17B681B68FB60FB685A1C94
S31508051AC0FA601B78303BBB60BB68092B0ED8FA68F1
S31508051AD07B699A420AD1BB68002B07D1BB683B6173
S31508051AE07B6901337B617B687A691A603B6902E029
S31508051AF000233B613B6918461C37BD465DF8047BE8
S31508051B007047000080B582B000AF786039607B68A1
S31508051B100022DA707B684FF0FF321A6339687868F5
S31508051B20FEF7CCFA0346002B01D0042338E07B6880
S31508051B30343303F5FF731846FEF710F803461A46BD
S31508051B404AF655239A4201D0032329E07B6893F880
S31508051B503430E92B09D07B6893F83430EB2B1ED14A
S31508051B607B6893F83630902B19D17B683433363336
S31508051B701846FEF70BF8034623F07F430A4A9342B5
S31508051B8001D100230CE07B68343352331846FDF740
S31508051B90FDFF0346054A934201D1002300E00223CF
S31508051BA018460837BD4680BD46415400464154335C
S31508051BB080B596B000AFF860B9601346FB71BB688F
S31508051BC000221A60F868FFF758FFF863FB6B002BCD
S31508051BD001DA0B2330E2A14AFB6B52F82330BB63CB
S31508051BE0BB6B002B01D10C2326E2BB68BA6B1A60C6
S31508051BF0FB7923F00103FB71BB6B1B78002B1AD00D
S31508051C00BB6B5B781846FDF70BFF034687F837303D
S31508051C1097F8373003F00103002B0CD1FB79002B1D
S31508051C2007D097F8373003F00403002B01D00A23B1
S31508051C3002E2002300E2BB6B00221A70FB6BDAB2E4
S31508051C40BB6B5A70BB6B5B781846FDF703FF0346FB
S31508051C5087F8373097F8373003F00103002B01D0A2
S31508051C600323E9E1FB79002B07D097F8373003F012
S31508051C700403002B01D00A23DEE100233B65396DF9
S31508051C80B86BFFF73FFF034687F8573097F8573085
S31508051C90022B49D100233B641EE0BB6B03F13402DA
S31508051CA03B6C1B0103F5DF7313443B633B6B043342
S31508051CB01B78002B06D03B6B08331846FDF766FFE5
S31508051CC0024600E000223B6C9B0058333B4443F830
S31508051CD0442C3B6C01333B643B6C032BDDD9002359
S31508051CE03B643B6C002B02D03B6C013B3B643B6C75
S31508051CF09B0058333B4453F8443C3B653B6D002BEE
S31508051D0005D0396DB86BFFF7FDFE034600E00323E2
S31508051D1087F8573097F85730012B05D93B6C0133AF
S31508051D203B643B6C032BE2D997F85730042B01D15A
S31508051D30012381E197F85730012B01D90D237BE162
S31508051D40BB6B34330B331846FDF708FF0346B3F56B
S31508051D50007F01D00D236FE1BB6B3433163318466C
S31508051D60FDF7FCFE0346FB64FB6C002B06D1BB6B3B
S31508051D70343324331846FDF709FFF864BB6BFA6C50
S31508051D80DA61BB6B93F84420BB6B9A70BB6B9B7887
S31508051D90012B05D0BB6B9B78022B01D00D234BE19C
S31508051DA0BB6B9B781A46FB6C02FB03F3FB64BB6BA8
S31508051DB093F841309AB2BB6B5A81BB6B5B89002B92
S31508051DC008D0BB6B5B891A46BB6B5B89013B134025
S31508051DD0002B01D00D232FE1BB6B34331133184685
S31508051DE0FDF7BCFE03461A46BB6B1A81BB6B1B89FE
S31508051DF003F00F039BB2002B01D00D231CE1BB6B2F
S31508051E00343313331846FDF7A9FE0346BB64BB6C8A
S31508051E10002B06D1BB6B343320331846FDF7B6FEC7
S31508051E20B864BB6B34330E331846FDF797FE034685
S31508051E30FB85FB8D002B01D10D23FDE0FA8DFB6C8F
S31508051E401344BA6B1289120992B21344BB62BA6C6F
S31508051E50BB6A9A4204D20D23EEE000BFE84900208A
S31508051E60BA6CBB6AD31ABA6B5289B3FBF2F37B62B7
S31508051E707B6A002B01D10D23DEE0032387F8573053
S31508051E807B6A4FF6F572934202D8022387F85730D4
S31508051E907B6A40F6F572934202D8012387F85730D4
S31508051EA07B6A9A1CBB6B9A61BB6B3A6D1A62FA8D93
S31508051EB03B6D1A44BB6B5A623A6DBB6A1A44BB6BD7
S31508051EC0DA6297F85730032B1ED1BB6B34332A33A6
S31508051ED01846FDF743FE0346002B01D00D23ABE05C
S31508051EE0BB6B1B89002B01D00D23A5E0BB6B3433D7
S31508051EF02C331846FDF74AFE0246BB6B9A62BB6B46
S31508051F009B699B007B641FE0BB6B1B89002B01D17A
S31508051F100D2391E0BB6B5A6AFB6C1A44BB6B9A623C
S31508051F2097F85730022B03D1BB6B9B695B000AE018
S31508051F30BB6B9A6913465B0013445A08BB6B9B69CE
S31508051F4003F0010313447B64BB6BDA697B6C03F20C
S31508051F50FF135B0A9A4201D20D236DE0BB6B4FF066
S31508051F60FF325A61BB6B5A69BB6B1A61BB6B802220
S31508051F701A7197F85730032B49D1BB6B3433303375
S31508051F801846FDF7EBFD0346012B40D13B6D0133A2
S31508051F901946B86BFEF792F80346002B37D1BB6B8B
S31508051FA000221A71BB6B343303F5FF731846FDF728
S31508051FB0D5FD03461A464AF655239A4227D1BB6BE1
S31508051FC034331846FDF7E2FD03461D4A93421ED1F2
S31508051FD0BB6B343303F5F2731846FDF7D7FD034695
S31508051FE0184A934213D1BB6B343303F5F473184679
S31508051FF0FDF7CCFD0246BB6B5A61BB6B343303F563
S31508052000F6731846FDF7C2FD0246BB6B1A61BB6B34
S3150805201097F857201A700C4B1B8801339AB20A4B4E
S315080520201A80094B1A88BB6BDA80BB6B074ADA60DC
S31508052030B86BFDF7DBFF002318465837BD4680BD4C
S315080520405252614172724161EC490020104A0020E2
S3150805205080B584B000AF786039600923FB737B6867
S31508052060002B1CD07B681B68002B18D07B681B6867
S315080520701B78002B13D07B689A887B681B68DB88DE
S315080520809A420CD17B681B685B781846FDF7C8FC35
S31508052090034603F00103002B01D10023FB73FB7BE9
S315080520A0002B02D17B681B6800E000233A681360A1
S315080520B0FB7B18461037BD4680BD000080B588B045
S315080520C000AFF860B9601346FB71BB683B6107F161
S315080520D010031846FFF7D1FCF861FB69002B01DAF6
S315080520E00B232BE0174AFB6952F82330BB61BB6902
S315080520F0002B05D0B869FDF779FFBB6900221A7070
S31508052100FB68002B02D0FB6800221A70FA680D4995
S31508052110FB6941F82320FB68002B02D0FB79012BCC
S3150805212001D000230AE007F10C0107F10803002294
S315080521301846FFF73DFD0346FB75FB7D1846203718
S31508052140BD4680BDE849002080B59AB000AFF86065
S31508052150B9601346FB71FB68002B01D10923ADE174
S31508052160FB7903F03F03FB71FA7907F1140107F1CF
S3150805217008031846FFF71CFD034687F8673097F8E6
S315080521806730002B40F091817B69BB61BA6807F11E
S31508052190180311461846FFF7FFFB034687F867300D
S315080521A097F86730002B1AD197F847305BB2002BA2
S315080521B003DA062387F8673011E0FB7923F0010374
S315080521C0002B14BF01230023DBB21A4607F11803B7
S315080521D011461846FDF7C2FD034687F86730FB79B1
S315080521E003F01C03002B7FD097F86730002B17D018
S315080521F097F86730042B0ED1FDF70CFE0346002B26
S3150805220006D007F118031846FEF7EEFF034600E069
S31508052210122387F86730FB7943F00803FB7110E052
S31508052220BB7F03F01103002B03D0072387F867301C
S3150805223007E0FB7903F00403002B02D0082387F88F
S31508052240673097F86730002B68D1FB7903F00803E8
S31508052250002B63D0FAF7BCFEB865BB6B0E33B96DB8
S315080522601846FDF7D1FCBB6B1633B96D1846FDF755
S31508052270CBFCBB6B0B3320221A707B69BA6B1146F4
S315080522801846FEF720FC78657B69B96B0022184667
S31508052290FEF738FCBB6B1C3300211846FDF7B4FC6A
S315080522A07B690122DA707B6D002B37D07B691B6B46
S315080522B0BB6507F118030022796D1846FEF74BF939
S315080522C0034687F8673097F86730002B26D17B6970
S315080522D0B96D1846FDF7F2FE034687F867307B6940
S315080522E07A6D013A1A6119E097F86730002B15D10E
S315080522F0BB7F03F01003002B03D0042387F8673050
S315080523000CE0FB7903F00203002B07D0BB7F03F033
S315080523100103002B02D0072387F8673097F8673043
S31508052320002B28D1FB7903F00803002B03D0FB7992
S3150805233043F04003FB717B691A6BFB685A62BA6BFB
S31508052340FB689A62FB7923F00103002B14BF01236E
S315080523500023DBB21A4607F1180311461846FDF79E
S315080523607BFD0246FB681A61FB681B69002B02D1D7
S31508052370022387F8673097F86730002B40F0958079
S315080523807B69BA6B11461846FEF79DFB0246FB6844
S315080523909A60BB6B1C331846FDF7F8FB0246FB68CB
S315080523A0DA60FB680022DA627A69FB681A607B697B
S315080523B0DA88FB689A80FB68FA791A75FB68002241
S315080523C05A75FB6800221A62FB6800229A61FB6847
S315080523D030334FF4007200211846FDF762FCFB798D
S315080523E003F02003002B60D0FB68DB68002B5CD06C
S315080523F0FB68DA68FB689A617B695B895B023B6502
S31508052400FB689B683B66FB68DB68FB6516E0FB6853
S31508052410396E1846FDF70DFF38663B6E012B02D857
S31508052420022387F867303B6EB3F1FF3F02D10123DC
S3150805243087F86730FA6D3B6DD31AFB6597F86730F1
S31508052440002B03D1FA6D3B6D9A42E0D8FB683A6ECC
S31508052450DA6197F86730002B27D1FB6DC3F30803BC
S31508052460002B22D07B69396E1846FDF7C3FEF86442
S31508052470FB6C002B03D1022387F8673015E0FB6D4B
S315080524805A0AFB6C1A44FB681A627B695878FB681A
S3150805249003F13001FB681A6A0123FDF701FB0346C0
S315080524A0002B02D0012387F8673097F86730002B91
S315080524B002D0FB6800221A6097F867301846683715
S315080524C0BD4680BD80B58EB000AFF860B9607A604C
S315080524D03B60BB687B623B6800221A60FB6807F1B4
S315080524E0140211461846FFF7B3FD034687F8373039
S315080524F097F83730002B07D1FB685B7D87F83730AF
S3150805250097F83730002B02D097F8373015E1FB6876
S315080525101B7D03F00103002B01D107230DE1FB68A1
S31508052520DA68FB689B69D31A3B627A683B6A9A4202
S3150805253040F2FE803B6A7B60FAE0FB689B69C3F361
S315080525400803002B40F0C680FB689B695B0A7A691D
S315080525505289013A1340FB61FB69002B2FD1FB68B1
S315080525609B69002B03D1FB689B683B6313E0FB68FB
S31508052570DB6A002B07D0FB689B691946F868FEF7E6
S31508052580E7F8386307E0FA68FB68DB691946104619
S31508052590FDF74FFE38633B6B012B04D8FB68022217
S315080525A05A750223C9E03B6BB3F1FF3F04D1FB68BB
S315080525B001225A750123C0E0FB683A6BDA617A692C
S315080525C0FB68DB6919461046FDF714FEB861BB6959
S315080525D0002B04D1FB6802225A750223ADE0BA69BD
S315080525E0FB691344BB617B685B0ABB62BB6A002B4C
S315080525F039D0FA69BB6A13447A695289934205D96F
S315080526007B695B891A46FB69D31ABB627B6958786D
S31508052610BB6ABA69796AFDF743FA0346002B04D003
S31508052620FB6801225A75012387E0FB681B7D5BB2AF
S31508052630002B14DAFB681A6ABB69D31ABA6A9A4276
S315080526400DD9FB681A6ABB69D31A5B027A6AD01870
S31508052650FB6830334FF400721946FDF701FBBB6A78
S315080526605B02FB6250E0FB681B6ABA699A422ED088
S31508052670FB681B7D5BB2002B18DA7B695878FB680B
S3150805268003F13001FB681A6A0123FDF729FA0346A7
S31508052690002B04D0FB6801225A7501234DE0FB681F
S315080526A01B7D03F07F03DAB2FB681A757B695878D8
S315080526B0FB6803F130010123BA69FDF7F1F9034611
S315080526C0002B04D0FB6801225A75012335E0FB6807
S315080526D0BA691A62FB689B69C3F30803C3F50073F5
S315080526E0FB62FA6A7B689A4201D97B68FB62FB68DA
S315080526F003F13002FB689B69C3F308031344FA6ABE
S315080527001946786AFDF7ACFA7A6AFB6A13447B625E
S31508052710FB689A69FB6A1A44FB689A613B681A68FA
S31508052720FB6A1A443B681A607A68FB6AD31A7B60A7
S315080527307B68002B7FF401AF002318463837BD4662
S3150805274080BD80B58CB000AFF860B9607A603B6033
S31508052750BB68FB613B6800221A60FB6807F110023B
S3150805276011461846FFF774FC034687F82F3097F885
S315080527702F30002B07D1FB685B7D87F82F3097F83C
S315080527802F30002B02D097F82F304BE1FB681B7DC5
S3150805279003F00203002B01D1072343E1FB689A697D
S315080527A07B681A44FB689B699A4280F02D81FB6811
S315080527B09B69DB437B6027E1FB689B69C3F30803D9
S315080527C0002B40F0E380FB689B695B0A3A695289EE
S315080527D0013A1340BB61BB69002B43D1FB689B6972
S315080527E0002B0CD1FB689B68BB62BB6A002B1AD110
S315080527F0FB6800211846FDF713FFB86213E0FB686E
S31508052800DB6A002B07D0FB689B691946F868FDF754
S315080528109FFFB86207E0FA68FB68DB691946104648
S31508052820FDF7FEFEB862BB6A002B00F0F280BB6AB4
S31508052830012B04D1FB6802225A750223F2E0BB6A12
S31508052840B3F1FF3F04D1FB6801225A750123E9E07C
S31508052850FB68BA6ADA61FB689B68002B02D1FB68DC
S31508052860BA6A9A60FB681B7D5BB2002B18DA3B696E
S315080528705878FB6803F13001FB681A6A0123FDF7EE
S315080528802FF90346002B04D0FB6801225A7501234C
S31508052890C8E0FB681B7D03F07F03DAB2FB681A758F
S315080528A03A69FB68DB6919461046FDF7A3FC7861AA
S315080528B07B69002B04D1FB6802225A750223B1E015
S315080528C07A69BB6913447B617B685B0A3B623B6A31
S315080528D0002B3CD0BA693B6A13443A69528993423C
S315080528E005D93B695B891A46BB69D31A3B623B69BD
S315080528F058783B6A7A69F969FDF7F2F80346002BB9
S3150805290004D0FB6801225A7501238BE0FB681A6A15
S315080529107B69D31A3A6A9A4215D9FB6803F13000DE
S31508052920FB681A6A7B69D31A5B02FA6913444FF482
S3150805293000721946FDF794F9FB681B7D03F07F03C2
S31508052940DAB2FB681A753B6A5B027B623FE0FB6895
S315080529501B6A7A699A4216D0FB689A69FB68DB682E
S315080529609A4210D23B695878FB6803F13001012376
S315080529707A69FDF795F80346002B04D0FB68012212
S315080529805A7501234EE0FB687A691A62FB689B69EA
S31508052990C3F30803C3F500737B627A6A7B689A42B8
S315080529A001D97B687B62FB6803F13002FB689B698A
S315080529B0C3F3080313447A6AF9691846FDF750F90B
S315080529C0FB681B7D63F07F03DAB2FB681A75FA6943
S315080529D07B6A1344FB61FB689A697B6A1A44FB6840
S315080529E09A61FB68DA68FB689B699A4238BF1A469A
S315080529F0FB68DA603B681A687B6A1A443B681A60A2
S31508052A007A687B6AD31A7B607B68002B7FF4D4AE21
S31508052A1000E000BFFB681B7D43F04003DAB2FB68A4
S31508052A201A75002318463037BD4680BD80B586B071
S31508052A3000AF78607B6807F1080211461846FFF76C
S31508052A4007FB0346FB75FB7D002B68D17B681B7D61
S31508052A5003F04003002B62D07B681B7D5BB2002B1D
S31508052A6015DABB6858787B6803F130017B681A6A02
S31508052A700123FDF735F80346002B01D001234FE066
S31508052A807B681B7D03F07F03DAB27B681A75FAF754
S31508052A909FFA3861BA687B685B6A19461046FDF77E
S31508052AA00DFB0346FB75FB7D002B38D17B689B6ABE
S31508052AB0FB60FB680B331A78FB680B3342F0200280
S31508052AC0D2B21A707B6818687B689B681A46F968DB
S31508052AD0FEF718F8FB6803F11C027B68DB681946E4
S31508052AE01046FDF791F8FB68163339691846FDF760
S31508052AF08BF8FB68123300211846FDF76AF8BB68A0
S31508052B000122DA70BB681846FDF706FB0346FB7516
S31508052B107B681B7D23F04003DAB27B681A75FB7D5B
S31508052B2018461837BD4680BD80B584B000AF7860B5
S31508052B307868FFF77BFF0346FB73FB7B002B18D1F1
S31508052B407B6807F1080211461846FFF781FA03461E
S31508052B50FB73FB7B002B0CD17B681B691846FDF7BD
S31508052B6009FA0346FB73FB7B002B02D17B6800221F
S31508052B701A60FB7B18461037BD4680BD80B590B0F8
S31508052B8000AF786039607B6807F108021146184678
S31508052B90FFF75EFA034687F83F3097F83F30002B74
S31508052BA003D17B685B7D87F83F3097F83F30002B6C
S31508052BB002D097F83F30E6E17B68DB6A002B00F028
S31508052BC0D1803B68B3F1FF3F5AD17B68DB6A7B62EC
S31508052BD07B6A1A1D7A621B687B610223BB627B6866
S31508052BE09B683B633B6B002B3AD03B6B3B610023F1
S31508052BF0FB62BB6A0233BB623B6BFB60FB6A013354
S31508052C00FB627B68396B1846FDF713FB38633B6B2C
S31508052C10012B04D87B6802225A750223B3E13B6B64
S31508052C20B3F1FF3F04D17B6801225A750123AAE156
S31508052C30FB6801333A6B9A42DED0BA6A7B699A42D7
S31508052C4009D87B6A1A1D7A62FA6A1A607B6A1A1D9E
S31508052C507A623A691A60BB689B693A6B9A42C4D329
S31508052C607B68DB6ABA6A1A60BA6A7B699A4203D8CC
S31508052C707B6A00221A6084E1112387F83F3080E1D8
S31508052C807B68DB683A689A4202D97B68DB683B60F1
S31508052C907B683A689A613B68002B00F072813B684D
S31508052CA0013B19467868FDF753FD02467B68DA61EC
S31508052CB0BA687B68DB6919461046FDF79BFAB86161
S31508052CC0BB69002B04D17B6802225A7502235AE197
S31508052CD03B68013B5B0ABA685289013A1340BA69EF
S31508052CE01344BB617B689B69C3F30803002B00F09B
S31508052CF048817B681B6ABA699A4200F042817B68FB
S31508052D001B7D5BB2002B18DABB6858787B6803F124
S31508052D1030017B681A6A0123FCF7E2FE0346002B9D
S31508052D2004D07B6801225A7501232CE17B681B7D3B
S31508052D3003F07F03DAB27B681A75BB6858787B6837
S31508052D4003F130010123BA69FCF7AAFE0346002BF5
S31508052D5004D07B6801225A75012314E17B68BA6998
S31508052D601A620EE17B68DB683A689A4208D97B687D
S31508052D701B7D03F00203002B02D17B68DB683B60F1
S31508052D807B689B693B6200237B637B687A6B9A61E8
S31508052D903B68002B00F0A780BB685B895B02FB617B
S31508052DA03B6A002B1BD03B685A1EFB69B2FBF3F244
S31508052DB03B6A591EFB69B1FBF3F39A420FD33B6A8B
S31508052DC05A1EFB695B421A407B689A617B689B6958
S31508052DD03A68D31A3B607B68DB69BB6322E07B688C
S31508052DE09B68BB63BB6B002B19D17B680021184612
S31508052DF0FDF716FCB863BB6B012B04D17B68022271
S31508052E005A750223BFE0BB6BB3F1FF3F04D17B685C
S31508052E1001225A750123B6E07B68BA6B9A607B680E
S31508052E20BA6BDA61BB6B002B5DD03AE03A68FB6991
S31508052E30D31A3B607B689A69FB691A447B689A6171
S31508052E407B681B7D03F00203002B0BD07B68B96BEF
S31508052E501846FDF7E5FBB863BB6B002B08D10023C5
S31508052E603B6022E07B68B96B1846FDF7E2F9B86363
S31508052E70BB6BB3F1FF3F04D17B6801225A75012369
S31508052E8081E0BB6B012B04D9BB689B69BA6B9A4277
S31508052E9004D37B6802225A75022374E07B68BA6BF1
S31508052EA0DA613A68FB699A42C0D87B689A693B68D1
S31508052EB01A447B689A613B68C3F30803002B12D052
S31508052EC0BB68B96B1846FDF795F978637B6B002BDC
S31508052ED004D17B6802225A75022354E03B685B0AD3
S31508052EE07A6B13447B637B689A697B68DB689A42CD
S31508052EF00AD97B689A697B68DA607B681B7D43F02B
S31508052F004003DAB27B681A757B689B69C3F30803C5
S31508052F10002B36D07B681B6A7A6B9A4231D07B6860
S31508052F201B7D5BB2002B18DABB6858787B6803F102
S31508052F3030017B681A6A0123FCF7D2FD0346002B8C
S31508052F4004D07B6801225A7501231CE07B681B7D2A
S31508052F5003F07F03DAB27B681A75BB6858787B6815
S31508052F6003F1300101237A6BFCF79AFD0346002B22
S31508052F7004D07B6801225A75012304E07B687A6BC5
S31508052F801A6297F83F3018464037BD4680BD80B56A
S31508052F9086B000AF786039607B68002B01D10923BC
S31508052FA064E07B683B6107F10C013B460022184645
S31508052FB0FEF7FEFD0346FB75FB7D002B4FD1FA6830
S31508052FC03B691A603B6819467868FEF7E5FC0346CF
S31508052FD0FB75FB7D002B3DD17B6893F82F305BB2E3
S31508052FE0002B12DB3B699B7903F01003002B0AD0F3
S31508052FF0FA687B681B6A19461046FDF764FD0246A2
S315080530003B699A6001E00523FB75FB7D002B21D101
S31508053010FB68DA883B699A8000217868FDF7CCFB5E
S315080530200346FB75FB7D002B14D13B699B68002B7A
S315080530300DD000217868FCF70FFF02463B691A6137
S315080530403B691B69002B05D11223FB7502E03B6919
S3150805305000221A61FB7D042B01D10523FB75FB7D37
S31508053060002B02D03B6900221A60FB7D18461837EB
S31508053070BD4680BD80B584B000AF78607B6807F132
S31508053080080211461846FEF7E3FF0346FB73FB7B6A
S31508053090002B10D17B681B69002B06D07B681B6942
S315080530A01846FCF767FF0346FB73FB7B002B02D12B
S315080530B07B6800221A60FB7B18461037BD4680BD23
S315080530C080B584B000AF786039607B6807F108027F
S315080530D011461846FEF7BCFF0346FB73FB7B002B20
S315080530E026D13B68002B06D100217868FDF764FBDD
S315080530F00346FB731CE000217868FDF70EFF0346BF
S31508053100FB73FB7B042B01D10023FB73FB7B002B95
S315080531100ED139687868FEF7A9F900217868FDF7B0
S31508053120C6FB0346FB73FB7B042B01D10023FB730C
S31508053130FB7B18461037BD4680BD80B5A0B000AFED
S3150805314078600023BB6707F10C013B1D0222184670
S31508053150FEF72EFD034687F87F30FB687B6497F8F4
S315080531607F30002B40F08E807A6807F144031146BC
S315080531701846FEF711FC034687F87F3097F87F3027
S31508053180002B08D107F1440302211846FCF7E6FD92
S31508053190034687F87F3097F87F30002B72D197F86A
S315080531A073305BB2002B03DA062387F87F3008E015
S315080531B097F84A3003F00103002B02D0072387F856
S315080531C07F3097F87F30002B34D1FB687A6E11462D
S315080531D01846FDF778FCB86797F84A3003F01003E8
S315080531E0002B27D0FB683B61BB6FBB6107F110035A
S315080531F000211846FDF7E0FA034687F87F3097F869
S315080532007F30002B16D107F1100300211846FDF76C
S3150805321084FE034687F87F3097F87F30002B02D166
S31508053220072387F87F3097F87F30042B02D10023D0
S3150805323087F87F3097F87F30002B23D107F14403B1
S315080532401846FEF7C9F8034687F87F3097F87F30A2
S31508053250002B0CD1BB6F002B09D007F144030022C4
S31508053260B96F1846FDF777F9034687F87F3097F85B
S315080532707F30002B06D1FB681846FCF74DFF034641
S3150805328087F87F3097F87F3018468037BD4680BD6A
S3150805329080B598B000AF786007F10C013B1D022296
S315080532A01846FEF785FC034687F85F30FB683B61E1
S315080532B097F85F30002B40F0EC807A6807F1100329
S315080532C011461846FEF768FB034687F85F3097F8F8
S315080532D05F30002B02D1082387F85F3097F85F30F7
S315080532E0042B40F0D68007F1100300211846FDF798
S315080532F097F9F864FB685B895B02FB61002387F82D
S315080533005F30FB6C002B02D1072387F85F30FB6C17
S31508053310012B02D1022387F85F30FB6CB3F1FF3F1F
S3150805332002D1012387F85F3097F85F30002B06D165
S31508053330FB681846FCF77EFE034687F85F30F9F703
S3150805334047FEB86497F85F30002B6AD1FB68F96CBD
S315080533501846FCF74FFF7865FB6834337B644FF4F2
S3150805336000720021786CFCF79CFC0B222021786CF6
S31508053370FCF797FC7B6C2E221A707B6C0B3310229C
S315080533801A707B6C1633B96C1846FCF73DFCFB685E
S31508053390FA6C796C1846FDF7B5FB7B6C2033202251
S315080533A0796C1846FCF75CFC7B6C21332E221A7067
S315080533B0BB693B65FB681B78032B06D1FB689B6AD3
S315080533C03A6D9A4201D100233B65F8687B6C203338
S315080533D03A6D1946FDF796FBFB685B89BB651BE0ED
S315080533E07B6D5A1C7A65FA681363FB680122DA70E5
S315080533F0FB681846FCF71EFE034687F85F3097F804
S315080534005F30002B0CD14FF400720021786CFCF765
S3150805341048FCBB6D013BBB65BB6D002BE0D100E0ED
S3150805342000BF97F85F30002B07D107F11003184640
S31508053430FDF7DAFE034687F85F3097F85F30002B0D
S3150805344020D13B6B7B647B6C1633B96C1846FCF74D
S31508053450DBFBFB68FA6C796C1846FDF753FB7B6C4E
S315080534600B3310221A70FB680122DA7097F85F3061
S31508053470002B0ED1FB681846FCF74EFE034687F867
S315080534805F3006E007F110030022F96C1846FDF7D0
S3150805349062F897F85F3018466037BD4680BD00006C
S315080534A080B487B000AFF860B9601346FB71012395
S315080534B0FB750023BB751F4B5B7ADBB2002B31D13D
S315080534C01C4B5B7ADBB21A461A4B00219954194BE9
S315080534D05B7ADBB2174A9B001344FA685A60154BA8
S315080534E05B7ADBB21A46134B1344FA791A72114BF7
S315080534F05B7ADBB25A1CD1B20E4A5172BB75BB7DDB
S315080535003033DAB2BB681A70BB6801333A221A70CF
S31508053510BB6802332F221A70BB68033300221A7060
S315080535200023FB75FB7D18461C37BD465DF8047BF5
S31508053530704700BF104C002080B582B000AF786098
S315080535403960002239687868FFF7AAFF03461846E6
S315080535500837BD4680BD000080B485B000AF034678
S315080535603960FB80FB887F2B02D8FB88FB8125E029
S315080535703B68002B0BD0FB88FF2B05D8FB88803BC7
S31508053580124A32F8133000E00023FB8116E00023C7
S31508053590FB8109E0FB890D4A32F81330FA889A420D
S315080535A006D0FB890133FB81FB897F2BF2D900E025
S315080535B000BFFB8980339BB2DBB2FB81FB891846CA
S315080535C01437BD465DF8047B704700BFF0F9060859
S315080535D080B487B000AF0346FB80FB88B3F5805FF0
S315080535E001D23E4B00E03E4B7B617B699A1C7A61B2
S315080535F01B887B827B8A002B68D0FA887B8A9A424D
S3150805360064D37B699A1C7A611B883B823B8A1B0AB1
S31508053610FB813B8ADBB23B82FA88798A3B8A0B4473
S315080536209A4249DAFB89082B4FD801A252F823F0AA
S3150805363055360508673605087D36050885360508AD
S315080536408D360508953605089D360508A5360508F7
S31508053650AD360508FA887B8AD31A5B007A6913445E
S315080536601B88FB8027E0FA887B8AD31A9BB203F06E
S3150805367001039BB2FA88D31AFB801CE0FB88103B32
S31508053680FB8018E0FB88203BFB8014E0FB88303B79
S31508053690FB8010E0FB881A3BFB800CE0FB880833AF
S315080536A0FB8008E0FB88503BFB8004E0FB88A3F51C
S315080536B0E353FB8000BF08E0FB89002B95D13B8AC5
S315080536C05B007A6913447B618FE700BFFB88184660
S315080536D01C37BD465DF8047B704700BFF0FA06083F
S315080536E0E4FC060880B48FB000AF78607B681A8959
S315080536F07B681B681B8A9A4201D3002356E17B68BF
S315080537001B681A687B685B899B0013441B68FB6208
S31508053710FB6A1B0ADAB27B689A75FB6A03F0030330
S31508053720022B5AD0022B00F29480002B02D0012BD3
S315080537301FD08EE07B6801229A82FB6A9B089BB2A2
S3150805374003F03F039AB27B681A82FB6A1B0E5BB2CB
S3150805375003F00F0387F83330FB6A1B0CDBB27B6378
S31508053760FB6A1B0F9BB203F00F039AB27B685A825A
S31508053770B4E07B681B681A687B685B8901339B0024
S3150805378013441B68FB61FB6A1B0C9BB2C3F30B0353
S315080537909AB27B689A82FB6A9B089BB203F03F0341
S315080537A09AB2FB691B0F9BB29B019BB213439AB254
S315080537B07B681A82FB6A1B0F5BB203F00F0387F857
S315080537C03330FB699BB27B63FB691B0C9BB2C3F366
S315080537D00B039AB27B685A8280E07B681B681A6875
S315080537E07B685B8901339B0013441B68BB627B6856
S315080537F01B681A687B685B8902339B0013441B6840
S315080538007B627B681B681A687B685B8903339B0048
S3150805381013441B683B62FB6A1B0C9AB27B689A8247
S31508053820FB6A9B089BB203F03F039AB2BB6A1B0A65
S315080538309BB29B019BB213439AB27B681A82BB6AF9
S3150805384087F833307B6A7B633B6A9AB27B685A8210
S3150805385044E07B681B681A687B685B8901339B00B3
S3150805386013441B68BB617B681B681A687B685B89A0
S3150805387002339B0013441B687B617B681B681A68C7
S315080538807B685B8903339B0013441B683B617B6834
S315080538901B681A687B685B8904339B0013441B689D
S315080538A0FB60FB689AB27B689A82FB6A9B089BB2A7
S315080538B003F03F039AB2BB691B0A9BB29B019BB2F5
S315080538C013439AB27B681A82BB6987F833307B69DA
S315080538D07B633B699AB27B685A8200BF7B685B68E3
S315080538E0002B06D17B6800229A617B6800221A6242
S315080538F041E07B685A687B6B1A447B689A6197F93D
S315080539003330002B08D07B689A6997F933305B42C8
S315080539101A447B681A621AE07B689B7D03F03003BC
S31508053920202B11D17B689B7D03F0C003002B05D0A6
S315080539307B689B7D03F0C003802B05D17B6803F16B
S3150805394014027B681A6202E07B6800221A627B68A9
S315080539509B7D03F0C003802B09D17B689B69002BEF
S3150805396005D07B689B691A687B68DA6103E07B6822
S315080539709A697B68DA617B689B7D03F00F03082BE0
S3150805398005D07B689B7D03F00F03092B0AD17B685D
S315080539901B685A687B68DB899B0013441A687B6831
S315080539A05A6202E07B6800225A62012318463C37B0
S315080539B0BD465DF8047B704780B485B000AF786076
S315080539C07B681B8901339AB27B681A817B681A89D9
S315080539D07B681B681B8A9A420CD37B6800221A816E
S315080539E07B6800225A817B680022DA817B6800227F
S315080539F09A813CE07B681B681A687B685B899B0033
S31508053A0013441B68FB60FB681B0AFB72FB6803F023
S31508053A100303012202FA03F33B817B685A893B8932
S31508053A2013449AB27B685A817B689A89FB7A03F0B4
S31508053A303003002B0CBF01230023DBB29BB21344D2
S31508053A409AB27B689A817B68DA89FB7A03F00F0359
S31508053A50082B04D0FB7A03F00F03092B01D10123A8
S31508053A6000E000239BB213449AB27B68DA8100BF53
S31508053A701437BD465DF8047B704780B584B000AF42
S31508053A80F860B9607A6028220021F86815F0F8FC14
S31508053A90FB68BA681A60FB687A685A60F868FFF7BF
S31508053AA021FE034618461037BD4680BD80B586B04B
S31508053AB000AF786039603B681B689B683B613B696A
S31508053AC01B681B68FB60FB681B0A03F0C003802B99
S31508053AD009D13B6804331A4639697868FFF7CDFF7B
S31508053AE00346FB7508E03B685B681A4639697868DA
S31508053AF0FFF7C3FF0346FB753B6803F10C027B68BA
S31508053B001A62FB7D18461837BD4680BD80B582B05A
S31508053B1000AF78607868FFF74FFF7868FFF7E2FD32
S31508053B207B681B89002B14BF01230023DBB21846CB
S31508053B300837BD4680BD80B584B000AF786039606A
S31508053B407B681B8A1A463B68934201D1012344E0E8
S31508053B507B681B689B8A1A463B68934201D90023F2
S31508053B603BE07B681B89FB817B681B8A1A463B6899
S31508053B70934204D27B681B681A8A7B681A8178681F
S31508053B80FFF71AFF7B681B681A687B685B899B00C9
S31508053B9013441B68BB60BB689A083B68534003F02F
S31508053BA03F03002B10D17868FFF79CFD7B681B8ABD
S31508053BB01A463B68934207D17B689B7D03F00F0342
S31508053BC00A2B01D0012308E07B681B89FA899A42EA
S31508053BD0D5D17868FFF786FD002318461037BD4608
S31508053BE080BD80B584B000AF78607B689B7D03F0A7
S31508053BF00F030A2B01D1012322E07B681B89FB8170
S31508053C007868FFF7D9FE7B681B681A687B685B8945
S31508053C109B0013441B68BB60BB681B0A03F00F03B4
S31508053C200A2B04D17868FFF75DFD034608E07B6833
S31508053C301B89FA899A42E3D17868FFF753FD002371
S31508053C4018461037BD4680BD80B485B000AF78608C
S31508053C507B68FB60FB6818461437BD465DF8047B30
S31508053C60704780B584B000AFF860B9607A60786847
S31508053C70FFF7EAFF03461A46B968F868FFF7FDFE37
S31508053C80034618461037BD4680BD80B582B000AFDD
S31508053C90786039603868FFF7D7FF034619467868AC
S31508053CA0FFF704FF034618460837BD4680BD80B5AD
S31508053CB086B000AFF860B9607A607B685B8A082BC6
S31508053CC025D17B68DB697B617B69002B1FD0FB6887
S31508053CD0002B0CD07B691B68002B08D07B691B68F9
S31508053CE07A6904327968F8689847034610E0BB682C
S31508053CF0002B0CD07B691B68002B08D07B691B68D9
S31508053D007A6904327968B8689847034600E001235A
S31508053D1018461837BD4680BD80B586B000AFF86031
S31508053D20B9607A60FB685B687B61FB685A687B6883
S31508053D301A44FB685A60BB68002B04D07A6879690F
S31508053D40B86816F08FFC012318461837BD4680BD9E
S31508053D5080B588B000AFF860B9607A607B68002BDB
S31508053D6001D101235FE0BB68002B23D1FB681B68E3
S31508053D702F4A93421ED011E007F110031022194667
S31508053D80F868FFF7E5FF034683F00103DBB2002B6E
S31508053D9001D0002347E07B68103B7B607B68102BCE
S31508053DA0EAD807F110037A681946F868FFF7D0FFCD
S31508053DB0034638E0FB689B687A689A420BD9FB6824
S31508053DC0DB68002B02D0FB68DB6800E0194BFA6854
S31508053DD0D360002327E0FB681B687A68B968F8682A
S31508053DE09847034683F00103DBB2002B0BD0FB682B
S31508053DF0DB68002B02D0FB68DB6800E00E4BFA682F
S31508053E00D36000230FE0FB689B687A689A4203D95A
S31508053E10FB6800229A6005E0FB689A687B68D21AF7
S31508053E20FB689A60012318462037BD4680BD00BF4A
S31508053E30193D0508DCD60608ECD6060880B582B015
S31508053E4000AF786039607B689B68002B0BD17B686F
S31508053E50DB68002B02D07B68DB6800E0134B7A68C9
S31508053E60D36000231DE07B681B68012239687868E2
S31508053E709847034683F00103DBB2002B0BD07B681A
S31508053E80DB68002B02D07B68DB6800E0084B7A68A4
S31508053E90D360002305E07B689B685A1E7B689A6099
S31508053EA0012318460837BD4680BD00BFDCD606087F
S31508053EB0ECD6060890B48AB000AFF860B9607A60A7
S31508053EC00A4BBB61BB687B617B69FB617B683B62AF
S31508053ED000237B62FB681C4607F118030FCB84E8B1
S31508053EE00F00F8682837BD4690BC7047193D050888
S31508053EF080B588B000AFF860B9607A6007F1150338
S31508053F001946F868FFF79AFF034683F00103DBB203
S31508053F10002B0BD0FB689B68002B05D17B68002B13
S31508053F2002D07B6801221A70002384E07B7D5BB290
S31508053F30002B02DB7B7DFB6179E00723BB617B7D7B
S31508053F4003F07F03FB6107F115031946F868FFF7C8
S31508053F5075FF034683F00103DBB2002B01D000236E
S31508053F6069E0BB691F2B2FD9BB693E2B01D8FF23F7
S31508053F7000E00123FB757B7D03F07F03002B06D04C
S31508053F80FB69002B05DA7B7DFA7D9A4201D101236F
S31508053F9000E00023BB75BB7D03F00103BB75BB6958
S31508053FA03F2B05D8BB7D83F00103DBB2002B37D049
S31508053FB0FB68DB68002B02D0FB68DB6800E0204B5A
S31508053FC0FA68D360002336E0BB691C2B1FD17B7DBD
S31508053FD003F07003002B10D07B7D03F07803782B54
S31508053FE00BD0FB68DB68002B02D0FB68DB6800E0BA
S31508053FF0134BFA68D36000231DE07B7D03F00F029F
S31508054000BB6902FA03F3FA691343FB6108E07B7D92
S3150805401003F07F02BB6902FA03F3FA691343FB61EE
S31508054020BB690733BB617B7D5BB2002B8BDBBB684A
S31508054030FA691A60012318462037BD4680BD00BFB8
S31508054040F8D6060880B582B000AF786039600022D8
S3150805405039687868FFF74CFF034618460837BD46A2
S3150805406080BD00002DE9B04F8AB000AFF860B96091
S3150805407000237B624FF000024FF00003C7E90623D1
S3150805408007F117031946F868FFF7D8FE034683F0C4
S315080540900103DBB2002B01D0002341E07B6A3E2BEE
S315080540A010D9FB7D03F0FE03002B0BD0FB68DB68FC
S315080540B0002B02D0FB68DB6800E01C4BFA68D3606E
S315080540C000232DE0FB7DDBB200223B607A603B686E
S315080540D003F07F084FF000097B6AA3F12001C3F1BD
S315080540E0200209FA03F508FA01F10D4328FA02F246
S315080540F0154308FA03F4D7E9062342EA040A43EA0C
S31508054100050BC7E906AB7B6A07337B62FB7D5BB2AA
S31508054110002BB5DBB968D7E90623C1E900230123D6
S3150805412018462837BD46BDE8B08F00BFF8D606083D
S3150805413080B584B000AF786007F10F0301221946F0
S315080541407868FFF705FE034683F00103DBB2002B0B
S3150805415001D0002304E0FB7B5BB2002BECDB0123DB
S3150805416018461037BD4680BD80B584B000AF786067
S3150805417007F10C0319467868FFF764FF034683F0D1
S315080541800103DBB2002B01D0002306E0FB681A46C3
S3150805419000217868FFF7DCFD034618461037BD464B
S315080541A080BD80B586B000AFF860B9607A603B60BF
S315080541B03B6800221A70BB6800221A707B680022C9
S315080541C01A6007F114033A681946F868FFF790FE6E
S315080541D0034683F00103DBB2002B01D000230BE075
S315080541E07B69DA087B681A607B69DBB203F007032B
S315080541F0DAB2BB681A70012318461837BD4680BD62
S3150805420080B582B000AF78600B46FB70FB78052B4E
S3150805421026D801A252F823F0314205083B42050883
S3150805422049420508614205086142050853420508E1
S315080542307868FFF77DFF03461DE0082200217868A8
S31508054240FFF786FD034616E07868FFF78DFF0346F8
S3150805425011E0042200217868FFF77AFD03460AE093
S315080542607B68DB68002B02D07B68DB6800E0044BC3
S315080542707A68D360002318460837BD4680BD00BF57
S3150805428008D7060880B586B000AFF8607A603B6047
S315080542900B46FB723B681B687B61FB7A052B3FD097
S315080542A0052B47DC002B02D0012B2FD042E03B68BB
S315080542B000221A603B681B685A1C3B681A603B68F3
S315080542C01B687A699A420BD2FB68DB68002B02D019
S315080542D0FB68DB6800E01F4BFA68D360002334E00F
S315080542E001227968F868FFF733FD034683F0010371
S315080542F0DBB2002B01D0002327E07B685A1C7A60C5
S315080543001B785BB2002BD5DB01231EE03B68082230
S315080543101A6008227968F868FFF71AFD034614E05B
S315080543203B6804221A6004227968F868FFF710FDCD
S3150805433003460AE0FB68DB68002B02D0FB68DB68EE
S3150805434000E0054BFA68D360002318461837BD46C2
S3150805435080BD00BFF8D6060808D7060890B585B00B
S3150805436000AF7860396007F10C0319467868FFF7DE
S3150805437069FE034683F00103DBB2002B01D0002357
S3150805438020E03A687B6814460FCB84E80F003B6843
S315080543909A68FB689A420BD27B68DB68002B02D0C9
S315080543A07B68DB6800E0094B7A68D360002309E07F
S315080543B0FA683B689A607B689A68FB68D21A7B68D4
S315080543C09A60012318461437BD4690BD1CD70608C2
S315080543D080B582B000AF786039603B689B68002B72
S315080543E00ED03B689B681A4600213868FFF7B0FC73
S315080543F0034683F00103DBB2002B01D0002308E056
S315080544003B685A687B685A603B68DA687B68DA6095
S31508054410012318460837BD4680BD000080B584B01F
S3150805442000AFF8600B467A60FB727B689B7D03F0EC
S315080544300F030B2B00F2D48001A252F823F000BF1C
S3150805444071440508A1440508A1440508A1440508C1
S31508054450D144050805450508394505086345050890
S315080544608D4505088D450508E1450508B74505083F
S31508054470FB7A002B0ED0FB7AFF2B0BD0FB68DB688B
S31508054480002B02D0FB68DB6800E05D4BFA68D36059
S315080544900023B0E07968F86800F0F6FE0346AAE05E
S315080544A0FB7A002B0ED0FB7AFF2B0BD0FB68DB685B
S315080544B0002B02D0FB68DB6800E0514BFA68D36035
S315080544C0002398E07968F86800F0EEFE034692E066
S315080544D0FB7A052B0ED0FB7AFF2B0BD0FB68DB6826
S315080544E0002B02D0FB68DB6800E0454BFA68D36011
S315080544F0002380E07B68DB691946F86800F08AFEC8
S31508054500034678E0FB7A012B0ED0FB7AFF2B0BD0FE
S31508054510FB68DB68002B02D0FB68DB6800E0384BDC
S31508054520FA68D360002366E07B68DB691946F86894
S3150805453000F08CFE03465EE0FB7A022B0BD0FB6887
S31508054540DB68002B02D0FB68DB6800E02C4BFA68B9
S31508054550D36000234FE07968F86800F0D1FF034679
S3150805456049E0FB7A022B0BD0FB68DB68002B02D0EF
S31508054570FB68DB6800E0224BFA68D36000233AE063
S315080545807968F86801F030F8034634E0FB7A022BBF
S315080545900BD0FB68DB68002B02D0FB68DB6800E004
S315080545A0174BFA68D360002325E07968F86801F0A7
S315080545B097F803461FE0FB7A022B0BD0FB68DB68EE
S315080545C0002B02D0FB68DB6800E00D4BFA68D36068
S315080545D0002310E07968F86801F00CF903460AE04B
S315080545E0FB68DB68002B02D0FB68DB6800E0054B3F
S315080545F0FA68D360002318461037BD4680BD00BF4C
S3150805460034D7060844D7060880B596B000AFF860D3
S315080546100B467A60FB727B689B7D03F03003302B73
S3150805462000F0C280302B00F21A81202B1FD0202BD8
S3150805463000F21581002B02D0102B08D00FE1FB7A6A
S315080546407A681946F868FFF7E9FE034612E17B68BA
S315080546501B6A002B03D07B681B6A01221A70FB7A3A
S315080546607A681946F868FFF7D9FE034602E1FB7A28
S31508054670022B6CD17B689B7D03F00F03052B66D84F
S31508054680012387F857307B681B6A3B657B689B69FE
S315080546907A68528A11463A6D128801FB02F21A4463
S315080546A07B68DA6107F13C031946F868FFF756FE99
S315080546B0034683F00103DBB2002B1FD00023D9E0A4
S315080546C007F13C037A68FF211846FFF7A7FE03465C
S315080546D083F00103DBB2002B03D0002387F857309C
S315080546E015E03B6D1B8801339AB23B6D1A807B68D2
S315080546F0DB697A68528A1A447B68DA617B6C002B17
S3150805470005D03B6D1A887B689B8A9A42D8D37B6C01
S31508054710002B0BD0FB68DB68002B02D0FB68DB6837
S3150805472000E0564BFA68D3600023A3E007F13C0383
S315080547301946F868FFF74CFE034683F00103DBB21A
S31508054740002B01D0002395E097F8573092E07B6857
S315080547501B6AFB647B689B697A68528A1146FA6C00
S31508054760128801FB02F21A447B68DA61FB6C1B8826
S315080547705A1C91B2FA6C11807A68928A93420BD3C5
S31508054780FB68DB68002B02D0FB68DB6800E03B4B67
S31508054790FA68D36000236DE0FB7A7A681946F868EB
S315080547A0FFF73CFE034665E07B689B7D03F00F0338
S315080547B0082B05D07B689B7D03F00F03092B41D198
S315080547C07B681B6A1A887B681B8A9A423AD07B687B
S315080547D0D8697B685B8A1A46002114F051FE7B6806
S315080547E05B6A9B68002B0AD17B685B6ADB68002BD2
S315080547F005D17B685B6A5B681B68002B22D07B68E2
S31508054800596A7B68DA6907F114031846FFF735F91B
S315080548100346002B16D007F11403184600F04DFA87
S31508054820034683F00103DBB2002B0BD0FB68DB687C
S31508054830002B02D0FB68DB6800E0114BFA68D360F1
S31508054840002317E07B681B6A7A68128A1A80FB7A46
S315080548507A681946F868FFF7E1FD03460AE0FB683A
S31508054860DB68002B02D0FB68DB6800E0054BFA68BD
S31508054870D360002318465837BD4680BD58D7060865
S3150805488068D7060844D7060880B485B000AFF8602F
S315080548900B467A60FB72FB68DB68002B02D0FB6867
S315080548A0DB6800E0044BFA68D36000231846143722
S315080548B0BD465DF8047B704780D7060890B59BB062
S315080548C000AFF8610B467A61FB767B691B68DB6886
S315080548D0002B06D1FB7E1946F869FFF791FC0346BE
S315080548E070E0FB7E022B45D107F154031946F8699A
S315080548F0FFF734FD034683F00103DBB2002B01D035
S3150805490000235FE0FB6D7B667B691B68DB6807F147
S3150805491054007A6900219847034683F00103DBB200
S31508054920002B10D0FB69DB68002B02D0FB69DB681E
S3150805493005E03B6E002B01D03B6E00E0234BFA6980
S31508054940D36000233EE0FB6D002B03D0FB6D7A6E2A
S315080549509A42D7D807F154031946F869FFF738FD7F
S31508054960034683F00103DBB2002B01D0002329E0BF
S31508054970012327E020233B6407F1400307F12002C2
S31508054980F97EF869FFF77EFC034683F00103DBB27F
S31508054990002B01D0002315E03A6C3B4607F12001B0
S315080549A01846FFF787FA07F144043B460FCB84E818
S315080549B00F007B691B68DB6807F144007A690021EB
S315080549C09847034618466C37BD4690BD94D70608E2
S315080549D080B584B000AFF8600B467A60FB727B68D9
S315080549E09B7D03F0C003802B0ED0802B1CD8002B93
S315080549F002D0402B10D017E0FB7A7A681946F8687A
S31508054A00FFF702FE03461AE0FB7A7A681946F86844
S31508054A10FFF73AFF034612E0FB7A7A681946F86803
S31508054A20FFF74CFF03460AE0FB68DB68002B02D05C
S31508054A30FB68DB6800E0044BFA68D3600023184678
S31508054A401037BD4680BD00BF44D7060880B58EB071
S31508054A5000AFF860B9607A60FB7007F11003B968B2
S31508054A601846FFF723F8034683F00103DBB2002B4C
S31508054A700BD0FB68DB68002B02D0FB68DB6800E01F
S31508054A800E4BFA68D360002314E03B8C1A467B6804
S31508054A90934202D17B69002B01D101230AE0BB6849
S31508054AA001221A7307F11002FB781946F868FFF711
S31508054AB08FFF034618463837BD4680BDA4D7060876
S31508054AC090B587B000AFF860B9603B601346FB71D7
S31508054AD0FB689B683B6122E03B681B681B68002BEB
S31508054AE00AD03B681B681C68FB79BA683968F86898
S31508054AF0A0470346FB7507E0FB79BA683968F86885
S31508054B00FFF7A4FF0346FB75FB7D83F00103DBB2C4
S31508054B10002B01D000230BE03B689B683B603B6894
S31508054B20002B04D0FB689B683A699A42D4D00123C6
S31508054B3018461C37BD4690BD80B58EB000AF786067
S31508054B407B689B7D87F8323097F8323003F00F0380
S31508054B500A2B24D17B68DB691B687B631BE007F19D
S31508054B600803796B1846FEF7A1FF0346002B0FD0FD
S31508054B707B6B00221A7307F10803184600F09DF8A7
S31508054B80034683F00103DBB2002B01D0002390E036
S31508054B907B6B9B687B637B6B002BE0D188E097F882
S31508054BA0323003F0C003002B66D1012387F8333072
S31508054BB097F8323003F03003102B08D17B681B6A4F
S31508054BC0002B04D07B681B6A00221A7012E097F83E
S31508054BD0323003F03003202B05D097F8323003F036
S31508054BE03003302B06D17B681B6A00221A80002306
S31508054BF087F8333097F83330002B59D07B689B7D7F
S31508054C0003F00F03082B05D07B689B7D03F00F0384
S31508054C10092B28D17B685B6A9B68002B0AD17B68C0
S31508054C205B6ADB68002B05D17B685B6A5B681B687A
S31508054C30002B18D07B68596A7B68DA6907F108037F
S31508054C401846FEF71AFF0346002B30D007F108036E
S31508054C50184600F032F8034683F00103DBB2002B51
S31508054C6025D0002325E07B68D8697B685B8A1A46C8
S31508054C70002114F005FC1BE097F8323003F0C00359
S31508054C80802B15D17B689B6900221A6097F832300C
S31508054C9003F03003202B05D097F8323003F03003A4
S31508054CA0302B05D17B681B6A00221A8000E000BFFD
S31508054CB0012318463837BD4680BD90B58DB000AF7F
S31508054CC0786107F1200300221A605A609A60DA6053
S31508054CD00023FB610023FB767B691B689B68002B19
S31508054CE020D07B691B6899683B464FF0FF3218460A
S31508054CF0FFF7E0F807F120043B460FCB84E80F00E1
S31508054D0007F11A0307F11C0207F11B0107F1200039
S31508054D10FFF747FA034683F00103DBB2002B01D000
S31508054D20002343E07869FFF707FF034683F001038D
S31508054D30DBB2002B01D0002338E0FB69002B2ED00F
S31508054D407B691B8A1A46FB699A4228D1F97E07F1BF
S31508054D5020037A691846FFF73BFE034683F00103ED
S31508054D60DBB2002B01D0002320E007F11A0307F177
S31508054D701C0207F11B0107F12000FFF712FA03468B
S31508054D8083F00103DBB2002B01D000230EE07B691B
S31508054D901B6A002B03D07B691B6A00221A70786987
S31508054DA0FEF7B4FE0346002BBCD10123184634375B
S31508054DB0BD4690BD80B59AB000AFF860B9607A6017
S31508054DC03B6000237B6600233B664FF6FF73A7F817
S31508054DD05E300023A7F84A300023A7F85C30002385
S31508054DE03B6400237B644FF0FF337B6507F11803AB
S31508054DF07A68B9681846FEF740FE0346002B00F0A8
S31508054E0002813B6803F00103002B40F0FC8007F1A3
S31508054E1018031846FFF751FF034683F00103DBB273
S31508054E20002B00F0F080FB68DB68002B02D0FB68DE
S31508054E30DB6800E0994BFA68D36000236DE107F15A
S31508054E40120307F1140207F11301F868FFF7A9F928
S31508054E50034683F00103DBB2002B05D0BB7C002B90
S31508054E6040F0D780002358E17B69002B11D13B68B8
S31508054E7003F00403002B40F0CE80FB68DB68002BAB
S31508054E8002D0FB68DB6800E0854BFA68D36000232F
S31508054E9043E17A6907F1180311461846FEF74BFEF2
S31508054EA0034683F00103DBB2002B05D197F82E30B4
S31508054EB003F00F030A2B3CD17B6E002B12D107F1A9
S31508054EC018031846FEF78DFE0346002B04D07B6BA8
S31508054ED01B683B663B8D7B663B6E002B02D14FF00C
S31508054EE0FF337B667B697A6E9A4215D8FB689B68A1
S31508054EF0FB647969FA7C3B6EF868FFF7E1FD0346C2
S31508054F0083F00103DBB2002B01D0002305E1FB6822
S31508054F109B68FA6C9A4273D1FB7C1946F868FFF7C9
S31508054F206FF9034683F00103DBB2002B6AD0002331
S31508054F30F3E097F82E3003F03003202B2ED1BA6B09
S31508054F4007F1180314339A4228D13B8CB7F85E202B
S31508054F509A4220D0B7F85E304FF6FF72934211D0C9
S31508054F60B7F84A30B7F85C209A420BD0FB68DB687D
S31508054F70002B02D0FB68DB6800E04A4BFA68D36071
S31508054F800023CAE03B8CA7F85E300023A7F84A3011
S31508054F90BB8DA7F85C3007F14A03BB6397F82E303B
S31508054FA003F03003002B1CD1BB8C3F2B19D8BB8CC7
S31508054FB003F01F03012202FA03F33B65BB8C5B0969
S31508054FC09BB29B0068333B4453F8282CBB8C5B0982
S31508054FD09BB219463B6D1A438B0068333B4443F82D
S31508054FE0282CFB7C07F118021946F868FFF7F0FC30
S31508054FF0034683F00103DBB2002B04D000238CE0C3
S3150805500000BF00E000BFFB689B68002B7FF417AF65
S3150805501002E000BF00E000BFB7F85E304FF6FF724A
S31508055020934211D0B7F84A30B7F85C209A420BD0AC
S31508055030FB68DB68002B02D0FB68DB6800E0194BD0
S31508055040FA68D360002368E0BB695B8AA7F85A301B
S31508055050B7F85A30002B5FD0B7F85A30402B02D92B
S315080550604023A7F85A300023A7F8583023E0B7F8A5
S3150805507058309B0068333B4453F8283C7A6D9A426E
S3150805508014D0FB68DB68002B02D0FB68DB6800E000
S31508055090054BFA68D36000233FE000BF68D70608CA
S315080550A0B8D70608C4D70608E8D70608B7F85830A3
S315080550B00133A7F85830B7F85A305B099BB2B7F8E9
S315080550C058209A42D3D3B7F85A3003F01F03002B5A
S315080550D022D0B7F85A305B099BB29B0068333B442C
S315080550E053F8282CB7F85A30DBB203F01F03DBB2A6
S315080550F0C3F12003DBB219467B6DCB409A420BD030
S31508055100FB68DB68002B02D0FB68DB6800E0054B13
S31508055110FA68D360002300E0012318466837BD46C0
S3150805512080BD00BFE8D7060880B586B000AFF86031
S31508055130B9607A6000237A68B968F868FFF73AFEB5
S315080551400346FB75FB7D18461837BD4680BD80B5F9
S3150805515084B000AF7860396007F10C0319467868A2
S31508055160FEF770FF034683F00103DBB2002B01D07F
S31508055170002308E0FB68002B14BF01230023DAB2DD
S315080551803B681A70012318461037BD4680BD2DE9C0
S31508055190B04384B000AF7860396007F10803194653
S315080551A07868FEF75FFF034683F00103DBB2002B41
S315080551B001D0002329E0D7E9022302F001040025DE
S315080551C054EA050313D0D7E902014FF000024FF060
S315080551D00003420842EAC1724B086FEA02086FEA01
S315080551E0030942464B463968C1E900230CE0D7E96D
S315080551F002014FF000024FF00003420842EAC1726D
S315080552004B083968C1E90023012318461037BD46FE
S31508055210BDE8B08380B584B000AF7860396007F122
S315080552200C03042219467868FEF792FD034683F0B7
S315080552300103DBB2002B01D0002303E0FA683B68C3
S315080552401A60012318461037BD4680BD80B584B05F
S3150805525000AF7860396007F10803082219467868AF
S31508055260FEF776FD034683F00103DBB2002B01D07A
S31508055270002305E0D7E902233968C1E9002301239C
S3150805528018461037BD4680BD80B582B000AF786038
S3150805529039603B68DB6919467868FFF758FF0346A6
S315080552A018460837BD4680BD2DE9B04F94B000AF06
S315080552B0786239623B6A9B7D03F00F03022B79D12D
S315080552C007F138031946786AFEF7CCFE034683F0DC
S315080552D00103DBB2002B01D0002307E13B6A5B8A99
S315080552E0082B0AD13B6AD969D7E90E23C1E90023F8
S315080552F0D1E90023C7E9122346E03B6A5B8A042BFA
S315080553000ED1D7E90E013B6ADB6902461A601B68AE
S3150805531000223B617A61D7E90434C7E9123433E0E0
S315080553203B6A5B8A022B0FD1D7E90E013B6ADB691B
S3150805533082B21A801B889BB20022BB60FA60D7E945
S315080553400234C7E912341FE03B6A5B8A012B0FD189
S31508055350D7E90E013B6ADB69C2B21A701B78DBB264
S3150805536000223B607A60D7E90034C7E912340BE0BE
S315080553707B6ADB68002B02D07B6ADB6800E05E4B44
S315080553807A6AD3600023B1E0D7E90E23D7E912017B
S31508055390994208BF90420BD07B6ADB68002B02D086
S315080553A07B6ADB6800E0554B7A6AD36000239DE08B
S315080553B001239BE03B6A9B7D03F00F03032B0DD16D
S315080553C007F128031946786AFFF7E1FE034683F0D5
S315080553D00103DBB2002B22D0002387E007F1300357
S315080553E01946786AFEF73EFE034683F00103DBB2EB
S315080553F0002B01D0002379E03B6A5B8A082B04D190
S31508055400D7E90C23C7E90A2309E0D7E90C2313468C
S31508055410DA17BB61FA61D7E90623C7E90A233B6AA6
S315080554205B8A082B0AD13B6AD969D7E90A23C1E9F8
S315080554300023D1E90023C7E9102342E03B6A5B8ACA
S31508055440042B0CD1D7E90A013B6ADB6902461A60C7
S315080554501B68DA179A469346C7E910AB31E03B6AEB
S315080554605B8A022B0ED1D7E90A013B6ADB6902B2D0
S315080554701A80B3F900301BB2DA1798469146C7E980
S3150805548010891EE03B6A5B8A012B0ED1D7E90A0112
S315080554903B6ADB6942B21A7093F900305BB2DA17D8
S315080554A01C461546C7E910450BE07B6ADB68002BE9
S315080554B002D07B6ADB6800E00F4B7A6AD36000236B
S315080554C014E0D7E90A23D7E91001994208BF9042A3
S315080554D00BD07B6ADB68002B02D07B6ADB6800E0B1
S315080554E0064B7A6AD360002300E001231846503735
S315080554F0BD46BDE8B08F00BF00D8060814D8060813
S3150805550080B586B000AF7860396007F10C03194697
S315080555107868FEF797FD034683F00103DBB2002B97
S3150805552001D0002355E0FB68B3F5803F0BD37B68B4
S31508055530DB68002B02D07B68DB6800E0274B7A68BE
S31508055540D360002345E0FB6802337B61FB687A6913
S315080555509A420BD27B68DB68002B02D07B68DB6836
S3150805556000E01F4B7A68D360002332E03B689B7DD9
S3150805557003F0C003802B0BD17B68DB68002B02D0B8
S315080555807B68DB6800E0174B7A68D360002320E068
S315080555903B685B8A1A467B6993420BD97B68DB684D
S315080555A0002B02D07B68DB6800E00C4B7A68D36079
S315080555B000230EE03B68DB693B61FB689AB23B69F1
S315080555C01A803B690233FA6819467868FEF7C0FB04
S315080555D0034618461837BD4680BD00BF28D80608B5
S315080555E038D8060880D7060880B586B000AF786033
S315080555F039603B68DB697B6107F10C0319467868F6
S31508055600FEF720FD034683F00103DBB2002B01D02C
S3150805561000235AE0FB68B3F1FF3F0BD17B68DB68D3
S31508055620002B02D07B68DB6800E02A4B7A68D360DA
S3150805563000234AE0FB6801333B61FB683A699A42F5
S315080556400BD27B68DB68002B02D07B68DB6800E041
S31508055650204B7A68D360002337E03B689B7D03F0CF
S31508055660C003802B0BD17B68DB68002B02D07B68D7
S31508055670DB6800E0184B7A68D360002325E03B68B1
S315080556805B8A1A463B6993420BD97B68DB68002B14
S3150805569002D07B68DB6800E0104B7A68D36000238C
S315080556A013E0FB687A69134400221A70FB681A46E8
S315080556B079697868FEF74CFB034683F00103DBB28C
S315080556C0002B01D0002300E0012318461837BD46F4
S315080556D080BD00BF38D8060880D7060848D806080A
S315080556E080B58AB000AF78603960012387F827301E
S315080556F0002387F8263007F10C0319467868FEF764
S315080557002DFE034683F00103DBB2002B01D00023EF
S3150805571069E03B685B6A002B0BD17B68DB68002B6D
S3150805572002D07B68DB6800E0314B7A68D3600023DA
S3150805573059E03B689B7D03F00F03092B1CD13B6899
S315080557401B6A002B18D03B681B6A083BFB61FB6983
S315080557501B68002B10D0FB691B68FA69043207F130
S315080557600C0039689847034687F827307B69002B6C
S3150805577002D1012387F8263097F82730002B22D047
S3150805578097F8263083F00103DBB2002B1BD00023E4
S315080557903B623B689B7D03F0C003002B07D13B6842
S315080557A09B7D03F03003202B01D001233B623B6828
S315080557B0596A3B68DA6907F10C003B6AFFF7FAFA9A
S315080557C0034687F8273007F10C0319467868FEF76C
S315080557D0FFFD034683F00103DBB2002B01D000234E
S315080557E001E097F8273018462837BD4680BD00BF23
S315080557F058D8060880B584B000AF7860396007F1D7
S315080558000C0319467868FEF71DFC034683F0010369
S31508055810DBB2002B01D0002337E0FB68B3F5803FE8
S315080558200BD37B68DB68002B02D07B68DB6800E05E
S31508055830184B7A68D360002327E0FB68002B09D14B
S315080558403B68D8693B685B8A1A46002113F018FE3F
S3150805585001231AE03B685B8A1A46FB689A420BD015
S315080558607B68DB68002B02D07B68DB6800E00A4BA7
S315080558707A68D360002308E03B68D9693B685B8A88
S315080558801A467868FEF764FA034618461037BD4681
S3150805589080BD00BF28D8060874D8060880B586B026
S315080558A000AFF860B9607A60FB685B687B617A6906
S315080558B07B681A44FB685A607A68B968786914F08F
S315080558C0D1FE012318461837BD4680BDB0B48BB046
S315080558D000AFF860B9607A600B4B7B61BB68BB614A
S315080558E07B68FB6100233B6200237B62FB681D46E0
S315080558F007F114040FCC0FC523682B60F8682C37FD
S31508055900BD46B0BC704700BF9D58050880B584B034
S3150805591000AFF860B9607A607B68002B37D0FB6802
S315080559201B68002B33D0FB68DA687B681A44FB686A
S31508055930DB689A4207D3FB68DA687B681A44FB6812
S315080559409B689A420BD9FB681B69002B02D0FB683A
S315080559501B6900E0134BFA68136100231EE0FB6818
S315080559601B687A68B968F8689847034683F001039F
S31508055970DBB2002B0BD0FB681B69002B02D0FB683A
S315080559801B6900E0084BFA681361002306E0FB680B
S31508055990DA687B681A44FB68DA600123184610370B
S315080559A0BD4680BD98D80608A4D8060880B485B033
S315080559B000AF78607B68BB600023FB600AE0BA68C5
S315080559C0FB6813441B78002B01D0012306E0FB680E
S315080559D00133FB60FB68002BF1D00023184614370A
S315080559E0BD465DF8047B7047B0B58CB000AF7860EE
S315080559F039603B681B6A1B88BB84BB8C002B01D1AD
S31508055A0001233DE13B689B7D03F0C003802B10D045
S31508055A103B689B8ABA8C9A420BD97B681B69002B13
S31508055A2002D07B681B6900E0974B7A6813610023EF
S31508055A3026E13B689B7D03F00F03052B00F2B38037
S31508055A403B681B8A1A460221786800F002FD034660
S31508055A5083F00103DBB2002B01D0002310E13B687C
S31508055A609B7D03F00F03042B03D1BB8C9B00BB6204
S31508055A7047E03B689B7D03F00F03052B03D1BB8CE1
S31508055A80DB00BB623DE007F1080300221A605A6095
S31508055A909A60DA601A613B68DB69FB610023FB855E
S31508055AA026E007F108033968184600F013FE034691
S31508055AB083F00103DBB2002B10D07B681B69002B32
S31508055AC002D07B681B6905E0BB69002B01D0BB6961
S31508055AD000E06E4B7A6813610023D1E03B68DB6909
S31508055AE03A68528A1A443B68DA61FB8D0133FB85AD
S31508055AF0FA8DBB8C9A42D4D33B68FA69DA617B691D
S31508055B00BB62BB6A00221C46154622462B467868A8
S31508055B1000F01CFC034683F00103DBB2002B01D021
S31508055B200023ADE07B681B68002B06D1BA6A002105
S31508055B307868FFF7EBFE0346A2E00023FB852DE018
S31508055B403B689B7D03F00F03042B05D03B689B7DC3
S31508055B5003F00F03052B0BD13968786800F07CFE36
S31508055B60034683F00103DBB2002B0DD0002387E043
S31508055B703968786800F0AEFD034683F00103DBB2A9
S31508055B80002B01D000237BE03B68DB693A68528A23
S31508055B901A443B68DA61FB8D0133FB85FA8DBB8CAC
S31508055BA09A42CDD36BE00023FB8564E03B689B7D79
S31508055BB003F0C003802B47D13B689B7D03F00F0399
S31508055BC0072B05D03B689B7D03F00F03062B3BD1BE
S31508055BD03B68DB693B623B68DB691A683B68DA61E7
S31508055BE03B68DB69002B1CD13968786800F05AFCDC
S31508055BF00346002B0BD04FF000024FF000037868E0
S31508055C0000F0A4FB0346002B01D0012300E0002386
S31508055C1087F8273097F8273003F0010387F82730E8
S31508055C2006E03968786800F051F9034687F82730A1
S31508055C303B683A6ADA6197F8273083F00103DBB2E5
S31508055C40002B0DD000231BE03968786800F03EF973
S31508055C50034683F00103DBB2002B02D000230FE0D5
S31508055C6000BF3B68DB693A68528A1A443B68DA61C1
S31508055C70FB8D0133FB85FA8DBB8C9A4296D301239E
S31508055C8018463037BD46B0BDB0D80608C8D8060888
S31508055C9080B592B000AF78607B689B7D87F8453004
S31508055CA097F8453003F0C003002B40F0C98097F8F4
S31508055CB0453003F03003002B01D1002300E197F8A6
S31508055CC0453003F03003202B08D17B681B6A1B88F7
S31508055CD0002B0CBF01230023DBB2F1E097F8453012
S31508055CE003F03003302B08D17B681B6A1B88002B11
S31508055CF00CBF01230023DBB2E2E097F8453003F039
S31508055D003003102B15D17B681B6A002B11D07B68D5
S31508055D101B6A1846FFF74AFE0346002B14BF0123E4
S31508055D200023DBB283F00103DBB203F00103DBB228
S31508055D30C6E07B681B689B68002B01D00023BFE083
S31508055D4097F8453003F00F03052B1CD87B68DB69EC
S31508055D507B630023A7F846300DE0B7F846307A6B23
S31508055D6013441B78002B01D00023A9E0B7F8463069
S31508055D700133A7F846307B685B8AB7F846209A420E
S31508055D80EBD301239CE097F8453003F00F03062B68
S31508055D900AD17B68DB69BB63BB6B1B88002B0CBF11
S31508055DA001230023DBB28BE097F8453003F00F0398
S31508055DB0072B08D17B68DB691B78002B0CBF0123F1
S31508055DC00023DBB27CE097F8453003F00F030B2B75
S31508055DD007D17B685B8A002B0CBF01230023DBB246
S31508055DE06EE097F8453003F00F03082B05D097F8B2
S31508055DF0453003F00F03092B61D17B68596A7B6827
S31508055E00DA6907F10C031846FDF737FE0346002B3A
S31508055E1014D007F10C031846FFF73AFF034683F03B
S31508055E200103DBB2002B01D0002349E007F10C037F
S31508055E301846FDF76BFE0346002BEAD101233FE022
S31508055E4097F8453003F0C003802B07D17B68DB69DB
S31508055E50002B0CBF01230023DBB231E097F8453050
S31508055E6003F0C003402B2AD197F8453003F00F03FA
S31508055E700A2B0AD17B68DB691B68FB63FB6B002B66
S31508055E800CBF01230023DBB21AE07B681B68DB68BD
S31508055E900D4A93420AD17B68DB693B643B6C1B68F8
S31508055EA0002B0CBF01230023DBB209E07B681B68C6
S31508055EB0DB68002B0CBF01230023DBB200E00023BF
S31508055EC018464837BD4680BDAF3C050880B582B043
S31508055ED000AF786039603B68DB69002B01D1012387
S31508055EE061E03968786800F0DDFA034683F0010356
S31508055EF0DBB2002B01D0002355E03B689B7D03F000
S31508055F000F030B2B44D801A252F823F03D5F050871
S31508055F10495F0508495F0508495F0508555F05088E
S31508055F20555F0508615F05086D5F0508795F050812
S31508055F30795F0508915F0508855F050839687868FA
S31508055F4000F0AEFB03462EE03968786800F0C2FB20
S31508055F50034628E03968786800F07EFC034622E0A7
S31508055F603968786800F0A6FC03461CE03968786845
S31508055F7000F0DEFC034616E03968786800F036FD61
S31508055F80034610E03968786800F076FD03460AE0AE
S31508055F907B681B69002B02D07B681B6900E0044BF4
S31508055FA07A681361002318460837BD4680BD00BFC9
S31508055FB0D0D8060880B582B000AF786039603B68EE
S31508055FC01B68DB68002B18D03B681B68DB683A68DA
S31508055FD0796800209847034683F00103DBB2002B56
S31508055FE00BD07B681B69002B02D07B681B6900E018
S31508055FF0044B7A681361002300E001231846083725
S31508056000BD4680BDE4D8060880B582B000AF786085
S3150805601039603B689B7D03F03003302B08D13B681C
S315080560201B6A1A883B681B8A9A4226D0012359E0BF
S315080560303B689B7D03F03003102B1ED13B681B6A1A
S31508056040002B0CD03B681B6A1846FFF7AFFC0346C6
S3150805605083F00103DBB2002B0FD0012342E03B6836
S315080560609B7D03F0C003002B07D13868FFF710FEA8
S315080560700346002B01D0012334E03B68DB69002B7E
S3150805608013D13B689B7D03F03003002B0BD17B684E
S315080560901B69002B02D07B681B6900E0134B7A68E5
S315080560A0136100231EE001231CE03B689B7D03F07A
S315080560B0C003402B05D139687868FFF77BFF03468F
S315080560C010E03B689B7D03F03003202B05D139682A
S315080560D07868FFF789FC034604E039687868FFF7AE
S315080560E0F5FE034618460837BD4680BDF4D80608AA
S315080560F080B58CB000AF7860396007F10803396858
S315080561001846FDF7C2FD034683F00103DBB2002BF3
S315080561100BD07B681B69002B02D07B681B6900E0E6
S31508056120074B7A681361002306E007F10803194649
S315080561307868FFF769FF034618463037BD4680BDC0
S315080561400CD9060880B584B000AF786039603B681D
S31508056150DB691B68FB601EE0FB681B685B68002B38
S3150805616008D0FB681B685B68F96878689847034632
S31508056170FB7205E0F9687868FFF7BAFF0346FB7214
S31508056180FB7A83F00103DBB2002B01D0002306E07E
S31508056190FB689B68FB60FB68002BDDD1012318466D
S315080561A01037BD4680BD80B58EB000AFF860B960C2
S315080561B07A6007F110037A68B9681846FDF751FD44
S315080561C0034683F00103DBB2002B01D001232AE045
S315080561D097F8263003F00F030A2B0DD107F11003A4
S315080561E01946F868FFF7AEFF034683F00103DBB2ED
S315080561F0002B0FD0002316E007F110031946F8689F
S31508056200FFF702FF034683F00103DBB2002B01D03B
S31508056210002308E007F110031846FDF777FC034647
S31508056220002BD5D1012318463837BD4680BD80B524
S315080562308AB000AFF860B9607A6007F114030022E6
S315080562401A605A609A60DA601A6107F114037A6867
S31508056250B9681846FFF7A7FF034683F00103DBB2C3
S31508056260002B01D0002303E03A6AFB681A60012374
S3150805627018462837BD4680BD80B588B000AFF8609A
S31508056280B9607A600023FB61BB68DBB203F07F0364
S31508056290FB76BB68DB09BB6013E0FB7E63F07F0317
S315080562A0FB76FB695A1CFA6120333B44FA7E03F8F0
S315080562B0102CBB68DBB203F07F03FB76BB68DB09F2
S315080562C0BB60FB69032B05D8BB68002BE5D17B684A
S315080562D0002BE2D17B68002B24D07B68DBB21B013F
S315080562E0DBB203F07003DAB2FB7E1343FB767B68F9
S315080562F0DB087B6013E0FB7E63F07F03FB76FB69B7
S315080563005A1CFA6120333B44FA7E03F8102C7B6845
S31508056310DBB203F07F03FB767B68DB097B607B6872
S31508056320002BE8D1FB695A1CFA6120333B44FA7EF7
S3150805633003F8102C07F11003FA691946F868FFF7F0
S31508056340E5FA034618462037BD4680BD90B587B0A1
S3150805635000AFF860C7E90023D7E90023802A73F15F
S3150805636000030AD23B78FB7507F117030122194684
S31508056370F868FFF7CBFA03460FE03C68D7E9000152
S315080563804FF000024FF000030A00002313461A4691
S315080563902146F868FFF770FF034618461C37BD46C1
S315080563A090BD2DE9B04F8AB000AF7861C7E90223E1
S315080563B04FF0FF326FF00043C7E90623D7E90223FA
S315080563C0002B15DAD7E90201D7E9062300EA020404
S315080563D001EA030523193B6045EB05037B60D7E90D
S315080563E000236FEA020A6FEA030BC7E908AB07E061
S315080563F0D7E9022312EB020843EB0309C7E9088923
S31508056400D7E908237869FFF7A1FF03461846283711
S31508056410BD46BDE8B08F80B582B000AF78603960FB
S31508056420042239687868FFF771FA0346184608376B
S31508056430BD4680BD80B582B000AF78603960082258
S3150805644039687868FFF762FA034618460837BD467D
S3150805645080BD2DE9B04F88B000AF78610B46FA606C
S31508056460FB74FB6800229A4693464FEA5A754FEA2B
S31508056470CA04FB7C00229846914644EA08033B6019
S3150805648045EA09037B60D7E90034C7E90634D7E945
S3150805649006237869FFF75AFF034618462037BD468F
S315080564A0BDE8B08F80B584B000AF786039603B68C9
S315080564B09B7D03F00F030B2B26D801A252F823F078
S315080564C0F1640508F1640508F1640508F164050831
S315080564D0F7640508FD6405080365050803650508E9
S315080564E003650508036505080965050803650508BF
S315080564F00023FB7314E00523FB7311E00123FB73EB
S315080565000EE00223FB730BE07B681B69002B02D0A8
S315080565107B681B6900E0094B7A681361002308E06C
S315080565203B681B8A1A46FB7B19467868FFF791FF75
S31508056530034618461037BD4680BD00BFD0D80608A5
S31508056540B0B584B000AFF860B9607A607B680022A0
S315080565501C46154622462B46F868FFF7F7FE0346FE
S3150805656083F00103DBB2002B01D0002305E07A682E
S31508056570B968F868FFF7CAF9034618461037BD46DD
S31508056580B0BD0000B0B58CB000AFF860B9607A60F0
S3150805659007F1140300221A605A609A60DA601A61D4
S315080565A007F114037A68B9681846FFF7FCFD034630
S315080565B083F00103DBB2002B04D07A6AFB681A6103
S315080565C0002365E03B6AFB62FB6A00221C4615460A
S315080565D022462B46F868FFF7B9FE034683F0010302
S315080565E0DBB2002B01D0002352E0FB681B68002BA9
S315080565F006D1FA6A0021F868FFF788F9034647E0E5
S31508056600FB68DA68FB6A1A44FB689B689A420BD9E9
S31508056610FB681B69002B02D0FB681B6900E01E4B53
S31508056620FA681361002333E0FB681B687B61FB6826
S315080566305B68BB61FB6AFB6100233B6200237B62E7
S3150805664007F114037A68B9681846FFF7ACFD0346DF
S3150805665087F82B30FB68DA683B6A1A44FB68DA6008
S31508056660BA69FB685A607A6AFB681A613B6AFA6A0C
S315080566709A420BD0FB681B69002B02D0FB681B6985
S3150805668000E0064BFA681361002301E097F82B3002
S3150805669018463037BD46B0BD98D8060820D906082D
S315080566A0B0B584B000AF786039603B68DB691846D9
S315080566B0FFF77CF90346FB60FB6800221C46154676
S315080566C022462B467868FFF741FE034618461037DB
S315080566D0BD46B0BD2DE9B04F8CB000AFF861B961C4
S315080566E0BB699B7D03F00F03022B52D14FF00002C5
S315080566F04FF00003C7E90A23BB695B8A012B0BD157
S31508056700BB69DB691B78DBB200223B617A61D7E995
S315080567100434C7E90A3435E0BB695B8A022B0BD119
S31508056720BB69DB691B889BB20022BB60FA60D7E9A7
S315080567300234C7E90A3425E0BB695B8A042B0AD10A
S31508056740BB69DB691B6800223B607A60D7E90034C0
S31508056750C7E90A3416E0BB695B8A082B06D1BB690B
S31508056760DB69D3E90023C7E90A230BE0FB691B6943
S31508056770002B02D0FB691B6900E0364BFA691361E9
S31508056780002361E0D7E90A23F869FFF7DFFD034629
S315080567905AE04FF000024FF00003C7E90823BB692A
S315080567A05B8A012B0AD1BB69DB6993F900305BB2B9
S315080567B0DA179A469346C7E908AB32E0BB695B8A9E
S315080567C0022B0AD1BB69DB69B3F900301BB2DA17AC
S315080567D098469146C7E9088923E0BB695B8A042B75
S315080567E008D1BB69DB691B68DA171C461546C7E974
S315080567F0084516E0BB695B8A082B06D1BB69DB69C8
S31508056800D3E90023C7E908230BE0FB691B69002BBD
S3150805681002D0FB691B6900E00E4BFA691361002378
S3150805682012E0BB699B7D03F00F03032B06D1D7E95D
S315080568300823F869FFF7B5FD034605E0D7E90823F8
S31508056840F869FFF783FD034618463037BD46BDE8A8
S31508056850B08F00BF34D9060880B582B000AF78601E
S3150805686039603B685B8A042B07D13B68DB691946A7
S315080568707868FFF7D0FD034616E03B685B8A082B68
S3150805688007D13B68DB6919467868FFF7D3FD0346E8
S315080568900AE07B681B69002B02D07B681B6900E050
S315080568A0034B7A681361002318460837BD4680BD31
S315080568B034D9060880B584B000AF786039600023FE
S315080568C0FB603B68DB69FB60FB68002B06D1002291
S315080568D000217868FFF734FE034622E03B689B7D76
S315080568E003F0C003002B13D1FB681B881A463B68C7
S315080568F05B8A023B9A420BD97B681B69002B02D03F
S315080569007B681B6900E0094B7A681361002308E078
S31508056910FB68991CFB681B881A467868FFF710FE02
S31508056920034618461037BD4680BD00BF48D9060838
S3150805693080B586B000AF7860396000237B613B6817
S315080569405B8A3B613B68DB69BB603B689B7D03F003
S31508056950C003802B03D14FF0FF333B6111E03B6940
S31508056960002B0BD17B681B69002B02D07B681B6942
S3150805697000E01C4B7A68136100232FE03B69013B55
S315080569803B61BB68002B02D100237B6120E0BB6815
S31508056990FB6005E07B6901337B61FB680133FB60BE
S315080569A07A693B699A4203D2FB681B78002BF1D1B9
S315080569B0FB681B78002B0BD07B681B69002B02D064
S315080569C07B681B6900E0084B7A681361002305E0BC
S315080569D07A69B9687868FFF7B3FD03461846183724
S315080569E0BD4680BD5CD9060870D9060880B584B051
S315080569F000AF786039603B685B6A002B0BD17B6812
S31508056A001B69002B02D07B681B6900E0194B7A6865
S31508056A101361002329E03B689B7D03F00F03092BCF
S31508056A201AD13B681B6A002B16D03B681B6A083BC4
S31508056A30FB60FB681B68002B0ED0FB681B68FA68B1
S31508056A400432396878689847034683F00103DBB250
S31508056A50002B01D0002308E03B68596A3B68DB69CF
S31508056A601A467868FFF78EFD034618461037BD4661
S31508056A7080BD00BF84D9060880B582B000AF7860AE
S31508056A8039603B68D9693B685B8A1A467868FFF7B7
S31508056A9057FD034618460837BD4680BD80B584B000
S31508056AA000AF0346FB80FB88082B49D1FB881946AE
S31508056AB02B48EFF745FA0346FB73FB7B012B37D1CA
S31508056AC0284800F04BFB034603F07703BB73BB7BF3
S31508056AD003F04003002B02D0234B06221A70BB7B1A
S31508056AE003F02003002B02D0204B06221A70BB7B2D
S31508056AF003F01003002B02D01D4B06221A70BB7B30
S31508056B0003F00403002B02D01A4B06221A70BB7B2E
S31508056B1003F00203002B02D0174B06221A70BB7B23
S31508056B2003F00103002B0BD0144B06221A7007E05D
S31508056B300C4B9B680B4A918900221846EFF718FA01
S31508056B400A4B1B78012B07D10B4B1B78012B03D15D
S31508056B500A210B480CF0E2F900BF1037BD4680BD87
S31508056B60000800481C4C002054AB002074AB0020DC
S31508056B7064AB00205CAB00207CAB00206CAB00202E
S31508056B8084AB002080B584B000AF786039600823EF
S31508056B90FB737B683A681A607B684E221A7107F19F
S31508056BA00C031946786800F027F80346002B18D019
S31508056BB07B6848221A7108E07B681B790133DAB2CB
S31508056BC07B681A71FB7B013BFB73FB7B002B08D0AB
S31508056BD007F10C031946786800F00EF80346002BF2
S31508056BE0EAD1FB7B002B01D0002300E001231846E0
S31508056BF01037BD4680BD000080B586B002AF786007
S31508056C0039600023FB737B681B68002B37D07B68CC
S31508056C1018687B681B799BB25B0099B207F10C0271
S31508056C2041F2883300930223EFF786FB0346FB738D
S31508056C30FB7B002B0BD13B7B1B021AB27B7B1BB262
S31508056C4013431BB29AB23B681A8000232AE0102028
S31508056C5011F08CFC0346002B0FD011F01DFC1349CF
S31508056C60134811F0E1FBF97B7B681B791A46114835
S31508056C7011F0DAFB104811F0D7FB012312E01020BA
S31508056C8011F074FC0346002B0BD011F005FC0749DF
S31508056C90074811F0C9FB094811F0C6FB064811F06B
S31508056CA0C3FB032318461037BD4680BDA0D9060881
S31508056CB0A8D90608B0D90608D8D90608DCD9060819
S31508056CC080B586B002AF78600B467B800023FB73E0
S31508056CD00023BB8107F10A031946786800F030F9E5
S31508056CE00346FB73FB7B002B01D0FB7B9DE07B8872
S31508056CF0B3F5805F01D3022397E07B897A889A42A8
S31508056D0001D1002391E03B7A6FF387133B727B68C9
S31508056D105B7903F00303DAB23B7A62F305133B7238
S31508056D207B88DBB27B737B681B7A0C2B0AD17B8845
S31508056D301B0A9BB203F00F03DAB23B7A62F303032D
S31508056D403B7211E07B681B7A0A2B0DD17B889B0960
S31508056D509BB203F00F03DAB23B7A62F303033B7285
S31508056D607B889B00DBB27B733B7A3B737B681B682E
S31508056D70002B45D07B6818687B681B799BB25B003E
S31508056D8099B207F10C02322300930223EFF7BCF9F7
S31508056D900346002B14D00123FB73102011F0E6FBE4
S31508056DA00346002B40D011F077FB2249224811F003
S31508056DB03BFB224811F038FB214811F035FB33E03F
S31508056DC007F10A031946786800F0BAF87B897A88C4
S31508056DD09A4229D0102011F0C9FB0346002B23D06F
S31508056DE011F05AFB1349144811F01EFB7B887A8962
S31508056DF01946144811F018FB114811F015FB13E054
S31508056E000123FB73102011F0B1FB0346002B0BD0B1
S31508056E1011F042FB0749084811F006FB0A4811F02C
S31508056E2003FB074811F000FBFB7B18461037BD46E8
S31508056E3080BD00BFF0D90608F8D9060800DA0608A5
S31508056E4014DA060818DA060838DA060880B586B0A8
S31508056E5002AF78600023FB7300233B7300233B7264
S31508056E603B7B032262F302033B737B68DB7903F002
S31508056E700303DAB23B7B62F3C4033B737B685B7936
S31508056E8003F00303DAB23B7B62F346133B737B6875
S31508056E909B7903F00103DAB23B7B62F3C7133B73B5
S31508056EA03B7B3B727B681B68002B25D07B68186883
S31508056EB07B681B799BB25B0099B207F108023223FE
S31508056EC000930123EFF720F90346002B28D0012369
S31508056ED0FB73102011F04AFB0346002B20D011F056
S31508056EE0DBFA1249124811F09FFA124811F09CFA7A
S31508056EF0114811F099FA13E00123FB73102011F0DC
S31508056F0035FB0346002B0BD011F0C6FA074908488E
S31508056F1011F08AFA094811F087FA074811F084FA38
S31508056F20FB7B18461037BD4680BD00BFF0D906085D
S31508056F30F8D9060800DA060814DA060838DA06085B
S31508056F402DE9F04389B002AF786039606B461E4675
S31508056F500023FB757B681B7A082B01D1022100E00B
S31508056F6003214B1E3B610A460023904699464FF07E
S31508056F7000024FF000034FEAC90343EA58734FEA84
S31508056F80C8020A46002314461D464FF000024FF074
S31508056F900003EB0043EA5473E2000B460733DB08AC
S31508056FA0DB00ADEB030D02AB0033FB607B681B68AA
S31508056FB0002B4DD07B6818687B681B799BB25B00F4
S31508056FC09CB28BB232220092FA682146EFF7B4F9E1
S31508056FD00346002B14D00123FB75102011F0C6FAC1
S31508056FE00346002B48D011F057FA2749274811F0D0
S31508056FF01BFA274811F018FA264811F015FA3BE04E
S315080570007B681B7A082B05D1FB685B789AB23B68C7
S315080570101A8031E07B681B7A0A2B0AD1FB685B78F4
S315080570201B02FA68927813439B119AB23B681A8039
S3150805703022E07B681B7A0C2B1ED1FB685B781B024A
S31508057040FA68927813431B119AB23B681A8013E0C3
S315080570500123FB75102011F089FA0346002B0BD086
S3150805706011F01AFA0849094811F0DEF90A4811F02B
S31508057070DBF9084811F0D8F9FB7DB54618461C37E3
S31508057080BD46BDE8F08300BFF0D90608F8D906085D
S315080570904CDA060814DA060838DA060880B584B024
S315080570A000AF786039600823FB737B683A681A6015
S315080570B07B6861221A7107F10C0319467868FFF790
S315080570C03FFF0346002B18D07B6860221A7108E03B
S315080570D07B681B790133DAB27B681A71FB7B013B46
S315080570E0FB73FB7B002B08D007F10C031946786860
S315080570F0FFF726FF0346002BEAD1FB7B002B04D0BE
S315080571007868FFF7A3FE034600E001231846103703
S31508057110BD4680BD80B483B000AF78607B680C4AF5
S315080571209A607B684FF480729A817B68094A1A606F
S315080571307B6880229A807B68074A1A617B681022D9
S315080571409A8200BF0C37BD465DF8047B704700BFC1
S3150805715000080048001000480004004880B586B0BD
S3150805716000AF78600023FB757B6898687B689B8908
S3150805717000221946EEF7FCFE7B6818697B689B8A30
S3150805718001221946EEF7F4FE0120ECF7B3F97B6800
S3150805719018697B689B8A00221946EEF7E9FE0220E4
S315080571A0ECF7A8F97B6898687B689B8901221946DC
S315080571B0EEF7DEFE00233B612DE00120ECF79AF998
S315080571C07B6818697B689B8A01221946EEF7D0FE0B
S315080571D00120ECF78FF97B681A687B689B88194646
S315080571E01046EEF7ADFE0346FB73FB7B002B07D176
S315080571F001223B6902FA03F3DAB2FB7D1343FB75F9
S315080572007B6818697B689B8A00221946EEF7B0FEEB
S315080572103B6901333B613B69072BCEDDFB7D184690
S315080572201837BD4680BD000080B584B000AF7860CC
S3150805723039600023FB733B68002B02D07B68002B63
S3150805724002D10423FB7302E07B683A681A607B68FF
S3150805725053221A71FB7B002B08D17B6805331A4626
S315080572601021786800F0CCF80346FB73FB7B002BEE
S315080572701ED17B685B7923F07F03DBB2002B17D021
S315080572807A6853796FF3C71353717A68537943F05C
S31508057290400353717A6853796FF3451353717B68C5
S315080572A05B791A461021786800F032F90346FB73B4
S315080572B0FB7B002B66D17B685B7923F07F03DBB20A
S315080572C0002B4DD17B6808331A460021786800F0F3
S315080572D097F803461A46FB7B1343FB737B6809330A
S315080572E01A460121786800F08BF803461A46FB7B97
S315080572F01343FB737A68537943F0800353717B68AC
S315080573005B791A461021786800F002F903461A4691
S31508057310FB7B1343FB737B6805331A461021786894
S3150805732000F06EF803461A46FB7B1343FB737B682E
S3150805733006331A460021786800F062F803461A46AD
S31508057340FB7B1343FB737B6806331A460121786872
S3150805735000F056F803461A46FB7B1343FB7311E008
S31508057360082011F003F90346002B0BD011F094F809
S315080573701F49204811F058F81F4811F055F81F48BD
S3150805738011F052F8FB7B002B05D1FF21786800F038
S3150805739023FA0346FB73FB7B002B05D1FF2178688F
S315080573A000F035FA0346FB73FB7B002B05D1FE215E
S315080573B0786800F075F90346FB73FB7B002B05D14E
S315080573C0FE21786800F087F90346FB73FB7B002BE3
S315080573D008D17B6805331A461021786800F010F83D
S315080573E00346FB73FB7B18461037BD4680BD00BFB9
S315080573F060DA060868DA060870DA060888DA06081A
S3150805740080B588B002AFF8600B467A60FB72002338
S31508057410BB75FB7A7B750023FB75FB681B68002B20
S3150805742051D0FB681868FB681B799BB25B0099B25B
S3150805743007F11502322300930123EEF765FE03468D
S31508057440002B2BD1FB681868FB681B799BB25B0080
S3150805745099B207F11602322300930123EEF76CFF62
S315080574600346002B05D1BA7D7B681A700023FB7588
S315080574703DE0102011F07AF80346002B0BD011F0E9
S315080574800BF81D491D4810F0CFFF1D4810F0CCFF1D
S315080574901C4810F0C9FF0123FB7528E0102011F0E0
S315080574A065F80346002B0BD010F0F6FF1249134872
S315080574B010F0BAFF144810F0B7FF124810F0B4FFE1
S315080574C00123FB7513E0102011F050F80346002B35
S315080574D00BD010F0E1FF0849084810F0A5FF0B4846
S315080574E010F0A2FF074810F09FFF0423FB75FB7DEC
S315080574F018461837BD4680BD60DA060868DA0608F4
S315080575008CDA060888DA06089CDA0608ACDA06086C
S3150805751080B586B002AF78600B46FB701346BB7024
S31508057520FB783B73BB787B730023FB737B681B680F
S31508057530002B28D07B6818687B681B799BB25B0093
S3150805754099B207F10C02322300930223EEF7DCFD0C
S315080575500346002B02D10023FB7328E0102011F007
S3150805756005F80346002B0BD010F096FF1249134871
S3150805757010F05AFF124810F057FF124810F054FF42
S315080575800123FB7313E0102010F0F0FF0346002BD0
S315080575900BD010F081FF0849084810F045FF0A4846
S315080575A010F042FF074810F03FFF0423FB73FB7BEF
S315080575B018461037BD4680BD60DA060868DA06083B
S315080575C09CDA060888DA0608ACDA060880B584B0B7
S315080575D000AF78600B46FB701346BB700023FB7340
S315080575E00023BB73FB78002B02D00023BB7301E095
S315080575F00123BB737B6805331A4610217868FFF7A4
S31508057600FFFE0346FB73FB7B002B3CD17B685B794E
S3150805761023F07F03DBB2002B12D17A68537943F046
S31508057620800353717B685B791A4610217868FFF7E2
S315080576306FFF7B6805331A4610217868FFF7E0FE69
S315080576407B685B7923F07F03DBB2002B13D110200F
S3150805765010F08CFF0346002B0BD010F01DFF0C49CC
S315080576600C4810F0E1FE0C4810F0DEFE0B4810F051
S31508057670DBFE082308E0BA78BB7B19467868FFF76E
S3150805768047FF0346FB73FB7B18461037BD4680BD8F
S3150805769060DA060868DA0608C0DA060888DA060827
S315080576A080B584B000AF78600B46FB700023FB738A
S315080576B0FB781A4601217868FFF788FF0346FB73AE
S315080576C0FB7B002B02D17B68FA789A71FB7B1846FF
S315080576D01037BD4680BD80B584B000AF78600B46CF
S315080576E0FB700023FB73FB781A4600217868FFF7C1
S315080576F06DFF0346FB73FB7B002B02D17B68FA788B
S31508057700DA71FB7B18461037BD4680BD80B584B057
S3150805771000AF78600B46FB701346BB700023FB73FE
S315080577200023BB7300237B73FB78002B02D0002351
S31508057730BB7301E00123BB737B6805331A46102129
S315080577407868FFF75DFE0346FB73FB7B002B26D1A6
S315080577507B685B7923F07F03DBB2002B16D07A684A
S3150805776053796FF3C71353717B685B791A461021F2
S315080577707868FFF7CDFE0346FB737B6805331A4623
S3150805778010217868FFF73CFE0346FB737B685B7937
S3150805779023F07F03DBB2002B01D0082318E007F19D
S315080577A00D02BB7B19467868FFF72AFE0346FB736D
S315080577B07B7BBA789A420AD0BA78BB7B1946786831
S315080577C0FFF7A6FE0346FB731420EBF793FEFB7B38
S315080577D018461037BD4680BD80B584B000AF7860C1
S315080577E00B46FB700023FB73FB781A460121786864
S315080577F0FFF78CFF0346FB73FB7B002B02D17B68E7
S31508057800FA781A72FB7B18461037BD4680BD80B5D7
S3150805781084B000AF78600B46FB700023FB73FB78DA
S315080578201A4600217868FFF771FF0346FB73FB7B51
S31508057830002B02D17B68FA785A72FB7B18461037FB
S31508057840BD4680BD80B400AFBFF34F8F00BF064B62
S31508057850DB6803F4E0620449044B1343CB60BFF3CA
S315080578604F8F00BF00BFFDE700ED00E00400FA05F5
S3150805787080B58CB000AF78603960396800200A4653
S315080578800346C7E9082307F12003184611F0FCFF4C
S31508057890F862012010F06AFE0346002B0FD010F09F
S315080578A0FBFD3C493C4810F0BFFD10F053FD03466F
S315080578B019463A4810F0B8FD394810F0B5FDFB6A87
S315080578C0002B01D1002360E0FB6A5B69DBB2643BF0
S315080578D0DBB2FB77FB6A1B69DBB20133DBB27B776D
S315080578E0FB6ADB68DBB2BB77FB6A9B69002B03D0B7
S315080578F0FB6A9B69DBB200E007233B77FB6A9B685B
S31508057900DBB23B72FB6A5B68DBB27B72FB6A1B68A0
S31508057910DBB2BB7200237B610023BB6107F11C0345
S31508057920002219461F48F0F7A5FB034687F82B30B2
S3150805793097F82B30002B01D0002326E007F1080322
S31508057940002219461748F0F79CFA034687F82B30A4
S3150805795097F82B30002B01D0002316E0012010F0F4
S3150805796005FE0346002B0FD010F096FD0E490A4872
S3150805797010F05AFD10F0EEFC03461946074810F0BC
S3150805798053FD074810F050FD012318463037BD460C
S3150805799080BD00BFD8DA0608E4DA0608ECDA060878
S315080579A0F8DA060830440020FCDA060880B582B005
S315080579B000AF78600B46FB70FB7883F00103DBB2FA
S315080579C0002B17D000224FF480711A48EEF7D0FA2B
S315080579D0042010F0CBFD0346002B0BD010F05CFD00
S315080579E01549164810F020FD154810F01DFD1548D7
S315080579F010F01AFDFB78002B17D001224FF4807181
S31508057A000C48EEF7B5FA042010F0B0FD0346002B36
S31508057A100BD010F041FD0849084810F005FD0A4845
S31508057A2010F002FD074810F0FFFC00BF0837BD46F9
S31508057A3080BD00BF000C004808DB0608E4DA060826
S31508057A4054DB0608F8DA06086CDB060880B582B04A
S31508057A5000AF7860022010F089FD0346002B11D08F
S31508057A6010F01AFD1149124810F0DEFC7B685B79A7
S31508057A7019467B689B791A460E4810F0D5FC0E48C0
S31508057A8010F0D2FC7B685A797B681A717B689A79FB
S31508057A907B685A717B6804229A71EBF71FFD0246CB
S31508057AA07B689A6000BF0837BD4680BD08DB0608B7
S31508057AB0E4DA060884DB0608F8DA060880B582B033
S31508057AC000AF78607868FFF7C1FF7B680022A3F8E6
S31508057AD0E02D7B680022A3F8E22D7B680222A3F835
S31508057AE0E42D7B680022A3F8E62D7B684FF000425B
S31508057AF0C3F8B82D7B6803F6B4532F4A2F49304887
S31508057B0007F0FAFC034683F00103DBB2002B07D026
S31508057B107B6803F6B453284A2849294807F05AFDCD
S31508057B207B680C33194627480FF044FE7B6803F536
S31508057B309363194624480FF03DFE7B6803F6241324
S31508057B40194622480FF036FE7B68002283F8C020C6
S31508057B507B68012283F84C257B68022283F8D8299D
S31508057B607B6893F8DC3D002B02D0194B01229A70ED
S31508057B707B68D3F8B83D002B16D1102010F0F6FC1B
S31508057B800346002B0BD010F087FC1249124810F05B
S31508057B904BFC124810F048FC114810F045FC7B6870
S31508057BA04FF00042C3F8B82D7B68002283F8B12D43
S31508057BB000BF0837BD4680BD500607089CDB06088A
S31508057BC0ACDB0608242D0020FC2E0020D43000202E
S31508057BD084AB002008DB0608E4DA0608B8DB0608E5
S31508057BE0F8DA060880B582B000AF786001217868B2
S31508057BF000F05CF900BF0837BD4680BD80B582B088
S31508057C0000AF78600E480DF0F5FD022010F0AEFCC9
S31508057C100346002B0FD010F03FFC0A490A4810F01E
S31508057C2003FC10F097FB03461946084810F0FCFBC1
S31508057C30074810F0F9FB00BF0837BD4680BD00BFF1
S31508057C401C29002008DB0608E4DA0608ECDB06082A
S31508057C50F8DA060880B582B000AF78607868FFF76D
S31508057C60F5FE044B012283F86A2100BF0837BD4695
S31508057C7080BD00BF2C00002080B582B000AF7860BB
S31508057C807B681B7B002B05D17B680C3318460AF0ED
S31508057C9063FB11E0102010F069FC0346002B0BD09E
S31508057CA010F0FAFB1549164810F0BEFB154810F0FA
S31508057CB0BBFB154810F0B8FB7B6893F89834002B86
S31508057CC006D17B6803F5936318460AF045FB11E070
S31508057CD0102010F04BFC0346002B0BD010F0DCFBF4
S31508057CE00649074810F0A0FB084810F09DFB064812
S31508057CF010F09AFB00BF0837BD4680BD08DB0608AD
S31508057D00E4DA060804DC0608F8DA060824DC0608B8
S31508057D1080B483B000AF786000BF0C37BD465DF808
S31508057D20047B704780B582B000AF78607868FFF746
S31508057D308DFE0D4B022283F86A21042010F016FCED
S31508057D400346002B0BD010F0A7FB0849084810F08E
S31508057D506BFB084810F068FB074810F065FB00BF89
S31508057D600837BD4680BD00BF2C00002008DB060885
S31508057D70E4DA060844DC0608F8DA060880B582B0AF
S31508057D8000AF78607B6893F82439012B06D17B68A8
S31508057D9003F6241318460AF0DFFA11E0102010F04E
S31508057DA0E5FB0346002B0BD010F076FB0649074882
S31508057DB010F03AFB064810F037FB064810F034FB7E
S31508057DC000BF0837BD4680BD08DB0608E4DA0608A5
S31508057DD094DC0608F8DA060880B483B000AF786044
S31508057DE000BF0C37BD465DF8047B704780B582B089
S31508057DF000AF78607B689B79042B1AD17B685B7921
S31508057E001946294A0B465B000B449B001344043369
S31508057E101B68002B43D07B685B791946224A0B46BB
S31508057E205B000B449B00134404331B68786898472A
S31508057E3035E07B685B79022B19D87B685B7919462F
S31508057E40194A0B465B000B449B00134408331B6811
S31508057E50002B0CD07B685B791946134A0B465B00E9
S31508057E600B449B00134408331B68786898477B685E
S31508057E709B7919460C4A0B465B000B449B00134439
S31508057E801B68002B0BD07B689B791946064A0B465F
S31508057E905B000B449B0013441B687868984700BF32
S31508057EA00837BD4680BD00BF1407070880B584B0EE
S31508057EB000AF78600B46FB700023FB73FB78022B3B
S31508057EC003D87B68FA789A7115E00123FB730820B5
S31508057ED010F04CFB0346002B0DD010F0DDFA1449C3
S31508057EE0144810F0A1FAFB781946134810F09CFAC5
S31508057EF0124810F099FA012010F038FB0346002BBA
S31508057F0010D010F0C9FA0A490A4810F08DFA7B68AC
S31508057F1003F6BC53FA781946094810F085FA074856
S31508057F2010F082FAFB7B18461037BD4680BD00BFA8
S31508057F3008DB0608E4DA0608B0DC0608F8DA0608F7
S31508057F40CCDC060880B582B000AF786039607B68FE
S31508057F505A797B6883F8F02D38687B6803F6B4533D
S31508057F602C22194612F07EFB3B6803F12C007B6830
S31508057F7003F55E631822194612F074FB00BF08372D
S31508057F80BD4680BDB0B582B000AF786039603B6844
S31508057F901B78072B00F2F18001A252F823F000BFE7
S31508057FA0C17F050821800508F17F050811800508A8
S31508057FB0A3800508078105083F810508438105084B
S31508057FC0012010F0D3FA0346002B00F0EC8010F0E0
S31508057FD063FA8149814810F027FA7B6803F6BC5392
S31508057FE019467F4810F020FA7E4810F01DFADAE0A7
S31508057FF03B685B68DAB27B6883F8DC2D7B6893F8A7
S31508058000DC3D002B00F0D180774B01229A70CCE03D
S315080580103B685B68DBB219467868FFF747FFCFE030
S315080580203B685B68012202FA03F31A467B68C3F8C4
S31508058030B82D7B68D3F8B83D002B1AD1082010F067
S3150805804095FA0346002B0FD010F026FA62496348C5
S3150805805010F0EAF97B68D3F8B83D1946634810F07D
S31508058060E3F9604810F0E0F97B684FF00042C3F881
S31508058070B82D042010F07AFA0346002B00F09780F5
S3150805808010F00AFA5449554810F0CEF97B68D3F82A
S31508058090B83D1946564810F0C7F9524810F0C4F9C4
S315080580A085E07B6803F6BC543B6803F108053B6825
S315080580B008331846E8F714F903461F2B06D83B6814
S315080580C008331846E8F70CF9034600E01F231A4655
S315080580D02946204612F0C6FA012010F047FA03464B
S315080580E0002B66D010F0D8F93B493C4810F09CF9AE
S315080580F07B6803F6BC5319463E4810F095F939488E
S3150805810010F092F955E03B685B6819467868FFF701
S31508058110AFFB012010F02AFA0346002B4BD010F0CE
S31508058120BBF92D492D4810F07FF93B685B68194660
S31508058130314810F079F92B4810F076F93BE0FFF74E
S3150805814081FB3B685A687B68C3F8B42D042010F098
S315080581500DFA0346002B30D010F09EF91E491F482C
S3150805816010F062F97B68D3F8B43D1946234810F038
S315080581705BF91C4810F058F91FE0082010F0F6F9CD
S315080581800346002B1BD010F087F91349134810F046
S315080581904BF93B681B781946194810F045F91148FB
S315080581A010F042F90BE000BF0AE000BF08E000BF87
S315080581B006E000BF04E000BF02E000BF00E000BF24
S315080581C07B6803F6B4530F4A0F49104807F002FABD
S315080581D000BF0837BD46B0BD08DB0608E4DA060861
S315080581E0ECDC0608F8DA060884AB0020FCDC060891
S315080581F010DD06082CDD060844DD06085CDD0608E4
S3150805820070DD0608500607089CDB0608ACDB060881
S3150805821080B582B000AF78607B685B78052B7B6894
S315080582205A787B681A707B689A787B685A707B6877
S3150805823007229A70EBF752F903461A467B685A6085
S3150805824000BF0837BD4680BD80B582B000AF7860EF
S315080582507868FFF7DDFF00BF0837BD4680BD80B5E6
S3150805826082B000AF7860EBF739F902467B685B6840
S31508058270D31AB3F57A7F02D97B6803229A7000BFB1
S315080582800837BD4680BD80B483B000AF786000BFAF
S315080582900C37BD465DF8047B704780B582B000AFE4
S315080582A078607868FFF7B4FF7B680833184607F0E7
S315080582B063FA7B686033184607F05EFA7B68002226
S315080582C01A657B689B681B68DA6A7B685A657B68EA
S315080582D003F108027B689B681B68DB6A5B0819461D
S315080582E0104607F05BFB7B689B681B68DA6A7B6848
S315080582F0C3F8A8207B689B681B68DA6A7B68C3F89D
S31508058300AC207B6860330021184607F047FB7B687D
S315080583100833184607F060FA0320EBF7EBF87B6895
S315080583206033184607F058FA00BF0837BD4680BDC2
S3150805833080B483B000AF786000BF0C37BD465DF8E2
S31508058340047B704780B582B000AF786000224FF491
S3150805835080710A48EDF70CFE7B680833184607F066
S315080583600BFA0120EBF7C6F87B686033184607F069
S3150805837003FA00BF0837BD4680BD00BF0010004898
S3150805838080B582B000AF78607868FFF741FF7B68F3
S315080583900833184607F0F0F97B686033184607F086
S315080583A0EBF97B6808330021184607F0F7FA7B686E
S315080583B003F160027B681B6E1B68DB6A5B0819465E
S315080583C0104607F0EBFA7B686033184607F004FA9F
S315080583D00A20EBF78FF87B680833184607F0FCF98F
S315080583E000BF0837BD4680BD80B483B000AF78604E
S315080583F000BF0C37BD465DF8047B704780B483B073
S3150805840000AF786000BF0C37BD465DF8047B704742
S3150805841080B582B000AF78607868FFF7F9FE7B68AB
S315080584209B681B68DA6A13469B0013445B001A4669
S31508058430464BA3FB02235A097B681A657B689B682A
S315080584401B68DA6A13465B0013445B019B1A3F4AAD
S31508058450A2FB03235A097B685A657B681B6E1B6852
S31508058460DA6A13469B001344384AA2FB03235A09C2
S315080584707B68C3F8A8207B681B6E1B68DB6A5A22D3
S3150805848002FB03F3314AA2FB03235A097B68C3F8A7
S31508058490AC207B680833184607F06EF97B686033AD
S315080584A0184607F069F97B689B681B68DA6A1346FC
S315080584B01B019B1A254AA2FB03235A097B68DA6521
S315080584C07B681B6E1B68DA6A13469B0013445B00C0
S315080584D01A461E4BA3FB02235A097B68C3F8B42028
S315080584E07B6803F108007B689B681B68DA6A134694
S315080584F01B019B1A154AA2FB03235B09194607F0BC
S315080585004DFA7B6803F160007B681B6E1B68DA6AA7
S3150805851013469B0013445B001A460C4BA3FB022328
S315080585205B09194607F03AFA7B686033184607F07F
S3150805853053F90A20EAF7DEFF7B680833184607F081
S315080585404BF900BF0837BD4680BD00BF1F85EB51F7
S3150805855080B582B000AF7860EAF7C0FF02467B684F
S31508058560D3F8C030D31A642B27D9EAF7B7FF0246E2
S315080585707B68C3F8C0207B689A6D7B68DB6D9A4279
S3150805858009D07B6803F108027B68DB6D194610463E
S3150805859007F004FA11E07B68D3F8B0207B68D3F8B6
S315080585A0B4309A4209D07B6803F160027B68D3F838
S315080585B0B4301946104607F0F1F900BF0837BD462D
S315080585C080BD80B483B000AF786000BF0C37BD4668
S315080585D05DF8047B7047000080B586B000AF78600B
S315080585E07B689B6D642203FB02F27B689B681B68AC
S315080585F0DB6AB2FBF3F37B617B68D3F8B0306422A0
S3150805860003FB02F27B681B6E1B68DB6AB2FBF3F39E
S315080586103B617B68D3F8BC301B6842F2273293422C
S3150805862019DC10200FF0A2FF0346002B10D00FF01F
S3150805863033FF484948480FF0F7FE7B68D3F8BC3046
S315080586401B68194645480FF0EFFE45480FF0ECFE46
S315080586504FF4005379E07B68D3F8BC301B681A469B
S315080586607B6903FB02F23B69C3F16403B2FBF3F3CF
S31508058670FB60FB683B4A934215D910200FF076FF3D
S315080586800346002B0CD00FF007FF324932480FF08E
S31508058690CBFEF96834480FF0C7FE31480FF0C4FE23
S315080586A04FF4004351E0FB68002B19D03B690533AD
S315080586B07A699A4214D210200FF058FF0346002B08
S315080586C00BD00FF0E9FE234923480FF0ADFE2748E6
S315080586D00FF0AAFE22480FF0A7FE4FF4803334E0C8
S315080586E03B69052B07D97B68D3F8B0305A1E7B68DA
S315080586F0C3F8B4201DE07B690A2B05D97B689B6DF9
S315080587005A1E7B68DA6514E010200FF02FFF034622
S31508058710002B0BD00FF0C0FE0E490F480FF084FE54
S3150805872013480FF081FE0E480FF07EFE4FF4003316
S315080587300BE07B68D3F8B4207B68D3F8AC309A4253
S3150805874002D27B68D3F8B430002318461837BD46DD
S3150805875080BD00BFCCDD0608D4DD0608DCDD0608CD
S3150805876000DE0608D001010004DE060820DE06083C
S3150805877038DE060880B586B000AF78600B46FB7014
S315080587807B689B6D642203FB02F27B689B681B680A
S31508058790DB6AB2FBF3F37B617B68D3F8B0306422FE
S315080587A003FB02F27B681B6E1B68DB6AB2FBF3F3FD
S315080587B03B617B68D3F8BC301B6842F2273293428B
S315080587C019DC10200FF0D2FE0346002B10D00FF04F
S315080587D063FE394939480FF027FE7B68D3F8BC3064
S315080587E01B68194636480FF01FFE36480FF01CFE63
S315080587F04FF400535BE07B68D3F8BC301B681A4618
S315080588007B6903FB02F23B69C3F16403B2FBF3F32D
S31508058810FB60FB682C4A934215D910200FF0A6FE7B
S315080588200346002B0CD00FF037FE234923480FF0DB
S31508058830FBFDF96825480FF0F7FD22480FF0F4FD12
S315080588404FF4004333E0FB78C3F15F031A467B69AF
S31508058850934206D27B689A6DFB781A447B68DA657B
S3150805886024E0FB78C3F15A031A463B69934208D2BA
S315080588707B68D3F8B020FB781A447B68C3F8B42024
S3150805888014E010200FF072FE0346002B0BD00FF0F4
S3150805889003FE094909480FF0C7FD0D480FF0C4FD49
S315080588A008480FF0C1FD4FF4003300E000231846D1
S315080588B01837BD4680BD00BFCCDD0608D4DD0608E1
S315080588C0DCDD060800DE0608D001010004DE060820
S315080588D038DE060880B582B000AF78607B689B787D
S315080588E0072B12D17B685B781D4A1B011344043399
S315080588F01B68002B2FD07B685B78194A1B0113442C
S3150805890004331B687868984725E07B685B78052BF0
S3150805891011D87B685B78124A1B01134408331B6818
S31508058920002B08D07B685B780D4A1B011344083376
S315080589301B68786898477B689B78094A1B01134426
S315080589401B68002B07D07B689B78054A1B011344D7
S315080589501B687868984700BF0837BD4680BD00BFC5
S315080589603807070890B585B002AF78607B681B782D
S31508058970052B13D008200FF0F9FD0346002B0BD065
S315080589800FF08AFD2B492C480FF04EFD2B480FF0AA
S315080589904BFD2B480FF048FD012346E07B689B7885
S315080589A003F00103002B01D100233EE07B689A887A
S315080589B0244B1A807B68DA88234B1A80214B188842
S315080589C0214B19887B685A891E4B1B8813449BB211
S315080589D0013B9CB27B681A891B4B1B8813449BB2C7
S315080589E0013B9AB27B689B89009313462246F5F7A5
S315080589F0BAFF144B1888144B19887B685A89114B8A
S31508058A001B8813449BB2013B9CB27B681A890E4BA3
S31508058A101B8813449BB2013B9AB27B68DB8900939A
S31508058A2013462246F5F71EFF002318460C37BD46A2
S31508058A3090BD00BF54DE06085CDE060864DE06083F
S31508058A4074DE06082C5A00202E5A0020B0B592B0BE
S31508058A5002AF78600023FB870023BB8707F10C0369
S31508058A602E220021184610F00BFD05233B737B6863
S31508058A709B78BB737B681B78002B01D00123CCE060
S31508058A807B689B7803F00103002B01D10023C4E022
S31508058A907B689C887B6808331846E7F721FC0246FD
S31508058AA07B689B7C03FB02F213465B0013445B0061
S31508058AB05B089BB2E31AFB877B68DA887B689B7C35
S31508058AC09BB2DB009BB2D31ABB87FB8F033B9BB2DA
S31508058AD03B82BB8F033B9BB27B827B689B7C9BB2AD
S31508058AE0DB009BB206339BB2BB827B68083318460C
S31508058AF0E7F7F6FB02467B689B7C02FB03F301332B
S31508058B009BB21A46520013445B009BB2FB824FF692
S31508058B10FF737B837B68DB8A3B837B689B7803F0E3
S31508058B202103212B1DD17B689B8A3B8307F10C0307
S31508058B301846FFF717FF7B6803F108047B689B7CDB
S31508058B409DB27B68DB8A7A68928AB98FF88F01921B
S31508058B5000932B462246F6F73FFA7B6804225A709D
S31508058B605AE07B689B7803F00503052B3AD17B68A9
S31508058B705B78022B20D07B68DB8A3B837B68DB8AA4
S31508058B807B8307F10C031846FFF7ECFE7B6803F1B8
S31508058B9008047B689B7C9DB27B689B8A7A68D28A27
S31508058BA0B98FF88F019200932B462246F6F714FAE9
S31508058BB07B6802225A702FE07B6803F108047B68FC
S31508058BC09B7C9DB27B68DB8A7A68928AB98FF88F17
S31508058BD0019200932B462246F6F7FEF97B68032297
S31508058BE05A7019E007F10C031846FFF7BBFE7B68B8
S31508058BF003F108047B689B7C9DB27B689B8A7A682F
S31508058C00D28AB98FF88F019200932B462246F6F73A
S31508058C10E3F97B6801225A70002318464037BD469A
S31508058C20B0BD90B591B000AF78600023FB870023EF
S31508058C30BB8707F10C032E220021184610F020FCED
S31508058C4005233B730123BB737B681B78002B01D077
S31508058C5001234DE07B689C887B6808331846E7F74F
S31508058C603FFB02467B689B7C03FB02F213465B00CF
S31508058C7013445B005B089BB2E31AFB877B68DA88BB
S31508058C807B689B7C9BB2DB009BB2D31ABB87FB8FA9
S31508058C90033B9BB23B82BB8F033B9BB27B827B68C4
S31508058CA09B7C9BB2DB009BB206339BB2BB827B687F
S31508058CB008331846E7F714FB02467B689B7C02FBDC
S31508058CC003F301339BB21A46520013445B009BB269
S31508058CD0FB824FF6FF737B834FF6FF733B8307F1E2
S31508058CE00C031846FFF73EFE7B6800225A700023E0
S31508058CF018464437BD4690BD90B589B004AF78602F
S31508058D007B689B887B817B68DB883B817B681B78D6
S31508058D10042B01D001235EE07B689B7803F00103F1
S31508058D20002B01D1002356E07B689B7803F00503E9
S31508058D30052B17D17B685B78032B09D17B689B8B41
S31508058D40FB817B689B8BBB817B6802225A700FE08F
S31508058D507B68DB8AFB817B689B8BBB817B680322EF
S31508058D605A7005E07B68DB8AFB817B689B8BBB8138
S31508058D707B89203B98B23B890A3B99B2BB8902930A
S31508058D80FB8901930523009314234022F6F750F92E
S31508058D903B89043B3B817B680A331846E7F7A0FA0B
S31508058DA0024613465B0013445B005B089BB27A894F
S31508058DB0D31A9BB2013B7B817B6803F10A047B6866
S31508058DC05B8B39897889FA890192009301232246B2
S31508058DD0F6F702F9002318461437BD4690BDB0B517
S31508058DE086B002AF78607B689B88FB817B68DB88E9
S31508058DF0BB817B681B78032B01D001238BE07B683D
S31508058E009B7803F00103002B01D1002383E07B68DF
S31508058E109B7803F00503052B31D17B685B78032B1B
S31508058E2016D17B6803F108047B6893F828309DB250
S31508058E307B689B8D7A68928DB989F889019200932A
S31508058E402B462246F6F7C8F87B6802225A7061E077
S31508058E507B6803F108047B6893F828309DB27B6824
S31508058E605B8D7A68928DB989F889019200932B46AC
S31508058E702246F6F7B1F87B6803225A704AE07B6802
S31508058E809B7803F02103212B2ED17B685B78042B75
S31508058E9016D07B6803F108047B6893F828309DB2E1
S31508058EA07B689B8D7A68528DB989F88901920093FA
S31508058EB02B462246F6F790F87B6804225A7029E075
S31508058EC07B6803F108047B6893F828309DB27B68B4
S31508058ED09B8D7A68528DB989F889019200932B463C
S31508058EE02246F6F779F815E07B6803F108047B68EE
S31508058EF093F828309DB27B685B8D7A68928DB9891F
S31508058F00F889019200932B462246F6F765F87B68A1
S31508058F1001225A70002318461037BD46B0BD90B5D4
S31508058F2087B002AF78607B689B88FB817B68DB88A6
S31508058F30BB817B681B78032B01D0012314E07B6872
S31508058F4003F108027B6893F828309BB2B989F8893A
S31508058F504FF6FF7401944FF6FF740094F6F73CF844
S31508058F607B6800225A70002318461437BD4690BD03
S31508058F7090B585B000AF78607B689B88FB817B6878
S31508058F80DB88BB817B689C887B6808331846E7F7CE
S31508058F90A7F902467B6893F8283003FB02F21346C5
S31508058FA05B0013445B005B089BB2E31A9AB27B68C5
S31508058FB09A807868FFF713FF7B68FA899A807B6839
S31508058FC0BA89DA80002318461437BD4690BD0000D5
S31508058FD080B582B000AF78607B685B79082B29D8A5
S31508058FE07B685B79082B25D802200FF0BFFA034664
S31508058FF0002B3CD00FF050FA244925480FF014FAF7
S315080590007B68D3F880395B6A1B7818467B685B7979
S315080590101A46204B53F822207B689B7919461D4B27
S3150805902053F8213001461C480FF0FEF91B480FF08E
S31508059030FBF91CE002200FF099FA0346002B16D01F
S315080590400FF02AFA114912480FF0EEF97B68D3F8A2
S3150805905080395B6A1B7819467B685B791A467B6893
S315080590609B790F480FF0E0F90C480FF0DDF97B689E
S315080590705A797B681A717B689A797B685A717B6815
S315080590800A229A7100BF0837BD4680BDC4DE0608A8
S31508059090CCDE060838260020D4DE0608F8DE0608E3
S315080590A0FCDE060880B582B000AF786039603B689B
S315080590B093F83E32212B08D13B68012283F83E22DC
S315080590C03B68212283F8102230E03B6893F810327A
S315080590D0212B1AD13B68012283F810227B6893F865
S315080590E02C34012B08D13B68012283F83E223B68C4
S315080590F0212283F86C2219E03B68212283F83E2257
S315080591003B68002283F86C2210E03B6893F86C32C2
S31508059110212B0BD13B68012283F86C223B6801227F
S3150805912083F810223B68212283F83E22202178689D
S3150805913000F0B0FE00BF0837BD4680BD80B483B0D9
S3150805914000AF78607B681B781A464FF4616303FBAA
S3150805915002F27B685B7819460B461B015B1A9B0076
S3150805916013447A689278134418460C37BD465DF859
S31508059170047B704780B58EB000AF786039607B6830
S315080591805B6A9B6DFB62FB6A03F5E073BB6207F1DD
S315080591900803002219465448EEF710FF07F11C0389
S315080591A0002219465048EEF7ECFFBB6A032283F8FE
S315080591B08C20FB6AD3F880392C331846FFF7BEFF97
S315080591C0786207F108031846FFF7B8FF38623A6A66
S315080591D07B6A9A4204D33A6A7B6AD31A7B6307E0A9
S315080591E03A6A7B6AD31A03F5A83303F5C0737B631A
S315080591F07B6B3E4AA2FB0323DA0AFB6AD3F880395E
S31508059200D2B283F860207A6B384BA3FB0213DB0ACC
S315080592104FF4616101FB03F3D31A354AA2FB032315
S315080592205A09FB6AD3F88039D2B283F86120796B7B
S315080592302F4BA3FB01235A0913461B019B1A9B00B7
S31508059240CA1AFB6AD3F88039D2B283F862207B68DA
S315080592505B7A032B03D07B685B7A022B2BD1FB6ADF
S31508059260D3F880399B6D7A6B13447B637B6B1F4AF6
S31508059270A2FB0323DB0A87F833307A6B1B4BA3FB68
S315080592800213DB0A4FF4616101FB03F3D31A184A8B
S31508059290A2FB03235B0987F83230796B144BA3FBD2
S315080592A001235A0913461B019B1A9B00CA1A134622
S315080592B087F8313008E0002387F83330002387F82C
S315080592C03230002387F831303B6897F833201A7017
S315080592D03B6897F832205A703B6897F831209A70A0
S315080592E000BF3837BD4680BD30440020C5B3A291BE
S315080592F08988888890B52DED028B8FB002AF786086
S3150805930039604FF00003FB620023BB6007F10C03CD
S3150805931000221A605A609A60DA601A611A753B6803
S315080593209B6DD3F880397B627B6803F108023B683D
S31508059330093319461046E6F773FF0346002B35D061
S315080593403B681B78032B14D0032B19DC012B02D0A1
S31508059350022B07D014E07B680833B549184610F088
S3150805936009F813E07B680833B249184610F002F885
S315080593700CE07B680833B04918460FF0FBFF05E09B
S315080593807B680833AD4918460FF0F4FF3B689B6DBB
S3150805939093F88439032B05D17B680833A649184603
S315080593A00FF0E8FF3B68012283F85C203B685B7D8C
S315080593B0052B65D801A252F823F000BFD5930508F9
S315080593C011940508F7930508339405084D9405087F
S315080593D0679405087B68032283F830207B684FF677
S315080593E0FF72A3F844207B683833954A9549184691
S315080593F00FF0C0FF59E07B6840F27D52A3F8442080
S315080594007B683833904A8F4918460FF0B3FF4CE00E
S315080594107B68032283F830207B684FF6FF72A3F832
S3150805942044207B683833894A864918460FF0A2FFD7
S315080594303BE07B6849F26A62A3F844207B683833C7
S31508059440834A804918460FF095FF2EE07B6849F256
S315080594506A62A3F844207B6838337E4A79491846F8
S315080594600FF088FF21E07B684FF6E712A3F8442042
S315080594707B683833784A734918460FF07BFF14E042
S3150805948008200FF073F80346002B0ED00FF004F8EA
S31508059490724973480EF0C8FF3B685B7D19467148EB
S315080594A00EF0C2FF70480EF0BFFF3B685A7D3B6859
S315080594B083F85D207B68002283F824213B681B78A6
S315080594C0032B0FD169480AF002FA044668480AF0E0
S315080594D0FEF90346234407EE903AF8EE677AC7ED98
S315080594E00B7A08E038680AF0F2F907EE900AF8EE02
S315080594F0677AC7ED0B7A7B68D3ED457A97ED0B7AD4
S31508059500B4EE677AF1EE10FA47D0D7ED0B7A9FEDF0
S31508059510597AF4EEC77AF1EE10FA14DB97ED0B7A61
S31508059520DFED556AC7EE267AC7ED0B7AF86AE7F7CF
S3150805953043F802460B4607F1080050490091504981
S315080595400FF018FF0BE0F86AE7F736F802460B4600
S3150805955007F108004B4900914B490FF00BFF7B6853
S31508059560032283F85E207B6803F1640407F1080388
S315080595701846E6F7B5FE024607F1080300931346B3
S31508059580424A0C2120460FF0C1FE7B68FA6AC3F8E9
S3150805959014217B68012283F824217B68002283F83D
S315080595A025213B681B78032B0FD130480AF03AFA78
S315080595B004462F480AF036FA0346234407EE903A3E
S315080595C0F8EEE77AC7ED0B7A08E038680AF02AFA62
S315080595D007EE900AF8EEE77AC7ED0B7AD7ED0B7A20
S315080595E0FDEEE77A17EE903A002BB8BF5B4207EE19
S315080595F0903AF8EEE77A9FED207AF4EEC77AF1EE1F
S3150805960010FA47DB97ED0B7ADFED1B6AC7EE267A6C
S31508059610C7ED0B7AF86AE6F7CFFF02460B4607F160
S3150805962008001B49009118490FF0A4FE3EE000BF4B
S3150805963020DF060828DF060830DF060838DF0608B3
S3150805964040DF06084CDF060854DF060860DF060813
S315080596506CDF060878DF060884DF0608C4DE060818
S31508059660CCDE060888DF0608F8DE060894AB002077
S3150805967018AC002000C0794400007A44B0DF06081B
S31508059680A4DF0608C0DF0608B4DF0608C4DF060837
S31508059690CCDF0608F86AE6F78FFF02460B4607F1A0
S315080596A008006B4900916B490FF064FE7B6803223D
S315080596B083F88C207B6803F1920407F108031846A2
S315080596C0E6F70EFE024607F10803634920460FF042
S315080596D051FE7B68FA6AC3F818217B68012283F86C
S315080596E025217B68002283F826213B681B78032BF6
S315080596F00ED15A480AF012FAB0EE408A58480AF0CE
S315080597000DFAF0EE407A78EE277AC7ED0B7A04E083
S3150805971038680AF003FA87ED0B0AD7ED0B7AFDEEE2
S31508059720E77A17EE903A002BB8BF5B42B3F57A7F16
S3150805973014DB97ED0B7ADFED4B6AC7EE267AC7ED94
S315080597400B7AF86AE6F738FF02460B4607F1080072
S315080597504549009145490FF00DFE0BE0F86AE6F715
S315080597602BFF02460B4607F1080041490091394986
S315080597700FF000FE7B68032283F8BA207B6803F1A5
S31508059780C00407F108031846E6F7AAFD024607F1DD
S315080597900803314920460FF0EDFD7B68FA6AC3F8E0
S315080597A01C217B68012283F826217B68002283F821
S315080597B027213B681B78032B0ED128480AF0AEF8FB
S315080597C0B0EE408A26480AF0A9F8F0EE407A78EE17
S315080597D0277AC7ED0A7A04E038680AF09FF887ED14
S315080597E00A0A7B68D3ED487A97ED0A7AB4EE677A62
S315080597F0F1EE10FA26D0B86AE6F7DEFE02460B4603
S3150805980007F108001B4900911B490FF0B3FD7B685A
S31508059810032283F8E8207B6803F1EE0407F10803C1
S315080598201846E6F75DFD024607F108030A4920468C
S315080598300FF0A0FD7B68BA6AC3F820217B68012270
S3150805984083F8272100BF3437BD46BDEC028B90BD92
S31508059850D0DF0608B4DF0608C4DF060894AB002087
S3150805986018AC002000007A44E0DF0608D4DF0608B5
S31508059870E4DF0608F4DF0608E8DF060880B5B4B0B5
S3150805988000AF78600B46FB707B68D3F8803903F226
S315080598901C43C7F8C4307B6803F5A873C7F8C030FE
S315080598A07B6893F88439032B07D17B68D3F880390D
S315080598B05B6A1B78012B40F0E8827B6893F884394C
S315080598C0032B0ED0032B10DC012B02D0022B04D060
S315080598D00BE0444BC7F8CC301CE0434BC7F8CC30FB
S315080598E018E0424BC7F8CC3014E008200EF03EFECF
S315080598F00346002B0BD00EF0CFFD3D493D480EF033
S3150805990093FD3D480EF090FD3C480EF08DFD374B16
S31508059910C7F8CC30D7F8CC307A689A657B683C337B
S31508059920D7F8CC101846FFF7E5FCD7F8C4305A6ABD
S31508059930D7F8CC305B689A4214D0D7F8CC305B6838
S31508059940002B09D07B6803F5B670D7F8CC305B6871
S315080599501A462B490FF00EFDD7F8CC305A68D7F8BA
S31508059960C4305A62FB7803F00103002B04D07B68E8
S315080599700C331846FEF7F6FFFB7803F00203002BB7
S3150805998021D0D7F8CC3093F85C30002B09D07B680A
S315080599903C331846FFF723FAD7F8CC30002283F86C
S315080599A05C207B6803F5FB73D7F8C4201146184677
S315080599B0E6F736FC0346002B05D07B6803F5F773F7
S315080599C01846FFF7D5FAFB7803F00C030C2B04D1E0
S315080599D07B686A331846FFF78FF90023C7F8C8303E
S315080599E048E000BF94AB002018AC00209CAC0020D2
S315080599F0C4DE0608CCDE0608F8DF0608F8DE060823
S31508059A001CE00608D7F8C8302E2202FB03F3D0332C
S31508059A103B44C83B03221A70D7F8C8302E2202FBEE
S31508059A2003F3D0333B44C63B03221A70D7F8C83034
S31508059A302E2202FB03F3D0333B44A03B01221A70C6
S31508059A40D7F8C8302E2202FB03F3D0333B449C3BA0
S31508059A504FF6FF721A80D7F8C8302E2202FB03F399
S31508059A60D0333B449E3B1F221A80D7F8C8300133B2
S31508059A70C7F8C830D7F8C830032BC3DDFB7803F021
S31508059A801003002B00F08581D7F8C0301B7C002B0E
S31508059A9067D00023C7F8C8307B68B3F89C10D7F899
S31508059AA0C8302E2202FB03F3D0333B44C43B0A4697
S31508059AB01A807B68B3F89E30023B99B2D7F8C8304E
S31508059AC02E2202FB03F3D0333B44C23B0A461A80D7
S31508059AD007F10802D7F8C8302E2101FB03F308332E
S31508059AE01344D14918460FF045FC07F10802D7F883
S31508059AF0C8302E2101FB03F313441846FFF76FF907
S31508059B0007F10802D7F8C8302E2101FB03F30833FD
S31508059B101344C64918460FF02DFC07F10802D7F875
S31508059B20C8302E2101FB03F313441846FFF757F9EE
S31508059B307B68B3F89E3008339AB27B68A3F89E20F3
S31508059B407B6898331846FFF74AF97B68B3F89E3061
S31508059B50083B9AB27B68A3F89E20D7F8C030002246
S31508059B601A74D7F8C0305B7C002B4FD00123C7F891
S31508059B70C8307B68B3F8CA10D7F8C8302E2202FB5E
S31508059B8003F3D0333B44C43B0A461A807B68B3F8D3
S31508059B90CC30063399B2D7F8C8302E2202FB03F328
S31508059BA0D0333B44C23B0A461A8007F10802D7F868
S31508059BB0C8302E2101FB03F3083313449C49184684
S31508059BC00FF0D8FB07F10802D7F8C8302E2101FB9C
S31508059BD003F313441846FFF702F97B68B3F8CC304C
S31508059BE010339AB27B68A3F8CC207B68C63318462F
S31508059BF0FFF7F5F87B68B3F8CC30103B9AB27B686B
S31508059C00A3F8CC20D7F8C03000225A74D7F8C0304C
S31508059C109B7C002B4FD00223C7F8C8307B68B3F866
S31508059C20F810D7F8C8302E2202FB03F3D0333B448D
S31508059C30C43B0A461A807B68B3F8FA300E3399B2E4
S31508059C40D7F8C8302E2202FB03F3D0333B44C23B78
S31508059C500A461A8007F10802D7F8C8302E2101FBF3
S31508059C6003F308331344734918460FF083FB07F1CA
S31508059C700802D7F8C8302E2101FB03F3134418460A
S31508059C80FFF7ADF87B68B3F8FA3018339AB27B68F4
S31508059C90A3F8FA207B68F4331846FFF7A0F87B6823
S31508059CA0B3F8FA30183B9AB27B68A3F8FA20D7F8C6
S31508059CB0C03000229A74D7F8C030DB7C002B68D0F8
S31508059CC00323C7F8C8307B68B3F82611D7F8C83018
S31508059CD02E2202FB03F3D0333B44C43B0A461A80C3
S31508059CE07B68B3F82831163399B2D7F8C8302E22CF
S31508059CF002FB03F3D0333B44C23B0A461A8007F1FD
S31508059D000802D7F8C8302E2101FB03F3083313449C
S31508059D10454918460FF02EFB07F10802D7F8C83053
S31508059D202E2101FB03F313441846FFF758F807F1EC
S31508059D300802D7F8C8302E2101FB03F3083313446C
S31508059D403D4918460FF016FB07F10802D7F8C83043
S31508059D502E2101FB03F313441846FFF740F87B68E9
S31508059D60B3F8283120339AB27B68A3F828217B6893
S31508059D7003F591731846FFF732F87B68B3F828316F
S31508059D80203B9AB27B68A3F82821D7F8C030002271
S31508059D90DA74FB7803F04003002B15D0D7F8C430E6
S31508059DA05A6A7B68D3F880395B689A420CD07B6817
S31508059DB003F5B2731846FFF7DBF87B68D3F88039E5
S31508059DC05A68D7F8C4305A62FB7803F02003002B8B
S31508059DD05CD0D7F8C43003F152027B6803F5CD731E
S31508059DE019461046E6F71CFA0346002B26D1D7F87E
S31508059DF0C430B3F850207B68B3F8A8319A421DD110
S31508059E00D7F8C430B3F84E207B68B3F8A6319A4222
S31508059E1014D1D7F8C43093F84C207B6893F894315D
S31508059E209A4233D00AE000BF28E0060838E006085B
S31508059E3044E0060850E006085CE006087B6803F57A
S31508059E40C9731846FEF702FED7F8C43003F1520265
S31508059E507B6803F5CD731946104610F0FBFB7B6846
S31508059E60B3F8A821D7F8C430A3F850207B68B3F80F
S31508059E70A621D7F8C430A3F84E207B6893F8942119
S31508059E80D7F8C43083F84C2000E000BFD037BD466C
S31508059E9080BD00BF80B5D0B002AF07F59C73A3F5AA
S31508059EA09A7318600A4607F59C73A3F235131A7058
S31508059EB007F59C73A3F59A731B6803F5E073C7F852
S31508059EC0283107F59C73A3F59A731B68D3F880396F
S31508059ED003F21C43C7F82431D7F8283103F5E6738E
S31508059EE0C7F8203107F59C73A3F59A731B68D3F851
S31508059EF080395B6AC7F81C31002387F82F3107F5C7
S31508059F009C73A3F59A731B6893F88439032B0BD1B5
S31508059F1007F59C73A3F59A731B68D3F880395B6AB2
S31508059F201B78012B41F03F80D7F81C3107F59C7249
S31508059F30A2F59A7212689A6507F59C73A3F59A7342
S31508059F401B6803F51E73D7F81C111846FFF7D2F9D7
S31508059F50D7F8283103229A7007F59C73A3F59A73E7
S31508059F601B68D3F88039002B4CD007F59C73A3F5ED
S31508059F709A731B68D3F88039C7F8183107F59C73A7
S31508059F80A3F59A731B68D3F8803907F108021146B9
S31508059F90184608F0A7FD07F108031B78002B2BD0F8
S31508059FA0D7F82831363307F1080211461846E6F779
S31508059FB037F90346002B59D0D7F82831363307F138
S31508059FC00802CE4918460FF0D5F9D7F828310122E7
S31508059FD083F85620D7F82831032283F83020012341
S31508059FE087F82F31D7F82401D7F8283136331A469A
S31508059FF0C2490FF0BFF939E0D7F82831002283F8AE
S3150805A000302033E007F59C73A3F59A731B68D3F8DC
S3150805A010803901225A60D7F824315A6A07F59C73A4
S3150805A020A3F59A731B68D3F880395B689A4200F0E2
S3150805A030BC8708200EF09AFA0346002B00F0B58770
S3150805A0400EF02AFAAE49AF480EF0EEF907F59C73FD
S3150805A050A3F59A731B6893F884391946AA480EF02E
S3150805A060E3F9AA480EF0E0F900F09FBF07F59C73DF
S3150805A070A3F59A731B68D3F8803907F1E4021146EC
S3150805A0801846FFF777F8D7F8283103F1920097F8BD
S3150805A090E430194697F8E53097F8E62001920093DB
S3150805A0A00B469B4A09210FF031F907F59C73A3F571
S3150805A0B09A731B68D3F880395B7A062B22D1D7F8B1
S3150805A0C0283103F5F4731B78002B40F07A81D7F80D
S3150805A0D028314FF6FF72A3F80C22D7F828314FF42A
S3150805A0E0FC62A3F80A22D7F82831032283F8E2216D
S3150805A0F0D7F8283103F5F473864A202118460FF058
S3150805A10005F95EE107F59C73A3F59A731B68D3F801
S3150805A11080395B7A052B1AD1D7F828314FF6FF72A5
S3150805A120A3F80C22D7F828314FF47842A3F80A2267
S3150805A130D7F82831032283F8E221D7F8283103F521
S3150805A140F473754A202118460FF0E0F839E107F54A
S3150805A1509C73A3F59A731B68D3F880395B6803F07B
S3150805A1600053002B1AD0D7F828314FF6FF72A3F8FB
S3150805A1700C22D7F828314FF4FC62A3F80A22D7F83F
S3150805A1802831032283F8E221D7F8283103F5F47339
S3150805A190624A202118460FF0B9F812E1002387F81C
S3150805A1A02E3107F59C73A3F59A731B68D3F8803986
S3150805A1B05B6A07F128021146184609F096F807F56D
S3150805A1C09C73A3F59A731B6893F88439012B07D1F9
S3150805A1D007F59C73A3F588731B7887F82E3129E054
S3150805A1E007F59C73A3F59A731B6893F88439022BB4
S3150805A1F007D107F59C73A3F588731B7887F82E3165
S3150805A20018E007F59C73A3F588731B78002B06D110
S3150805A21007F59C73A3F588735B78002B01D001239A
S3150805A22000E0002387F82E3197F82E3103F0010355
S3150805A23087F82E3197F82E3183F00103DBB2002B10
S3150805A2400AD007F59C73A3F59A731B68D3F880396A
S3150805A2504FF480125A6011E007F59C73A3F59A73BB
S3150805A2601B68D3F880395A6807F59C73A3F59A7362
S3150805A2701B68D3F8803922F480125A6007F59C7357
S3150805A280A3F59A731B68D3F880395B6803F48013C2
S3150805A290002B15D0D7F828314FF6FF72A3F80C22F4
S3150805A2A0D7F828314FF47842A3F80A22D7F8283187
S3150805A2B003F5F4731A4A202118460FF027F880E0AB
S3150805A2C00023C7F8343113E007F59C73A3F59A7391
S3150805A2D01B68D3F88029D7F83431134403F581630D
S3150805A2E01B78202B1ED1D7F834310133C7F8343102
S3150805A2F0D7F83431132BE7DD15E000BF6CE0060807
S3150805A300C4DE0608CCDE060870E00608F8DE060890
S3150805A31094E00608A4E00608B0E00608BCE00608CE
S3150805A320CCE0060800BFD7F83431132B23DCD7F861
S3150805A33028314FF6FF72A3F80C22D7F828310022E8
S3150805A340A3F80A22D7F8283103F5F4731B78002BEE
S3150805A35037D1D7F8283103F5F47007F59C73A3F5BB
S3150805A3609A731B68D3F8803903F581631A46202149
S3150805A3700EF0CCFF25E00023C7F834310EE0D7F8F8
S3150805A3802821D7F83431134403F5F4731B78202BA9
S3150805A39009D1D7F834310133C7F83431D7F8343110
S3150805A3A0132BECDD00E000BFD7F83431122B08DC9F
S3150805A3B0D7F8283103F5F4731422202118460FF02F
S3150805A3C05FF807F59C73A3F59A731B68A14A934230
S3150805A3D04BD107F59C73A3F59A731B68D3F8803997
S3150805A3E05B68002B41D007F59C73A3F59A731B6828
S3150805A3F093F885391946984A4FF4EC7301FB03F32C
S3150805A40013441B78012B30D107F59C73A3F59A7372
S3150805A4101B68D3F88039DB685A1C904B03F58053C3
S3150805A420D3F82035DB68013319461046E5F7F8FEFB
S3150805A4300346002B19D1D7F82831B3F80C22874BD8
S3150805A440A3F86C2FD7F82831B3F80A22834BA3F85B
S3150805A4506A2F824B032283F8422FD7F8283103F552
S3150805A460F47319467E480EF085FF07F59C73A3F528
S3150805A4709A731B68D3F880395B7A062B62D801A2D2
S3150805A48052F823F015A5050815A50508A1A405087C
S3150805A4902DA505082DA50508C7A4050815A50508AC
S3150805A4A0D7F82831F0336F4918460EF063FFD7F809
S3150805A4B028314FF6E072A3F8FC20D7F81C310022A4
S3150805A4C083F85D203FE0D7F82831032283F8E82092
S3150805A4D007F59C73A3F59A731B68D3F880395B68EF
S3150805A4E003F00053002B07D0D7F82831F0335E491F
S3150805A4F018460EF03FFF06E0D7F82831F0335B49DA
S3150805A50018460EF037FFD7F828314FF47842A3F8E6
S3150805A510FC2018E0D7F82831032283F8E820D7F875
S3150805A52028314FF6FF72A3F8FC200CE0D7F828313E
S3150805A530032283F8E820D7F8283149F26A62A3F896
S3150805A540FC2000E000BFD7F8180107F011FC034608
S3150805A550002B16D0D7F82831032283F85E20D7F8C2
S3150805A560283103F16400D7F81831DB691B785A1CC2
S3150805A570D7F8183193F8203001333D490EF0FAFE25
S3150805A58004E0D7F82831002283F85E2007F59C7386
S3150805A590A3F59A731B68D3F88039184607F009FCA2
S3150805A5A00346002B6CD0D7F8283103F511733149CA
S3150805A5B018460EF0DFFED7F8283103F216232E4982
S3150805A5C018460EF0D7FED7F8283103F272232B4921
S3150805A5D018460EF0CFFED7F8283193F86C32002BC3
S3150805A5E004D1D7F82831012283F86C2207F59C7324
S3150805A5F0A3F59A731B68D3F87C39002B00F0C38042
S3150805A60007F59C73A3F59A731B68D3F88039002B55
S3150805A61000F0B98007F59C73A3F59A731B68D3F800
S3150805A6208039DB691A78D7F8183193F820309A42B9
S3150805A63040F0A98007F59C73A3F59A731B6803F583
S3150805A640E073C7F81031D7F81031002283F86C2269
S3150805A65099E000BF98010020242D00202C00002039
S3150805A660740F0020E4E00608ECE00608F4E00608A6
S3150805A670FCE0060808E1060810E1060818E10608E0
S3150805A68007F59C73A3F59A731B68D3F880391846A2
S3150805A69007F06EFB0346002B58D0D7F8283103F58B
S3150805A6A011737C4918460EF065FED7F8283103F272
S3150805A6B01623794918460EF05DFED7F8283103F2B8
S3150805A6C07223764918460EF055FED7F8283193F8C1
S3150805A6D01032212B0AD0D7F8283193F86C32002B83
S3150805A6E004D1D7F82831012283F86C2207F59C7323
S3150805A6F0A3F59A731B68D3F87C39002B43D007F565
S3150805A7009C73A3F59A731B68D3F88039002B3AD046
S3150805A71007F59C73A3F59A731B68D3F88039DB692B
S3150805A7201A78D7F8183193F820309A422BD107F5BD
S3150805A7309C73A3F59A731B6803F5E073C7F8143180
S3150805A740D7F81431002283F86C221CE0D7F8283193
S3150805A75003F51173524918460EF00CFED7F8283141
S3150805A76003F216234F4918460EF004FED7F828318A
S3150805A770002283F86C22D7F8283103F272234A4956
S3150805A78018460EF0F7FDD7F828314FF6FF72A3F8ED
S3150805A7902422D7F828314FF6FF72A3F85222D7F8A4
S3150805A7A028314FF6FF72A3F8802207F59C73A3F2AA
S3150805A7B035131B7803F00103002B18D0D7F8283179
S3150805A7C01846FEF7CFF8012387F82F31D7F81C313D
S3150805A7D0012283F85C20D7F8203101221A74D7F8AC
S3150805A7E0203101225A74D7F8203101229A7407F5C7
S3150805A7F09C73A3F235131B7803F00203002B22D0B2
S3150805A800D7F81C3193F85C30002B03D1274B1B78FE
S3150805A810002B0AD0D7F82831B8331846FEF7DFFAE1
S3150805A820D7F81C31002283F85C2097F82F31002BC6
S3150805A83003D11E4B1B78002B05D0D7F828312E33AC
S3150805A8401846FEF795FB07F59C73A3F235131B7897
S3150805A85003F00C030C2B18D1D7F82831E633184624
S3150805A860FEF74AFAD7F8283193F85E30002B06D05A
S3150805A870D7F828315C331846FEF7B1FA05E0D7F85C
S3150805A88028315C331846FEF74AFB0023C7F83031F2
S3150805A89054E000BFE4E0060810E1060818E10608DA
S3150805A8A020E1060828E1060830E10608305A0020A6
S3150805A8B007F59C73A3F58672D7F830312E2101FB6F
S3150805A8C003F3134403221A7007F59C73A3F58672DE
S3150805A8D0D7F830312E2101FB03F313440233032243
S3150805A8E01A7007F59C73A3F58672D7F830312E21B1
S3150805A8F001FB03F31344283301221A7007F59C73E9
S3150805A900A3F58672D7F830312E2101FB03F31344DC
S3150805A9102C334FF6FF721A8007F59C73A3F58672DA
S3150805A920D7F830312E2101FB03F313442A331F22AE
S3150805A9301A80D7F830310133C7F83031D7F83031B6
S3150805A940032BB5DD07F59C73A3F235131B7803F0C6
S3150805A9501003002B00F0E081D7F828318A33184612
S3150805A960FEF706FBD7F820311B7C002B03D1DF4BFE
S3150805A9701B78002B5DD00023C7F83031D7F828316E
S3150805A980B3F8180107F59C73A3F58672D7F8303125
S3150805A9902E2101FB03F31344043302461A80D7F824
S3150805A9A02831B3F81A31023B98B207F59C73A3F51B
S3150805A9B08672D7F830312E2101FB03F3134406338B
S3150805A9C002461A8007F12C02D7F830312E2101FBF1
S3150805A9D003F308331344C64918460EF0CBFC07F1B2
S3150805A9E02C02D7F830312E2101FB03F31344184600
S3150805A9F0FEF7F5F9D7F82831B3F81A3108339AB2BC
S3150805AA00D7F82831A3F81A21D7F8283103F58A7318
S3150805AA101846FEF7E4F9D7F82831B3F81A31083B92
S3150805AA209AB2D7F82831A3F81A21D7F82031002287
S3150805AA301A74D7F820315B7C002B03D1AB4B1B78F6
S3150805AA40002B76D00123C7F83031D7F82831B3F86B
S3150805AA50460107F59C73A3F58672D7F830312E2182
S3150805AA6001FB03F31344043302461A80D7F8283149
S3150805AA70B3F84831063398B207F59C73A3F5867281
S3150805AA80D7F830312E2101FB03F31344063302466A
S3150805AA901A8007F12C02D7F830312E2101FB03F372
S3150805AAA008331344934918460EF064FC07F12C0243
S3150805AAB0D7F830312E2101FB03F313441846FEF768
S3150805AAC08EF9D7F82831B3F8483110339AB2D7F842
S3150805AAD02831A3F8482107F59C73A3F59A731B68D3
S3150805AAE093F82A2A07F59C73A3F59A731B6893F8B6
S3150805AAF084399A4208D007F59C73A3F59A731B689F
S3150805AB0093F88439032B06D1D7F8283103F5A173B1
S3150805AB101846FEF764F9D7F82831B3F84831103BDB
S3150805AB209AB2D7F82831A3F84821D7F82031002258
S3150805AB305A74D7F820319B7C002B03D16B4B1B78B5
S3150805AB40002B76D00223C7F83031D7F82831B3F869
S3150805AB50740107F59C73A3F58672D7F830312E2153
S3150805AB6001FB03F31344043302461A80D7F8283148
S3150805AB70B3F876310E3398B207F59C73A3F586724A
S3150805AB80D7F830312E2101FB03F313440633024669
S3150805AB901A8007F12C02D7F830312E2101FB03F371
S3150805ABA008331344544918460EF0E4FB07F12C0202
S3150805ABB0D7F830312E2101FB03F313441846FEF767
S3150805ABC00EF9D7F82831B3F8763118339AB2D7F88B
S3150805ABD02831A3F8762107F59C73A3F59A731B68A4
S3150805ABE093F82A2A07F59C73A3F59A731B6893F8B5
S3150805ABF084399A4208D007F59C73A3F59A731B689E
S3150805AC0093F88439032B06D1D7F8283103F5B87399
S3150805AC101846FEF7E4F8D7F82831B3F87631183B25
S3150805AC209AB2D7F82831A3F87621D7F82031002229
S3150805AC309A74D7F82031DB7C002B03D12B4B1B7874
S3150805AC40002B69D00323C7F83031D7F82831B3F874
S3150805AC50A20107F59C73A3F58672D7F830312E2124
S3150805AC6001FB03F31344043302461A80D7F8283147
S3150805AC70B3F8A431163398B207F59C73A3F5867213
S3150805AC80D7F830312E2101FB03F313440633024668
S3150805AC901A8007F12C02D7F830312E2101FB03F370
S3150805ACA008331344154918460EF064FB07F12C02C0
S3150805ACB0D7F830312E2101FB03F313441846FEF766
S3150805ACC08EF8D7F82831B3F8A43120339AB2D7F8D5
S3150805ACD02831A3F8A421D7F8283103F5CF731846E8
S3150805ACE0FEF77DF8D7F828310AE000BF305A00206C
S3150805ACF038E0060844E0060850E006085CE0060861
S3150805AD00B3F8A431203B9AB2D7F82831A3F8A42181
S3150805AD10D7F820310022DA7407F59C73A3F23513A8
S3150805AD201B7803F04003002B0DD0D7F8283103F51F
S3150805AD30F4731B78002B06D0D7F8283103F5F07382
S3150805AD401846FEF74CF807F59C73A3F235131B78DE
S3150805AD5003F02003002B00F01A81D7F8243103F1FC
S3150805AD602E02D7F8283103F2162319461046E5F7B9
S3150805AD7057FA0346002B1FD1D7F824319A8DD7F8F1
S3150805AD802831B3F824329A4216D1D7F824315A8D88
S3150805AD90D7F82831B3F822329A420DD1D7F824319B
S3150805ADA093F82820D7F8283193F810329A4203D118
S3150805ADB0804B1B78002B28D0D7F8283103F20E23B1
S3150805ADC01846FDF743FED7F8243103F12E02D7F8C6
S3150805ADD0283103F21623194610460FF03BFCD7F81F
S3150805ADE02831B3F82422D7F824319A85D7F828319B
S3150805ADF0B3F82222D7F824315A85D7F8283193F89B
S3150805AE001022D7F8243183F82820D7F8243103F1FE
S3150805AE104002D7F8283103F5117319461046E5F7A8
S3150805AE20FFF90346002B1FD1D7F82431DA8FD7F857
S3150805AE302831B3F852329A4216D1D7F824319A8F67
S3150805AE40D7F82831B3F850329A420DD1D7F82431BC
S3150805AE5093F83A20D7F8283193F83E329A4203D127
S3150805AE60544B1B78002B28D0D7F8283103F50F73D8
S3150805AE701846FDF7EBFDD7F8243103F14002D7F85C
S3150805AE80283103F51173194610460FF0E3FBD7F879
S3150805AE902831B3F85222D7F82431DA87D7F828317A
S3150805AEA0B3F85022D7F824319A87D7F8283193F87A
S3150805AEB03E22D7F8243183F83A20D7F8243103F10E
S3150805AEC06402D7F8283103F2722319461046E5F7C6
S3150805AED0A7F90346002B21D1D7F82431B3F8622008
S3150805AEE0D7F82831B3F880329A4217D1D7F82431E2
S3150805AEF0B3F86020D7F82831B3F87E329A420DD1D7
S3150805AF00D7F8243193F85E20D7F8283193F86C32B0
S3150805AF109A4203D1274B1B78002B38D0D7F828310E
S3150805AF2093F86C32002B07D0D7F8283103F26A2339
S3150805AF301846FDF78BFD06E0D7F8283103F26A2394
S3150805AF401846FDF76EFED7F8243103F16402D7F8E3
S3150805AF50283103F27223194610460FF07BFBD7F802
S3150805AF602831B3F88022D7F82431A3F86220D7F818
S3150805AF702831B3F87E22D7F82431A3F86020D7F80C
S3150805AF80283193F86C22D7F8243183F85E2007F523
S3150805AF909C73A3F59A731B68D3F880395A68D7F852
S3150805AFA024315A6202E000BF00E000BF07F59C772E
S3150805AFB0BD4680BD305A002080B582B000AF7860A6
S3150805AFC07B6893F88439012B04D1FF210F48FEF7D6
S3150805AFD061FF16E07B6893F88439022B04D1FF21BB
S3150805AFE00B48FEF757FF0CE07B6893F88439032B6B
S3150805AFF007D1FF210548FEF74DFFFF210448FEF757
S3150805B00049FF00BF0837BD4680BD00BF980100202F
S3150805B010CC0B002080B485B000AF78607B68D3F888
S3150805B0208039FB607B68D3F87C39002B24D07B6894
S3150805B030D3F88039002B1FD07B68D3F88039DB69B4
S3150805B0401B780133FA6892F82020934214D17B685D
S3150805B05003F5E073BB60BB6893F86C32212B0BD103
S3150805B060BB68212283F83E22BB68012283F8102299
S3150805B070BB68002283F86C22012318461437BD469F
S3150805B0805DF8047B7047000080B584B000AF786032
S3150805B0907B6893F8853919469F4A4FF4EC7301FB8B
S3150805B0A003F313441B78012B0CBF01230023FB7301
S3150805B0B07B6893F8FD33042B40F098807B68D3F8BA
S3150805B0C08039184606F075FE0346002B10D0FB7B23
S3150805B0D0002B06D0914BD3F8EC3A184607F044F8FE
S3150805B0E079E07B68D3F88039184607F03DF872E0B1
S3150805B0F07B68D3F88039184606F03AFE0346002BD6
S3150805B10006D07B68D3F88039184607F0E5F862E07B
S3150805B110FB7B002B3CD0814BD3F8E83A7F4AC2F833
S3150805B120983B7E4B93F8F12A7C4B83F89C2B7B4BFB
S3150805B130D3F8EC3A00229A657B68D3F87C39774AC6
S3150805B140C2F8E83A7B6893F88529744B83F8F12A9F
S3150805B150724B93F8F13A1A464FF4EC7302FB03F374
S3150805B1606D4A13446D4AD2F8EC2A114618460CF076
S3150805B17021FB6A4BD3F8EC3A684A92F8F12A83F828
S3150805B180B420664BD3F8EC3A184606F0EDFF0AE00C
S3150805B1907B68D3F8803900229A657B68D3F88039AD
S3150805B1A0184606F0E1FF7B68D3F880392833002274
S3150805B1B019465B48ECF7E5FF7B68D3F880392C33ED
S3150805B1C0002219465648ECF7F9FE7B68D3F880390C
S3150805B1D0012283F80222FB7B002B03D05148FFF797
S3150805B1E019FF90E07868FFF715FF8CE07B6893F800
S3150805B1F0CF33042B4CD17B68D3F88039184606F033
S3150805B200B7FD0346002B41D0FB7B002B2ED0434BC5
S3150805B210D3F8983B414AC2F8E83A404B93F89C2B39
S3150805B2203E4B83F8F12A3D4B93F8F13A1A464FF40B
S3150805B230EC7302FB03F3384A1344384AD2F8EC2A6E
S3150805B240114618460CF0B6FA344BD3F8EC3A334A9D
S3150805B25092F8F12A83F8B420304BD3F8EC3A18461D
S3150805B26006F0BEFD2F48FFF7D5FE08E07B68D3F844
S3150805B2708039184606F0B4FD7868FFF7CBFE7B687B
S3150805B280D3F880395B6A01225A753CE001233FE011
S3150805B2907B6893F82B34042B35D17B68D3F8803932
S3150805B2A0184606F065FD0346002B16D0FB7B002BDA
S3150805B2B009D01A4BD3F8EC3A184606F03DFF19485B
S3150805B2C0FFF7A8FE1FE07B68D3F88039184606F015
S3150805B2D033FF7868FFF79EFE15E07B68D3F880395B
S3150805B2E0184606F066FD0346002B0AD0FB7B002BA5
S3150805B2F003D00C48FFF78EFE05E07868FFF78AFE4F
S3150805B30001E0012304E02C217868FEF7C3FD00233C
S3150805B31018461037BD4680BD242D00202C00002078
S3150805B320304400209801002080B590B000AF7860C1
S3150805B3300B46FB700023FB637B6803229A70FB7838
S3150805B34003F00103002B03D07B681846FDF70AFBBB
S3150805B350FB7803F00203002B04D07B682E331846CE
S3150805B360FDF706FE03233B730323BB73012387F807
S3150805B37034304FF6FF733B870023FB86FB7803F0D3
S3150805B3802003002B7BD000237B870023FB636DE01E
S3150805B3907A68FB6B2E2101FB03F3134460331B8884
S3150805B3A03B827A68FB6B2E2101FB03F31344623358
S3150805B3B01B8811339BB27B8207F10C03083332498C
S3150805B3C018460DF0D7FF07F10C031846FDF707FDDC
S3150805B3D07A68FB6B2E2101FB03F3134462331A8843
S3150805B3E07B8F134498B27A68FB6B2E2101FB03F316
S3150805B3F01344623302461A80FB6B2E2202FB03F3C3
S3150805B40058337A68134404331846FDF7E8FC7A6816
S3150805B410FB6B2E2101FB03F3134462331A887B8FDA
S3150805B420D31A98B27A68FB6B2E2101FB03F31344F2
S3150805B430623302461A80FB6B052B14DC7B6893F98D
S3150805B440CE311A46FB6B93420DD107F10C0308332F
S3150805B4500E4918460DF08EFF07F10C031846FDF741
S3150805B460BEFC0C237B87FB6B0133FB63FB6B062B4F
S3150805B4708EDD7B6803F5CF731846FDF7E7FA00BF3F
S3150805B4804037BD4680BD00BF28E0060864E10608CA
S3150805B49080B582B000AF78607868FDF799FD7B685E
S3150805B4A093F88439032B20D0032B37DC012B02D0E4
S3150805B4B0022B0DD032E07B68394AC3F864297B68CC
S3150805B4C0384AC3F868297B68374AC3F86C293BE0CC
S3150805B4D07B68364AC3F864297B68354AC3F8682900
S3150805B4E07B68344AC3F86C292EE07B682C4AC3F876
S3150805B4F064297B682B4AC3F868297B682A4AC3F8F6
S3150805B5006C297B68294AC3F870297B68284AC3F8D9
S3150805B51074297B68274AC3F8782915E008200DF0B1
S3150805B52025F80346002B0FD00CF0B6FF2249234811
S3150805B5300CF07AFF7B6893F88439194620480CF095
S3150805B54073FF20480CF070FF7B68002283F82426D9
S3150805B5507B68002283F825267B680A2283F8262637
S3150805B5607B68032283F8F8257B68002283F88529FA
S3150805B5707B6893F885391A464FF4EC7302FB03F397
S3150805B580114A1A447B68C3F87C297B6893F8842991
S3150805B5907B6883F82A2A00BF0837BD4680BD00BFE9
S3150805B5A054AB002064AB002074AB00205CAB0020D4
S3150805B5B06CAB00207CAB0020C4DE0608CCDE060892
S3150805B5C070E00608F8DE0608242D002080B582B04E
S3150805B5D000AF78607B68D3F88039184606F0A6FE72
S3150805B5E00346002B03D07B6802229A7102E07B682A
S3150805B5F001229A717B68012283F8872900BF0837DB
S3150805B600BD4680BD80B483B000AF786000BF0C37F7
S3150805B610BD465DF8047B704780B582B000AF78609B
S3150805B6207B6803221A707B684FF6FF725A807B681F
S3150805B63003221A717B6803225A717B684FF6FF72DB
S3150805B640DA807B6800221A817B6815229A727B68E4
S3150805B65003221A737B6803225A737B6800221A82AF
S3150805B6607B684FF6FF72DA817B6803229A747B68DA
S3150805B6700222DA747B680022DA827B684FF6FF724B
S3150805B6809A827B6803221A767B6802225A767B6839
S3150805B69000229A837B684FF6FF725A837B680322DA
S3150805B6A09A777B680222DA777B6800225A847B6858
S3150805B6B04FF6FF721A847B68212283F824207B685B
S3150805B6C0022283F825207B684FF6FF72DA847B68A9
S3150805B6D000221A857B682A33084A094918460DF057
S3150805B6E049FE7B68032283F834207B68012283F8A8
S3150805B6F0352000BF0837BD4680BD00BF80E1060876
S3150805B7006CE0060880B588B000AF78607B681B6872
S3150805B710FB61FB699033BB617B6893F88439FB75DC
S3150805B720FB7D013B0F33DB00FA6913443B610723B5
S3150805B730FB607868FDF74CFC7B6805221A733B6944
S3150805B7401A887B681A823B695A887B685A827B689D
S3150805B75003229A733B699A887B68DA823B69DA8899
S3150805B7607B689A827B684FF6FF721A837B6800228C
S3150805B7705A837B68032283F83C203B691B8805337B
S3150805B7809AB27B68A3F840207B680522A3F8422075
S3150805B7907B68032283F83E207B68032283F86420AE
S3150805B7A07B684FF6FF72A3F868207B680022A3F82A
S3150805B7B066207B68042283F86A203B6919883B69F9
S3150805B7C09B88A3F10A0213465B0013449B001344A6
S3150805B7D0002B00DA0F331B119BB20B449AB27B6818
S3150805B7E0A3F86E207B680F22A3F870207B681522C4
S3150805B7F083F86C207B684FF6FF72A3F886207B6872
S3150805B800032283F898203B691B8805339AB27B681F
S3150805B810A3F89C20FB689BB2C3F155039AB27B68D3
S3150805B820A3F89E207B68032283F89A207B68022268
S3150805B83083F8C0207B680022A3F8C2207B684FF6F0
S3150805B840FF72A3F8C4207B68032283F8C6203B69E8
S3150805B8501B8805339AB27B68A3F8CA20FB689BB296
S3150805B860C3F169039AB27B68A3F8CC207B680322E7
S3150805B87083F8C8207B68022283F8EE207B680222BB
S3150805B88083F8EE207B680022A3F8F0207B684FF644
S3150805B890FF72A3F8F2207B68032283F8F4203B693C
S3150805B8A01B8805339AB27B68A3F8F820FB689BB218
S3150805B8B0C3F17D039AB27B68A3F8FA207B68032255
S3150805B8C083F8F6207B68022283F81C217B68002210
S3150805B8D0A3F81E217B684FF6FF72A3F820217B6823
S3150805B8E0032283F822213B691B8805339AB27B68B4
S3150805B8F0A3F82621FB689BB2C3F191039AB27B682C
S3150805B900A3F828217B68032283F824217B68022271
S3150805B91083F84A217B680022A3F84C217B684FF6F9
S3150805B920FF72A3F84E217B68002283F892213B69B2
S3150805B9301A883B699B8813449BB2283B9AB27B6855
S3150805B940A3F896217B68E922A3F89821BB6993F8A1
S3150805B95024207B6883F89421BB6993F825207B68A6
S3150805B96083F8A421BB69DA8C7B68A3F8A821BB698F
S3150805B9701A8D7B68A3F8A6217B6803F5CD72BB698A
S3150805B9802A33194610460DF0F5FC7B68032283F821
S3150805B99064213B691B880D339AB27B68A3F8682135
S3150805B9A07B68BB22A3F86A217B68032283F8662194
S3150805B9B07B68012283F88C217B68314AC3F85021BC
S3150805B9C07B682F4AC3F854217B682D4AC3F858214A
S3150805B9D07B682B4AC3F85C217B68D3F8803900223B
S3150805B9E083F81C247B68D3F88039082283F83C241D
S3150805B9F07B68D3F880390122C3F840247B68D3F8DD
S3150805BA008039002283F86E247B68D3F8803945F29D
S3150805BA105842A3F86A247B68D3F8803945F2584218
S3150805BA20A3F86C247B68D3F88039222283F8682426
S3150805BA307B68D3F88039002283F85C247B68D3F8C1
S3150805BA40803945F25842A3F858247B68D3F88039DB
S3150805BA5045F25842A3F85A247B68D3F8803922223E
S3150805BA6083F85624FF217868FDF708FFE7F736FDC2
S3150805BA7002467B689A6000BF2037BD4680BD00BF79
S3150805BA80000080BF80B584B000AF78607B6893F806
S3150805BA906C30152B02D14FF4967301E04FF47A7387
S3150805BAA0FB607B68D3F86C39184607F0C0F803467F
S3150805BAB0002B08D17B68D3F87839184607F0B7F80C
S3150805BAC00346002B06D07B6803229A717B68002201
S3150805BAD083F82C24E7F702FD02467B689B68D31A90
S3150805BAE0FA689A4208D8E7F7F9FC02467B689A602D
S3150805BAF07C217868FDF7C2FE00BF1037BD4680BDBC
S3150805BB0080B582B000AF78607B68D3F8643918468B
S3150805BB1007F07CF87B68D3F86839184607F076F895
S3150805BB207B68D3F86C39184607F070F87B68D3F844
S3150805BB307039184607F06AF87B68D3F874391846D9
S3150805BB4007F064F87B68D3F87839184607F05EF885
S3150805BB50064B01221A707868FFF72EFA034B002266
S3150805BB601A7000BF0837BD4680BD00BF305A002091
S3150805BB7080B489B000AF78607B681B68FB617B6819
S3150805BB8093F88439FB76FB7E013B0F33DB00FA69B4
S3150805BB9013447B6107233B610023FB737B68B3F87A
S3150805BBA0C4217B691B889A4206D07B691A887B68FB
S3150805BBB0A3F8C4210123FB737B68B3F8C6217B6907
S3150805BBC05B889A4206D07B695A887B68A3F8C621A2
S3150805BBD00123FB737B68B3F8CA217B699B889A4264
S3150805BBE006D07B699A887B68A3F8CA210123FB736B
S3150805BBF07B68B3F8C8217B69DB889A4206D07B69DE
S3150805BC00DA887B68A3F8C8210123FB730123FB7334
S3150805BC107B691A887B699B880A3BD90F0B445B109D
S3150805BC209BB213449BB204339AB27B68A3F8F221FC
S3150805BC307B691A887B699B880A3BD90F0B445B107D
S3150805BC409BB213449AB27B68A3F84E227B691B887C
S3150805BC5005339AB27B68A3F820227B691B880533CE
S3150805BC609AB27B68A3F87C227B6919887B699B88CD
S3150805BC70A3F10A0213465B0013449B001344002BE9
S3150805BC8000DA0F331B119BB20B449AB27B68A3F8F3
S3150805BC90AA227B691B8805339AB27B68A3F8D82242
S3150805BCA07B691B8805339AB27B68A3F806237B69EB
S3150805BCB01B8805339AB27B68A3F834237B691B88EE
S3150805BCC005339AB27B68A3F862237B691B882333FD
S3150805BCD09AB27B68A3F8D2237B691A887B699B8805
S3150805BCE013449BB2283B9AB27B68A3F800247B6968
S3150805BCF01A887B699B8813449BB2283B9AB27B6852
S3150805BD00A3F82E247B691B880D339AB27B68A3F8A2
S3150805BD10A423FB7B18462437BD465DF8047B70478C
S3150805BD2080B586B000AF78607B681B687B617B68E9
S3150805BD3093F88439FB74FB7C013B0F33DB007A6986
S3150805BD401344FB600723BB607868FDF741F97B68F8
S3150805BD50052283F8C021FB681A887B68A3F8C421E5
S3150805BD60FB685A887B68A3F8C6217B68032283F893
S3150805BD70C221FB689A887B68A3F8CA21FB68DA881A
S3150805BD807B68A3F8C8217B684FF6FF72A3F8CC2118
S3150805BD907B680022A3F8CE217B68032283F8EE216F
S3150805BDA0FB681A88FB689B880A3BD90F0B445B100E
S3150805BDB09BB213449BB204339AB27B68A3F8F2216B
S3150805BDC07B682722A3F8F4217B68032283F8F021F0
S3150805BDD07B68002283F8F6217B68022283F81622FF
S3150805BDE07B684FF6FF72A3F81A227B680022A3F830
S3150805BDF018227B68032283F84A22FB681A88FB689F
S3150805BE009B880A3BD90F0B445B109BB213449AB225
S3150805BE107B68A3F84E22BB689BB2C3F141039AB26D
S3150805BE207B68A3F850227B68032283F84C227B683B
S3150805BE30022283F872227B684FF6FF72A3F87622F0
S3150805BE407B680022A3F874227B68032283F81C22E8
S3150805BE50FB681B8805339AB27B68A3F820227B68A2
S3150805BE60C722A3F822227B68032283F81E227B6851
S3150805BE70012283F844227B684FF6FF72A3F848220D
S3150805BE807B680022A3F846227B68032283F878227A
S3150805BE90FB681B8805339AB27B68A3F87C227B6806
S3150805BEA00522A3F87E227B68032283F87A227B681B
S3150805BEB0032283F8A0227B684FF6FF72A3F8A42213
S3150805BEC07B680022A3F8A2227B68042283F8A622AF
S3150805BED0FB681988FB689B88A3F10A0213465B0071
S3150805BEE013449B001344002B00DA0F331B119BB236
S3150805BEF00B449AB27B68A3F8AA227B680F22A3F89B
S3150805BF00AC227B68152283F8A8227B684FF6FF7258
S3150805BF10A3F8C2227B68032283F8D422FB681B8810
S3150805BF2005339AB27B68A3F8D822BB689BB2C3F1DE
S3150805BF3055039AB27B68A3F8DA227B68032283F84D
S3150805BF40D6227B68022283F8FC227B680022A3F8A6
S3150805BF50FE227B684FF6FF72A3F800237B6803224F
S3150805BF6083F80223FB681B8805339AB27B68A3F816
S3150805BF700623BB689BB2C3F169039AB27B68A3F82B
S3150805BF8008237B68032283F804237B68022283F847
S3150805BF902A237B68022283F82A237B680022A3F8D2
S3150805BFA02C237B684FF6FF72A3F82E237B680322A2
S3150805BFB083F83023FB681B8805339AB27B68A3F898
S3150805BFC03423BB689BB2C3F17D039AB27B68A3F899
S3150805BFD036237B68032283F832237B68022283F89B
S3150805BFE058237B680022A3F85A237B684FF6FF720D
S3150805BFF0A3F85C237B68032283F85E23FB681B880A
S3150805C00005339AB27B68A3F86223BB689BB2C3F172
S3150805C01091039AB27B68A3F864237B68032283F8A5
S3150805C02060237B68022283F886237B680022A3F8AF
S3150805C03088237B684FF6FF72A3F88A237B6800225C
S3150805C04083F8CE23FB681B8823339AB27B68A3F84B
S3150805C050D2237B68E922A3F8D4237B68032283F8D5
S3150805C060D0237B68022283F8E0237B68002283F8C5
S3150805C070FC23FB681A88FB689B8813449BB2283BFC
S3150805C0809AB27B68A3F800247B68E922A3F8022400
S3150805C0907B68212283F8FE237B68022283F80E2417
S3150805C0A07B68002283F82A24FB681A88FB689B8824
S3150805C0B013449BB2283B9AB27B68A3F82E247B6867
S3150805C0C0D322A3F830247B68012283F82C247B68C5
S3150805C0D0022283F83C247B68032283F8A023FB68A5
S3150805C0E01B880D339AB27B68A3F8A4237B68BB2209
S3150805C0F0A3F8A6237B68032283F8A2237B6801227B
S3150805C10083F8C823FF217868FDF7C4FE7B68D3F852
S3150805C1106439184606F07AFD7B68D3F868391846F7
S3150805C12006F074FD7B68D3F86C39184606F06EFD83
S3150805C1307B68D3F87039184606F068FD7B68D3F82E
S3150805C1407439184606F062FD7B68D3F878391846BF
S3150805C15006F05CFD7B68394AC3F88C237B68374A49
S3150805C160C3F890237B68354AC3F894237B68334A1A
S3150805C170C3F898237B68D3F88039002283F81C24F2
S3150805C1807B68D3F88039082283F83C247B68D3F882
S3150805C19080390122C3F840247B68D3F88039002208
S3150805C1A083F84A247B68D3F8803945F25842A3F8C0
S3150805C1B046247B68D3F8803945F25842A3F84824C3
S3150805C1C07B68D3F88039222283F844247B68D3F820
S3150805C1D08039002283F85C247B68D3F8803945F2D8
S3150805C1E05842A3F858247B68D3F8803945F2584253
S3150805C1F0A3F85A247B68D3F88039222283F8562473
S3150805C2007B68D3F88039002283F880247B68D3F8C5
S3150805C210803945F25842A3F87C247B68D3F88039DF
S3150805C22045F25842A3F87E247B68D3F88039222242
S3150805C23083F87A2400BF1837BD4680BD000080BF45
S3150805C24080B584B000AF78600023FB607B6893F8FF
S3150805C2508439032B40F0A4807B68D3F880395B6A60
S3150805C2601B78022B40F09C80A64BFB607B68D3F8B5
S3150805C2706439184606F0DBFC0346002B1AD17B68A1
S3150805C280D3F86839184606F0D2FC0346002B11D1B7
S3150805C2907B68D3F87039184606F0C9FC0346002BA7
S3150805C2A008D17B68D3F87439184606F0C0FC0346EE
S3150805C2B0002B3FD0FB68D3F864097B68D3F864394B
S3150805C2C0082219460EF0CEF9FB68D3F870097B6883
S3150805C2D0D3F87039082219460EF0C4F9FB68D3F865
S3150805C2E068097B68D3F86839082219460EF0BAF941
S3150805C2F0FB68D3F874097B68D3F87439082219469C
S3150805C3000EF0B0F97B68D3F86439184606F07EFC5A
S3150805C3107B68D3F87039184606F078FC7B68D3F83D
S3150805C3206839184606F072FC7B68D3F874391846DE
S3150805C33006F06CFC7B68D3F86C39184606F077FC72
S3150805C3400346002B08D17B68D3F87839184606F0DA
S3150805C3506EFC0346002B1FD0FB68D3F86C097B6877
S3150805C360D3F86C39082219460EF07CF9FB68D3F820
S3150805C37078097B68D3F87839082219460EF072F9D8
S3150805C3807B68D3F86C39184606F040FC7B68D3F809
S3150805C3907839184606F03AFCF868FFF751FFAEE01B
S3150805C3A07B6893F8A832152B02D14FF4967301E0F2
S3150805C3B04FF47A73BB607B68D3F86439184606F080
S3150805C3C036FC0346002B1AD17B68D3F8683918461C
S3150805C3D006F02DFC0346002B11D17B68D3F870397E
S3150805C3E0184606F024FC0346002B08D17B68D3F8CB
S3150805C3F07439184606F01BFC0346002B1ED07B68CD
S3150805C40003F5E07319467868FCF74CFE7B68D3F8A4
S3150805C4106439184606F0FAFB7B68D3F86839184676
S3150805C42006F0F4FB7B68D3F87039184606F0EEFB80
S3150805C4307B68D3F87439184606F0E8FB7B68D3F8A9
S3150805C4406C39184606F0F3FB0346002B08D17B68C2
S3150805C450D3F87839184606F0EAFB0346002B1DD0B3
S3150805C4607868FEF711FE0346002B07D07B68032282
S3150805C4709A717B68002283F82C240FE07B68D3F831
S3150805C4806C39184606F0C2FB7B68D3F87839184626
S3150805C49006F0BCFB20217868FDF7FCFC7B6893F861
S3150805C4A02A2A7B6893F884399A4216D07868FFF762
S3150805C4B05FFB0346002B09D0134B01221A70FF2197
S3150805C4C07868FDF7E7FC104B00221A707B6893F82D
S3150805C4D084297B6883F82A2A11E0E6F7FFFF0246D6
S3150805C4E07B689B68D31ABA689A4208D8E6F7F6FFB6
S3150805C4F002467B689A607C217868FDF7CBFC103785
S3150805C500BD4680BD98010020305A002080B582B00E
S3150805C51000AF78607B68D3F86439184606F076FB71
S3150805C5207B68D3F86839184606F070FB7B68D3F83C
S3150805C5306C39184606F06AFB7B68D3F870391846D5
S3150805C54006F064FB7B68D3F87439184606F05EFB7B
S3150805C5507B68D3F87839184606F058FB7B680022BD
S3150805C56083F82C24064B01221A707868FEF724FDF9
S3150805C570034B00221A7000BF0837BD4680BD00BFB1
S3150805C580305A002080B588B000AF78607B681B6894
S3150805C590BB617B6893F88439FB75FB7D013B0F33DB
S3150805C5A0DB00BA6913443B617868FCF711FD7B68C3
S3150805C5B0052283F858243B691A887B68A3F85C2406
S3150805C5C03B695A887B68A3F85E247B68032283F84F
S3150805C5D05A243B699A887B68A3F862243B69DA88FA
S3150805C5E07B68A3F860247B684FF6FF72A3F864247A
S3150805C5F07B680022A3F866247B68032283F88624D1
S3150805C6003B699B885B089AB23B691B8813449AB2B7
S3150805C6107B68A3F88A247B680F22A3F88C247B6899
S3150805C620032283F888247B68022283F8AE247B6874
S3150805C6304FF6FF72A3F8B2247B680022A3F8B0244C
S3150805C6407B6803F28E43694918460CF093FE7B68AE
S3150805C650002283F8F6253B691B8823339AB27B6843
S3150805C660A3F8FA257B68E922A3F8FC257B6802224C
S3150805C67083F808267B684FF6FF72A3F80C267B68B5
S3150805C6800022A3F80A267B6803F2FE535849184682
S3150805C6900CF070FE0023FB6199E07A68FB692E2190
S3150805C6A001FB03F3134403F2B44303221A703B69EF
S3150805C6B01B88053398B27A68FB692E2101FB03F3BB
S3150805C6C0134403F5976302461A80FB6902339BB246
S3150805C6D01A46920013449B009BB2053398B27A68B2
S3150805C6E0FB692E2101FB03F3134403F2BA43024601
S3150805C6F01A807B6893F924361A46FB691A443D4B1A
S3150805C70083FB02139910D317C91A0B469B000B44D2
S3150805C7105B00D31AFB60FB692E2202FB03F303F5C4
S3150805C72096637A68134403F10C00FB684FF4EC72C0
S3150805C73002FB03F3304A13440133FA682F490CF018
S3150805C74019FE7A68FB692E2101FB03F3134403F5E9
S3150805C750996300221A707B6893F8F835212B0AD05D
S3150805C7607B6893F925361A46FB68934201D121233E
S3150805C77002E0032300E003237968FA692E2000FB0B
S3150805C78002F20A4402F2B64213707A68FB692E2150
S3150805C79001FB03F3134403F2DC4302221A707A6899
S3150805C7A0FB692E2101FB03F3134403F59C634FF63E
S3150805C7B0FF721A807A68FB692E2101FB03F313447D
S3150805C7C003F2DE4300221A80FB690133FB61FB692C
S3150805C7D0062B7FF762AF7B6803F58B63FF21184647
S3150805C7E0FEF7A2FD00BF2037BD4680BD88E10608D5
S3150805C7F028E1060867666666242D002094E1060882
S3150805C80080B586B000AF78600023FB740023FB6013
S3150805C8107B6893F82536BB747B6893F824367B7456
S3150805C8207B68D3F86439184606F001FA0346002BE7
S3150805C83008D17B68D3F87039184606F0F8F9034627
S3150805C840002B71D07B68D3F86439184606F0DEF9F3
S3150805C8507B68D3F87039184606F0D8F997F9123077
S3150805C860002B09DC7B6893F8F835212B04D07B6807
S3150805C870212283F8F82554E097F91230DBB2013BFB
S3150805C880DBB2BB7497F9122097F911309A420DDD80
S3150805C89097F9122097F91130D31A062B1BDD97F94C
S3150805C8A01130DBB2013BDBB27B7414E097F911203A
S3150805C8B097F912309A420EDD97F9112097F9123039
S3150805C8C0D31AC3F10A03062B05DD97F91130DBB236
S3150805C8D0013BDBB27B7497F9123003F10A02BE4BB2
S3150805C8E083FB02139910D317C91A0B469B000B44F1
S3150805C8F05B00D11A0B46BB7497F9113003F10A028E
S3150805C900B54B83FB02139910D317C91A0B469B001F
S3150805C9100B445B00D11A0B467B747B68012283F8AE
S3150805C920F8250123FB74E0E07B68D3F868391846D7
S3150805C93006F07DF90346002B08D17B68D3F87439D0
S3150805C940184606F074F90346002B71D07B68D3F8B0
S3150805C9506839184606F05AF97B68D3F874391846C3
S3150805C96006F054F997F91230092B09D17B6893F823
S3150805C970F835212B04D07B68212283F8F82554E065
S3150805C98097F91230DBB20133DBB2BB7497F9122083
S3150805C99097F911309A420DDD97F9122097F911305A
S3150805C9A0D31A062B1BDD97F91130DBB20133DBB23F
S3150805C9B07B7414E097F9112097F912309A420EDD27
S3150805C9C097F9112097F91230D31AC3F10A03062BE2
S3150805C9D005DD97F91130DBB20133DBB27B7497F9C4
S3150805C9E0123003F10A027C4B83FB02139910D31705
S3150805C9F0C91A0B469B000B445B00D11A0B46BB7440
S3150805CA0097F9113003F10A02734B83FB0213991048
S3150805CA10D317C91A0B469B000B445B00D11A0B4664
S3150805CA207B747B68012283F8F8250123FB745CE097
S3150805CA307B68D3F86C39184606F0F9F80346002BD7
S3150805CA4008D17B68D3F87839184606F0F0F8034616
S3150805CA50002B4AD07B68D3F86C39184606F0D6F809
S3150805CA607B68D3F87839184606F0D0F87B6893F8CA
S3150805CA70F835212B27D17B68D3F88039184605F078
S3150805CA8055FC0346002B03D07B6802229A712CE0DD
S3150805CA907B68D3F88039002B11D07B68D3F87C39AD
S3150805CAA0002B0CD07B68D3F87C391B78002B14BF78
S3150805CAB001230023DAB27B68D3F880391A707B68BC
S3150805CAC001229A7111E0BA7C7B6883F8852997F962
S3150805CAD012304FF4EC7202FB03F3404A1A447B68A2
S3150805CAE0C3F87C297B6804229A71FB7C002B67D0E6
S3150805CAF097F91230092B5CDC7B680A2283F826260F
S3150805CB0000237B6152E097F911207B691A44324B61
S3150805CB1083FB02139910D317C91A0B469B000B44BE
S3150805CB205B00D31ABB607B692E2202FB03F303F570
S3150805CB3096637A68134403F10C00BB684FF4EC72EC
S3150805CB4002FB03F3254A13440133BA6824490CF05A
S3150805CB5011FC7A687B692E2101FB03F3134403F55F
S3150805CB60996300221A707B6893F8F835212B08D04B
S3150805CB7097F91230BA689A4201D1212302E00323B4
S3150805CB8000E0032379687A692E2000FB02F20A443D
S3150805CB9002F2B6421370BB68092B04D17B695AB2F7
S3150805CBA07B6883F826267B6901337B617B69062BBF
S3150805CBB0A9DD7B6803F58B63FF211846FEF7B4FBF1
S3150805CBC07B68BA7C83F825267B687A7C83F82426D5
S3150805CBD000BF1837BD4680BD67666666242D0020EA
S3150805CBE09CE1060880B582B000AF78607B68D3F80B
S3150805CBF06439184606F00AF87B68D3F8703918467A
S3150805CC0006F004F87B68D3F86839184605F0FEFF80
S3150805CC107B68D3F87439184605F0F8FF7B68D3F8AE
S3150805CC206C39184605F0F2FF7B68D3F8783918464B
S3150805CC3005F0ECFF00BF0837BD4680BD80B584B05A
S3150805CC4000AF78600B46FB70FB7803F00103002BF9
S3150805CC5003D07B681846FBF785FEFB7803F00203CD
S3150805CC60002B18D07B682E331846FCF781F900236C
S3150805CC70FB600DE0FB682E2202FB03F358337A6846
S3150805CC80134404331846FCF7AAF8FB680133FB601E
S3150805CC90FB680B2BEEDDFB7803F02003002B11D088
S3150805CCA07B6803F2B2231846FBF7D0FE7B6803F5CB
S3150805CCB038731846FBF7CAFE7B6803F20E33184627
S3150805CCC0FBF7C4FE00BF1037BD4680BD80B588B0EA
S3150805CCD000AF78607B681B68BB617B6893F884390D
S3150805CCE0FB75FB7D013B0F33DB00BA6913443B61DA
S3150805CCF00023FB610023FB607868FCF769F97B680C
S3150805CD00052283F828263B691A887B68A3F82C260A
S3150805CD103B695A887B68A3F82E267B68032283F825
S3150805CD202A263B699A887B68A3F832263B69DA88FE
S3150805CD307B68A3F830267B684FF6FF72A3F834267E
S3150805CD407B680022A3F836267B68032283F85626D5
S3150805CD503B699B885B089AB23B691B8813449AB260
S3150805CD607B68A3F85A267B681322A3F85C267B689A
S3150805CD70032283F858267B68022283F87E267B6879
S3150805CD804FF6FF72A3F882267B680022A3F8802651
S3150805CD907B68012283F87E267B68D3F87C39002BCD
S3150805CDA00AD07B6803F25E607B68D3F87C39013369
S3150805CDB01A462F490CF0DEFA0023FB617DE07A68F6
S3150805CDC0FB692E2101FB03F3134403F28463032253
S3150805CDD01A703B6918887A68FB692E2101FB03F3EB
S3150805CDE0134403F5D16302461A80FB6903F0010370
S3150805CDF0002B11D1FB69DA0F13445B101A4613464B
S3150805CE005B00134404339BB21A46920013445B0035
S3150805CE109BB205339BB210E0FB69DA0F13445B102E
S3150805CE201A4613465B00134405339BB21A4692000D
S3150805CE3013445B009BB205339BB27968FA692E20C9
S3150805CE4000FB02F20A4402F28A6213807A68FB69D9
S3150805CE502E2101FB03F3134403F2866303221A709A
S3150805CE60FB6903F00103002B04D1012003E000BF91
S3150805CE706CE0060802207A68FB692E2101FB03F39C
S3150805CE80134403F2AC6302461A707A68FB692E21CD
S3150805CE9001FB03F3134403F5D6634FF6FF721A80B5
S3150805CEA07A68FB692E2101FB03F3134403F2AE638B
S3150805CEB000221A80FB690133FB61FB690A2B7FF7A0
S3150805CEC07EAF0023FB600023FB617A68FB692E2190
S3150805CED001FB03F3134403F2AC6301221A707A6863
S3150805CEE0FB692E2101FB03F3134403F2AE631F22EC
S3150805CEF01A80FB692E2203FB02F2FB68134403F52D
S3150805CF00D0637A6813440C33A34918460CF032FAF1
S3150805CF10FB690133FB617A68FB692E2101FB03F383
S3150805CF20134403F2AC6301221A707A68FB692E2151
S3150805CF3001FB03F3134403F5D1631B880C3398B23D
S3150805CF407A68FB692E2101FB03F3134403F5D163C4
S3150805CF5002461A807A68FB692E2101FB03F31344FE
S3150805CF6003F28A631B88043398B27A68FB692E2113
S3150805CF7001FB03F3134403F28A6302461A80FB692D
S3150805CF802E2203FB02F2FB68134403F5D0637A6885
S3150805CF90134403F10C007B68D3F87C3945331A46EC
S3150805CFA07E490CF0E7F9FB690133FB617A68FB6991
S3150805CFB02E2101FB03F3134403F2AC6301221A7015
S3150805CFC07A68FB692E2101FB03F3134403F2AE636A
S3150805CFD01F221A80FB692E2203FB02F2FB68134403
S3150805CFE003F5D0637A6813440C336D4918460CF07B
S3150805CFF0C1F9FB690133FB617A68FB692E2101FBDF
S3150805D00003F3134403F2AC6301221A707A68FB69C9
S3150805D0102E2101FB03F3134403F5D1631B880C3357
S3150805D02098B27A68FB692E2101FB03F3134403F5CD
S3150805D030D16302461A807A68FB692E2101FB03F340
S3150805D040134403F28A631B88043398B27A68FB692A
S3150805D0502E2101FB03F3134403F28A6302461A8061
S3150805D060FB692E2203FB02F2FB68134403F5D06322
S3150805D0707A68134403F10C007B68D3F87C392533A9
S3150805D0801A4646490CF076F9FB690133FB617A685D
S3150805D090FB692E2101FB03F3134403F2AC6301225A
S3150805D0A01A707A68FB692E2101FB03F3134403F210
S3150805D0B0AE631F221A80FB692E2203FB02F2FB6868
S3150805D0C0134403F5D0637A6813440C333549184677
S3150805D0D00CF050F9FB690133FB617A68FB692E216F
S3150805D0E001FB03F3134403F2AC6301221A707A6851
S3150805D0F0FB692E2101FB03F3134403F5D1631B8852
S3150805D1000C3398B27A68FB692E2101FB03F31344A5
S3150805D11003F5D16302461A807A68FB692E2101FB5D
S3150805D12003F3134403F28A631B88043398B27A68B7
S3150805D130FB692E2101FB03F3134403F28A630246B6
S3150805D1401A807B68D3F87C3993F82430012B02D0F2
S3150805D150022B10D02CE0FB692E2203FB02F2FB689A
S3150805D160134403F5D0637A6813440C330E491846FD
S3150805D1700CF000F92CE0FB692E2203FB02F2FB6892
S3150805D180134403F5D0637A6813440C3307491846E4
S3150805D1900CF0F0F81CE000BFA8E10608B8E106089F
S3150805D1A0C0E10608D0E10608E4E10608F0E106084C
S3150805D1B0FB692E2203FB02F2FB68134403F5D063D1
S3150805D1C07A6813440C33BA4918460CF0D3F800BFED
S3150805D1D0FB690133FB617A68FB692E2101FB03F3C1
S3150805D1E0134403F2AC6301221A70FB692E2203FB72
S3150805D1F002F2FB68134403F5D0637A6813440C33CB
S3150805D200AC4918460CF0B6F87A68FB692E2101FB7D
S3150805D21003F3134403F2AE631F221A80FB69013335
S3150805D220FB617A68FB692E2101FB03F3134403F2BC
S3150805D230AC6302221A70FB692E2203FB02F2FB6815
S3150805D240134403F5D0637A68134403F10C007B682D
S3150805D250D3F87C3993F865301A467B68D3F87C3958
S3150805D26093F8663094490CF085F8FB690133FB6140
S3150805D2707A68FB692E2101FB03F3134403F2AC63B9
S3150805D28001221A707A68FB692E2101FB03F3134400
S3150805D29003F2AE631F221A80FB692E2203FB02F2F4
S3150805D2A0FB68134403F5D0637A6813440C33834942
S3150805D2B018460CF05FF8FB690133FB617A68FB6970
S3150805D2C02E2101FB03F3134403F2AC6302221A7001
S3150805D2D0FB692E2203FB02F2FB68134403F5D063B0
S3150805D2E07A68134403F10C007B68D3F87C3993F804
S3150805D2F021301A4672490CF03DF8FB690133FB618A
S3150805D3007A68FB692E2101FB03F3134403F2AC6328
S3150805D31001221A70FB69033B7A682E2101FB03F388
S3150805D320134403F5D1631B88603398B27A68FB69A1
S3150805D3302E2101FB03F3134403F5D16302461A8034
S3150805D340FB69033B7A682E2101FB03F3134403F2B9
S3150805D3508A631B88043398B27A68FB692E2101FB18
S3150805D36003F3134403F28A6302461A80FB692E22E5
S3150805D37003FB02F2FB68134403F5D0637A6813448A
S3150805D38003F10C007B68D3F87C391B78002B01D197
S3150805D3904C4B00E04C4B1A464C490BF0EBFF7B68AF
S3150805D3A0002283F8DA283B691B8823339AB27B68FF
S3150805D3B0A3F8DE287B68E922A3F8E0287B68012222
S3150805D3C083F8DC287B68022283F8EC287B684FF60D
S3150805D3D0FF72A3F8F0287B680022A3F8EE287B687D
S3150805D3E003F6E2033A4918460BF0C4FF7B680022A8
S3150805D3F083F808293B691A883B699B8813449BB2BD
S3150805D400283B9AB27B68A3F80C297B68D322A3F834
S3150805D4100E297B68212283F80A297B68022283F86C
S3150805D4201A297B684FF6FF72A3F81E297B68002226
S3150805D430A3F81C297B6803F51163264918460BF0E2
S3150805D44099FF7B68002283F836293B691A883B6968
S3150805D4509B8813449BB2283B9AB27B68A3F83A2962
S3150805D4607B68E922A3F83C297B68012283F83829D9
S3150805D4707B68022283F848297B684FF6FF72A3F872
S3150805D4804C297B680022A3F84A297B6803F63E13D4
S3150805D490114918460BF06EFF7B6803F5C563FF2136
S3150805D4A01846FFF7CBFB00BF2037BD4680BD00BF3A
S3150805D4B0FCE1060808E2060820E206082CE206084A
S3150805D4C03CE2060844E206084CE206086CE0060853
S3150805D4D028E1060854E2060880E1060880B582B008
S3150805D4E000AF78607B68D3F86439184605F09FFB6A
S3150805D4F00346002B1AD17B68D3F86839184605F018
S3150805D50096FB0346002B11D17B68D3F8703918466C
S3150805D51005F08DFB0346002B08D17B68D3F87439D3
S3150805D520184605F084FB0346002B53D07B6893F811
S3150805D530DC38212B0CD17B68012283F8DC287B6833
S3150805D540212283F80A297B68012283F8382922E0F3
S3150805D5507B6893F80A39212B0CD17B68012283F85D
S3150805D560DC287B68012283F80A297B68212283F84F
S3150805D570382910E07B6893F83839212B0BD17B685D
S3150805D580212283F8DC287B68012283F80A297B682F
S3150805D590012283F838297B6803F5C56320211846D7
S3150805D5A0FFF74CFB7B68D3F86439184605F02EFB64
S3150805D5B07B68D3F86839184605F028FB7B68D3F8E5
S3150805D5C07039184605F022FB7B68D3F87439184676
S3150805D5D005F01CFB7B68D3F86C39184605F027FB64
S3150805D5E00346002B08D17B68D3F87839184605F029
S3150805D5F01EFB0346002B69D07B6893F8DC38212B84
S3150805D60007D17B6803229A717B68002283F82C244C
S3150805D61049E07B6893F80A39212B07D17B680522EF
S3150805D6209A717B68002283F886293CE07B6893F823
S3150805D6303839212B37D17B6893F92536DAB27B68D9
S3150805D64083F885297B6893F885391A464FF4EC7370
S3150805D65002FB03F31F4A1A447B68D3F88039194637
S3150805D66010460AF0A7F80346002B11D010200AF039
S3150805D6707DFF0346002B0BD00AF00EFF1649174807
S3150805D6800AF0D2FE16480AF0CFFE16480AF0CCFE76
S3150805D6907B68D3F880397A6892F8852983F8B420A7
S3150805D6A07B6802229A717B68D3F86C39184605F0AF
S3150805D6B0ADFA7B68D3F87839184605F0A7FA7B687A
S3150805D6C003F5C56320211846FFF7B8FA00BF0837E2
S3150805D6D0BD4680BD242D0020C4DE0608CCDE06081E
S3150805D6E05CE20608F8DE060880B582B000AF786009
S3150805D6F07B68D3F86439184605F088FA7B68D3F849
S3150805D7006839184605F082FA7B68D3F86C391846E5
S3150805D71005F07CFA7B68D3F87039184605F076FA71
S3150805D7207B68D3F87439184605F070FA7B68D3F820
S3150805D7307839184605F06AFA00BF0837BD4680BD30
S3150805D74090B5E5B000AF07F5C873A3F5C6731860BD
S3150805D75007F5C873A3F5C6731B681B68C7F8843134
S3150805D76007F5C873A3F5C6731B6893F8843987F854
S3150805D770833197F88331013B0F33DB00D7F88421D2
S3150805D7801344C7F87C310023C7F88C310023C7F842
S3150805D790783107F5C873A3F5C6731868FBF718FC3F
S3150805D7A007F5C873A3F5C6731B68052283F82826EB
S3150805D7B0D7F87C311A8807F5C873A3F5C6731B68AD
S3150805D7C0A3F82C26D7F87C315A8807F5C873A3F52C
S3150805D7D0C6731B68A3F82E2607F5C873A3F5C67383
S3150805D7E01B68032283F82A26D7F87C319A8807F519
S3150805D7F0C873A3F5C6731B68A3F83226D7F87C3118
S3150805D800DA8807F5C873A3F5C6731B68A3F8302627
S3150805D81007F5C873A3F5C6731B684FF6FF72A3F819
S3150805D820342607F5C873A3F5C6731B680022A3F843
S3150805D830362607F5C873A3F5C6731B68032283F84E
S3150805D8405626D7F87C319B885B089AB2D7F87C317F
S3150805D8501B8813449AB207F5C873A3F5C6731B68E4
S3150805D860A3F85A2607F5C873A3F5C6731B680F22CE
S3150805D870A3F85C2607F5C873A3F5C6731B680322C8
S3150805D88083F8582607F5C873A3F5C6731B680222DD
S3150805D89083F87E2607F5C873A3F5C6731B684FF686
S3150805D8A0FF72A3F8822607F5C873A3F5C6731B6826
S3150805D8B00022A3F8802607F5C873A3F5C6731B6867
S3150805D8C0D3F87C39002B5AD007F5C873A3F5C67368
S3150805D8D01B68D3F87C2907F5C873A3F5C6731B68B7
S3150805D8E093F8863919460B46DB000B449B0013440F
S3150805D8F06C331B78002B0BD107F5C873A3F5C673D4
S3150805D9001B6803F25E63A14918460BF033FD36E042
S3150805D91007F5C873A3F5C6731B68D3F87C2907F5FD
S3150805D920C873A3F5C6731B6893F8863919460B465B
S3150805D930DB000B449B0013446C331B78012B0BD17E
S3150805D94007F5C873A3F5C6731B6803F25E639049AA
S3150805D95018460BF00FFD12E007F5C873A3F5C67355
S3150805D9601B6803F25E6007F5C873A3F5C6731B68E3
S3150805D97093F8863901331A4686490BF0FBFC0023D2
S3150805D980C7F8883113E007F5C873A3F5C6731A688F
S3150805D990D7F888312E2101FB03F3134403F2866376
S3150805D9A000221A70D7F888310133C7F88831D7F8B5
S3150805D9B088310B2BE7DD0023C7F88C31B9E007F56D
S3150805D9C0C873A3F5C6731A68D7F88C312E2101FBDF
S3150805D9D003F3134403F2846303221A70D7F87C31E0
S3150805D9E0188807F5C873A3F5C6731A68D7F88C316E
S3150805D9F02E2101FB03F3134403F5D16302461A806E
S3150805DA00D7F88C3103F00103002B12D1D7F88C31E6
S3150805DA10DA0F13445B101A4613465B0013440433A6
S3150805DA209BB21A46920013445B009BB2013B9BB21C
S3150805DA3011E0D7F88C31DA0F13445B101A461346F2
S3150805DA405B00134405339BB21A46920013445B00E8
S3150805DA509BB2013B9BB207F5C872A2F5C67211685F
S3150805DA60D7F88C212E2000FB02F20A4402F28A62BC
S3150805DA70138007F5C873A3F5C6731A68D7F88C31EA
S3150805DA802E2101FB03F3134403F2866303221A705E
S3150805DA90D7F88C3103F00103002B01D1012000E0F2
S3150805DAA0022007F5C873A3F5C6731A68D7F88C312B
S3150805DAB02E2101FB03F3134403F2AC6302461A70E5
S3150805DAC007F5C873A3F5C6731A68D7F88C312E21DE
S3150805DAD001FB03F3134403F5D6634FF6FF721A8069
S3150805DAE007F5C873A3F5C6731A68D7F88C312E21BE
S3150805DAF001FB03F3134403F2AE6300221A8007F50C
S3150805DB00C873A3F5C672D7F88C312E2103FB01F12C
S3150805DB10D7F878310B4403F5D063126813440C33F0
S3150805DB201D4918460BF026FCD7F88C310133C7F882
S3150805DB308C31D7F88C310B2B7FF741AF07F5C873B6
S3150805DB40A3F5C6731B6893F88639C7F8743107F5C4
S3150805DB50C873A3F5C6731B68D3F87C19D7F874215F
S3150805DB601346DB0013449B000B446C331B78032BCD
S3150805DB7000F2DC8601A252F823F000BF9DDB0508FA
S3150805DB80F1E1050851E7050849E8050870E20608C0
S3150805DB9078E2060884E2060828E006080023C7F89E
S3150805DBA078310023C7F88C3107F5C873A3F5C67312
S3150805DBB01A68D7F88C312E2101FB03F3134403F2B7
S3150805DBC0AC6301221A7007F5C873A3F5C6731A68FC
S3150805DBD0D7F88C312E2101FB03F3134403F2AE6308
S3150805DBE01F221A8007F5C873A3F5C672D7F88C31B4
S3150805DBF02E2103FB01F1D7F878310B4403F5D063E1
S3150805DC00126813440C33DB4918460BF0B3FBD7F8F7
S3150805DC108C310133C7F88C3107F5C873A3F5C6737C
S3150805DC201A68D7F88C312E2101FB03F3134403F246
S3150805DC30AC6302221A7007F5C873A3F5C672D7F83E
S3150805DC408C312E2103FB01F1D7F878310B4403F506
S3150805DC50D0631268134403F10C0007F5C873A3F5DE
S3150805DC60C6731B68D3F87C19D7F874211346DB00ED
S3150805DC7013449B000B4474331B681A46BE490BF0C4
S3150805DC8079FBD7F88C310133C7F88C3107F5C8739A
S3150805DC90A3F5C6731A68D7F88C312E2101FB03F351
S3150805DCA0134403F2AC6301221A7007F5C873A3F58A
S3150805DCB0C6731A68D7F88C312E2101FB03F3134472
S3150805DCC003F2AE631F221A8007F5C873A3F5C67259
S3150805DCD0D7F88C312E2103FB01F1D7F878310B449F
S3150805DCE003F5D063126813440C33A44918460BF0A0
S3150805DCF041FBD7F88C310133C7F88C3107F5C87362
S3150805DD00A3F5C6731A68D7F88C312E2101FB03F3E0
S3150805DD10134403F2AC6302221A7007F5C873A3F518
S3150805DD20C672D7F88C312E2103FB01F1D7F8783165
S3150805DD300B4403F5D0631268134403F10C0407F585
S3150805DD40C873A3F5C6731B68D3F87C19D7F874216D
S3150805DD501346DB0013449B000B4480331B681846A7
S3150805DD60E2F72AFC02460B46854920460BF002FBDC
S3150805DD70D7F88C310133C7F88C3107F5C873A3F585
S3150805DD80C6731A68D7F88C312E2101FB03F31344A1
S3150805DD9003F2AC6301221A7007F5C873A3F5C673B7
S3150805DDA01A68D7F88C312E2101FB03F3134403F2C5
S3150805DDB0AE631F221A8007F5C873A3F5C672D7F88E
S3150805DDC08C312E2103FB01F1D7F878310B4403F585
S3150805DDD0D063126813440C336A4918460BF0CAFA1D
S3150805DDE0D7F88C310133C7F88C3107F5C873A3F515
S3150805DDF0C6731A68D7F88C312E2101FB03F3134431
S3150805DE0003F2AC6302221A7007F5C873A3F5C67246
S3150805DE10D7F88C312E2103FB01F1D7F878310B445D
S3150805DE2003F5D0631268134403F10C0007F5C873AC
S3150805DE30A3F5C6731B68D3F87C19D7F8742113465E
S3150805DE40DB0013449B000B4488331B681A464A4972
S3150805DE500BF090FAD7F88C310133C7F88C3107F5F2
S3150805DE60C873A3F5C6731A68D7F88C312E2101FB3A
S3150805DE7003F3134403F2AC6301221A7007F5C8735A
S3150805DE80A3F5C6731A68D7F88C312E2101FB03F35F
S3150805DE90134403F2AE631F221A8007F5C873A3F568
S3150805DEA0C672D7F88C312E2103FB01F1D7F87831E4
S3150805DEB00B4403F5D063126813440C3332491846EC
S3150805DEC00BF058FAD7F88C310133C7F88C3107F5BA
S3150805DED0C873A3F5C6731A68D7F88C312E2101FBCA
S3150805DEE003F3134403F2AC6302221A7007F5C873E9
S3150805DEF0A3F5C6731B68D3F87C19D7F8742113469E
S3150805DF00DB0013449B000B448C33D3ED007A9FED5D
S3150805DF101F7AF4EEC77AF1EE10FA3BD507F5C87302
S3150805DF20A3F5C672D7F88C312E2103FB01F1D7F874
S3150805DF3078310B4403F5D0631268134403F10C04D6
S3150805DF4007F5C873A3F5C6731B68D3F87C19D7F804
S3150805DF5074211346DB0013449B000B448C331B6862
S3150805DF601846E2F729FB02460B46094920460BF0F7
S3150805DF7001FA24E08CE20608A0E20608A8E20608EB
S3150805DF80BCE20608C4E20608D8E206080000004D09
S3150805DF90ECE2060807F5C873A3F5C672D7F88C31FF
S3150805DFA02E2103FB01F1D7F878310B4403F5D0632D
S3150805DFB0126813440C33884918460BF0DBF9D7F871
S3150805DFC08C310133C7F88C3107F5C873A3F5C673C9
S3150805DFD01A68D7F88C312E2101FB03F3134403F293
S3150805DFE0AC6301221A7007F5C873A3F5C672D7F88C
S3150805DFF08C312E2103FB01F1D7F878310B4403F553
S3150805E000D063126813440C33744918460BF0B2F9F9
S3150805E01007F5C873A3F5C6731A68D7F88C312E2188
S3150805E02001FB03F3134403F2AE631F221A80D7F8E4
S3150805E0308C310133C7F88C3107F5C873A3F5C67358
S3150805E0401A68D7F88C312E2101FB03F3134403F222
S3150805E050AC6302221A7007F5C873A3F5C672D7F81A
S3150805E0608C312E2103FB01F1D7F878310B4403F5E2
S3150805E070D0631268134403F10C0407F5C873A3F5B6
S3150805E080C6731B68D3F87C19D7F874211346DB00C9
S3150805E09013449B000B4478331B6807EE903AF8EE59
S3150805E0A0E77A9FED4F7AC7EE876A16EE900AE2F78A
S3150805E0B083FA02460B464B4920460BF05BF9D7F81F
S3150805E0C08C310133C7F88C3107F5C873A3F5C673C8
S3150805E0D01A68D7F88C312E2101FB03F3134403F292
S3150805E0E0AC6301221A7007F5C873A3F5C6731A68D7
S3150805E0F0D7F88C312E2101FB03F3134403F2AE63E3
S3150805E1001F221A8007F5C873A3F5C672D7F88C318E
S3150805E1102E2103FB01F1D7F878310B4403F5D063BB
S3150805E120126813440C33304918460BF023F9D7F80F
S3150805E1308C310133C7F88C3107F5C873A3F5C67357
S3150805E1401A68D7F88C312E2101FB03F3134403F51E
S3150805E150D1631B880C3398B207F5C873A3F5C67344
S3150805E1601A68D7F88C312E2101FB03F3134403F5FE
S3150805E170D16302461A8007F5C873A3F5C6731A68EC
S3150805E180D7F88C312E2101FB03F3134403F2AC6354
S3150805E19001221A7007F5C873A3F5C672D7F88C312C
S3150805E1A02E2103FB01F1D7F878310B4403F5D0632B
S3150805E1B01268134403F10C00D7F874315A1C07F595
S3150805E1C0C873A3F5C6731B68D3F87C3993F8213051
S3150805E1D006490BF0CFF8A9E3F8E2060800E30608B6
S3150805E1E000007A4414E3060820E306082CE306082B
S3150805E1F00023C7F878310023C7F88C3107F5C873AB
S3150805E200A3F5C6731A68D7F88C312E2101FB03F3DB
S3150805E210134403F2AC6301221A7007F5C873A3F514
S3150805E220C6731A68D7F88C312E2101FB03F31344FC
S3150805E23003F2AE631F221A8007F5C873A3F5C672E3
S3150805E240D7F88C312E2103FB01F1D7F878310B4429
S3150805E25003F5D063126813440C33E24918460BF0EC
S3150805E26089F8D7F88C310133C7F88C3107F5C873A7
S3150805E270A3F5C6731A68D7F88C312E2101FB03F36B
S3150805E280134403F2AC6302221A7007F5C873A3F5A3
S3150805E290C672D7F88C312E2103FB01F1D7F87831F0
S3150805E2A00B4403F5D0631268134403F10C0007F514
S3150805E2B0C873A3F5C6731B68D3F87C19D7F87421F8
S3150805E2C01346DB0013449B000B4478331B681A4638
S3150805E2D0C5490BF04FF8D7F88C310133C7F88C319F
S3150805E2E007F5C873A3F5C6731A68D7F88C312E21B6
S3150805E2F001FB03F3134403F2AC6301221A7007F515
S3150805E300C873A3F5C6731A68D7F88C312E2101FB95
S3150805E31003F3134403F2AE631F221A8007F5C87385
S3150805E320A3F5C672D7F88C312E2103FB01F1D7F870
S3150805E33078310B4403F5D063126813440C33AB49A3
S3150805E34018460BF017F8D7F88C310133C7F88C3116
S3150805E35007F5C873A3F5C6731A68D7F88C312E2145
S3150805E36001FB03F3134403F2AC6302221A7007F5A3
S3150805E370C873A3F5C672D7F88C312E2103FB01F1B4
S3150805E380D7F878310B4403F5D0631268134403F1C3
S3150805E3900C0407F5C873A3F5C6731B68D3F87C196F
S3150805E3A0D7F874211346DB0013449B000B448033CE
S3150805E3B01B681846E2F700F902460B468C492046C3
S3150805E3C00AF0D8FFD7F88C310133C7F88C3107F531
S3150805E3D0C873A3F5C6731A68D7F88C312E2101FBC5
S3150805E3E003F3134403F2AC6301221A7007F5C873E5
S3150805E3F0A3F5C6731A68D7F88C312E2101FB03F3EA
S3150805E400134403F2AE631F221A8007F5C873A3F5F2
S3150805E410C672D7F88C312E2103FB01F1D7F878316E
S3150805E4200B4403F5D063126813440C337149184637
S3150805E4300AF0A0FFD7F88C310133C7F88C3107F5F8
S3150805E440C873A3F5C6731A68D7F88C312E2101FB54
S3150805E45003F3134403F2AC6302221A7007F5C87373
S3150805E460A3F5C672D7F88C312E2103FB01F1D7F82F
S3150805E47078310B4403F5D0631268134403F10C0491
S3150805E48007F5C873A3F5C6731B68D3F87C19D7F8BF
S3150805E49074211346DB0013449B000B4488331B6821
S3150805E4A007EE903AF8EEE77A9FED537AC7EE876A54
S3150805E4B016EE900AE2F780F802460B464F492046C3
S3150805E4C00AF058FFD7F88C310133C7F88C3107F5B0
S3150805E4D0C873A3F5C6731A68D7F88C312E2101FBC4
S3150805E4E003F3134403F2AC6301221A7007F5C873E4
S3150805E4F0A3F5C6731A68D7F88C312E2101FB03F3E9
S3150805E500134403F2AE631F221A8007F5C873A3F5F1
S3150805E510C672D7F88C312E2103FB01F1D7F878316D
S3150805E5200B4403F5D063126813440C333449184673
S3150805E5300AF020FFD7F88C310133C7F88C3107F577
S3150805E540C873A3F5C6731A68D7F88C312E2101FB53
S3150805E55003F3134403F2AC6302221A7007F5C87372
S3150805E560A3F5C6731B68D3F87C19D7F87421134627
S3150805E570DB0013449B000B448C33D3ED007A9FEDE7
S3150805E580217AF4EEC77AF1EE10FA3FD507F5C87386
S3150805E590A3F5C672D7F88C312E2103FB01F1D7F8FE
S3150805E5A078310B4403F5D0631268134403F10C0460
S3150805E5B007F5C873A3F5C6731B68D3F87C19D7F88E
S3150805E5C074211346DB0013449B000B448C331B68EC
S3150805E5D01846E1F7F1FF02460B460B4920460AF0B5
S3150805E5E0C9FE28E038E3060850E30608A8E2060847
S3150805E5F0BCE206085CE3060800007A4470E30608F0
S3150805E6007CE306080000004DECE2060807F5C8732A
S3150805E610A3F5C672D7F88C312E2103FB01F1D7F87D
S3150805E62078310B4403F5D063126813440C338149DA
S3150805E63018460AF09FFED7F88C310133C7F88C3196
S3150805E64007F5C873A3F5C6731A68D7F88C312E2152
S3150805E65001FB03F3134403F2AC6301221A7007F5B1
S3150805E660C873A3F5C6731A68D7F88C312E2101FB32
S3150805E67003F3134403F2AE631F221A8007F5C87322
S3150805E680A3F5C672D7F88C312E2103FB01F1D7F80D
S3150805E69078310B4403F5D063126813440C33664985
S3150805E6A018460AF067FED7F88C310133C7F88C315E
S3150805E6B007F5C873A3F5C6731A68D7F88C312E21E2
S3150805E6C001FB03F3134403F5D1631B880C3398B296
S3150805E6D007F5C873A3F5C6731A68D7F88C312E21C2
S3150805E6E001FB03F3134403F5D16302461A8007F5C4
S3150805E6F0C873A3F5C6731A68D7F88C312E2101FBA2
S3150805E70003F3134403F2AC6301221A7007F5C873C1
S3150805E710A3F5C672D7F88C312E2103FB01F1D7F87C
S3150805E72078310B4403F5D0631268134403F10C00E2
S3150805E730D7F874315A1C07F5C873A3F5C6731B6851
S3150805E740D3F87C3993F821303C490AF013FEEDE0FD
S3150805E7500023C7F878310023C7F88C3107F5C87345
S3150805E760A3F5C6731A68D7F88C312E2101FB03F376
S3150805E770134403F2AC6301221A7007F5C873A3F5AF
S3150805E780C6731A68D7F88C312E2101FB03F3134497
S3150805E79003F2AE631F221A8007F5C873A3F5C6727E
S3150805E7A0D7F88C312E2103FB01F1D7F878310B44C4
S3150805E7B003F5D063126813440C33214918460AF049
S3150805E7C0D9FDD7F88C310133C7F88C3107F5C873ED
S3150805E7D0A3F5C6731A68D7F88C312E2101FB03F306
S3150805E7E0134403F2AC6301221A7007F5C873A3F53F
S3150805E7F0C6731A68D7F88C312E2101FB03F3134427
S3150805E80003F2AE631F221A8007F5C873A3F5C6720D
S3150805E810D7F88C312E2103FB01F1D7F878310B4453
S3150805E82003F5D063126813440C33064918460AF0F3
S3150805E830A1FD7BE0F8E2060820E306082CE30608B6
S3150805E84090E30608A0E306080023C7F878310023F5
S3150805E850C7F88C3107F5C873A3F5C6731A68D7F8D0
S3150805E8608C312E2101FB03F3134403F2AC63012219
S3150805E8701A7007F5C873A3F5C6731A68D7F88C31E5
S3150805E8802E2101FB03F3134403F2AE631F221A80FC
S3150805E89007F5C873A3F5C672D7F88C312E2103FB85
S3150805E8A001F1D7F878310B4403F5D06312681344A0
S3150805E8B00C33A94918460AF05DFDD7F88C310133A2
S3150805E8C0C7F88C3107F5C873A3F5C6731A68D7F860
S3150805E8D08C312E2101FB03F3134403F2AC630122A9
S3150805E8E01A7007F5C873A3F5C6731A68D7F88C3175
S3150805E8F02E2101FB03F3134403F2AE631F221A808C
S3150805E90007F5C873A3F5C672D7F88C312E2103FB14
S3150805E91001F1D7F878310B4403F5D063126813442F
S3150805E9200C338E4918460AF025FD00BF07F5C8734E
S3150805E930A3F5C6731B68002283F8DA28D7F87C3155
S3150805E9401B8823339AB207F5C873A3F5C6731B68E4
S3150805E950A3F8DE2807F5C873A3F5C6731B68E9226D
S3150805E960A3F8E02807F5C873A3F5C6731B68012243
S3150805E97083F8DC2807F5C873A3F5C6731B68022256
S3150805E98083F8EC2807F5C873A3F5C6731B684FF615
S3150805E990FF72A3F8F02807F5C873A3F5C6731B68B5
S3150805E9A00022A3F8EE2807F5C873A3F5C6731B68F6
S3150805E9B003F6E2036A4918460AF0DCFC07F5C8734C
S3150805E9C0A3F5C6731B6893F88639013307F5C8722C
S3150805E9D0A2F5C6721268D2F87C2992F821209342CC
S3150805E9E04DDA07F5C873A3F5C6731B68002283F8C5
S3150805E9F00829D7F87C311A88D7F87C319B881344BF
S3150805EA009BB2283B9AB207F5C873A3F5C6731B686C
S3150805EA10A3F80C2907F5C873A3F5C6731B68D32293
S3150805EA20A3F80E2907F5C873A3F5C6731B68212233
S3150805EA3083F80A2907F5C873A3F5C6731B68022266
S3150805EA4083F81A2907F5C873A3F5C6731B684FF625
S3150805EA50FF72A3F81E2907F5C873A3F5C6731B68C5
S3150805EA600022A3F81C2907F5C873A3F5C6731B6806
S3150805EA7003F511633B4918460AF07CFC0FE007F5D8
S3150805EA80C873A3F5C6731B68002283F80A2907F518
S3150805EA90C873A3F5C6731B68212283F8DC2807F516
S3150805EAA0C873A3F5C6731B68002283F83629D7F8F9
S3150805EAB07C311A88D7F87C319B8813449BB2283B4E
S3150805EAC09AB207F5C873A3F5C6731B68A3F83A295E
S3150805EAD007F5C873A3F5C6731B68E922A3F83C298D
S3150805EAE007F5C873A3F5C6731B68012283F8382989
S3150805EAF007F5C873A3F5C6731B68022283F8482968
S3150805EB0007F5C873A3F5C6731B684FF6FF72A3F816
S3150805EB104C2907F5C873A3F5C6731B680022A3F825
S3150805EB204A2907F5C873A3F5C6731B6803F63E138A
S3150805EB300D4918460AF01EFC07F5C873A3F5C673F2
S3150805EB401B6803F5C563FF211846FEF777F800BF6E
S3150805EB5007F5CA77BD4690BDBCE30608CCE30608AB
S3150805EB6028E1060854E2060880E1060880B582B061
S3150805EB7000AF78607B68D3F86439184604F057F80F
S3150805EB800346002B1BD17B68D3F86839184604F071
S3150805EB904EF80346002B12D17B68D3F87039184610
S3150805EBA004F045F80346002B09D17B68D3F8743978
S3150805EBB0184604F03CF80346002B00F083807B6872
S3150805EBC093F8863901337A68D2F87C2992F8212098
S3150805EBD0934235DA7B6893F8DC38212B0CD17B68B0
S3150805EBE0012283F8DC287B68212283F80A297B68B9
S3150805EBF0012283F8382946E07B6893F80A39212BE0
S3150805EC000CD17B68012283F8DC287B68012283F80E
S3150805EC100A297B68212283F8382934E07B6893F82A
S3150805EC203839212B2FD17B68212283F8DC287B688C
S3150805EC30012283F80A297B68012283F8382922E00C
S3150805EC407B6893F8DC38212B0CD17B68012283F885
S3150805EC50DC287B68212283F838297B68002283F81B
S3150805EC600A2910E07B6893F83839212B0BD17B6884
S3150805EC70212283F8DC287B68012283F838297B68FA
S3150805EC80002283F80A297B68D3F86439184603F005
S3150805EC90BDFF7B68D3F86839184603F0B7FF7B686C
S3150805ECA0D3F87039184603F0B1FF7B68D3F8743981
S3150805ECB0184603F0ABFF7B6803F5C56320211846A4
S3150805ECC0FDF7BCFF7B68D3F86C39184603F0AFFF30
S3150805ECD00346002B09D17B68D3F87839184603F023
S3150805ECE0A6FF0346002B00F0EF807B68D3F87C3936
S3150805ECF0002B00F089807B68D3F88039002B00F05B
S3150805ED0083807B68D3F88039DB691B7801337A6899
S3150805ED10D2F87C2992F82120934275DA7B6893F814
S3150805ED200A39212B23D17B6893F886390133DAB260
S3150805ED307B6883F886297B6805229A717B6893F830
S3150805ED40863901337A68D2F87C2992F821209342CC
S3150805ED5040F0B9807B68212283F8DC287B6800228D
S3150805ED6083F80A297B68012283F83829ABE07B6892
S3150805ED7093F8DC38212B07D17B6804229A717B68C6
S3150805ED80002283F886299EE07B6893F83839212B7B
S3150805ED9040F099807B6893F885391A464FF4EC73E9
S3150805EDA002FB03F34A4A1A447B68D3F880391946A5
S3150805EDB0104608F0FFFC0346002B11D0102009F079
S3150805EDC0D5FB0346002B0BD009F066FB41494248A3
S3150805EDD009F02AFB414809F027FB414809F024FBBD
S3150805EDE07B68D3F880397A6892F8852983F8B42040
S3150805EDF07B6802229A717B680022C3F87C297B68A6
S3150805EE00002283F886295EE07B6893F8DC38212B97
S3150805EE1007D17B6804229A717B68002283F88629C4
S3150805EE203DE07B6893F83839212B38D17B6893F810
S3150805EE3085391A464FF4EC7302FB03F3244A1A4440
S3150805EE407B68D3F880391946104608F0B3FC0346A3
S3150805EE50002B11D0102009F089FB0346002B0BD097
S3150805EE6009F01AFB1B491C4809F0DEFA1B4809F08C
S3150805EE70DBFA1B4809F0D8FA7B68D3F880397A6833
S3150805EE8092F8852983F8B4207B6802229A717B68F3
S3150805EE900022C3F87C297B68002283F886297B68CB
S3150805EEA0D3F86C39184603F0B1FE7B68D3F8783980
S3150805EEB0184603F0ABFE7B6803F5C56320211846A3
S3150805EEC0FDF7BCFE00E000BF00BF0837BD4680BDA4
S3150805EED0242D0020C4DE0608CCDE06085CE20608FA
S3150805EEE0F8DE060880B582B000AF78607B68D3F88F
S3150805EEF06439184603F08AFE7B68D3F868391846DC
S3150805EF0003F084FE7B68D3F86C39184603F07EFE59
S3150805EF107B68D3F87039184603F078FE7B68D3F812
S3150805EF207439184603F072FE7B68D3F878391846A3
S3150805EF3003F06CFE00BF0837BD4680BD80B586B0B8
S3150805EF4000AF78607B681B687B617B6893F88439BA
S3150805EF50FB74FB7C013B0F33DB007A691344FB60CA
S3150805EF607868FAF735F87B68052283F82826FB685A
S3150805EF701A887B68A3F82C26FB685A887B68A3F849
S3150805EF802E267B68032283F82A26FB689A887B68DF
S3150805EF90A3F83226FB68DA887B68A3F830267B68EF
S3150805EFA04FF6FF72A3F834267B680022A3F83626A7
S3150805EFB07B68002283F8DA28FB681B8823339AB214
S3150805EFC07B68A3F8DE287B68E922A3F8E0287B6836
S3150805EFD0212283F8DC287B68022283F8EC287B68E3
S3150805EFE04FF6FF72A3F8F0287B680022A3F8EE28EF
S3150805EFF07B68002283F80829FB681A88FB689B88C2
S3150805F00013449BB2283B9AB27B68A3F80C297B6804
S3150805F010D322A3F80E297B68032283F80A297B687D
S3150805F020022283F81A297B684FF6FF72A3F81E2970
S3150805F0307B680022A3F81C297B6803F6E2031D49B1
S3150805F04018460AF097F97B68002283F83629FB6883
S3150805F0501A88FB689B8813449BB2283B9AB27B683F
S3150805F060A3F83A297B68E922A3F83C297B6821227B
S3150805F07083F838297B68022283F848297B684FF686
S3150805F080FF72A3F84C297B680022A3F84A297B68F6
S3150805F09003F63E13084918460AF06CF97B6803F52A
S3150805F0A0C56320211846FDF7C9FD00BF1837BD46BB
S3150805F0B080BD00BF28E1060880E1060880B582B054
S3150805F0C000AF78607B68D3F86439184603F0AFFD5E
S3150805F0D00346002B1AD17B68D3F86839184603F01E
S3150805F0E0A6FD0346002B11D17B68D3F8703918465F
S3150805F0F003F09DFD0346002B08D17B68D3F87439C8
S3150805F100184603F094FD0346002B06D07B6803F5E5
S3150805F110C56320211846FDF791FD7B68D3F86C3940
S3150805F120184603F084FD0346002B08D17B68D3F8FF
S3150805F1307839184603F07BFD0346002B1AD07B6801
S3150805F14093F8DC38212B02D17B6804229A717B68F7
S3150805F150D3F86C39184603F059FD7B68D3F8783926
S3150805F160184603F053FD7B6803F5C5632021184649
S3150805F170FDF764FD00BF0837BD4680BD80B582B082
S3150805F18000AF78607B68D3F86439184603F03EFD0E
S3150805F1907B68D3F86839184603F038FD7B68D3F8D9
S3150805F1A06C39184603F032FD7B68D3F87039184672
S3150805F1B003F02CFD7B68D3F87439184603F026FD51
S3150805F1C07B68D3F87839184603F020FD00BF083761
S3150805F1D0BD4680BD80B582B000AF78607868F9F71E
S3150805F1E0F7FE00BF0837BD4680BD000080B582B072
S3150805F1F000AF7860022009F0B9F90346002B0ED056
S3150805F20009F04AF91B491C4809F00EF97B68DB79B0
S3150805F21019461A4809F008F9194809F005F97B68E5
S3150805F220DB79052B1ED801A252F823F065F20508ED
S3150805F23045F205084DF2050855F205086DF205086B
S3150805F2405DF205087B6802229A710BE07B6802224B
S3150805F2509A7107E07B6802229A7103E07B680222AD
S3150805F2609A7100BF7B680622DA7100E000BF08378D
S3150805F270BD4680BDC4DE0608CCDE0608E0E3060802
S3150805F280F8DE060880B483B000AF786000BF0C3797
S3150805F290BD465DF8047B704780B582B000AF7860DF
S3150805F2A07868F9F795FE00BF0837BD4680BD80B476
S3150805F2B083B000AF786000BF0C37BD465DF8047BA8
S3150805F2C0704780B582B000AF78607B68D3F864393B
S3150805F2D0184603F09BFC7B68D3F86839184603F093
S3150805F2E095FC7B68D3F86C39184603F08FFC7B6868
S3150805F2F0D3F87039184603F089FC7B68D3F8743956
S3150805F300184603F083FC7B68D3F87839184603F06A
S3150805F3107DFC00BF0837BD4680BD000080B582B0BC
S3150805F32000AF78607B689B790A2B1AD17B685B7975
S3150805F3301946294A0B465B000B449B0013440433C4
S3150805F3401B68002B43D07B685B791946224A0B4616
S3150805F3505B000B449B00134404331B687868984785
S3150805F36035E07B685B79082B19D87B685B79194684
S3150805F370194A0B465B000B449B00134408331B686C
S3150805F380002B0CD07B685B791946134A0B465B0044
S3150805F3900B449B00134408331B68786898477B68B9
S3150805F3A09B7919460C4A0B465B000B449B00134494
S3150805F3B01B68002B0BD07B689B791946064A0B46BA
S3150805F3C05B000B449B0013441B687868984700BF8D
S3150805F3D00837BD4680BD00BF9807070880B483B0C7
S3150805F3E000AF78600B46FB701346BB707B68FA78EE
S3150805F3F09A717B68BA78DA7100BF0C37BD465DF835
S3150805F400047B704780B582B000AF78607B68D3F817
S3150805F4108039184602F08AFF0346002B11D07B680F
S3150805F420D3F880399B7A062B06D17B6803F5E073FA
S3150805F43019467868F9F736FE20217868FAF72AFD1D
S3150805F44000BF00BF0837BD4680BD80B584B000AF94
S3150805F45078607B68D3F88039FB60FB68002B13D08E
S3150805F460F86802F085FC0346002B0DD0FB68DB69BE
S3150805F4701B781A467B68D3F87C3993F82130013B0B
S3150805F4809A4201D1012300E0002318461037BD46EC
S3150805F49080BD80B485B000AF786039600023FB6015
S3150805F4A00DE07B68DAB2FB68591CF96039680B44CC
S3150805F4B062F07F02D2B21A707B68DB097B607B68D3
S3150805F4C07F2BEED8FB685A1CFA603A6813447A68AB
S3150805F4D0D2B21A70FB6818461437BD465DF8047B28
S3150805F4E0704780B483B000AF786000BF0C37BD465F
S3150805F4F05DF8047B7047000090B58FB000AFF861E2
S3150805F500B9617A613B61002387F8373041F60A63AA
S3150805F5102A4AB969F86905F025FB03463B633B6B3F
S3150805F520002B31D03B463A6B24491846F4F7C2FC02
S3150805F53007F120043B460FCB84E80F0007F12003AB
S3150805F5403A6979691846F5F7EFFD0346002B03D0A6
S3150805F550012387F837302BE0082009F007F803461A
S3150805F560002B0DD008F098FF1549164808F05CFFE2
S3150805F570FB6A1946144808F057FF144808F054FF63
S3150805F580002387F8373013E0082008F0EFFF034615
S3150805F590002B0DD008F080FF09490A4808F044FFFA
S3150805F5A0BA69F9690A4808F03FFF084808F03CFFB8
S3150805F5B097F8373018463C37BD4690BD345A002073
S3150805F5C0F4E3060804E406082CE4060828E4060815
S3150805F5D04CE40608B0B590B000AF78623962FA61B6
S3150805F5E0BB61002387F83F303B4641F60A622C4942
S3150805F5F01846F6F76BF907F128043D460FCD0FC4F3
S3150805F6002B68236007F12803BA69F9691846F6F7DE
S3150805F610CAFD034687F83E3097F83E30002B09D0D9
S3150805F6207B6B1F4A396A786A05F0FEF9034687F83F
S3150805F6303F3016E0082008F099FF0346002B0DD049
S3150805F64008F02AFF1749184808F0EEFEBB6B19465D
S3150805F650164808F0E9FE164808F0E6FE002387F87E
S3150805F6603F3097F83F3083F00103DBB2002B11D00A
S3150805F670082008F07BFF0346002B0BD008F00CFF8B
S3150805F6800849094808F0D0FE0A4808F0CDFE08489A
S3150805F69008F0CAFE97F83F3018464037BD46B0BD54
S3150805F6A0345A0020F4E3060804E4060864E4060868
S3150805F6B028E4060880E4060880B584B000AF7860BB
S3150805F6C039607B68DB6C3A689A4216D9082008F0D7
S3150805F6D04DFF0346002B3FD008F0DEFE21492248A0
S3150805F6E008F0A2FE7B68DB6C1A4639681F4808F0E5
S3150805F6F09BFE1F4808F098FE2EE07B689B6C3A68CF
S3150805F7009A4216D2082008F031FF0346002B25D069
S3150805F71008F0C2FE1349144808F086FE7B689B6C00
S3150805F7201A463968134808F07FFE114808F07CFE2A
S3150805F73014E00023FB6008E07B68FA680232396842
S3150805F74043F82210FB680133FB60FB680F2BF3DDDA
S3150805F7507B683A681A6502E000BF00E000BF10370B
S3150805F760BD4680BD9CE40608A0E40608A8E406088C
S3150805F770C4E40608C8E4060880B582B000AF786018
S3150805F7807B68002B12D1102008F0F0FE0346002BEB
S3150805F79016D008F081FE0C490C4808F045FE0C48C1
S3150805F7A008F042FE0B4808F03FFE09E07B689B6CB3
S3150805F7B019467868FFF780FF786800F07FF800E05B
S3150805F7C000BF0837BD4680BD9CE40608A0E40608C8
S3150805F7D0E4E40608C4E4060880B584B000AF78609A
S3150805F7E00023FB737B68002B12D1102008F0BEFEA0
S3150805F7F00346002B51D008F04FFE2A492A4808F03F
S3150805F80013FE2A4808F010FE294808F00DFE44E0C4
S3150805F8107B6818687B6859687B6803F108021023BA
S3150805F820E9F70EFE0346FB73FB7B002B13D010206E
S3150805F83008F09CFE0346002B0DD008F02DFE19494D
S3150805F840194808F0F1FDFB7B19461A4808F0ECFD46
S3150805F850174808F0E9FD7B681A687B685B681946EE
S3150805F8601046EBF749FA0346FB73FB7B002B15D0CD
S3150805F870102008F07BFE0346002B0FD008F00CFE7F
S3150805F8800849094808F0D0FDFB7B19460A4808F0DF
S3150805F890CBFD074808F0C8FD00E000BF1037BD4698
S3150805F8A080BD00BF9CE40608A0E40608E4E4060853
S3150805F8B0C4E40608F0E406080CE5060880B584B035
S3150805F8C000AF78600023FB737B68002B12D11020EC
S3150805F8D008F04CFE0346002B4FD008F0DDFD2949FC
S3150805F8E0294808F0A1FD294808F09EFD284808F092
S3150805F8F09BFD42E07B681A687B685B68194610467B
S3150805F900E9F7CAFF0346FB73FB7B002B13D01020D0
S3150805F91008F02CFE0346002B0DD008F0BDFD19494D
S3150805F920194808F081FDFB7B19461A4808F07CFD45
S3150805F930174808F079FD7B681A687B685B6819467D
S3150805F9401046EBF79BFA0346FB73FB7B002B15D09A
S3150805F950102008F00BFE0346002B0FD008F09CFD7F
S3150805F9600849094808F060FDFB7B19460A4808F06E
S3150805F9705BFD074808F058FD00E000BF1037BD4697
S3150805F98080BD00BF9CE40608A0E40608E4E4060872
S3150805F990C4E4060828E5060844E5060880B582B0E5
S3150805F9A000AF786039607B68002B13D1102008F00A
S3150805F9B0DDFD0346002B0BD008F06EFD0A490B4802
S3150805F9C008F032FD0A4808F02FFD0A4808F02CFD14
S3150805F9D0032304E039687868FFF76EFE00231846A6
S3150805F9E00837BD4680BD00BF9CE40608A0E40608A6
S3150805F9F0E4E40608C4E4060880B483B000AF034609
S3150805FA003960FB80074B1A88FB8813439AB2054B66
S3150805FA101A80054A3B68136000BF0C37BD465DF87A
S3150805FA20047B7047449800204C98002080B483B026
S3150805FA3000AF0346FB80B7F90630DB431AB2074B1E
S3150805FA401B881BB213401BB29AB2044B1A8000BF1F
S3150805FA500C37BD465DF8047B704700BF4498002007
S3150805FA6080B582B000AF78600D4B1B6801330C4A30
S3150805FA7013600C4B1B680A4A12681344013B03F0D2
S3150805FA803F034C2202FB03F3074A13444C227968C9
S3150805FA9018460AF0E7FD00BF0837BD4680BD00BF1A
S3150805FAA048980020509800205498002080B483B0C8
S3150805FAB000AF7860396000BF0C37BD465DF8047B3A
S3150805FAC0704780B485B000AF786039600023FB6065
S3150805FAD00DE07B68DAB2FB68591CF96039680B4496
S3150805FAE062F07F02D2B21A707B68DB097B607B689D
S3150805FAF07F2BEED8FB685A1CFA603A6813447A6875
S3150805FB00D2B21A70FB6818461437BD465DF8047BF1
S3150805FB107047000080B58EB000AF78603960002365
S3150805FB20FB617B6800225A60514BD3F8B82D7B6878
S3150805FB301A603B689AB27B681A8207F11C037A68D1
S3150805FB404C491846F6F773FB034687F8373097F896
S3150805FB503730002B01D1002385E0FB694649184655
S3150805FB60FFF7AFFF38633B6B434A99183B6BC3F501
S3150805FB70805207F108031846F5F7A8FE07F10803AA
S3150805FB807A683C491846F6F70EFB034687F8373078
S3150805FB9097F8373083F00103DBB2002B01D0002339
S3150805FBA061E04FF47A73FB62FA693B6B13441946B5
S3150805FBB03148FFF77BFFE3F791FCB8622F48ECF76E
S3150805FBC0BFF87862E3F78AFC0246BB6AD31AFA6A73
S3150805FBD09A4202D3FB6A002B14D1082008F0C6FC0A
S3150805FBE00346002B0CD008F057FC2549254808F094
S3150805FBF01BFC796A244808F017FC244808F014FC0D
S3150805FC00002330E07B6A202B02D07B6A222B26D183
S3150805FC10FB699AB23B6B9BB213449BB21A461649CB
S3150805FC201648EBF7BFFB03463B623B6A002B14D02D
S3150805FC30082008F09BFC0346002B0CD008F02CFC8A
S3150805FC400F49104808F0F0FB396A114808F0ECFB33
S3150805FC500E4808F0E9FB002305E0012303E014201C
S3150805FC60E3F748FCAAE718463837BD4680BD00BF06
S3150805FC70344C0020B4FE0608408800208C47002036
S3150805FC8060E5060870E5060878E5060890E50608BD
S3150805FC9094E5060880B584B000AF78600B467B808E
S3150805FCA07B88022B02D0042B03D005E01B4BFB6097
S3150805FCB017E01B4BFB6014E0082008F057FC0346C9
S3150805FCC0002B27D008F0E8FB1649174808F0ACFBC7
S3150805FCD07B881946154808F0A7FB154808F0A4FBC4
S3150805FCE018E0022008F042FC0346002B0DD008F068
S3150805FCF0D3FB10490C4808F097FB7B8819460E4834
S3150805FD0008F092FB0A4808F08FFB7968F86806F050
S3150805FD1057FE00E000BF1037BD4680BD1C290020F0
S3150805FD20202B002060E5060870E50608A4E5060808
S3150805FD3090E50608B8E50608C0E5060880B584B066
S3150805FD4000AF78600B467B807B88202B0CD0202B58
S3150805FD500DDC082B02D0102B03D008E01D4BFB60E9
S3150805FD601AE01D4BFB6017E01C4BFB6014E00820EE
S3150805FD7008F0FCFB0346002B27D008F08DFB184935
S3150805FD80184808F051FB7B881946174808F04CFBBC
S3150805FD90164808F049FB18E0022008F0E7FB034679
S3150805FDA0002B0DD008F078FB11490E4808F03CFBEE
S3150805FDB07B8819460F4808F037FB0C4808F034FBD2
S3150805FDC07968F86804F0C2F800E000BF1037BD4648
S3150805FDD080BD00BF94AB002018AC00209CAC002069
S3150805FDE060E5060870E50608A4E5060890E5060830
S3150805FDF0B8E50608E8E5060880B584B000AF78607A
S3150805FE000B467B807B88B3F5807F0DD0B3F5807F65
S3150805FE100DDC402B02D0802B03D008E0134BFB608A
S3150805FE201AE0134BFB6017E0124BFB6014E0082041
S3150805FE3008F09CFB0346002B13D008F02DFB0E4952
S3150805FE400E4808F0F1FA7B8819460D4808F0ECFAD1
S3150805FE500C4808F0E9FA04E07968F86802F04EFCFF
S3150805FE6000E000BF1037BD4680BD00BF404C0020EE
S3150805FE70CC5000205855002060E5060870E50608B0
S3150805FE8010E6060890E5060880B500AF4FF48052DF
S3150805FE9009490A48EBF706FB084B1B6810221A6244
S3150805FEA0064B1B681A68054B1B6842F010021A6058
S3150805FEB00023184680BD00BF407800208C470020E7
S3150805FEC080B58AB000AF78607B685A68614BD3F80D
S3150805FED0B83D1A405F4BD3F8B83D9A4202D04FF069
S3150805FEE0FF33B2E07B681B8A023B092B00F2A88028
S3150805FEF001A252F823F000BF85FF0508C9FF0508CA
S3150805FF0021FF0508410006080F00060841000608F6
S3150805FF10410006084100060841000608470006088C
S3150805FF207B689B8A012B0BD107F108034A4A92E89D
S3150805FF30030018600433198002330A0C1A7018E096
S3150805FF407B689B8A402B08D107F10803434A92E848
S3150805FF5003001860043319800BE07B689B8A802BA5
S3150805FF6007D107F108033E4A92E8030018600433EF
S3150805FF7019807B689A8A7B68DB6819461046FFF7FD
S3150805FF803BFD61E0022008F0F1FA0346002B0BD091
S3150805FF9008F082FA3349344808F046FA334808F037
S3150805FFA043FA334808F040FA7B689B8A042B05D147
S3150805FFB07B6814331846FFF753FD45E07B68143311
S3150805FFC0184604F0BBF83FE07B681B7D1A464FF4DC
S3150805FFD0EC7302FB03F3274A98187B6818334FF42A
S3150805FFE0EC7219460AF03EFB7B681B7D1A464FF4F0
S3150805FFF0EC7302FB03F31F4A1344184607F0B0FDDA
S315080600001C4B1D4A1D491E48FFF7E4FA1CE07B688F
S31508060010143319461B4806F043FD7B681433194604
S31508060020194808F0D9F87B6868331946174806F060
S3150806003037FD7B6868331946154808F0CDF803E09E
S315080600404FF0FF3301E000BF002318462837BD46A8
S3150806005080BD00BF344C00202CE6060834E60608A8
S315080600603CE6060860E5060870E5060844E606085E
S3150806007090E50608242D0020C405070850E606085C
S3150806008060E606081C290020042B0020202B0020E9
S31508060090082D002080B487B000AFF8600B467A605A
S315080600A07B8100237B6100233B617B6800221A70F3
S315080600B028E07B681B781A46FB6813441B7803F00E
S315080600C07F023B6902FA03F31A467B6913437B618F
S315080600D07B681B781A46FB6813441B785BB2002BB1
S315080600E007DB7B681B780133DAB27B681A707B6993
S315080600F015E03B6907333B617B681B780133DAB247
S315080601007B681A707B681B789BB27A899A42D0D824
S315080601107B681B780133DAB27B681A707B691846E6
S315080601201C37BD465DF8047B7047000080B5ADF602
S31508060130880D00AF07F68803A3F6840318600A46F7
S3150806014007F68803A3F686031A8007F6830207F6D8
S315080601508803A3F68603198807F68803A3F6840395
S315080601601868FFF797FFC7F8840897F883381A467A
S3150806017007F68803A3F684031B68991807F5076329
S31508060180D7F884281846F3F795FE07F68803A3F6E4
S315080601907C03184640F664031A46002109F070F9EE
S315080601A007F10C0207F5076323491846F4F7BCFF5F
S315080601B00346002B06D007F10C031846FFF780FE08
S315080601C0002333E0022008F0D1F90346002B11D0AC
S315080601D008F062F919491A4808F026F907F6880355
S315080601E0A3F686031B881946164808F01DF916480D
S315080601F008F01AF9082008F0B9F90346002B14D0B6
S3150806020008F04AF90D490E4808F00EF9D7F87C3871
S31508060210002B02D0D7F87C3800E00C4B19460C4860
S3150806022008F002F9084808F0FFF80123184607F609
S315080602308807BD4680BD00BFB4FE060860E5060809
S3150806024070E5060870E6060890E506088CE60608D0
S3150806025094E6060880B5ADF5815D00AF07F1200383
S3150806026043F81C0C07F1200353F81C3CD3F88030DE
S315080602701B685B689BB2C3F5805307F5805202F18B
S315080602801E02138007F1200353F81C3CD3F880306E
S315080602901B685B6807F5805202F11C02138000236F
S315080602A007F5805202F118021360874B1B889BB22A
S315080602B007F5805202F11E0212889A4200F0A680BD
S315080602C0EFF3108307F5805202F10802136007F56B
S315080602D0805303F108031B6807F5805202F11002E2
S315080602E0136072B600BF784B1B889BB207F580521F
S315080602F002F11E0212889A4222D9734B1B889BB2B8
S3150806030007F5805202F11E021288D31A07F58052A3
S3150806031002F10E0213806C4B1B889BB21A466B4B76
S31508060320134407F5805202F10E0212881146184642
S31508060330FFF7FCFE07F5805303F1180318604BE038
S31508060340614B1B889BB2C3F5805307F5805202F1B1
S315080603500E0213805C4B1B889BB21A465B4BD11860
S3150806036007F5805303F10E031A8807F12003183B95
S3150806037018460AF077F907F5805303F11E031B881A
S31508060380002B11D007F5805303F10E031A8807F1DF
S315080603902003183B134407F5805202F11E02128801
S315080603A04A4918460AF05EF907F5805303F11E0313
S315080603B01A8807F5805303F10E031B8813449AB26D
S315080603C007F12003183B11461846FFF7AFFE07F557
S315080603D0805303F1180318603B4A07F5805303F167
S315080603E01E031B881380384B1B889BB2B3F5805FA8
S315080603F002D1354B00221A8007F5805303F1100304
S315080604001B68002B5BD162B600BF58E04FF48052DA
S3150806041000212E4809F034F807F1200353F81C0C7E
S31508060420EBF78CF807F1200353F81C3C1B680822E7
S315080604301A6207F1200353F81C3C1B6810221A623D
S3150806044007F120034FF48052204953F81C0CEBF7AA
S3150806045029F8034607F5805202F11702137007F1C9
S31508060460200353F81C3C1B681A6807F1200353F847
S315080604701C3C1B6842F010021A6007F5805303F10C
S3150806048017031B78002B17D0082008F06FF80346C9
S31508060490002B11D008F000F80D490E4807F0C4FFE6
S315080604A007F5805303F117031B7819460A4807F020
S315080604B0BBFF0A4807F0B8FF034B00221A8000BFA5
S315080604C007F58157BD4680BD409800204078002034
S315080604D060E5060870E50608A8E6060890E5060833
S315080604E080B483B000AF78607B681A68064B1B68D1
S315080604F09A4202D1054B01221A7000BF0C37BD4637
S315080605005DF8047B704700BF8C470020439800209F
S3150806051080B483B000AF78607B681A68064B1B68A0
S315080605209A4202D1054B01221A7000BF0C37BD4606
S315080605305DF8047B704700BF8C4700204298002070
S3150806054080B582B000AF01237B601AE01B4B1B689F
S315080605504C2202FB03F31A4A1344184603F0EEFD2F
S31508060560164B1B68013303F03F03144A1360154BF9
S315080605701B68013B134A13607B685A1E7A60002B78
S3150806058004D0104B1B68002BE0D100E000BF012306
S315080605903B6009E00C4B1B88184600F025F83B68BB
S315080605A05A1E3A60002B04D0074B1B88002BF1D144
S315080605B000E000BF00BF0837BD4680BD5098002042
S315080605C054980020489800204498002080B582B0A8
S315080605D000AF786079680348F7F7B4FC00BF0837B8
S315080605E0BD4680BD344C002080B5ADF5076D00AF1D
S315080605F0024607F50763A3F66A031A8007F5076333
S31508060600A3F66803184640F664031A46002108F05E
S3150806061037FF0023A7F86E3807F50763A3F66A03BC
S315080606201B88002B00F0F98007F50763A3F66A0313
S315080606301B8803F00103002B0FD00123A7F86E3899
S3150806064007F1080320331846FFF7C0FF07F50763C7
S31508060650A3F6680303229A83DFE007F50763A3F682
S315080606606A031B8803F00203002B12D00223A7F89D
S315080606706E38B7F86E2807F1080320331146184670
S31508060680FFF708FB07F50763A3F6680304229A83B0
S31508060690C3E007F50763A3F66A031B8803F004039A
S315080606A0002B12D00423A7F86E38B7F86E2807F180
S315080606B00803203311461846FFF7ECFA07F50763D1
S315080606C0A3F6680304229A83A7E007F50763A3F649
S315080606D06A031B8803F00803002B12D00823A7F821
S315080606E06E38B7F86E2807F1080320331146184600
S315080606F0FFF724FB07F50763A3F6680305229A8323
S315080607008BE007F50763A3F66A031B8803F0100355
S31508060710002B12D01023A7F86E38B7F86E2807F103
S315080607200803203311461846FFF708FB07F5076343
S31508060730A3F6680305229A836FE007F50763A3F60F
S315080607406A031B8803F02003002B12D02023A7F880
S315080607506E38B7F86E2807F108032033114618468F
S31508060760FFF7ECFA07F50763A3F6680305229A83EB
S3150806077053E007F50763A3F66A031B8803F04003ED
S31508060780002B12D04023A7F86E38B7F86E2807F163
S315080607900803203311461846FFF72EFB07F50763AD
S315080607A0A3F6680306229A8337E007F50763A3F6D6
S315080607B06A031B8803F08003002B12D08023A7F850
S315080607C06E38B7F86E2807F108032033114618461F
S315080607D0FFF712FB07F50763A3F6680306229A8353
S315080607E01BE007F50763A3F66A031B8803F4807301
S315080607F0002B12D04FF48073A7F86E38B7F86E2818
S3150806080007F10803203311461846FFF7F5FA07F5E8
S315080608100763A3F6680306229A83B7F86E38002B91
S315080608202FD007F50763A3F66803B7F86E289A82EA
S31508060830164B1A6807F50763A3F668039A6107F560
S315080608400763A3F668039B69002B06D107F50763BA
S31508060850A3F668034FF0FF329A6107F108030521EC
S315080608601846FFF757F90346002B05D0B7F86E3832
S315080608701846FFF7DBF804E0B7F86E381846FFF7B0
S31508060880D5F800BF07F50767BD4680BD4C9800201A
S3150806089080B5ADF6780D00AF07F67803A3F66C03B8
S315080608A0186007F67803A3F50763196007F6780351
S315080608B0A3F674031A6007F67803A3F664031846C4
S315080608C040F664031A46002108F0DAFD07F67803AF
S315080608D0A3F6640307F67802A2F674021268DA65C6
S315080608E007F67803A3F507631868DFF7F9FC0346E6
S315080608F0591C07F67803A3F5076307F1140202F1F4
S3150806090014000A46196809F0ADFE07F1140303F147
S31508060910140207F67803A3F66C031146186804F062
S315080609208BFB022007F022FE0346002B14D007F0A5
S31508060930B3FD0F490F4807F077FD07F67803A3F6C8
S31508060940740307F1140202F114011A680A4807F03B
S315080609506BFD0A4807F068FD07F114030C211846D3
S31508060960FFF7D8F800BF07F67807BD4680BD00BF73
S3150806097060E5060870E50608C8E6060890E506086E
S3150806098080B5ADF50B6D00AF07F50B63A3F6AC03A3
S3150806099018600A4607F50B63A3F6AE031A8007F531
S315080609A00B63A3F6A403184640F664031A46002109
S315080609B008F066FD07F50B63A3F6AE031A8807F17A
S315080609C00C0303F1140107F50B63A3F6AC031868C9
S315080609D004F03EFA022007F0C9FD0346002B1DD097
S315080609E007F05AFD1349144807F01EFD07F50B6371
S315080609F0A3F6A4039B8A194607F50B63A3F6A40375
S31508060A00B3F816351A4607F50B63A3F6AC031B6847
S31508060A100A4807F009FD0A4807F006FD07F10C0320
S31508060A200D211846FFF776F800BF07F50B67BD4692
S31508060A3080BD00BF60E5060870E50608E8E6060814
S31508060A4090E5060880B5ADF5076D00AF07F50763AF
S31508060A50A3F66C03186007F50763A3F6640318463E
S31508060A6040F664031A46002108F00AFD07F50763EF
S31508060A70A3F66C031868DFF733FC0346591C07F51B
S31508060A800763A3F66C0307F10C0202F116000A4681
S31508060A90196809F0E7FD07F50763A3F6640301225B
S31508060AA09A82022007F062FD0346002B10D007F053
S31508060AB0F3FC0D490D4807F0B7FC07F50763A3F6DF
S31508060AC06C0319680A4807F0AFFC0A4807F0ACFC3D
S31508060AD007F10C030D211846FFF71CF800BF07F5AA
S31508060AE00767BD4680BD00BF60E5060870E50608CF
S31508060AF00CE7060890E5060880B483B000AF786070
S31508060B007B685B6A5B6803F04073002B14BF01239E
S31508060B100023DBB218460C37BD465DF8047B7047E2
S31508060B20B0B590B002AF786007F1300300221946D7
S31508060B302C48E7F726FB07F11C0300221946294825
S31508060B40E7F73CFA7B6803F174047B685B6A03F192
S31508060B50090507F11C0307F1300207F10C002249C3
S31508060B600091102107F0A6FB02467B68DB68013375
S31508060B70019300922B461D4A4021204608F0C6FBE3
S31508060B8078637B6B3F2B13DD082007F0EFFC0346E3
S31508060B90002B0DD007F080FC1549164807F044FCD3
S31508060BA07A6B4021144807F03FFC144807F03CFCD2
S31508060BB0022007F0DBFC0346002B0ED007F06CFC80
S31508060BC00B490C4807F030FC7B68743319460C4809
S31508060BD007F02AFC094807F027FC00BF3837BD4648
S31508060BE0B0BD00BF304400207CE7060898E7060833
S31508060BF0A4E70608A8E70608B0E70608D4E706083D
S31508060C00D8E7060880B582B000AF78607B685B7A5D
S31508060C10062B25D87B685B7A062B21D8022007F097
S31508060C20A5FC0346002B33D007F036FC204921489D
S31508060C3007F0FAFB7B685B7A1F4A1B0113440C33E1
S31508060C4019687B689B7A1C4A1B0113440C331B687C
S31508060C501A461A4807F0E8FB194807F0E5FB17E0B5
S31508060C60022007F083FC0346002B11D007F014FC7C
S31508060C700F49104807F0D8FB7B685B7A19467B68EC
S31508060C809B7A1A460F4807F0CFFB0D4807F0CCFBB0
S31508060C907B685A7A7B681A727B689A7A7B685A7274
S31508060CA07B6808229A7200BF0837BD4680BD00BF1A
S31508060CB0A4E70608A8E7060804080708F4E70608E6
S31508060CC0D4E7060814E8060880B586B000AF78604B
S31508060CD0E2F704FC38617B68DB691B69FB60002365
S31508060CE07B617B68002B49D0FB68002B04D03A69E8
S31508060CF0FB68D31A7B6159E07B68DB699B78022B14
S31508060D0020D0022B23DC002B02D0012B0DD01EE0AF
S31508060D107B685B6A184603F043F80346002B40D007
S31508060D207B68DB693A691A613BE07B685B6A184649
S31508060D3003F060F80346002B35D07B68DB693A6911
S31508060D401A6130E07B68DB693A691A612EE0082089
S31508060D5007F00CFC0346002B27D007F09DFB164927
S31508060D60164807F061FB7B68DB699B7819461448C9
S31508060D7007F05AFB134807F057FB16E0082007F05A
S31508060D80F5FB0346002B11D007F086FB0A490B48EC
S31508060D9007F04AFB0C4807F047FB0A4807F044FBEE
S31508060DA004E000BF02E000BF00E000BF7B6918460A
S31508060DB01837BD4680BD00BFA4E70608A8E706089B
S31508060DC034E80608D4E7060858E8060890B585B054
S31508060DD000AF786039607868FFF776FF0346114AF0
S31508060DE0A2FB03239B09FB60FA683B689A428CBF01
S31508060DF001230023FB72FB7A002B0DD07B6803F5D3
S31508060E008163094A1C46134607CB20606160A260C7
S31508060E101A889B78A281A373FB7A18461437BD46AF
S31508060E2090BD00BFD34D621064E80608B0B586B01B
S31508060E3000AF78600023FB750023BB757B685B6A89
S31508060E409B6D3B617B685B6A184602F0EBFDF860B2
S31508060E507B685B6A184602F03AFD0346BB607B6808
S31508060E605B6A5B6D07EE903AB8EEE77AFB6807EEC3
S31508060E70903AF8EEE77AB4EEE77AF1EE10FACCBFD6
S31508060E8001230023BB757B68DB699B78002B34D16D
S31508060E90BB7D002B05D07B68DB691B6BFA689A421B
S31508060EA00BDD7B68DB691B6A7A68D26892F865206F
S31508060EB002FB03F3BA689A4201DB012300E000232A
S31508060EC0FB75FB7D03F00103FB75FB7D002B0AD042
S31508060ED07B6803F58163224A1C4615460FCD2060BA
S31508060EE06160A260E3607B685B6AFA6807EE902A2F
S31508060EF0F8EEE77AC3ED147A2CE07B68DB699B7813
S31508060F00012B25D1BB68002B0DDB7B68DB691B6BC8
S31508060F107A68D26892F8652002FB03F3BA689A42A1
S31508060F2001DC012300E00023FB75FB7D03F00103CA
S31508060F30FB75FB7D002B0DD07B6803F58163094A9B
S31508060F401C4615460FCD20606160A260E36001E08D
S31508060F50FB7D00E0FB7D18461837BD46B0BD00BFD1
S31508060F6074E8060884E80608B0B584B000AF786069
S31508060F700023FB737B685B6A184602F0CFFD87ED94
S31508060F80020AD7ED027AB0EEE77A7B68DB69D3ED1B
S31508060F900D7AB4EEE77AF1EE10FACCBF01230023F8
S31508060FA0FB73FB7B002B0FD07B6803F58163094A2D
S31508060FB01D4614460FCC28606960AA60EB60238834
S31508060FC0A2782B821346AB74FB7B18461037BD46B0
S31508060FD0B0BD00BF94E80608B0B584B000AF786027
S31508060FE00023FB737B685B6A184602F097FC87ED5D
S31508060FF0020A7B68DB69D3ED0A7A97ED027AB4EEC4
S31508061000E77AF1EE10FACCBF01230023FB73FB7BCC
S31508061010002B0CD07B6803F58163074A1D461446E8
S315080610200FCC28606960AA60EB6023782B74FB7B7B
S3150806103018461037BD46B0BDA8E80608B0B584B050
S3150806104000AF78600023FB737B68DB69002B00F032
S31508061050F6807B6893F82130002B01D00123FB73B9
S315080610607B68DB699B78022B00F08C80022B00F3E9
S31508061070BF80002B02D0012B42D0B9E07B685B6AA1
S31508061080184602F08DFE0346002B00F0D5807868D8
S31508061090FFF7CCFE03461A46FB7B1343DBB2002B4F
S315080610A014BF01230023FB737868FFF75DFF034629
S315080610B01A46FB7B1343DBB2002B14BF012300231E
S315080610C0FB737868FFF788FF03461A46FB7B1343CC
S315080610D0DBB2002B14BF01230023FB737B68DB6995
S315080610E0DB6A19467868FFF771FE03461A46FB7BE4
S315080610F01343DBB2002B14BF01230023FB739BE0CB
S315080611007B685B6A184602F075FE0346002B00F0FC
S3150806111095807868FFF78AFE03461A46FB7B1343D3
S31508061120DBB2002B14BF01230023FB737868FFF795
S315080611301BFF03461A46FB7B1343DBB2002B14BF81
S3150806114001230023FB737868FFF746FF03461A4612
S31508061150FB7B1343DBB2002B14BF01230023FB736F
S315080611607B68DB69DB6A19467868FFF72FFE034654
S315080611701A46FB7B1343DBB2002B14BF012300235D
S31508061180FB735BE07B68DB69D3ED077AF5EE407A9D
S31508061190F1EE10FA1AD07B685B6A184602F0BEFBB7
S315080611A0B0EE407A7B68DB69D3ED077AB4EEE77A68
S315080611B0F1EE10FA4CBF01230023DBB21A46FB7B7D
S315080611C01343002B14BF01230023FB737B68DB69DB
S315080611D09B6919467868FFF7F9FD03461A46FB7BAD
S315080611E01343DBB2002B14BF01230023FB7326E04F
S315080611F07B6803F58163144A1C4615460FCD2060A5
S315080612006160A260E360102007F0B0F90346002B80
S315080612100FD007F041F90D490D4807F005F97B6827
S31508061220DB699B7819460B4807F0FEF80A4807F06B
S31508061230FBF80123FB7302E000BF00E000BFFB7B5F
S3150806124018461037BD46B0BDBCE80608A4E706082A
S31508061250A8E70608CCE80608D4E7060880B584B0E9
S3150806126000AF78607B689A697B68DA617B680022DA
S315080612705A607B685B6A00225A607B687433402230
S315080612800021184608F0FCF87868FFF7BBFC7B686F
S315080612905B6A0021184602F005FD7B68012283F881
S315080612A054207B685B6A00225A607B68114A93421F
S315080612B004D1114B012283F8F02A09E07B680F4A0C
S315080612C0934205D10C4B03F58053022283F8242555
S315080612D0786801F01BFC7B689B7AFB737B68FA7B54
S315080612E09A727B680022C3F8042400BF1037BD46ED
S315080612F080BD00BF404C00202C000020CC500020AA
S3150806130080B483B000AF78607B6801229A727B68E6
S315080613105B7A062B7B68002283F8022200BF0C370D
S31508061320BD465DF8047B704780B483B000AF78602D
S3150806133000BF0C37BD465DF8047B704780B582B0A2
S3150806134000AF78607B6803F581631422202118466E
S3150806135008F096F87868FFF755FC7B685B6A002103
S31508061360184602F09FFC00BF0837BD4680BD80B50B
S3150806137082B000AF78600021786801F0E6FB7B68EA
S315080613805B6A184602F0B2FC00BF0837BD4680BD48
S3150806139080B582B000AF78607B68DA697B689B693E
S315080613A09A4202D17868FFF7BBFB00BF0837BD46ED
S315080613B080BD0000F0B585B002AF78607868FFF7A3
S315080613C021FC7B685B6A0121184602F06BFC022049
S315080613D007F0CCF80346002B21D007F05DF82D4917
S315080613E02D4807F021F87B685B6A1B781C462B4854
S315080613F000F0BEFC03461D46294800F0B9FC034624
S315080614001E46284800F0B4FC0346009333462A468F
S315080614102146254807F008F8244807F005F87B68AA
S315080614201E4A93420DD11E4800F0A2FC034683F0DD
S315080614300103DBB2002B04D000211D48F6F7B6FAE5
S3150806144023E07B68164A93420DD1144800F090FCB7
S31508061450034683F00103DBB2002B04D000211448AF
S31508061460F6F7A4FA11E07B6893F8B4301946114AE0
S315080614704FF4EC7301FB03F313441B78012B04D1D9
S3150806148000210B48F6F792FAFFE700BF0C37BD4670
S31508061490F0BD00BFA4E70608A8E70608404C0020EA
S315080614A0CC50002058550020E4E80608D4E706087C
S315080614B0344C0020242D002080B584B000AF786017
S315080614C00021786801F041FB7B685B6A184602F0E2
S315080614D00DFCE2F703F8F8607B681B69FA68D31A0D
S315080614E07A68928A934206D90021786801F0AEF99D
S315080614F07B68FA681A6100BF1037BD4680BD0000D2
S3150806150080B582B000AF78607B689B7A012B43D0A2
S315080615107B68DB699B78022B1CD0022B25DC002B0B
S3150806152002D0012B0BD020E07B685B6A03211846A4
S3150806153002F0B8FB01211A48F6F738FA2CE07B6860
S315080615405B6A0421184602F0ADFB01211448F6F73A
S315080615502DFA21E07B685B6A0221184602F0A2FB97
S3150806156000210F48F6F722FA16E0082006F0FEFFD5
S315080615700346002B10D006F08FFF0A490A4806F0E4
S3150806158053FF7B68DB699B781946084806F04CFFCB
S31508061590074806F049FFFFE700BF0837BD4680BD86
S315080615A0344C0020A4E70608A8E7060800E906085A
S315080615B0D4E7060890B583B000AF78607868FFF779
S315080615C021FBE1F78BFF02467B681A617B68DB69BC
S315080615D0002B00F09D807B68DC69E1F77FFF0346F8
S315080615E0A3607B68DB6900221A617B685B6A18461A
S315080615F002F046FA7B685B6A184602F06BFA7B6865
S31508061600DB699B78032B40D801A252F823F000BF6A
S31508061610211606084D16060875160608B91606088A
S315080616207B68586A7B68DB69D9697B68DB691B6AEC
S315080616301A4602F0EBFA7B685B6A0321184602F043
S3150806164031FB01213F48F6F7B1F936E07B685A6A5D
S315080616507B68DB691C331946104602F0A3FA7B68D9
S315080616605B6A0421184602F01DFB01213548F6F788
S315080616709DF922E07B685B6A0221184602F012FB96
S3150806168000213048F6F792F917E0082006F06EFFB3
S315080616900346002B11D006F0FFFE2B492B4806F011
S315080616A0C3FE7B68DB699B781946294806F0BCFEAB
S315080616B0284806F0B9FE00E000BF7B68002283F8DA
S315080616C021207B68DA697B689B699A4206D17B6822
S315080616D04033002219462048E6F770FC7B6803F576
S315080616E0816314222021184607F0CAFE786801F09D
S315080616F00DFA7B685B6A00221A727B68DA697B6870
S315080617009B699A4219D10121786801F09FF814E07D
S31508061710102006F02BFF0346002B0BD006F0BCFE66
S3150806172009490A4806F080FE0C4806F07DFE094877
S3150806173006F07AFE7B6805229A7200BF0C37BD460C
S3150806174090BD00BF344C0020A4E70608A8E70608A3
S3150806175000E90608D4E70608304400201CE906080E
S3150806176080B584B000AF78607B685B6A184602F07D
S31508061770BDFAE1F7B3FEF8607B681B69FA68D31A07
S315080617807A68928A934206D90021786801F05EF84B
S315080617907B68FA681A617868FFF750FC0346002BDF
S315080617A007D07B6804229A727B685B6A00221A72E3
S315080617B0B9E07868FFF7A0F90346002B5ED07B6888
S315080617C05B6A93F90830DBB20133DAB27B685B6A87
S315080617D052B21A727B685B6A93F90830042B40F397
S315080617E0A280102006F0C2FE0346002B15D006F08E
S315080617F053FE5149514806F017FE7B685B6A5968DD
S315080618007B685B6A1B781A467B685B6A09334C48B1
S3150806181006F00AFE4B4806F007FE7B6805229A7212
S315080618207B68D3F80434002B7DD0022006F09EFE92
S315080618300346002B11D006F02FFE3F493F4806F017
S31508061840F3FD7B68D3F804147B6874331A463E485E
S3150806185006F0EAFD3B4806F0E7FD7B6803F17401EE
S315080618607B6803F501727B68D3F80434374802F0BF
S31508061870E7FF7B680022C3F8042454E07B685B6AAA
S31508061880184601F004FD034683F00103DBB2002B7C
S3150806189049D0102006F06AFE0346002B13D006F040
S315080618A0FBFD2549254806F0BFFD7B685B6A1B7864
S315080618B019467B685B6A09331A46254806F0B4FD5D
S315080618C0204806F0B1FD7B6805229A727B68D3F834
S315080618D00434002B27D0022006F048FE0346002BC8
S315080618E011D006F0D9FD1449144806F09DFD7B680B
S315080618F0D3F804147B6874331A46164806F094FD22
S31508061900104806F091FD7B6803F174017B6803F5C0
S3150806191001727B68D3F804340C4802F091FF7B68A1
S315080619200022C3F804240021786801F00EF900BFE6
S315080619301037BD4680BD00BFA4E70608A8E7060817
S3150806194044E90608D4E706087CE90608A4E9060871
S31508061950B4E90608ECE9060880B582B000AF7860F7
S315080619607B685B6A0121184602F09CF97B685B6A0C
S31508061970184602F0BBF900BF0837BD4680BD90B5CC
S3150806198083B000AF78607868FFF73CF97B685B6AD6
S315080619900121184602F086F97B685B6A184602F04A
S315080619A0A5F97B68DC69E1F799FD0346E36000BFA4
S315080619B00C37BD4690BD80B582B000AF78607B68AF
S315080619C05B6A0121184600F0A7F90346002B1AD0D0
S315080619D07B68DB695B68002B03D17B6806229A72F3
S315080619E007E07B68DB695A687B68DA617B680322ED
S315080619F09A720021786801F0A8F87B685B6A9B6D85
S31508061A001846FDF7FFFC00BF0837BD4680BD80B403
S31508061A1083B000AF786000BF0C37BD465DF8047B1F
S31508061A207047000080B582B000AF78607868FFF727
S31508061A30E9F87B685B6A5A687B685A607B685B6A02
S31508061A400121184602F02EF90821034801F066FA24
S31508061A5000BF0837BD4680BD84AB002080B582B07E
S31508061A6000AF7860786800F0BBF900BF0837BD4656
S31508061A7080BD80B483B000AF78607B689A697B685E
S31508061A80DA6100BF0C37BD465DF8047B7047000077
S31508061A90F0B585B002AF78607868FFF7B3F87B686B
S31508061AA05B6A0121184602F0FDF80921784801F01B
S31508061AB035FA022006F05AFD0346002B22D006F018
S31508061AC0EBFC7449744806F0AFFC744800F050F90C
S31508061AD003461C46724B93F8F03A1D46714800F0C9
S31508061AE047F903461A466E4B03F5805393F8243591
S31508061AF0009313462A4621466B4806F095FC6B4822
S31508061B0006F092FC654800F033F90346002B28D008
S31508061B10634B93F8F03A032B23D1022006F026FDF1
S31508061B200346002B16D006F0B7FC5A495A4806F063
S31508061B307BFC5F4B93F8C03019465D4B93F84C35E2
S31508061B401A465B4B93F8D8395A4806F06DFC57483F
S31508061B5006F06AFC564B93F8C0207B6883F8B420D7
S31508061B602FE0504800F004F90346002B29D04C4BC9
S31508061B7003F5805393F82435032B22D1022006F069
S31508061B80F5FC0346002B16D006F086FC414942486A
S31508061B9006F04AFC464B93F8C0301946444B93F870
S31508061BA04C351A46424B93F8D839434806F03CFC5E
S31508061BB03E4806F039FC3E4B93F84C257B6883F87D
S31508061BC0B420022006F0D2FC0346002B26D006F0E7
S31508061BD063FC3049304806F027FC7B685B6A1B784D
S31508061BE01C462E4800F0C4F803461D462D4800F04C
S31508061BF0BFF803461E46314800F0BAF803461A46A9
S31508061C007B6893F8B4300193009233462A462146F8
S31508061C102B4806F009FC254806F006FC7B681F4A91
S31508061C2093420DD11F4800F0A3F8034683F001033B
S31508061C30DBB2002B04D000211D48F5F7B7FE23E0DA
S31508061C407B68184A93420DD1144800F091F803466A
S31508061C5083F00103DBB2002B04D000211448F5F704
S31508061C60A5FE11E07B6893F8B4301946154A4FF479
S31508061C70EC7301FB03F313441B78012B04D10021F3
S31508061C800B48F5F793FEFFE700BF0C37BD46F0BDD8
S31508061C9084AB0020A4E70608A8E70608404C0020FF
S31508061CA02C000020CC50002020EA0608D4E70608B7
S31508061CB0344C002048EA06086CEA060858550020FF
S31508061CC090EA0608242D002080B582B000AF786019
S31508061CD00021786800F039FF7B685B6A184602F0CF
S31508061CE005F800BF0837BD4680BD000080B582B03E
S31508061CF000AF78607B6803F58163142220211846B5
S31508061D0007F0BEFB034802F0DBFC00BF0837BD46FA
S31508061D1080BD00BFA4E9060880B485B000AF786028
S31508061D200B46FB707B681B78032B0FD10E4BFB60AB
S31508061D300E4BBB60FB685B7DFA789A420DD1BB6891
S31508061D405B7DFA789A4208D1012307E07B685B7DBA
S31508061D50FA789A4201D1012300E00023184614377F
S31508061D60BD465DF8047B704794AB002018AC00208E
S31508061D7080B483B000AF78607B68002B12D07B688E
S31508061D805B7A022B07D07B685B7A032B03D07B68CA
S31508061D905B7A042B01D1012300E0002303F001033B
S31508061DA0DBB200E0002318460C37BD465DF8047B17
S31508061DB0704780B483B000AF78607B68002B07D085
S31508061DC07B685B7A022B0CBF01230023DBB200E09B
S31508061DD0002318460C37BD465DF8047B704700009D
S31508061DE0F0B587B002AF78607B68002B00F0838178
S31508061DF07868FFF7BDFF0346002B05D07B685B684E
S31508061E0043F000527B685A607B6806229A72022063
S31508061E1006F0ACFB0346002B22D006F03DFBB8497C
S31508061E20B84806F001FBB848FFF7A2FF03461C466A
S31508061E30B64B93F8F03A1D46B548FFF799FF0346A1
S31508061E401A46B24B03F5805393F824350093134686
S31508061E502A462146AF4806F0E7FAAF4806F0E4FAFE
S31508061E60A948FFF785FF0346002B28D0A74B93F80A
S31508061E70F03A032B23D1022006F078FB0346002B03
S31508061E8016D006F009FB9E499E4806F0CDFAA34BE6
S31508061E9093F8C0301946A14B93F84C351A469F4B12
S31508061EA093F8D8399E4806F0BFFA9B4806F0BCFA5E
S31508061EB09A4B93F8C0207B6883F8B4202FE09448A1
S31508061EC0FFF756FF0346002B29D0904B03F58053A0
S31508061ED093F82435032B22D1022006F047FB034646
S31508061EE0002B16D006F0D8FA8549864806F09CFADD
S31508061EF08A4B93F8C0301946884B93F84C351A46E0
S31508061F00864B93F8D839874806F08EFA824806F043
S31508061F108BFA824B93F84C257B6883F8B42002200B
S31508061F2006F024FB0346002B26D006F0B5FA7449BC
S31508061F30744806F079FA7B685B6A1B781C46724811
S31508061F40FFF716FF03461D467148FFF711FF0346BE
S31508061F501E467548FFF70CFF03461A467B6893F834
S31508061F60B4300193009233462A4621466F4806F056
S31508061F705BFA694806F058FA7B68634A93420DD1BC
S31508061F806348FFF7F5FE034683F00103DBB2002B31
S31508061F9004D000216148F5F709FD22E07B685C4A12
S31508061FA093420DD15848FFF7E3FE034683F0010333
S31508061FB0DBB2002B04D000215848F5F7F7FC10E0F1
S31508061FC07B6893F8B4301946594A4FF4EC7301FB0B
S31508061FD003F313441B78012B03D100214F48F5F769
S31508061FE0E5FC7B6893F8B430FB607B685B6A1B7814
S31508061FF0012B3CD1454B93F8F02A444B83F8962B94
S31508062000424B012283F8F02A404BD3F8EC3A5B6A36
S3150806201005225A75464AFB684FF4EC7101FB03F331
S3150806202013441B78012B60D1384B03F5805393F87C
S315080620302425364B03F5805383F8CA25334B03F517
S315080620408053022283F82425304B03F58053D3F8B0
S3150806205020355B6A05225A75304B062283F8A22478
S315080620602E4BD3F8B0342D4AC2F8B4343DE07B681B
S315080620705B6A1B78022B38D1244B03F5805393F8F9
S315080620802425224B03F5805383F8CA251F4B03F5EF
S315080620908053022283F824251C4B03F58053D3F874
S315080620A020355B6A05225A75214AFB684FF4EC719E
S315080620B001FB03F313441B78012B16D1134B93F834
S315080620C0F02A124B83F8962B104B012283F8F02A36
S315080620D00E4BD3F8EC3A5B6A05225A750F4B062265
S315080620E09A750E4B5B6A0D4A93620921114800F0F0
S315080620F015FF012300E0002318461437BD46F0BD38
S31508062100A4E70608A8E70608404C00202C0000208D
S31508062110CC500020CCEA0608D4E70608344C002042
S3150806212048EA06086CEA060858550020F0EA060842
S31508062130242D002084AB002080B582B000AF7860DD
S315080621407B68002B0BD07868FFF712FE0346002B38
S3150806215003D07B68012283F82120012300E00023AF
S3150806216018460837BD4680BD80B584B000AF78608E
S315080621707B68002B7ED07B685B6A184601F087F879
S31508062180034683F00103DBB2002B04D07B680522E5
S315080621909A7200236FE07B685B7A062B03D17B680D
S315080621A000229A7210E07B685B7A052B09D17B6858
S315080621B003225A727B6803229A727B6800225A6047
S315080621C002E07B6803229A727B6893F8B430FB6058
S315080621D02B4AFB684FF4EC7101FB03F313441B7897
S315080621E0012B3FD1274B93F8F02A264B83F8962BDB
S315080621F0244B032283F8F02A224B03F5805393F8DF
S315080622002425204B03F5805383F8CA251D4B03F571
S315080622108053032283F824257B681B4A934206D1FA
S315080622207B6893F8B420194B83F84C251AE07B682B
S31508062230174A934206D17B6893F8B420134B83F862
S31508062240C0200FE07B68124A93420BD17B6893F84D
S31508062250B4200E4B83F8C0207B6893F8B4200B4B4A
S3150806226083F84C257B685B6823F000527B685A60C6
S31508062270012300E0002318461037BD4680BD00BF7F
S31508062280242D00202C000020404C0020344C002031
S31508062290CC50002080B485B000AF78607B6893F890
S315080622A0B430FB600B4AFB684FF4EC7101FB03F391
S315080622B013441B78012B7B68002B04D07B6800220D
S315080622C09A72012300E0002318461437BD465DF8C6
S315080622D0047B7047242D002080B584B000AF786053
S315080622E07B68002B1BD07B6893F8B430FB600E4ADC
S315080622F0FB684FF4EC7101FB03F313441B78012BBF
S315080623007868FFF735FD0346002B08D07B6802225E
S315080623109A727B68012283F85420012300E0002381
S3150806232018461037BD4680BD242D002080B483B0DC
S3150806233000AF78607B68002B07D07B689B69002B0B
S3150806234014BF01230023DBB200E0002318460C372E
S31508062350BD465DF8047B704780B582B000AF7860ED
S315080623607B68002B40D07B689B7A082B12D17B684A
S315080623705B7A1F4A1B01134404331B68002B33D0B0
S315080623807B685B7A1A4A1B01134404331B68786810
S31508062390984729E07B685B7A062B11D87B685B7AB7
S315080623A0134A1B01134408331B68002B08D07B68A5
S315080623B05B7A0F4A1B01134408331B6878689847EB
S315080623C07B689B7A062B0FD87B689B7A084A1B0183
S315080623D013441B68002B07D07B689B7A044A1B01AB
S315080623E013441B687868984700BF0837BD4680BD02
S315080623F00408070880B582B000AF78600B46FB7004
S31508062400FB784C4A4FF4EC7101FB03F313441B7833
S31508062410012B7868FFF7CDFC0346002B11D07B68A5
S315080624205B6A9B6D002B07D07B685B6A9B6D0122F6
S3150806243007211846FCF7D2FF7868FFF795FE03468C
S3150806244074E07868FFF794FC0346002B13D008203F
S3150806245006F08CF80346002B0BD006F01DF8364915
S31508062460364805F0E1FF364805F0DEFF354805F043
S31508062470DBFF05235AE0FB78092B44D8FB784FF493
S31508062480EC7202FB03F32B4A13447968184605F0E7
S3150806249091F97B68FA7883F8B4207B685B6A9B6D4A
S315080624A0002B16D07B685B6A9B6D012207211846AE
S315080624B0FCF794FF7B685B6A9B6D7A68D268C3F8FB
S315080624C07C297B685B6A9B6D7A6892F8B42083F8E8
S315080624D085297B682833002219461B48E5F751FEED
S315080624E07B682C33002219461748E5F767FD7B6893
S315080624F0012283F802227B6800229A657868FFF72C
S3150806250033FE034612E0082006F030F80346002B91
S315080625100BD005F0C1FF0849084805F085FF0B48AA
S3150806252005F082FF074805F07FFF0123184608379E
S31508062530BD4680BD242D0020A4E70608A8E70608A0
S3150806254028EB0608D4E706083044002054EB0608AC
S3150806255080B584B000AF78607B68002B2AD07B688C
S3150806256093F8B430FB601F4AFB684FF4EC7101FB25
S3150806257003F313441B78012B7B685B6A9B6D002B60
S3150806258018D07868FFF7D8FD7B685B6A9B6D184696
S31508062590FCF75BFF034683F00103DBB2002B07D08B
S315080625A07B685B6A9B6D052207211846FCF716FFB2
S315080625B0012312E0082005F0D9FF0346002B0BD0AD
S315080625C005F06AFF0849094805F02EFF084805F090
S315080625D02BFF084805F028FF002318461037BD4686
S315080625E080BD00BF242D0020A4E70608A8E7060834
S315080625F08CEB0608D4E7060880B584B000AF786089
S315080626007B68002B1ED07B6893F8B430FB60104AB3
S31508062610FB684FF4EC7101FB03F313441B78012B9B
S315080626207868FFF7DDFB7B685B6A9B6D002B07D036
S315080626307B685B6A9B6D022207211846FCF7CEFE6D
S31508062640012300E0002318461037BD4680BD00BFAB
S31508062650242D002080B582B000AF786039603B68CB
S315080626601B78052B25D801A252F823F0DF26060883
S31508062670852606089B260608A3260608AB26060808
S31508062680932606083B689B7819467868FFF7B2FED4
S3150806269028E07868FFF75CFF24E07868FFF7ACFF68
S315080626A020E07868FFF718FE1CE07868FFF7F2FD69
S315080626B018E0082005F05AFF0346002B11D005F04E
S315080626C0EBFE0A490A4805F0AFFE3B681B78194631
S315080626D0084805F0A9FE084805F0A6FE01E000BF71
S315080626E000E000BF00BF0837BD4680BDA4E7060860
S315080626F0A8E70608A0EB0608D4E7060880B58AB058
S3150806270000AF786039607B685B6A184600F09CFD06
S3150806271002463B681A607B685B6A9B6D93F8843948
S31508062720032B04D1474B5A7D3B681A7103E07B6835
S315080627305A7A3B681A7107F10C0319467868F6F750
S3150806274019FD7B6893F82E3019467B6893F82D3069
S315080627501A4613461B019B1A9B00CA187B6893F8F0
S315080627602C3019464FF4616301FB03F313441A46EA
S315080627703B689A607B685B6A9B6D93F88439032B82
S315080627800AD1304B9B6A1A783B681A732D4B9B6A9B
S315080627905A783B689A7309E07B68DB691A783B685E
S315080627A01A737B68DB695A783B689A737B685B6A37
S315080627B09B6D93F885391A464FF4EC7302FB03F3BF
S315080627C0214A13447B627B68DB691B781A461346E3
S315080627D0DB0013449B0068337A6A134404333B626E
S315080627E03B6A1B78002B0DD03B6A1B78012B07D05A
S315080627F03B6A1B78022B01D1022304E0052302E07B
S31508062800012300E000233A6853737B685B6A9B6D75
S3150806281093F88439032B08D10A4B1A6B3B68103395
S315080628201946104601F092FB07E07B685A6A3B6830
S3150806283010331946104601F089FB00BF2837BD46F6
S3150806284080BD00BF344C0020242D002090B58FB0E3
S3150806285000AF78600B46FB700023FB6207F1200386
S3150806286000221A605A609A6005F0C0FD04467B6825
S3150806287003F128027B682C331946104605F08EFDAF
S315080628800346E31A3B627B68DB691B7887F82430C4
S315080628907B68DB695B7887F825307B685B6A184650
S315080628A001F0C0F803461BB2FB847B685B6A1846D0
S315080628B001F00DF803469BB23B857B685B6A1846B2
S315080628C001F02CF8F0EE407A9FED7D7A67EE877A6E
S315080628D0FDEEE77A17EE903A1BB27B857B6893F88E
S315080628E00232002B07D000233B6200233B857B6818
S315080628F0002283F8022207F120031846FCF7F1FDA9
S3150806290007F1200207F12C036E491846F3F78FFCE8
S31508062910034687F8373097F83730002B13D1082047
S3150806292005F024FE0346002B0BD005F0B5FD6649D7
S31508062930664805F079FD664805F076FD654805F0B2
S3150806294073FD0023B8E07B68D3F80434C3F5007238
S31508062950FB6A9A4240D2082005F008FE0346002B79
S3150806296012D005F099FD5849584805F05DFDF96AF3
S315080629707B68D3F80434C3F500731A46564805F03F
S3150806298053FD544805F050FD022005F0EFFD0346B9
S31508062990002B11D005F080FD4B494C4805F044FD47
S315080629A07B68D3F804147B6874331A464B4805F0DB
S315080629B03BFD484805F038FD7B6803F174017B68E2
S315080629C003F501727B68D3F80434454801F038FFED
S315080629D07B680022C3F80424F86A7B68D3F80434B3
S315080629E003F500737A68134404331946FCF751FD58
S315080629F038637B68D3F804243B6B134403F50073EA
S31508062A007A681344191D7B68D3F804243B6B134470
S31508062A10C3F5007207F10C031846F2F757FF7B68F1
S31508062A20D3F80424F96A3B6B0B441A447B68C3F84B
S31508062A30042407F1200207F10C0322491846F3F786
S31508062A40B2FB034687F8373097F8373083F0010329
S31508062A50DBB2002B01D000232EE07B68D3F80434C2
S31508062A60B3F5007F27D3022005F080FD0346002B29
S31508062A7011D005F011FD1449144805F0D5FC7B68FC
S31508062A80D3F804147B6874331A46144805F0CCFC4C
S31508062A90104805F0C9FC7B6803F174017B6803F5E9
S31508062AA001727B68D3F804340D4801F0C9FE7B68C9
S31508062AB00022C3F80424012318463C37BD4690BDB8
S31508062AC00000C84260020708A4E70608A8E7060841
S31508062AD0C0EB0608D4E70608DCEB060808EC060889
S31508062AE0A4E9060880B582B000AF786039607B68CD
S31508062AF0DB6801331A460449386806F03BFC00BF12
S31508062B000837BD4680BD00BF24EC060880B582B0EE
S31508062B1000AF78607B68B833A4220021184606F011
S31508062B20AFFC7B6803F5AE73A4220021184606F0AF
S31508062B30A7FC7B68012283F800227B68012283F8BA
S31508062B40012200BF0837BD4680BD80B582B000AFFA
S31508062B5078600B46FB70FB78002B0ED07B68B83383
S31508062B6019467868FFF7CAFD7B68002283F80022B3
S31508062B707B68012283F8012206E07B6803F5AE73BB
S31508062B8019467868FFF7BAFD00BF0837BD4680BD07
S31508062B9080B584B000AF78607868FFF7E9F8034631
S31508062BA083F00103DBB2002B29D04FF40073FB60D8
S31508062BB07B68D3F80434002B21D07B68012283F87E
S31508062BC003227B68D3F80434FA68934228BF13466F
S31508062BD0FB607B6803F174017B6803F50172FB6889
S31508062BE0094801F02DFE7B68D3F80424FB68D21A3F
S31508062BF07B68C3F804247B68002283F8032200BF97
S31508062C001037BD4680BD00BFA4E9060880B483B068
S31508062C1000AF78607B68002B02D07B6800221A70AA
S31508062C20002318460C37BD465DF8047B704780B40A
S31508062C3083B000AF78607B68002B09D07B681B7869
S31508062C4003F00203002BCCBF01230023DBB200E00E
S31508062C50002318460C37BD465DF8047B704700000E
S31508062C6080B58CB000AF3B4683E803003B68002B73
S31508062C7042D0E4F785FDF862A023BB62BB6A01333E
S31508062C80FA6AB2FBF3F23B68B2FBF3F3013B7B62EB
S31508062C901B4B1C4A1A601A4ABB6A5360184B002219
S31508062CA09A60174A7B6AD360154B00221A61144B41
S31508062CB000229A611248E6F75DF907F10803002231
S31508062CC01A605A609A60DA601A615A619A616023D4
S31508062CD0BB607B6A5B08FB6000233B610023BB6124
S31508062CE007F10803042219460548E7F723F80421DD
S31508062CF00348E6F7F7F900E000BF3037BD4680BD62
S31508062D0074450020000C004080B582B000AF05234C
S31508062D10BB710023FB7112E0FB79114ADB001344F1
S31508062D2093E80300FFF79CFFFB790D4ADB00134483
S31508062D305B681846E0F7DEFBFB790133FB71FA7927
S31508062D40BB799A42E8D3074B1B6800229A6304218B
S31508062D500448E6F7D9FA00BF0837BD4680BD00BF66
S31508062D60742600207445002080B582B000AF7860CE
S31508062D70022005F0FBFB0346002B11D005F08CFB61
S31508062D801149124805F050FB7B685B7819467B6843
S31508062D909B781A460E4805F047FB0E4805F044FB95
S31508062DA07B685A787B681A707B689A787B685A704B
S31508062DB07B6805229A70E0F791FB02467B685A60A3
S31508062DC000BF0837BD4680BD8CEC060894EC06089D
S31508062DD05CED0608C4EC060880B582B000AF7860DC
S31508062DE07868FFF7C1FF0021034800F097F800BF8F
S31508062DF00837BD4680BD00BF84AB002080B483B0CB
S31508062E0000AF786000BF0C37BD465DF8047B704797
S31508062E1080B483B000AF786000BF0C37BD465DF856
S31508062E20047B704780B582B000AF78607868FFF794
S31508062E309BFF00BF0837BD4680BD80B483B000AF90
S31508062E40786000BF0C37BD465DF8047B704780B4D2
S31508062E5083B000AF78607B6800221A7200BF0C3711
S31508062E60BD465DF8047B704780B584B000AF7860D0
S31508062E707868FFF779FF7B68DB681A687B681B7AD0
S31508062E80DB00134493E80300FFF7EAFE7B689B78AA
S31508062E90FB737B68FA7B9A7000BF1037BD4680BD08
S31508062EA080B584B000AF7860E0F718FB02467B6809
S31508062EB05B68D21A7B68DB6819687B681B7ADB0055
S31508062EC00B445B689A4207D9FFF71EFF7B689B7817
S31508062ED0FB737B6801229A7000BF1037BD4680BD1A
S31508062EE080B582B000AF786004210B48E6F70CFA85
S31508062EF07B681B7A0133DAB27B681A727B681A7AA0
S31508062F007B68DB681B799A4202D37B6801229A7032
S31508062F1000BF0837BD4680BD7445002080B483B01F
S31508062F2000AF78600B46FB707B685B78032B53D043
S31508062F307B6800221A72FB780A2B45D801A252F83A
S31508062F4023F000BF712F0608792F0608812F060879
S31508062F50892F0608912F0608992F0608A12F060815
S31508062F60A92F0608B12F0608B92F0608C12F060885
S31508062F707B681C4ADA602BE07B681B4ADA6027E026
S31508062F807B681A4ADA6023E07B68194ADA601FE02A
S31508062F907B68154ADA601BE07B68144ADA6017E034
S31508062FA07B68134ADA6013E07B68124ADA600FE038
S31508062FB07B68114ADA600BE07B68104ADA6007E03C
S31508062FC07B680F4ADA6003E07B680B4ADA6000BF63
S31508062FD07B6802229A7000E000BF0C37BD465DF892
S31508062FE0047B7047DC280020F428002004290020EA
S31508062FF0FC280020EC280020142900200C29002093
S31508063000E428002080B582B000AF78607B68002B84
S3150806301040D07B689B78052B12D17B685B781F4A64
S315080630201B01134404331B68002B33D07B685B787B
S315080630301A4A1B01134404331B687868984729E023
S315080630407B685B78032B11D87B685B78134A1B0170
S31508063050134408331B68002B08D07B685B780F4A35
S315080630601B01134408331B68786898477B689B7866
S31508063070032B0FD87B689B78084A1B0113441B68E9
S31508063080002B07D07B689B78044A1B0113441B68F0
S315080630907868984700BF0837BD4680BD7408070894
S315080630A080B582B000AF78607B685B7D052B27D834
S315080630B07B689B7D052B23D8022005F057FA034625
S315080630C0002B37D005F0E8F97B68093319462148FD
S315080630D005F0AAF97B685B7D1F4A1B0113440C336E
S315080630E019687B689B7D1C4A1B0113440C331B68B5
S315080630F01A461A4805F098F9194805F095F919E097
S31508063100022005F033FA0346002B13D005F0C4F95E
S315080631107B68093319460F4805F086F97B685B7D97
S3150806312019467B689B7D1A460E4805F07DF90C48BC
S3150806313005F07AF97B685A7D7B681A757B689A7DED
S315080631407B685A757B6807229A7500BF0837BD469D
S3150806315080BD00BFA4ED0608B4080708ACED06084E
S31508063160D0ED0608D4ED060880B485B000AF7860C1
S3150806317039600023FB6010E07B6893F82030194617
S315080631807B68FA68063253F822303A6892FBF1F2FF
S31508063190C3F89021FB680133FB607B6893F82030FF
S315080631A01A46FB689342E7DB7B683A689A6200BF71
S315080631B01437BD465DF8047B7047000080B584B0B9
S315080631C000AF78600B46FB700023BB600023FB60EC
S315080631D028E07B68FA68063253F82230FA781146F0
S315080631E0184603F023FAB860BB68002B17D00220EE
S315080631F005F0BCF90346002B0FD005F04DF97B68A0
S31508063200093319460D4805F00FF9BA68F9680C48E6
S3150806321005F00AF90B4805F007F900230AE0FB68EA
S315080632200133FB607B6893F820301A46FB689342A5
S31508063230CFDB012318461037BD4680BDA4ED060828
S31508063240F8ED0608D0ED060880B485B000AF7860BC
S315080632500023FB600023BB600BE07B68BA68063276
S3150806326053F822301B68FA681343FB60BB680133C0
S31508063270BB607B6893F820301A46BB689342ECDB42
S31508063280FB6818461437BD465DF8047B704780B45C
S3150806329085B000AF78600123FB730023BB6016E098
S315080632A0FB7B002B0AD07B68BA68063253F82230B5
S315080632B093F86D31002B01D0012300E00023FB7340
S315080632C0FB7B03F00103FB73BB680133BB607B68BA
S315080632D093F820301A46BB689342E1DBFB7B184617
S315080632E01437BD465DF8047B704780B485B000AFD9
S315080632F0786039600023FB601AE07B6893F8203013
S315080633001A46FB6893420BDA7B68FA68063253F864
S315080633102220FB6839680B4492F86D211A7004E07E
S31508063320FB683A68134400221A70FB680133FB608F
S31508063330FB68012BE1DD00BF00BF1437BD465DF80B
S31508063340047B704780B584B000AF78600023FB73B2
S315080633507868FFF7A5FE7B6800225A607B681B78AB
S3150806336003F00103002B08D0FB7B5A1CFA731A4696
S315080633707B680632184943F822107B681B7803F0E7
S315080633800203002B08D0FB7B5A1CFA731A467B6885
S315080633900632124943F82210FB7B002B13D1102064
S315080633A005F0E4F80346002B0DD005F075F87B68A2
S315080633B0093319460A4805F037F80A4805F034F875
S315080633C0094805F031F87B68FA7B83F8202000BFA8
S315080633D01037BD4680BD00BF1C290020202B0020C3
S315080633E0A4ED060850EE0608D0ED060880B483B0AC
S315080633F000AF78607B6893F82030002B03D07B6893
S3150806340001229A7502E07B6805229A7500BF0C3779
S31508063410BD465DF8047B704780B483B000AF78601C
S3150806342000BF0C37BD465DF8047B704780B582B091
S3150806343000AF78607868FFF733FE01217868FFF7F2
S31508063440BDFE034683F00103DBB2002B04D04FF022
S315080634508071786800F0F8FC00BF0837BD4680BD65
S3150806346080B582B000AF78607868FFF7EDFE024651
S31508063470054B1340002B02D07B6805229A7500BFC0
S315080634800837BD4680BD00BF8278080080B483B081
S3150806349000AF786000BF0C37BD465DF8047B704701
S315080634A080B582B000AF78607868FFF7F9FD01212C
S315080634B07868FFF783FE034683F00103DBB2002B29
S315080634C004D04FF08071786800F0BEFC00BF08375C
S315080634D0BD4680BD80B582B000AF78607868FFF7D4
S315080634E0B3FE0246054B1340002B02D07B68052225
S315080634F09A7500BF0837BD4680BD00BF82780800AA
S3150806350080B483B000AF786000BF0C37BD465DF85F
S31508063510047B704780B584B000AF78607868FFF79B
S31508063520BFFD0023FB731AE07B689A6A7B6893F8EB
S3150806353020301846F97B7B68063153F8213092FB12
S31508063540F0F2C3F89021FA7B7B68063253F82230EC
S315080635507A68526AC3F88C21FB7B0133FB737B6856
S3150806356093F82030FA7B9A42DED302217868FFF771
S3150806357025FE034683F00103DBB2002B04D04FF485
S315080635808071786800F060FC00BF1037BD4680BDC4
S3150806359080B584B000AF78600023FB7313E0FA7B2E
S315080635A07B68063253F8223093F85031002B07D041
S315080635B0FA7B7B68063253F82230002283F85021BC
S315080635C0FB7B0133FB737B6893F82030FA7B9A42C0
S315080635D0E5D37868FFF738FE0246104B1340002BF2
S315080635E007D04FF08071786800F02EFC7B680522BC
S315080635F09A757868FFF728FE0246094B1340002B92
S3150806360007D04FF08071786800F01EFC7B680122AF
S315080636109A7500BF1037BD4680BD00BF8278080080
S315080636203C86170080B483B000AF786000BF0C37BD
S31508063630BD465DF8047B704780B584B000AF7860F8
S315080636407868FFF72DFD0023FB732AE0FA7B7B6873
S31508063650063253F822300521184602F0E7FF0346DC
S31508063660002B1BD0102004F081FF0346002B15D033
S3150806367004F012FF7B68093319461B4804F0D4FE8A
S31508063680FA7B7B68063253F822300433052219463C
S31508063690164804F0C9FE164804F0C6FEFB7B01333D
S315080636A0FB737B6893F82030FA7B9A42CED37B6805
S315080636B003F134027B689B6A07EE903AF8EEE77ADE
S315080636C0F0EE671A9FED0B1ADFED0A0AB0EE000A4E
S315080636D0104604F0C9FDDFF701FF02467B68DA6487
S315080636E000BF1037BD4680BDA4ED060888EE06085D
S315080636F0D0ED0608CDCC4C3E80B584B000AF7860D8
S315080637000023FB60786800F0E2F8B860BB68B3F59A
S31508063710FA6F13D2102004F029FF0346002B0DD0AA
S3150806372004F0BAFE7B68093319464B4804F07CFE5A
S315080637304A4804F079FE4A4804F076FE7B681B6B15
S31508063740002B14D1102004F011FF0346002B47D096
S3150806375004F0A2FE7B68093319463F4804F064FE66
S31508063760404804F061FE3E4804F05EFE38E07B6899
S3150806377093F82C30022B15D0022B1BDC002B02D01B
S31508063780012B04D016E07B681B6BFB6028E07B6880
S315080637901B6B354A02FB03F31A46BB68B2FBF3F307
S315080637A0FB601DE07B681B6B1A46BB68B3FBF2F32E
S315080637B0FB6015E0102004F0D9FE0346002B0FD057
S315080637C004F06AFE2949244804F02EFE7B6893F81D
S315080637D02C301946264804F027FE214804F024FE14
S315080637E0FB68002B08D14FF08071786800F02CFB37
S315080637F07B6805229A750BE07B689B6AFA689A428B
S3150806380006D07B68FA689A62F9687868FFF7ACFCAE
S315080638107868FFF719FD0246164B1340002B07D0AA
S315080638204FF08071786800F00FFB7B6805229A7561
S315080638307868FFF709FD02460F4B1340002B07D0A1
S315080638404FF08071786800F0FFFA7B6801229A7556
S3150806385000BF1037BD4680BDA4ED0608A0EE0608D3
S31508063860D0ED0608D4EE060840420F00FCEE060820
S3150806387004EF0608827808003C86170080B483B0F1
S3150806388000AF786000BF0C37BD465DF8047B70470D
S3150806389080B582B000AF78607868FFF701FC00BF94
S315080638A00837BD4680BD80B483B000AF786000BFD8
S315080638B00C37BD465DF8047B704780B483B000AF0D
S315080638C0786000BF0C37BD465DF8047B704780B448
S315080638D085B000AF78600023FB600023FB720023E7
S315080638E0FB720DE0FA7A7B68063253F82230D3F873
S315080638F030311A46FB681344FB60FB7A0133FB72C8
S315080639007B6893F82030FA7A9A42EBD3FB68184616
S315080639101437BD465DF8047B7047000080B485B051
S3150806392000AF7860184BFB600023FB720023FB721E
S315080639301AE0FA7A7B68063253F82230D3ED4F7AC4
S3150806394097ED037AB4EEE77AF1EE10FA01DDFB6835
S3150806395006E0FA7A7B68063253F82230D3F83C3109
S31508063960FB60FB7A0133FB727B6893F82030FA7AA0
S315080639709A42DED3FB6807EE903AB0EE670A14372A
S31508063980BD465DF8047B7047008088C380B485B061
S3150806399000AF78600023FB600023FB720023FB72EE
S315080639A00DE0FA7A7B68063253F82230D3F84831A6
S315080639B01A46FB681344FB60FB7A0133FB727B6885
S315080639C093F82030FA7A9A42EBD3FB6818461437EE
S315080639D0BD465DF8047B704780B485B000AF786055
S315080639E00023FB600023FB720023FB720DE0FA7AC4
S315080639F07B68063253F82230D3F844311A46FB68F8
S31508063A001344FB60FB7A0133FB727B6893F820301C
S31508063A10FA7A9A42EBD3FB6818461437BD465DF820
S31508063A20047B704780B584B000AF78600023FB60DE
S31508063A300023FB7219E07B685B7D042B07D1786847
S31508063A40FFF7CAFF0246FB689B1AFB600AE07B681B
S31508063A505B7D032B06D17868FFF798FF0246FB685D
S31508063A601344FB60FB7A0133FB727B6893F82030BC
S31508063A70FA7A9A42DFD3FB6818461037BD4680BDE8
S31508063A8080B485B000AF78600023FB6012E07B68DF
S31508063A90FA68063253F822300022C3F848217B68B2
S31508063AA0FA68063253F822300022C3F84421FB6826
S31508063AB00133FB607B6893F820301A46FB6893420D
S31508063AC0E5DB7B6800225A6500BF1437BD465DF8FC
S31508063AD0047B704780B485B000AF78600023FB602E
S31508063AE00BE07B68FA68063253F822304FF000027C
S31508063AF0C3F84C21FB680133FB607B6893F82030DA
S31508063B001A46FB689342ECDB7B684FF000021A659F
S31508063B1000BF1437BD465DF8047B704780B586B08E
S31508063B2000AF78604FF000037B610023FB747B6867
S31508063B301B78184600F080FAF860FB68002B26D03A
S31508063B40F868FEF715F90346002B1DD00023FB740B
S31508063B5013E0FA7C7B68063253F8223093ED537AE3
S31508063B60DFED0F6AC7EE267A97ED057A77EE277A9E
S31508063B70C7ED057AFB7C0133FB747B6893F8203026
S31508063B80FA7C9A42E5D302E04FF000037B617B6933
S31508063B9007EE903AB0EE670A1837BD4680BD00BFF5
S31508063BA000BA5B4A80B485B000AF786039607B6836
S31508063BB01B78032B16D1134BFB603B681A78FB68F8
S31508063BC083F82C203B685A68FB681A630E4BFB6021
S31508063BD03B681A78FB6883F82C203B685A68FB68AA
S31508063BE01A6308E03B681A787B6883F82C203B68DA
S31508063BF05A687B681A63002318461437BD465DF86B
S31508063C00047B704794AB002018AC002080B588B0BA
S31508063C1000AFF860B9607A60FB681B78032B20D181
S31508063C201E4BBB61032000F007FA78617B69002BFF
S31508063C3008D07B69DB6893F865301A467B6802FB11
S31508063C4003F37B60BB69BA689A62BB697A685A628B
S31508063C50134BBB61BB69BA689A62BB697A685A62D2
S31508063C6017E0FB681B78184600F0E6F9F861FB6969
S31508063C70002B08D0FB69DB6893F865301A467B6823
S31508063C8002FB03F37B60FB68BA689A62FB687A688C
S31508063C905A62002318462037BD4680BD94AB0020DD
S31508063CA018AC002080B485B000AF78600B46FB7070
S31508063CB07B681B78032B0AD10A4BFB60FB68FA78EC
S31508063CC09A75094BFB60FB68FA789A7502E07B6879
S31508063CD0FA789A75002318461437BD465DF8047BAC
S31508063CE0704700BF94AB002018AC002080B584B09E
S31508063CF000AF78607B681B78032B0AD1254BFB60DF
S31508063D00F868FFF7F3FF244BFB60F868FFF7EEFF4A
S31508063D103CE07B689B7D072B12D17B685B7D1F4A3F
S31508063D201B01134404331B68002B2FD07B685B7D6D
S31508063D301A4A1B01134404331B687868984725E01A
S31508063D407B685B7D052B11D87B685B7D134A1B0157
S31508063D50134408331B68002B08D07B685B7D0F4A23
S31508063D601B01134408331B68786898477B689B7D54
S31508063D700A4A1B0113441B68002B07D07B689B7DE8
S31508063D80064A1B0113441B687868984700BF103714
S31508063D90BD4680BD94AB002018AC0020B4080708C1
S31508063DA080B584B000AF78600023FB730123BB732C
S31508063DB00023FB7313E0FA7B7B68063253F822303E
S31508063DC0184602F094FC03461A46BB7B1340002BA2
S31508063DD014BF01230023BB73FB7B0133FB737B688C
S31508063DE093F82030FA7B9A42E5D3BB7B1846103700
S31508063DF0BD4680BD80B584B000AF78600023FB73EE
S31508063E000123BB730023FB7313E0FA7B7B68063238
S31508063E1053F82230184602F093FC03461A46BB7B33
S31508063E201340002B14BF01230023BB73FB7B01330E
S31508063E30FB737B6893F82030FA7B9A42E5D3BB7B03
S31508063E4018461037BD4680BD80B582B000AF78608B
S31508063E5039607B685A683B681A437B685A6008204B
S31508063E6004F084FB0346002B11D004F015FB7B688F
S31508063E7009331946084804F0D7FA7B681B783A6866
S31508063E801946064804F0D0FA054804F0CDFA00BFEC
S31508063E900837BD4680BD00BFA4ED060830EF060804
S31508063EA0D0ED060880B500AF204B01221A700A220B
S31508063EB01F49204806F0D6FB1F4B02221A700A2213
S31508063EC01E491F4806F0CEFB1E4B03221A701D4BD1
S31508063ED01D4903F109020B4603CB10605160198888
S31508063EE09B7811819372114B00229A65124B002218
S31508063EF09A65144B00229A650C4B002283F85C20BF
S31508063F000A4B072283F85D200B4B002283F85C20B8
S31508063F10094B072283F85D200A4B002283F85C20AA
S31508063F20084B072283F85D2000BF80BD94AB0020AE
S31508063F3044EF06089DAB002018AC002050EF060893
S31508063F4021AC00209CAC00205CEF060880B584B046
S31508063F5000AF786039607B681A783B685A707B6868
S31508063F6093F820203B689A707B685A7D3B681A70DE
S31508063F707B685A683B68C3F890203B680122DA706A
S31508063F807868FFF7A4FC03461A463B685A607868C1
S31508063F90FFF7C4FCF0EE407A3B68C3ED027A786810
S31508063FA0FFF740FD02463B68DA607868FFF7B6FD1C
S31508063FB0F0EE407A3B68C3ED047A0023FB601CE00A
S31508063FC03968FA6813461B019B1A9B000B4444334F
S31508063FD001221A707B68FA68063253F82200FA68D4
S31508063FE013461B019B1A9B0018333A681344194655
S31508063FF002F0E6FCFB680133FB607B6893F8203029
S315080640001A46FB689342DBDB00BF00BF1037BD4686
S3150806401080BD80B483B000AF786039603B681B7892
S31508064020002B01D0012B00E000BF00BF0C37BD46B0
S315080640305DF8047B7047000080B582B000AF034682
S31508064040FB71FB79032B0AD0032B0ADC012B02D062
S31508064050022B02D005E00E4B16E00E4B14E00E4B73
S3150806406012E0082004F082FA0346002B0BD004F06F
S3150806407013FA0A490A4804F0D7F90A4804F0D4F9A3
S31508064080094804F0D1F9002318460837BD4680BD0D
S31508064090404C0020CC50002058550020FCEE06085F
S315080640A0A4ED060868EF0608D0ED060880B582B0C6
S315080640B000AF0346FB71FB79032B12D0032B16DCE4
S315080640C0012B02D0022B06D011E001211348F3F783
S315080640D0EDFE134B1EE001211048F3F7E7FE114BE0
S315080640E018E002210D48F3F7E1FE0F4B12E008200F
S315080640F004F03CFA0346002B0BD004F0CDF90B4925
S315080641000B4804F091F90B4804F08EF90A4804F0B6
S315080641108BF9002318460837BD4680BD344C002067
S31508064120404C0020CC500020585500208CEF06083D
S3150806413090EF060898EF0608BCEF060880B586B025
S3150806414000AF786000237B6100233B617B681B8890
S31508064150013B042B54D801A252F823F071410608F4
S315080641608F410608C7410608D5410608F5410608DF
S315080641707B685B79012B01D1254B00E0254BFB605B
S315080641807B6804331946F86802F0F4FC3BE07B6862
S315080641905B79032B0CD0032B0DDC012B02D0022BEB
S315080641A003D008E01C4B7B6106E01C4B7B6103E0F1
S315080641B01B4B7B6100E000BF7B68043319467869B0
S315080641C0FFF727FF1FE07B68043319461548F3F700
S315080641D0D9FE18E07B685B791846FFF767FF3861F2
S315080641E03B69002B0ED07B68043319463869FEF7FF
S315080641F031FA07E07B680433184600F099FE02E0B8
S3150806420000BF00E000BF002318461837BD4680BD2C
S315080642101C290020202B002094AB002018AC002077
S315080642209CAC0020344C002080B582B000AF1C4BF5
S315080642301B78FB711A4B1B7883F00103DBB2002B44
S3150806424028D0012217491848EDF738FF03461A46BB
S31508064250164B1A70154B1B78002B0CBF012300232F
S31508064260FB71FB79002B03D00D4B01221A7011E066
S31508064270022004F07BF90346002B0BD004F00CF958
S315080642800B490C4804F0D0F80B4804F0CDF80B4857
S3150806429004F0CAF8FB7918460837BD4680BD00BF44
S315080642A0D8B20020C0EF0608A0B0002020AD002036
S315080642B0C4EF0608D0EF0608D8EF0608F0EF06089A
S315080642C080B400AF00231846BD465DF8047B7047E8
S315080642D080B582B000AF786079681048EEF757FE69
S315080642E003461A460E4B1A700D4B1B78002B0CD03C
S315080642F07868EEF7CDFF03461A46094B1A70084B3F
S315080643001B78002B04D0002303E00448EEF7B2FE20
S31508064310012318460837BD4680BD00BF6CB000208D
S3150806432020AD002090B587B002AFF860B9607A6014
S315080643303B60F868DBF7D4FF0446B868DBF7D0FFBE
S315080643400346E2183B68013B9A4201D900230DE071
S315080643503A680021074805F093F8BB680093FB689E
S31508064360054A3968034804F0D1FF0123184614376D
S31508064370BD4690BDDCB20020F4EF060880B5ADF563
S31508064380A46D00AF07F5A463A3F21453186007F5E6
S31508064390A463A3F5A363196007F5A463A3F21953E7
S315080643A01A70002387F81F35002387F81735022069
S315080643B004F0DCF80346002B0BD004F06DF88749A9
S315080643C0874804F031F8874804F02EF8864804F042
S315080643D02BF8FFF729FF0346002B00F0F78007F1B5
S315080643E0100107F5A463A3F214530022186800F017
S315080643F02FFD022004F0BAF80346002B7AD004F003
S315080644004BF87649764804F00FF807F5A463A3F542
S31508064410A2631B881946754804F006F8724804F024
S3150806442003F867E00023C7F8183537E007F11002E6
S31508064430D7F818359B011344991C07F5A463A3F20C
S31508064440145080236A4A0068FFF76CFF684800F034
S31508064450DBF8034687F81F35022004F087F803467B
S31508064460002B16D004F018F85C495D4803F0DCFF0B
S3150806447007F5A463A3F5A2631B8819465D4B1B784B
S315080644801A46D7F818355C4803F0CEFF564803F0A7
S31508064490CBFFD7F818350133C7F8183507F5A463DF
S315080644A0A3F5A2631B88103BD7F818259A42BDDBED
S315080644B007F1100107F5A463A3F21453002218683E
S315080644C000F0C6FC022004F051F80346002B11D072
S315080644D003F0E2FF4149424803F0A6FF07F5A46345
S315080644E0A3F5A2631B881946404803F09DFF3E487C
S315080644F003F09AFF07F5A463A3F5A2631B88102B9E
S3150806450090D807F5A463A3F5A36107F5A463A3F2F8
S3150806451014508023364A09680068FFF703FF0346E6
S31508064520002B4AD007F5A463A3F214531868FFF7BD
S31508064530CFFE0346002B40D0022004F017F80346A8
S31508064540002B0CD003F0A8FF2449254803F06CFF7E
S3150806455027492A4803F068FF234803F065FF3222F5
S3150806456023492748EDF7F0FD03461A46214B1A70EC
S31508064570204B1B78002B20D107F5A463A3F2195309
S315080645801B78002B19D01E48EEF7CEFA022003F048
S31508064590EDFF0346002B10D003F07EFF0F491048A7
S315080645A003F042FF07F5A463A3F5A3631968154844
S315080645B003F03AFF0C4803F037FF07F5A463A3F2A6
S315080645C019531B78002B01D0FFF77AFE97F81F358B
S315080645D0184607F5A467BD4680BD00BFC4EF0608A2
S315080645E0D0EF0608FCEF0608F0EF060810F00608F6
S315080645F0DCB2002020AD00201CF006083CF00608B8
S315080646003CAE00204CF0060880B586B000AF786050
S315080646100023FB750023BB75FFF706FE0346002B32
S315080646203CD0DEF75BFF38617868EEF786FD034611
S315080646301A461D4B1A70DEF751FFF8601A4B1B789F
S31508064640002B13D1022003F091FF0346002B23D03B
S3150806465003F022FF1549164803F0E6FE7968154861
S3150806466003F0E2FE144803F0DFFE15E0022003F02D
S315080646707DFF0346002B0FD003F00EFF0B490C48AF
S3150806468003F0D2FE084B1B781A4679680B4803F0E6
S31508064690CBFE094803F0C8FEFFF712FEFB7D184657
S315080646A01837BD4680BD00BF20AD0020C4EF0608FA
S315080646B0D0EF06085CF00608F0EF060874F0060860
S315080646C080B5ADF5A36D00AF07F5A363A3F2145342
S315080646D01860002387F81735002387F80F35FFF784
S315080646E0A3FD0346002B00F0948007F1080107F5A1
S315080646F0A363A3F214530022186800F0A9FB02204C
S3150806470003F034FF0346002B7AD003F0C5FE44496E
S31508064710444803F089FE07F5A363A3F5A2631B883D
S315080647201946414803F080FE404803F07DFE67E0DF
S315080647300023C7F8103537E007F10802D7F8103511
S315080647409B011344991C07F5A363A3F2145080230F
S31508064750374A0068FFF7E6FD3548FFF755FF034673
S3150806476087F81735022003F001FF0346002B16D0FB
S3150806477003F092FE2A492B4803F056FE07F5A36373
S31508064780A3F5A2631B8819462A4B1B781A46D7F83F
S315080647901035294803F048FE244803F045FED7F8A5
S315080647A010350133C7F8103507F5A363A3F5A263D9
S315080647B01B88103BD7F810259A42BDDB07F108017E
S315080647C007F5A363A3F214530022186800F040FB0A
S315080647D0022003F0CBFE0346002B11D003F05CFE45
S315080647E00F49104803F020FE07F5A363A3F5A26355
S315080647F01B881946114803F017FE0C4803F014FEE9
S3150806480007F5A363A3F5A2631B88102B90D8FFF7B9
S3150806481057FD97F81735184607F5A367BD4680BDB1
S31508064820C4EF0608D0EF060894F00608F0EF060867
S31508064830DCB2002020AD00201CF0060810F00608A1
S3150806484090B5ADF21C5D00AF07F5A364A4F20C544F
S31508064850206007F5A360A0F5A260016007F5A361CD
S31508064860A1F214510A6007F5A362A2F5A3621360C2
S31508064870002387F81735002387F81635022003F034
S3150806488075FE0346002B0BD003F006FE5B495C4813
S3150806489003F0CAFD5B4803F0C7FD5B4803F0C4FD99
S315080648A0FFF7C2FC0346002B4BD007F5A363A3F517
S315080648B0A26107F5A363A3F20C508023534A09683D
S315080648C00068FFF72FFD0346002B3AD007F5A363CA
S315080648D0A3F20C531868FFF7FBFC0346002B30D0EF
S315080648E032224A494A48EDF72FFC03461A46494BEF
S315080648F01A70484B1B78002B23D0022003F036FE8D
S315080649000346002B0CD003F0C7FD3C493C4803F090
S315080649108BFD3E49404803F087FD3B4803F084FD7E
S3150806492007F5A363A3F5A26107F5A363A3F20C53E0
S31508064930002209681868FFF721FD03461A46354B13
S315080649401A70344B1B78002B4AD107F5A363A3F5D7
S31508064950A36207F5A363A3F21451304B12680968DC
S315080649602B48EDF7EEFE03461A462A4B1A70294BD4
S315080649701B78002B022003F0F9FD0346002B15D001
S3150806498003F08AFD1D491E4803F04EFD07F5A3638D
S31508064990A3F5A36207F5A363A3F5A26312681968CC
S315080649A01F4803F041FD184803F03EFD1848EEF788
S315080649B0BBF8022003F0DAFD0346002B10D003F0FD
S315080649C06BFD0E490E4803F02FFD07F5A363A3F505
S315080649D0A2631968134803F027FD0B4803F024FD64
S315080649E097F81635002B01D0FFF76AFC97F81735A6
S315080649F0184607F21C57BD4690BD00BFC4EF060809
S31508064A00D0EF0608A0F00608F0EF0608DCB200208C
S31508064A103CAE002020AD0020B4F00608D4B2002033
S31508064A20CCF006084CF0060880B586B000AFF860EC
S31508064A30B9607A603B600023FB75FFF7F5FB034612
S31508064A40002B75D080233D4AB968F868FFF76AFCDB
S31508064A500346002B56D0F868FFF73AFC0346002BA8
S31508064A6050D00A2235493648EDF76EFB03461A46F4
S31508064A70344B1A70334B1B78002B2FD1324B3A68BE
S31508064A8079682F48EDF75DFE03461A462D4B1A70D0
S31508064A902C4B1B78002B07D12B4B1B683A689A427E
S31508064AA002D10123FB7515E0022003F05FFD0346DC
S31508064AB0002B0FD003F0F0FC2449254803F0B4FC7C
S31508064AC0204B1B781A461D49224803F0ADFC22489E
S31508064AD003F0AAFC1A48EEF727F826E0022003F0A8
S31508064AE045FD0346002B20D003F0D6FC1749184887
S31508064AF003F09AFCB968194803F096FC164803F0C1
S31508064B0093FC12E0022003F031FD0346002B0DD07C
S31508064B1003F0C2FC0D490E4803F086FC104803F064
S31508064B2083FC0D4803F080FC00E000BFFFF7C8FBD6
S31508064B30FB7D18461837BD4680BD00BFDCB200208F
S31508064B403CAE002020AD0020D4B20020C4EF0608F3
S31508064B50D0EF0608ECF00608F0EF060818F1060886
S31508064B6030F1060880B586B002AFF860B9607A609B
S31508064B703B60374B00221A60FFF756FB0346002BAD
S31508064B8060D08023334AB968F868FFF7CBFB03463B
S31508064B90002B55D001222F492F48EDF7D5FA0346A3
S31508064BA01A462E4B1A702D4B1B78002B27D1284BED
S31508064BB03A6879682848EDF785FC03461A46274B6E
S31508064BC01A70264B1B78002B15D0022003F0CEFC54
S31508064BD00346002B0FD003F05FFC2149214803F05A
S31508064BE023FC1E4B1B781A461A491F4803F01CFC61
S31508064BF01E4803F019FC1848EDF796FF20E0022038
S31508064C0003F0B4FC0346002B1AD003F045FC1449FE
S31508064C10144803F009FC114B1B7819460E4B1B7DED
S31508064C2018460D4B9B690C4A527D01920093034622
S31508064C300A4608490E4803F0F7FB0C4803F0F4FB4E
S31508064C40FFF73EFB024B1B6818461037BD4680BD6C
S31508064C50D4B20020DCB200203CAE002020AD0020F5
S31508064C60C4EF0608D0EF060840F10608F0EF060876
S31508064C7070F1060880B586B000AFF860B9607A604C
S31508064C803B60022003F072FC0346002B0BD003F0B0
S31508064C9003FC5649564803F0C7FB564803F0C4FBBF
S31508064CA0554803F0C1FB554B00221A60FFF7BCFABC
S31508064CB00346002B00F093808023514AB968F868AA
S31508064CC0FFF730FB0346002B00F0878001224C498C
S31508064CD04C48EDF739FA03461A464B4B1A704A4BB7
S31508064CE01B78002B63D1022003F040FC0346002BF9
S31508064CF00CD003F0D1FB3D493D4803F095FB4049EE
S31508064D00424803F091FB3C4803F08EFB79683D4820
S31508064D10EDF734FF03461A463B4B1A703A4B1B7897
S31508064D20002B40D1022003F021FC0346002B0BD0B2
S31508064D3003F0B2FB2D492E4803F076FB344803F000
S31508064D4073FB2D4803F070FB2E4BDB687B617A6993
S31508064D507B68D31AB3F5006F03D27A697B68D31AD0
S31508064D6000E03B6A3B62254B3A6A39682548EDF707
S31508064D70A9FB03461A46244B1A70234B1B78002BAD
S31508064D8011D1022003F0F2FB0346002B0BD003F0E9
S31508064D9083FB1649164803F047FB1E4803F044FBF7
S31508064DA0154803F041FB1748EDF7BEFE15E002204D
S31508064DB003F0DCFB0346002B0FD003F06DFB0B4913
S31508064DC00B4803F031FB104B1B781A460C49124860
S31508064DD003F02AFB084803F027FBFFF771FA074B8F
S31508064DE01B6818461837BD4680BD00BFC4EF0608BF
S31508064DF0D0EF0608B8F10608F0EF0608D4B2002088
S31508064E00DCB200203CAE002020AD0020D0F106081A
S31508064E10E0F10608ECF10608F8F1060880B588B050
S31508064E2002AFF860B9607A603B603B683A6A02FB93
S31508064E3003F37B613B6800937B687A69B968F8680F
S31508064E40FFF718FF034618461837BD4680BD00000B
S31508064E5080B584B000AFF860B9601346FB80BB68BE
S31508064E6000221A80FFF7E0F90346002B53D0F968AB
S31508064E702B48EEF78CF803461A462A4B1A70294B26
S31508064E801B78002B45D128492548EEF719F903461C
S31508064E901A46244B1A70234B1B78002B36D1224B05
S31508064EA09B7D002B32D0204B1B7A03F01003002B78
S31508064EB0E9D1BB68B3F8023501339AB2BB68A3F8E1
S31508064EC00225FB88002B03D0FB88013BFB80DAE72B
S31508064ED0BB681B88132BD6D8BB681B889B01BA6888
S31508064EE0134402333F221149184604F0B7FCBB683F
S31508064EF01B88BA689B011344413300221A70BB68A3
S31508064F001B8801339AB2BB681A80BCE70448EEF7D9
S31508064F10B1F8FFF7D5F900BF1037BD4680BD00BF0B
S31508064F206CB0002020AD002024AD00203AAD00204C
S31508064F3080B584B000AF78607B681B78032B36D8BB
S31508064F4001A252F823F000BFAF4F0608594F0608CC
S31508064F506B4F06087B4F06087B68591C7B685B6C9B
S31508064F601A461648FBF794FC24E07B685B6C9BB2F2
S31508064F7019461248FBF704FD1CE07B685B6C012B9F
S31508064F8002D10F4BFB600CE07B685B6C022B02D1EF
S31508064F900C4BFB6005E07B685B6C032B09D10A4B5F
S31508064FA0FB60FB6874331846FBF74CFD02E000BF4E
S31508064FB000E000BF1037BD4680BD00BF18F20608E0
S31508064FC0404C0020CC5000205855002080B584B0AF
S31508064FD000AF786039600023FB60FFF725F90346C2
S31508064FE0002B1DD08023114A39687868FFF79AF98D
S31508064FF00346002B12D001220C490D48EDF7A4F8FA
S3150806500003461A460B4B1A700A4B1B78002B05D11A
S31508065010074BDB68FB600648EDF786FDFFF750F998
S31508065020FB6818461037BD4680BD00BFDCB20020B7
S315080650303CAE002020AD002080B586B002AF786071
S31508065040396039683B6803F14E023B689B6C0093EE
S315080650504FF400631748FFF7E1FEF860FB689AB25B
S315080650603B68A3F84C203B6819467868FFF7AEFFFD
S3150806507002463B681A64022003F078FA0346002BB8
S3150806508012D003F009FA0C490C4803F0CDF93B682F
S31508065090B3F84C3019463B681B6C1A46084803F0A9
S315080650A0C3F9084803F0C0F9FB6818461037BD4629
S315080650B080BD00BF18F20608C4EF0608D0EF06083A
S315080650C028F20608F0EF060880B584B000AF7860C7
S315080650D00023FB730021786800F066F86420DEF783
S315080650E009FA786800F086FB786800F0ADF803469A
S315080650F0002B01D0FB7B53E00023BB6011E07868E8
S3150806510000F078FB786800F043F90121786801F029
S31508065110ABF97B6850331846F3F7DCFBBB680133FB
S31508065120BB60BB68132BEADD0121786800F03CF802
S315080651306420DEF7DFF9786800F05CFB6420DEF7AA
S31508065140D9F9786800F024F97B68D3F834217B68A6
S31508065150D3F83031A3F5FA739A420BDB7B68D3F89A
S3150806516034217B68D3F8303103F5FA739A4201DCA9
S31508065170012300E00023002B04D18021786801F082
S31508065180D2F905E08021786801F0E7F90123FB7377
S315080651900021786800F008F86420DEF7ABF9FB7B97
S315080651A018461037BD4680BD80B584B000AF786016
S315080651B00B46FB707B68D3F820217B68B3F824314D
S315080651C019461046E0F7BCFE0346012B0CBF012321
S315080651D00023FB73FA7BFB789A4209D07B68D3F8DF
S315080651E020017B68B3F82431FA781946E0F7C0FE41
S315080651F000BF1037BD4680BD80B584B000AF786065
S315080652000B46FB707B68D3F828217B68B3F82C31EC
S3150806521019461046E0F794FE0346012B0CBF0123F8
S315080652200023FB73FA7BFB789A4209D07B68D3F88E
S3150806523028017B68B3F82C31FA781946E0F798FE08
S3150806524000BF1037BD4680BD80B582B000AF786016
S31508065250786801F04CFA0346002B23D07B68D3F80E
S3150806526048310A2B07DD7B68D3F83031B3F5167F4C
S3150806527001DD01231FE000217868FFF795FF64200A
S31508065280DEF738F90221786801F034FE0346194636
S31508065290786800F005F901217868FFF785FF64202C
S315080652A0DEF728F97B68D3F83031B3F5167FCCBF1D
S315080652B001230023DBB218460837BD4680BD000029
S315080652C080B582B000AF78607B685B7E062B27D8F0
S315080652D07B689B7E062B23D8022003F047F90346F4
S315080652E0002B37D003F0D8F87B68043319462348D1
S315080652F003F09AF87B685B7E214A1B0113440C333C
S3150806530019687B689B7E1E4A1B0113440C331B686F
S315080653101A461C4803F088F81B4803F085F819E076
S31508065320022003F023F90346002B13D003F0B4F842
S315080653307B6804331946114803F076F87B685B7E6A
S3150806534019467B689B7E1A46104803F06DF80E4888
S3150806535003F06AF87B685A7E7B681A767B689A7EBB
S315080653607B685A767B68FF229A76DEF7B7F8024696
S315080653707B68DA6100BF0837BD4680BDA4F2060819
S3150806538014090708ACF20608CCF20608D0F2060895
S31508065390F0B58DB006AF7861022003F0E7F803464C
S315080653A0002B3AD003F078F87B6904331946384857
S315080653B003F03AF87B69D3F838313B617B69D3F851
S315080653C03021FA607B69D3F83401B8607B69D3F873
S315080653D048617B69D3F844417C607B69D3F83C31E4
S315080653E01846DBF7E9F804460D467B69D3F84031DB
S315080653F01846DBF7E1F802460B46CDE90423CDE964
S3150806540002457C6801940096BB68FA6839692148A2
S3150806541003F00AF8204803F007F8022003F0A6F876
S315080654200346002B2FD003F037F87B690433194659
S31508065430174802F0F9FF7B69B3F866311C467B69A3
S31508065440B3F85C311D467B69B3F85E311E467B6947
S31508065450B3F86A311A467B69B3F8643119467B692B
S31508065460B3F8623118467B69B3F860310393029044
S315080654700191009233462A462146084802F0D4FF8F
S31508065480054802F0D1FF00BF1C37BD46F0BD00BF78
S31508065490A4F20608F0F20608CCF2060854F3060843
S315080654A080B582B000AF786039607B68D3F818217A
S315080654B07B68B3F81C3119461046E0F741FD0346EA
S315080654C0012B09D14FF40071786801F02CF87B6836
S315080654D00022C3F8302158E07B681B6803F4007382
S315080654E0002B04D04FF40071786801F036F83B6853
S315080654F04EF66022934208DD0421786801F013F817
S315080655007B68012283F86D212CE03B68B3F5167F8C
S3150806551014DA7B68D3F83031B3F5167F03DD7B687A
S31508065520002283F86D217B681B6803F00403002BB1
S3150806553018D00421786801F010F813E07B68D3F8D0
S315080655403031B3F5167F03DA7B68012283F86D21BD
S315080655507B681B6803F00403002B03D004217868D4
S3150806556000F0FBFF3B68B3F5167F05DA4FF48011AA
S31508065570786800F0D8FF04E04FF48011786800F0E8
S31508065580ECFF7B683A68C3F830210837BD4680BD0C
S3150806559080B582B000AF786039603B684EF6602207
S315080655A0934203DD4021786800F0BDFF7B683A68C0
S315080655B0C3F8342100BF0837BD4680BD80B582B022
S315080655C000AF786039603B6841F28732934204DD62
S315080655D00821786800F0A7FF03E00821786800F03C
S315080655E0BCFF7B68D3F828217B68B3F82C311946AB
S315080655F01046E0F7A5FC0346002B08D13B68C82BE6
S3150806560005DD4FF40061786800F08DFF0AE07B68D7
S315080656101B6803F40063002B04D04FF40061786816
S3150806562000F09BFF7B68D3F8903103F5FA733A6866
S315080656309A4205DD4FF48021786800F074FF0AE087
S315080656407B681B6803F48023002B04D04FF4802163
S31508065650786800F082FF7B683A68C3F8442100BF81
S315080656600837BD4680BD80B582B000AF7860396020
S315080656703B6841F28732934204DD0821786800F0D8
S3150806568052FF03E00821786800F067FF7B68D3F8C5
S3150806569020217B68B3F8243119461046E0F750FCFA
S315080656A00346002B08D13B68C82B05DD4FF480510D
S315080656B0786800F038FF0AE07B681B6803F48053B5
S315080656C0002B04D04FF48051786800F046FF7B68BB
S315080656D0D3F8903103F5FA733A689A4205DD4FF422
S315080656E08021786800F01FFF0AE07B681B6803F4D0
S315080656F08023002B04D04FF48021786800F02DFF14
S315080657007B683A68C3F8482100BF0837BD4680BD9E
S3150806571080B483B000AF786087ED000A7B683A6884
S31508065720C3F83C2100BF0C37BD465DF8047B7047BD
S3150806573080B582B000AF786087ED000AD7ED007AAB
S315080657409FED0E7AF4EEC77AF1EE10FA04DD202103
S31508065750786800F0E8FE09E07B681B6803F020031A
S31508065760002B03D02021786800F0F7FE7B683A689C
S31508065770C3F8402100BF0837BD4680BD0000A042D9
S3150806578080B582B000AF786039603B6842F227324E
S31508065790934205DC4FF40051786800F0C4FE21E018
S315080657A03B684BF68032934205DD4FF480417868B4
S315080657B000F0B9FE16E07B681B6803F40053002B5D
S315080657C005D04FF40051786800F0C7FE0AE07B68FA
S315080657D01B6803F48043002B04D04FF48041786895
S315080657E000F0BBFE7B683A68C3F8382100BF083765
S315080657F0BD4680BD80B584B000AF78600023FB60E7
S315080658007B68186C7B6803F5AE717B6893F868311C
S315080658101A46DEF7B5FA0023FB7213E07B6803F136
S315080658202C027B6803F5B57319461046F1F7E4F9B9
S315080658307B68B3F86A311A46FB681344FB60FB7A41
S315080658400133FB72FB7A0F2BE8D9FB681B099AB260
S315080658507B68A3F86A211E20DDF74CFE786801F0FE
S31508065860E5F90221786801F045FB0346194678688A
S31508065870FFF716FE786801F0F5FB034619467868C1
S31508065880FFF786FE786801F02FFC03461946786806
S31508065890FFF794FE786801F057FC034619467868C0
S315080658A0FFF7E1FE786801F033FDF0EE407AB0EED8
S315080658B0670A7868FFF72CFF786801F069FCF0EE4E
S315080658C0407AB0EE670A7868FFF732FF786801F023
S315080658D0DDFD034619467868FFF752FFDDF7FEFD3C
S315080658E002467B685B69D31A41F28832934207D926
S315080658F0DDF7F4FD02467B685A617868FFF748FDCE
S315080659007B68012283F8502100BF1037BD4680BD4B
S3150806591080B584B000AF78607B68D3F844217B688D
S31508065920D3F89031023B9A420ADB7B68D3F84421C6
S315080659307B68D3F8903102339A4201DC012300E0F2
S315080659400023002B34D17B68D3F890217B68D3F8E3
S315080659504431D31AFB60FB68002BB8BF5B4207EEDF
S31508065960903AF8EEE77A9FED147A67EE877AFCEEB8
S31508065970E77A17EE903A7B81FB68002B05DA7B8976
S315080659801946786800F00CFD07E0FB68002B04DD75
S315080659907B891946786800F0DBFC7B68586C7B685F
S315080659A0D3F814117B68D3F854310022DFF720FCAC
S315080659B000BF1037BD4680BD4A0C223F80B588B069
S315080659C000AF78600B46FB700023BB61FB78002BA3
S315080659D003D07B68D3F8903100E00023FB610023EF
S315080659E0FB827B68D3F83031FA6902FB03F3434A34
S315080659F093420FDD7B68D3F83031002B06DD7B68D2
S31508065A00D3F830313D4A92FBF3F300E000233B61BD
S31508065A103B69FB61FB78002B5ED07B68D3F848218F
S31508065A20FB690A3B9A4208DB7B68D3F84821FB697F
S31508065A300A339A4201DC012300E00023002B4BD1EE
S31508065A407B68D3F84831FA69D31ABB61BB6907EE96
S31508065A50903AF8EEE77A9FED2A7A67EE877AFCEEB1
S31508065A60E77A17EE903AFB827B68B3F86A31C3F396
S31508065A700B027B68B3F85831103B9A420CDB7B68FD
S31508065A80B3F86A31C3F30B027B68B3F8583110339F
S31508065A909A4201DC012300E00023002B1CD0BB69D7
S31508065AA0002B0BDAFB8A174AA2FB0323DB089BB2F9
S31508065AB0013B1946786800F0B3FC0DE0BB69002B7C
S31508065AC017DDFB8A0F4AA2FB0323DB089BB20133C9
S31508065AD01946786800F085FC7B6803F120027B6826
S31508065AE0B3F8583119461046F1F7EAF80346FB7338
S31508065AF000E000BF2037BD4680BD00BF80D1F00854
S31508065B0052B81E3FCDCCCCCC80B586B000AF7860F7
S31508065B1039600023FB7500233B610023FB607B6825
S31508065B20D3F834213B68D31A3B613B6913F1950FC9
S31508065B3006DA3969786800F097FC1023FB7525E0C4
S31508065B403B69B3F5FA7F06DA3969786800F08CFCA2
S31508065B501023FB751AE03B69B3F57A7F05DD78688D
S31508065B6000F0BFFC0823FB7510E07B68D3F88C2190
S31508065B707B68D3F83031D31AFB60FB6813F1140F30
S31508065B8002DA0723FB7501E00123FB757B685033B0
S31508065B901846F2F79FFEFB7D18461837BD4680BDA8
S31508065BA080B5DCB000AF07F5B873A3F5B673186011
S31508065BB007F5B873A3F5B6731B6803F5F47307F10F
S31508065BC06C014FF48072184602F018FAC7F86C0191
S31508065BD0D7F86C31002B2DDDD7F86C2107F5B8738D
S31508065BE0A3F58A7307F16C011846EEF763F907F50C
S31508065BF0B873A3F5B473184654231A46002103F05E
S31508065C003FFC07F1080207F15C030D491846EFF752
S31508065C108BFA0346002B0BD007F1080207F5B87373
S31508065C20A3F5B6731146186800F03AFF012302E099
S31508065C30002300E00023184607F5B877BD4680BD61
S31508065C40FC00070880B582B000AF78607868FFF771
S31508065C5037FB7B6800221A607B6803F134027B688F
S31508065C609B6C19461046F1F7DFFA0346002B04D05B
S31508065C700221786800F057FC05E07B683433022178
S31508065C801846F1F728FD7B6803F12C027B689B6CA6
S31508065C9019461046F0F776FF0346002B03D0022175
S31508065CA0786800F040FC7B6803F120027B689B6CF1
S31508065CB019461046F1F7F2F90346002B03D00221DE
S31508065CC0786800F030FC1E20DDF714FC7868FFF7CC
S31508065CD067FF0346002B04D07B68012283F89421CC
S31508065CE008E07B68002283F894214FF4002178683F
S31508065CF000F019FCDDF7F2FB02467B681A617B6841
S31508065D0003F59C727B68C3F80C2100BF0837BD46AD
S31508065D1080BD000080B582B000AF78607B681B68DE
S31508065D20002B04D10121786800F080FC21E07B680D
S31508065D301A68124B1340002B0CD07B689B7B5A1EA5
S31508065D40D1B27A689173002B04D00021786800F0E6
S31508065D506DFC0EE07B681A68094B1340002B04D0CD
S31508065D600121786800F062FC03E00621786800F0F5
S31508065D705DFC00BF0837BD4680BD00BF82780800B7
S31508065D803C86170080B483B000AF786000BF0C3736
S31508065D90BD465DF8047B704780B582B000AF786073
S31508065DA07868FFF78DFA7B6800229A73002178686F
S31508065DB0FFF7FAF96420DDF79DFB00217868FFF7FF
S31508065DC01BFA6420DDF796FB7B685A6C7B68D3F86A
S31508065DD0143119461046DFF77DF900BF0837BD4668
S31508065DE080BD80B582B000AF7860DDF777FB0246E6
S31508065DF07B681B69D31A0A2B07D9DDF76FFB0246A0
S31508065E007B681A617868FFF7F5FC00BF0837BD4658
S31508065E1080BD80B483B000AF786000BF0C37BD463E
S31508065E205DF8047B704780B582B000AF7860786805
S31508065E30FFF746FA00217868FFF7DEF96420DDF7F2
S31508065E4059FB00217868FFF7AFF96420DDF752FBA6
S31508065E507B683222A3F858217B6803F120027B6807
S31508065E60B3F8583119461046F0F72AFF7B684FF003
S31508065E700002C3F84C217868FFF7BCFC00BF083758
S31508065E80BD4680BD80B582B000AF7860DDF726FBDB
S31508065E9002467B681B69D31A0A2B2CD9DDF71EFB2B
S31508065EA002467B681A617868FFF7A4FC7B681A685D
S31508065EB0134B1340002B04D00621786800F0B6FB76
S31508065EC009E07B681A680F4B1340002B03D00121A3
S31508065ED0786800F0ABFB7B68D3F88C31194678688E
S31508065EE0FFF712FE034603F00103012B03D1032134
S31508065EF0786800F09BFB00BF0837BD4680BD00BF2B
S31508065F00827808003C86170080B483B000AF7860B4
S31508065F1000BF0C37BD465DF8047B704780B582B076
S31508065F2000AF78607868FFF7CBF901217868FFF744
S31508065F303BF96420DDF7DEFA00BF0837BD4680BDAB
S31508065F4080B584B000AF7860DDF7C8FA02467B688C
S31508065F501B69D31AFB60FB680A2B44D97B6893ED49
S31508065F60537A7B68D3F848311A46FB6802FB03F373
S31508065F7007EE903AF8EE677A77EE277A7B68C3EDEE
S31508065F80537ADDF7ABFA02467B681A617868FFF73B
S31508065F9031FC7B681A68164B1340002B04D0062181
S31508065FA0786800F043FB1AE07B681A68114B1340C1
S31508065FB0002B04D00121786800F038FB0FE07B68D7
S31508065FC0D3F88C3119467868FFF79EFD034603F029
S31508065FD00703072B03D10421786800F027FB012164
S31508065FE07868FFF7EBFC00BF1037BD4680BD00BFDB
S31508065FF0827808003C86170080B483B000AF7860C4
S3150806600000BF0C37BD465DF8047B704780B582B085
S3150806601000AF78607868FFF753F900BF0837BD46C2
S3150806602080BD000080B584B000AF78600023FB739E
S31508066030DDF754FA02467B681B69D31ABB60BB6850
S315080660400A2B54D9DDF74AFA02467B681A6178683C
S31508066050FFF7D0FB7B681A68294B1340002B04D040
S315080660600621786800F0E2FA09E07B681A68254B8B
S315080660701340002B03D00121786800F0D7FA7B6815
S31508066080D3F88C3119467868FFF73EFD0346FB734D
S31508066090FB7B03F00703072B0DD17B68B3F8583152
S315080660A0002B11D07B68B3F85831013B9AB27B684E
S315080660B0A3F8582108E0FB7B03F01003002B03D056
S315080660C00321786800F0B2FA7B6893ED537A7B6809
S315080660D0D3F848311A46BB6802FB03F307EE903A33
S315080660E0F8EE677A77EE277A7B68C3ED537A00214E
S315080660F07868FFF763FC00BF1037BD4680BD00BF52
S31508066100827808003C86170080B483B000AF7860B2
S3150806611000BF0C37BD465DF8047B704780B584B072
S3150806612000AF78600023FB607868FFF7C9F800219E
S315080661307868FFF739F86420DDF7DCF90121786815
S31508066140FFF75AF86420DDF7D5F97B68D3F890315E
S3150806615007EE903AF8EEE77A9FED247A67EE877AA5
S31508066160FCEEE77A17EE903AFB60FB6807EE903A84
S31508066170F8EE677A9FED1E7AF4EEC77AF1EE10FA14
S3150806618002DD40F65D4208E0FB6807EE903AF8EE57
S31508066190677AFCEEE77A17EE902A7B68C3F85421ED
S315080661A07B685A6C7B68D3F8143119461046DEF7B5
S315080661B091FF1E20DDF79EF97B68586C7B68D3F83D
S315080661C014117B68D3F854310022DFF711F8786882
S315080661D0FFF710FB1E20DDF78DF97B684FF00002EE
S315080661E0C3F84C2100BF1037BD4680BD4A0C223F76
S315080661F000D0454580B584B000AF7860DDF76EF906
S3150806620002467B681B69D31AFB60FB680A2B32D9E0
S31508066210DDF764F902467B681A617868FFF7EAFAD9
S315080662207B681A68164B1340002B04D0062178683B
S3150806623000F0FCF909E07B681A68124B1340002B3C
S3150806624003D00121786800F0F1F97868FFF760FB5A
S315080662507B6893ED537A7B68D3F844311A46FB6814
S3150806626002FB03F307EE903AF8EE677A77EE677A5B
S315080662707B68C3ED537A00BF1037BD4680BD00BFA5
S31508066280827808003C86170080B582B000AF786031
S315080662907B680022C3F854217B68586C7B68D3F860
S315080662A014117B68D3F854310022DEF7A1FF0A20C1
S315080662B0DDF720F97B685A6C7B68D3F814311946E2
S315080662C01046DEF773FF00BF0837BD4680BD80B5AA
S315080662D082B000AF78607868FEF7F2FF7B68002226
S315080662E09A7300217868FEF75FFF6420DDF702F9E6
S315080662F000217868FEF780FF6420DDF7FBF800BF0B
S315080663000837BD4680BD000080B582B000AF78600C
S31508066310DDF7E4F802467B68DB69D31A064A934238
S3150806632003D90021786800F081F97868FFF762FAE0
S3150806633000BF0837BD4680BDC027090080B483B0B4
S3150806634000AF786000BF0C37BD465DF8047B704722
S3150806635080B485B000AF786039607B68D3F854316D
S315080663603A681344FB60FB6807EE903AF8EE677ADC
S315080663709FED0A7AF4EEC77AF1EE10FA02DD40F6D8
S315080663805D43FB607B68FA68C3F854210023184608
S315080663901437BD465DF8047B704700BF00D04545F7
S315080663A080B485B000AF786039600023FB607B68EF
S315080663B0D3F854313A689A4202D90023FB6005E0BD
S315080663C07B68D3F854213B68D31AFB607B68FA6866
S315080663D0C3F85421002318461437BD465DF8047BD6
S315080663E0704780B485B000AF786039607B68B3F8CB
S315080663F058311A463B681344FB60FB68B3F5805F61
S3150806640002D340F6FF73FB60FB689AB27B68A3F873
S315080664105821002318461437BD465DF8047B704795
S3150806642080B485B000AF786039600023FB607B686E
S31508066430B3F858311A463B68934202D90023FB60E3
S3150806644006E07B68B3F858311A463B68D31AFB60F0
S31508066450FB689AB27B68A3F85821002318461437B6
S31508066460BD465DF8047B704780B584B000AF78609A
S3150806647039600123FB733B6813F57A7F02DA282312
S31508066480FB730EE03B6813F5FA7F02DA1423FB73F7
S3150806649007E03B68632B02DC0A23FB7301E0012352
S315080664A0FB737B685033FA7B11461846F2F762F996
S315080664B0B860BB68002B04D0B968786800F033F872
S315080664C00AE07B681A68BB681340BA689A4203D121
S315080664D0B968786800F041F8BB6818461037BD46B3
S315080664E080BD80B584B000AF78607B6850331846A7
S315080664F0F2F772F8F860FB68002B04D0F96878683A
S3150806650000F011F80AE07B681A68FB681340FA6817
S315080665109A4203D1F968786800F01FF8FB681846AE
S315080665201037BD4680BD80B483B000AF7860396049
S315080665307B681A683B681340002B07D17B681A6884
S315080665403B681A437B681A60012300E00023184655
S315080665500C37BD465DF8047B704780B483B000AF40
S31508066560786039607B685B7E062B01D100230FE0D5
S315080665707B681A683B681340002B08D07B681A6844
S315080665803B68DB431A407B681A60012300E0002358
S3150806659018460C37BD465DF8047B704780B582B051
S315080665A000AF78607B689B7EFF2B12D17B685B7E8B
S315080665B01D4A1B01134404331B68002B2FD07B6826
S315080665C05B7E194A1B01134404331B68786898478F
S315080665D025E07B685B7E062B11D87B685B7E124AB4
S315080665E01B01134408331B68002B08D07B685B7EA7
S315080665F00D4A1B01134408331B68786898477B685D
S315080666009B7E094A1B0113441B68002B07D07B682F
S315080666109B7E054A1B0113441B687868984700BF8A
S315080666200837BD4680BD00BF1409070880B485B083
S3150806663000AF78600B46FB700023FB60FB78062BE1
S3150806664002D0FB78002B05D17B68FA789A76002368
S31508066650FB6045E07B685B7E002B05D1FB78012B4A
S3150806666002D00123FB603BE07B685B7E062B08D0E5
S31508066670FB78012B05D17B68FA789A760023FB60AE
S315080666802EE07B685B7E062B03D07B685B7E002B41
S3150806669002D10123FB6023E0FB78012B03D07B683C
S315080666A05B7E012B05D17B68FA789A760023FB6018
S315080666B016E07B685B7E012B0FD97B685B7E042B15
S315080666C00BD8FB78012B08D9FB78042B05D87B68F1
S315080666D0FA789A760023FB6002E04FF48073FB6033
S315080666E0FB6818461437BD465DF8047B704780B5C7
S315080666F084B000AF78607B68D3F820217B68B3F84E
S31508066700243119461046DFF71BFC0346012B0CBF3E
S3150806671001230023FB737B685B7E032B03D07B6810
S315080667205B7E042B04D1FB7B002B01D0012300E002
S31508066730002303F00103DBB218461037BD4680BDB9
S3150806674080B584B000AF78607B68D3F828217B686B
S31508066750B3F82C3119461046DFF7F2FB0346012B30
S315080667600CBF01230023FB737B685B7E052B04D1D4
S31508066770FB7B002B01D0012300E0002303F0010375
S31508066780DBB218461037BD4680BD000080B500AF9F
S31508066790754B764A9A64744B754A1A64724B754AEF
S315080667A0DA64714B734A9A656F4B0022DA656E4B4B
S315080667B0704AC3F8B0206C4B0422C3F8B4206A4B5F
S315080667C06D4A5A64684B4FF48062A3F81C21664BDF
S315080667D06A4AC3F81821644B0222A3F82421624B9D
S315080667E0674AC3F82021604B4FF40072A3F82C21A0
S315080667F05D4B644AC3F828215B4B0022C3F8142173
S31508066800594B45F22852C3F87421574BC922A3F8A7
S315080668108421554B41F2CC02C3F87821524BF52216
S31508066820A3F88621504B4FF44372C3F87C214E4B8E
S31508066830FE22A3F888214C4B4FF49672C3F88021A2
S31508066840494BFF22A3F88A21474B4DF6C022C3F8C7
S315080668507021454B40F6A202A3F86E21424B06224A
S3150806686083F8682107224849484803F0FBFE0B22AD
S315080668704749484803F0F6FE474B484A9A64464B4A
S31508066880474A1A64444B474ADA64434B454A9A656B
S31508066890414B0022DA65404B424AC3F8B0203E4BCC
S315080668A00422C3F8B4203C4B334A5A643A4B4FF495
S315080668B00062A3F81C21384B3B4AC3F81821364B0D
S315080668C04FF48072A3F82421334B384AC3F82021A3
S315080668D0314B4FF48062A3F82C212F4B294AC3F873
S315080668E028212D4B1022C3F814212B4B45F228528A
S315080668F0C3F87421284BC922A3F88421264B41F2F2
S31508066900CC02C3F87821244BF522A3F88621224B1C
S315080669104FF44372C3F87C211F4BFE22A3F8882145
S315080669201D4B4FF49672C3F880211B4BFF22A3F822
S315080669308A21194B4DF6C022C3F87021164B40F62C
S31508066940A202A3F86E21144B062283F868210722B1
S315080669501749184803F086FE0B221749174803F00D
S3150806696081FE00BF80BD00BF1C2900208843002089
S31508066970D84100202845002074430020000400481A
S3150806698000140048000C0048B0F306082029002029
S31508066990B8F30608042B0020202B0020DC43002031
S315080669A044420020C0450020000800480010004860
S315080669B0C4F30608242B0020CCF30608082D00206D
S315080669C080B483B000AF786039607B685A7E3B68CE
S315080669D05A707B681A683B685A607B682F4A9342E6
S315080669E001D1012200E002223B681A707B68D3F8BF
S315080669F030213B689A607B68D3F834213B68DA60B5
S31508066A007B68D3F83C213B681A617B68D3F840213A
S31508066A103B685A617B68D3F844213B689A617B6870
S31508066A20D3F848213B68DA617B68D3F84C213B6882
S31508066A305A627B68D3F838213B681A627B6893F8F2
S31508066A406D213B6883F828203B6893F82C30002B89
S31508066A501DD07B68B3F85C213B68DA857B68B3F89A
S31508066A605E213B681A867B68B3F860213B685A86BE
S31508066A707B68B3F862213B689A867B68B3F864211B
S31508066A803B68DA867B68B3F86A213B681A8700BFD3
S31508066A900C37BD465DF8047B704700BF1C290020ED
S31508066AA080B483B000AF786039603B685A687B6803
S31508066AB0C3F898213B689A687B68C3F89C213B68AB
S31508066AC0DA687B68C3F8A0213B681A697B68C3F84D
S31508066AD0A4213B685A697B68C3F8A8213B689A696A
S31508066AE07B68C3F8AC213B68DA697B68C3F8B821CA
S31508066AF03B681A6A7B68C3F8BC213B685A6A7B6896
S31508066B00C3F8C0213B689A6A7B68C3F8C4213B6808
S31508066B10DA6A7B68C3F8C8213B681A6B7B68C3F8D0
S31508066B20CC213B685A6B7B68C3F8D0213B689A6BC5
S31508066B307B68C3F8D4213B68DA6B7B68C3F8D8212F
S31508066B403B681A6C7B68C3F8DC213B685A6C7B6821
S31508066B50C3F8E0213B689A6C7B68C3F8E4217B6836
S31508066B60012283F8942100BF0C37BD465DF8047BE5
S31508066B707047000080B582B000AF786039603B6820
S31508066B801B78052B4DD801A252F823F0216C06086E
S31508066B90A56B0608BB6B0608D96B0608F76B0608CD
S31508066BA0196C06083B689B78002B14BF0123002343
S31508066BB0DAB27B6883F8942133E03B689B78002B2E
S31508066BC014BF01230023DBB219467868FEF7ECFAF0
S31508066BD06420DCF78FFC24E03B689B78002B14BF07
S31508066BE001230023DBB219467868FEF705FB642005
S31508066BF0DCF780FC15E03B685A687B68C3F8902189
S31508066C003B689A687B68C3F88C213B689B7819466B
S31508066C107868FFF70BFD04E07868FEF755FA00E09A
S31508066C2000BF00BF0837BD4680BD00BF80B584B02B
S31508066C3000AF78600023FB730123FB730223FB7303
S31508066C400323FB730423FB737B6893F86831052BD0
S31508066C5001D90523FB73022001F088FC0346002BA5
S31508066C6025D001F019FC7B6804331946874801F0DC
S31508066C70DBFBFB7B7A68AC335B0013449B881946BF
S31508066C80FB7B7A68AC335B0013449B881A4640F64E
S31508066C90E44302FB03F3002B01DA03F6FF731B1327
S31508066CA01A467B4801F0C0FB7A4801F0BDFB012372
S31508066CB0FB73022001F05AFC0346002B25D001F08F
S31508066CC0EBFB7B6804331946704801F0ADFBFB7B8A
S31508066CD07A68AC335B0013449B881946FB7B7A6853
S31508066CE0AC335B0013449B881A4640F6E44302FB22
S31508066CF003F3002B01DA03F6FF731B131A466648DD
S31508066D0001F092FB634801F08FFB0223FB73022016
S31508066D1001F02CFC0346002B25D001F0BDFB7B6851
S31508066D2004331946594801F07FFBFB7B7A68AC3376
S31508066D305B0013449B881946FB7B7A68AC335B0079
S31508066D4013449B881A4640F6E44302FB03F3002BDA
S31508066D5001DA03F6FF731B131A46504801F064FB63
S31508066D604C4801F061FB0323FB73022001F0FEFB8E
S31508066D700346002B25D001F08FFB7B6804331946A2
S31508066D80424801F051FBFB7B7A68AC335B0013443F
S31508066D909B881946FB7B7A68AC335B0013449B8851
S31508066DA01A4640F6E44302FB03F3002B01DA03F620
S31508066DB0FF731B131A463A4801F036FB354801F0AD
S31508066DC033FB0423FB73022001F0D0FB0346002B9A
S31508066DD025D001F061FB7B68043319462B4801F080
S31508066DE023FBFB7B7A68AC335B0013449B88194606
S31508066DF0FB7B7A68AC335B0013449B881A4640F6DD
S31508066E00E44302FB03F3002B01DA03F6FF731B13B5
S31508066E101A46244801F008FB1E4801F005FB7B6864
S31508066E2093F86831052B2DD90523FB73022001F04B
S31508066E309DFB0346002B25D001F02EFB7B68043309
S31508066E401946124801F0F0FAFB7B7A68AC335B0008
S31508066E5013449B881946FB7B7A68AC335B0013445C
S31508066E609B881A4640F6E44302FB03F3002B01DA35
S31508066E7003F6FF731B131A460B4801F0D5FA0548A5
S31508066E8001F0D2FA00BF1037BD4680BDD8F3060812
S31508066E90E0F3060804F4060808F406082CF40608BF
S31508066EA050F4060874F4060898F4060880B485B003
S31508066EB000AFF8600B467A607B817B8907EE903ACD
S31508066EC0F8EE677AB0EE670A1437BD465DF8047BB6
S31508066ED0704780B485B000AFF86087ED020A79601E
S31508066EE0BB6807EE903AB0EE670A1437BD465DF8FA
S31508066EF0047B704780B586B000AF78600B46FB709A
S31508066F0000233B610023FB607B6893F83B309AB20B
S31508066F10FB787968C0335B000B449B889A4222D07B
S31508066F207B6803F13400FB787A68C0335B00134448
S31508066F309B88DBB21946F0F7CEFB0120DCF7DAFAB6
S31508066F400A20DCF7D7FA7B68186C7B6803F5AE71FE
S31508066F507B6893F868311A46DCF712FF0346FB721C
S31508066F600120DCF7C7FA7B68B3F85C311A4640F6A7
S31508066F70E44302FB03F3002B01DA03F6FF731B1344
S31508066F803B61FB787A685C339B0013445B687A68D6
S31508066F90B2F86E211A447B68D3F8703113443A69FD
S31508066FA003FB02F2FB7879685C339B000B445B684B
S31508066FB07968B1F86E110B44B2FBF3F399B2FB7814
S31508066FC03233DB007A68134408331A467868FFF7C3
S31508066FD06DFFF0EE407AFCEEE77A17EE903AFB6024
S31508066FE0FB6842F21072934202D80023FB751DE035
S31508066FF0FB6847F23052934202D80123FB7515E027
S31508067000FB684EF66022934202D80223FB750DE012
S315080670107B6803F134027B68B3F88A31DBB219461A
S315080670201046F0F758FB4EF6602316E0FA7DFB7815
S315080670309A420CD37B6803F134027B68B3F888312D
S31508067040DBB219461046F0F746FBFB6805E0FB7D02
S3150806705019467868FFF74EFF034618461837BD46A1
S3150806706080BD000080B584B000AF78600023FB6061
S315080670700023BB607B68B3F85E311A4640F6E443E4
S3150806708002FB03F3002B01DA03F6FF731B13FB60FF
S31508067090FA6813461B019B1A9B009B1A114AA2FB08
S315080670A003235B0899B27B6803F5DC731A4678688E
S315080670B0FFF7FCFEF0EE407AFCEEE77A17EE903A1A
S315080670C0BB607B6803F134027B68B3F88831DBB2B0
S315080670D019461046F0F7E4FABB6818461037BD4657
S315080670E080BD00BFABAAAAAA80B584B000AF7860F7
S315080670F07B68B3F864311A4640F6E44302FB03F3A9
S31508067100002B01DA03F6FF731B13FB60FB68642288
S3150806711002FB03F30B4A82FB03121211DB17D31A7F
S3150806712099B27B6803F5E8731A467868FFF7BEFED8
S31508067130F0EE407AFDEEE77A17EE903A18461037E3
S31508067140BD4680BD4FECC44E80B582B000AF7860B0
S315080671507B68B3F86A311A4642F2107302FB03F3E8
S31508067160002B01DA03F6FF731B1399B27B6803F546
S31508067170E4731A467868FFF799FEF0EE407AFDEE54
S31508067180E77A17EE903A18460837BD4680BD0000DE
S3150806719080B586B000AF78604FF000037B617B68E8
S315080671A0B3F86031B3F5805F07D94FF48001786884
S315080671B0FFF7B9F9DFED4E7A89E07B68B3F86031F7
S315080671C01846D9F7E7F902460B4643A1D1E9000165
S315080671D0D9F774FB02460B46104619464FF00002CD
S315080671E0444BD9F789F802460B463DA1D1E9000179
S315080671F0D9F764FB02460B4610461946D9F70CFD25
S3150806720003463B61D7ED047A9FED3B7AC7EE876A5C
S3150806721016EE900AD9F7D0F902460B4643EC102B20
S3150806722005F0CEFF53EC102B10461946D9F7F4FC99
S3150806723003467B61D7ED057A9FED307A67EE877A46
S315080672409FED2F7A37EE877AD7ED057ADFED2D6A29
S3150806725067EEA66AD7ED057A66EEA77A37EE277A37
S31508067260D7ED057ADFED286A67EEA66AD7ED057AC1
S3150806727066EEA76AD7ED057A66EEA77A77EE277AD7
S3150806728017EE900AD9F798F902460B464FF0000012
S315080672901849D9F713FB02460B461046194612A398
S315080672A0D3E90023D9F728F802460B4610461946AD
S315080672B0D9F7B2FC0346FB607B6803F5EC731946FF
S315080672C097ED030A7868FFF704FEF0EE407AB0EE0B
S315080672D0670A1837BD4680BD0000000000FEAF40AD
S315080672E0000000000088C34066666666661271403E
S315080672F0339388C30000F03F00401C46027E863959
S315080673000FCF5B3B3AE22E367BEB87330000000055
S3150806731080B586B000AF78604FF000037B617B6866
S31508067320B3F86231B3F5805F07D94FF40011786870
S31508067330FFF7F9F8DFED4E7A89E07B68B3F8623134
S315080673401846D9F727F902460B4643A1D1E90001A3
S31508067350D9F7B4FA02460B46104619464FF000020C
S31508067360444BD8F7C9FF02460B463DA1D1E90001B1
S31508067370D9F7A4FA02460B4610461946D9F74CFC25
S3150806738003463B61D7ED047A9FED3B7AC7EE876ADB
S3150806739016EE900AD9F710F902460B4643EC102B5F
S315080673A005F00EFF53EC102B10461946D9F734FC98
S315080673B003467B61D7ED057A9FED307A67EE877AC5
S315080673C09FED2F7A37EE877AD7ED057ADFED2D6AA8
S315080673D067EEA66AD7ED057A66EEA77A37EE277AB6
S315080673E0D7ED057ADFED286A67EEA66AD7ED057A40
S315080673F066EEA76AD7ED057A66EEA77A77EE277A56
S3150806740017EE900AD9F7D8F802460B464FF0000051
S315080674101849D9F753FA02460B461046194612A3D7
S31508067420D3E90023D8F768FF02460B4610461946E5
S31508067430D9F7F2FB0346FB607B6803F5EC7319463E
S3150806744097ED030A7868FFF744FDF0EE407AB0EE4A
S31508067450670A1837BD4680BD0000000000FEAF402B
S31508067460000000000088C3406666666666127140BC
S31508067470339388C30000F03F00401C46E15A9D3905
S315080674800FCF5B3B3CA1AA36AEE56A3480B584B01D
S3150806749000AF786000237B8100233B814FF0FF33E2
S315080674A0FB607B6893F86831052B28D97B68B3F8A7
S315080674B066317B817B8940F6E44202FB03F3002BA7
S315080674C001DA03F6FF731B133B813B894EF278629A
S315080674D002FB03F30C4A82FB03129211DB17D31A3B
S315080674E099B27B6803F5E0731A467868FFF7DEFCFF
S315080674F0F0EE407AFDEEE77A17EE903AFB60FB6807
S3150806750018461037BD4680BDF119760580B582B096
S3150806751000AFFCF7C7FC234B234A1A63214B00220C
S315080675201A73204B00221A611E4B204AC3F8BC2444
S315080675301C4B002283F898241A4B0022C3F89C2475
S31508067540184B1B4AC3F84829164B012283F82429E7
S31508067550184B194A19491A48F7F7CEFF034683F016
S315080675600103DBB2002B05D0124B134A1349144804
S31508067570F8F730F800237B600CE07B684FF4EC7272
S3150806758002FB03F30B4A1344184600F0E9FA7B6834
S3150806759001337B607B68092BEFDD00231846083725
S315080675A0BD4680BD344C002094AB002018AC0020A4
S315080675B09CAC0020242D0020C4050708BCF4060848
S315080675C0CCF4060880B584B000AF78607B689A6903
S315080675D07B68DA6109E07B68DB69FB60FB685A68E9
S315080675E07B68DA61F86801F039F87B68DB69002B95
S315080675F0F1D17B680022DA617B6800229A6100BFB6
S315080676001037BD4680BD000080B584B000AF7860EF
S315080676100B46FB700023FB737B6893F82130FA78D8
S315080676209A4212D9082000F0A1FF0346002B2CD057
S3150806763000F032FF1749184800F0F6FE174800F022
S31508067640F3FE174800F0F0FE1FE00023FB7317E071
S31508067650FA7B79681346DB0013449B000B446C33AC
S315080676601B78032B09D1FA7B79681346DB0013448A
S315080676709B000B44783300221A60FB7B0133FB73AD
S31508067680FA7BFB789A42E3D300E000BF1037BD4683
S3150806769080BD00BFDCF40608ECF40608F4F4060818
S315080676A020F5060880B584B000AF786039600023F7
S315080676B0FB737B68002B6DD03B681B78032B69D858
S315080676C03B681A787B689A707B689B78032B4CD83C
S315080676D001A252F823F000BFE976060801770608E4
S315080676E019770608537706087B6803F118003B687E
S315080676F004332022194602F0B5FF0123FB7349E03D
S315080677007B6803F118003B6804332022194602F009
S31508067710A9FF0123FB733DE07B6803F118003B686C
S3150806772004330822194602F09DFF7B689B69002BE5
S315080677300CD17B68D3ED077A9FED197AF4EEC77AF2
S31508067740F1EE10FA02DD0023FB7323E00123FB7337
S3150806775020E07B6803F118003B6804330C221946BF
S3150806776002F080FF0123FB7314E0102000F0FEFEF2
S315080677700346002B0ED000F08FFE0A490A4800F091
S3150806778053FE7B689B781946084800F04DFE084864
S3150806779000F04AFEFB7B18461037BD4680BD00BF83
S315080677A000007042DCF40608ECF4060824F5060820
S315080677B020F5060890B58BB002AF786039600023CD
S315080677C0FB610023FB753868FFF7FCFE7B6893F8B8
S315080677D0213019467868FFF717FF3B6800229A7228
S315080677E03B684FF47A729A823B68DB68581C7B685A
S315080677F001332022194602F035FF3B687A68DA60BB
S3150806780000233B610023FB6179E1382000F01EFF67
S315080678100346FB60FB68002B17D1102000F0A6FE76
S315080678200346002B0BD000F037FEA749A74800F001
S31508067830FBFDA74800F0F8FDA64800F0F5FD3868F8
S31508067840FFF7C0FE4FF0FF3369E1FB6800225A6076
S315080678500023FB757968FA691346DB0013449B0017
S315080678600B446C331B78022B02DC002B04DAFBE094
S31508067870032B00F08C80F7E0FA691346DB00134405
S315080678809B0068337A68134404331946F868FFF789
S3150806789009FF0346002B62D0FB69DAB2FB685A7009
S315080678A00123FB75022000F061FE0346002B1BD060
S315080678B000F0F2FD8449854800F0B6FD7968FA6954
S315080678C01346DB0013449B000B446C331B78002BD2
S315080678D001D1814B00E0814B3A69F969804800F08D
S315080678E0A3FD7C4800F0A0FD7968FA691346DB001B
S315080678F013449B000B446C331B78002B15D10220CE
S3150806790000F034FE0346002B25D000F0C5FD6E496F
S315080679106E4800F089FDFB68DB691946714800F078
S3150806792083FD6C4800F080FD15E0022000F01EFE7F
S315080679300346002B0FD000F0AFFD6349634800F0FD
S3150806794073FDFB681C3393E80600664800F06CFD79
S31508067950604800F069FDFB690133FB6198E0102079
S3150806796000F004FE0346002B0BD000F095FD5649A1
S31508067970564800F059FD5C4800F056FD554800F09B
S3150806798053FD3868FFF71EFE4FF0FF33C7E07968E8
S31508067990FA691346DB0013449B000B4478331968CF
S315080679A07868FA691346DB0013449B00034474336C
S315080679B01B6899424ED27968FA691346DB00134466
S315080679C09B000B4478331B68591C7868FA6913467A
S315080679D0DB0013449B00034478331960022000F049
S315080679E0C5FD0346002B2AD000F056FD3649374812
S315080679F000F01AFD7968FA691346DB0013449B0002
S31508067A000B44783318687968FA691346DB00134419
S31508067A109B000B4474331C687968FA691346DB00C5
S31508067A2013449B000B4470331B6800932346024697
S31508067A30F9692E4800F0F8FC264800F0F5FC796846
S31508067A40FA691346DB0013449B000B4470331B6824
S31508067A50FB611DE0FB690133FB61FB69DBB2194675
S31508067A607868FFF7D1FD13E0102000F07FFD034686
S31508067A70002B0BD000F010FD1349144800F0D4FC77
S31508067A801B4800F0D1FC134800F0CEFC012346E063
S31508067A90FB7D002B2ED03B695A1C3A61DAB2FB688D
S31508067AA01A70FB681B78002B08D13B68FA68DA61FE
S31508067AB03B68FA689A61FB68BB611EE0BB69FA68AF
S31508067AC05A60FB68BB6118E0DCF40608ECF40608A5
S31508067AD040F5060820F5060850F5060858F506087E
S31508067AE064F506088CF50608A0F50608B4F5060832
S31508067AF0E4F50608F86800F0B1FD0023FB757B6817
S31508067B0093F821301A46FB699342FFF67EAE3B6927
S31508067B10DBB2013BDAB23B6883F82020002318461D
S31508067B202437BD4690BD00BF80B483B000AF7860E9
S31508067B307B685B88023B032B0AD801A252F823F01E
S31508067B40517B0608517B0608517B0608517B0608B9
S31508067B5000BF00BF0C37BD465DF8047B704700BF03
S31508067B6080B584B000AF78600023FB730EE0FA7B1D
S31508067B701346DB0013449B0068337A6813440433C0
S31508067B801846FFF7D1FFFB7B0133FB737B6893F837
S31508067B902130FA7B9A42EAD300BF00BF1037BD46AA
S31508067BA080BD000080B5ADF5187D02AF07F51673E2
S31508067BB0A3F51573186007F51673A3F516731960FA
S31508067BC007F51673A3F5157307F584721968104633
S31508067BD0EBF7DDF9034687F8573297F85732002B45
S31508067BE040D107F59E7207F5847311461846EBF7DA
S31508067BF067FA034687F8573297F85732002B2CD17F
S31508067C0007F51673A3F58E739B7D002B25D007F50E
S31508067C101673A3F58E731B7A03F01003002BE0D0B8
S31508067C2007F51673A3F5157307F1080007F59E728F
S31508067C30163200921B680E4A4FF4807101F066FBF5
S31508067C4007F51673A3F516731B685A1C07F108037E
S31508067C5011461846FFF7A6FFC3E707F584731846C5
S31508067C60EBF708FA00BF07F51677BD4680BD00BFD5
S31508067C70F8F5060890B5ADF5357D02AF07F532730A
S31508067C80A3F52F73186007F53273A3F530731960D9
S31508067C9007F53273A3F531731A6007F53273A3F540
S31508067CA02F731868EBF7F4FA034687F8C73297F87E
S31508067CB0C732002B03D097F8C732082B66D107F5CB
S31508067CC03273A3F52F7307F1100007F53272A2F582
S31508067CD03072126800921B68364A802101F016FB3C
S31508067CE007F1100107F194030A221846EAF72CFA57
S31508067CF0034687F8C73297F8C732002B3AD107F5F5
S31508067D003273A3F531731868D8F7EAFA044607F109
S31508067D10900307F53272A2F5317107F194002246EF
S31508067D200968EAF70EFD034687F8C73297F8C73299
S31508067D30002B0ED107F53273A3F531731868D8F7F9
S31508067D40CFFA024607F53273A3F50E731B689A42F5
S31508067D500AD000F0A1FB07F110031946164800F0F1
S31508067D6063FB164800F060FB07F194031846EAF72A
S31508067D70DBFE19E000F090FB07F1100319461048E0
S31508067D8000F052FB0D4800F04FFB0DE000F084FBB7
S31508067D9007F53273A3F52F7319680A4800F044FBF2
S31508067DA0064800F041FB00BF00BF07F53377BD461E
S31508067DB090BD00BFF8F5060800F6060820F6060880
S31508067DC024F6060844F6060880B5ADF50E7D00AF1E
S31508067DD0022000F0CBFB0346002B0BD000F05CFB21
S31508067DE02149224800F020FB214800F01DFB2148C6
S31508067DF000F01AFBFCF718FA0346002B1BD11E4A9D
S31508067E001E491F48FFF736FF012000F0AFFB034661
S31508067E10002B0BD000F040FB1349144800F004FB76
S31508067E20184800F001FB134800F0FEFA0021164830
S31508067E30FFF7B8FE11E0102000F098FB0346002B6A
S31508067E400BD000F029FB0849084800F0EDFA0F4860
S31508067E5000F0EAFA074800F0E7FAFCF731FA00BF3D
S31508067E6007F50E77BD4680BD74F6060880F6060841
S31508067E7088F6060820F606089CF60608ACF60608EE
S31508067E80BCF60608C4F6060864F60608E0F606080A
S31508067E9080B5ADF5906D00AF07F59063A3F2744310
S31508067EA0186007F59063A3F58F63196007F5906365
S31508067EB0A3F279431A70FCF7B7F90346002B17D1D4
S31508067EC0102000F053FB0346002B0ED000F0E4FA10
S31508067ED04449454800F0A8FA97F87F3419464348B6
S31508067EE000F0A2FA424800F09FFA4FF0FF3374E01A
S31508067EF007F59063A3F2744307F118000A22196876
S31508067F00EAF722F9034687F87F3497F87F34002B79
S31508067F1019D0102000F02AFB0346002B0ED000F0DD
S31508067F20BBFA3049304800F07FFA97F87F3419468D
S31508067F30304800F079FA2E4800F076FAFCF7C0F9D0
S31508067F404FF0FF3349E007F59063A3F279431A78B1
S31508067F5007F1140307F59061A1F58F6107F118007B
S31508067F600968EAF7EEFB034687F87F3497F87F3405
S31508067F70002B0BD107F59063A3F279431A7807F518
S31508067F809063A3F26C431B689A421ED0102000F039
S31508067F90EDFA0346002B0ED000F07EFA1149124878
S31508067FA000F042FA97F87F341946134800F03CFA6F
S31508067FB00F4800F039FA07F118031846EAF7B4FD30
S31508067FC0FCF77EF94FF0FF3307E007F1180318466A
S31508067FD0EAF7AAFDFCF774F90023184607F5906731
S31508067FE0BD4680BD74F6060880F6060800F706083C
S31508067FF020F6060818F7060830F7060880B5ADF520
S31508068000906D00AF07F59063A3F27443186007F501
S315080680109063A3F58F63196007F59063A3F27C4313
S315080680201A60FCF701F90346002B17D1102000F059
S315080680309DFA0346002B0ED000F02EFA5E495F48DD
S3150806804000F0F2F997F87F3419465D4800F0ECF926
S315080680505C4800F0E9F94FF0FF33A8E007F59063AE
S31508068060A3F2744307F1140001221968EAF76CF8BB
S31508068070034687F87F3497F87F34002B19D01020EB
S3150806808000F074FA0346002B0ED000F005FA4A49AA
S315080680904A4800F0C9F997F87F3419464A4800F065
S315080680A0C3F9484800F0C0F9FCF70AF94FF0FF3360
S315080680B07DE007F59063A3F26C43DB68C7F878346E
S315080680C0022000F053FA0346002B12D000F0E4F91A
S315080680D039493A4800F0A8F907F59063A3F27443BC
S315080680E0D7F878241968394800F09EF9354800F01B
S315080680F09BF907F1100307F59062A2F27C4207F591
S315080681009061A1F58F6107F1140012680968EAF70C
S31508068110D9F9034687F87F3497F87F34002B1ED0A3
S3150806812007F114031846EAF7FFFCFCF7C9F810200E
S3150806813000F01CFA0346002B0ED000F0ADF91E49D6
S315080681401E4800F071F997F87F341946204800F062
S315080681506BF91C4800F068F94FF0FF3327E0022058
S3150806816000F004FA0346002B15D000F095F91249DB
S31508068170124800F059F907F59063A3F58E631A6855
S3150806818007F59063A3F274431968124800F04CF990
S315080681900C4800F049F907F114031846EAF7C4FC37
S315080681A0FCF78EF807F59063A3F58E631B681846E9
S315080681B007F59067BD4680BD74F6060880F606087C
S315080681C000F7060820F6060818F7060848F7060808
S315080681D060F706087CF7060880B5C8B000AF07F54D
S315080681E09073A3F58E73186007F59073A3F59073CD
S315080681F0196007F59073A3F5827300221A60043393
S31508068200FC220021184601F03BF907F59073A3F501
S315080682108C7307F11C014FF480721846EDF756FB6E
S3150806822007F59073A3F5907307F108001A680D49C8
S31508068230EDF7B9FF034687F81F3107F59073A3F5DF
S315080682408C73DB68DAB207F11C0107F59073A3F5A0
S315080682508E731868FFF71CFE0346184607F59077CF
S31508068260BD4680BDFC00070880B487B000AF7861BC
S3150806827087ED040AC7ED030A87ED021AC7ED011A48
S315080682807B693A691A607B69FA685A607B69BA68D3
S315080682909A607B694FF00002DA607B694FF000024C
S315080682A01A617B697A685A6100BF1C37BD465DF854
S315080682B0047B7047B0B58CB006AFF860B9607A60D3
S315080682C03B60BA680021F86801F0DAF87B68DB7863
S315080682D003F5FA627B685B7819467B689B781846CD
S315080682E03B681B781C463B685B781D463B689B7853
S315080682F0049303950294019000911346BA6AB968E5
S31508068300F86801F003F87861BB687A699A4213DB64
S31508068310082000F02BF90346002B0DD000F0BCF818
S315080683200849094800F080F87A69B968074800F0EC
S315080683307BF8074800F078F8FB6818461837BD46F4
S31508068340B0BD00BFCCF70608B4F70608F4F706086A
S31508068350C8F7060880B588B002AF3B46002219461C
S315080683600B48DFF72BFE07F11403002219460848C7
S31508068370DFF707FF3B4607F114020649009140213D
S315080683800548FFF797FF034618461837BD4680BDCA
S315080683903044002018F806085CB3002080B58CB077
S315080683A000AF786039607B68DB7864333B627B684C
S315080683B05B78013BFB617B689B78BB613B681B78F6
S315080683C07B613B685B783B613B689B78FB604FF05B
S315080683D0FF33FB6207F10C03184601F03FFC024621
S315080683E00B46134618463037BD4680BD80B586B05F
S315080683F000AF3B46002219460A48DFF7DFFD07F1BC
S315080684001403002219460748DFF7BBFE3A4607F16A
S31508068410140311461846FFF7C1FF034618461837D0
S31508068420BD4680BD304400200FB480B582B000AF8B
S31508068430FE220021164801F023F807F114037B6093
S315080684407A683969124801F011F8114800F056FFA2
S315080684500F48D7F745FF0346FC2B06D80C48D7F72F
S315080684603FFF0346DBB29AB200E0FD224FF0FF3328
S3150806847007490848E2F708FF0548D7F731FF0346D4
S31508068480DBB218460837BD46BDE8804004B07047DB
S315080684909CB300202048002080B500AF00220B4977
S315080684A00B48DFF78BFD00220A490948DFF769FE04
S315080684B0064B1B781946054B5B781A46034B9B7881
S315080684C00548FFF7B1FF00BF80BD00BF9CB400207A
S315080684D030440020B0B4002060F8060880B500AF26
S315080684E0202228210248FFF79FFF00BF80BD00BF54
S315080684F070F8060880B500AF252228210248FFF73E
S3150806850093FF00BF80BD00BF70F8060880B500AFB0
S31508068510212228210248FFF787FF00BF80BD00BF3A
S3150806852070F8060880B500AF1F2228210248FFF713
S315080685307BFF00BF80BD00BF70F8060880B500AF98
S31508068540212229210248FFF76FFF00BF80BD00BF21
S3150806855070F8060880B500AF222228210248FFF7E0
S3150806856063FF00BF80BD00BF70F8060880B582B0FD
S3150806857000AF0346FB71FB79002B01D1002343E0CC
S31508068580FB79102B28DC002B3BDD013B0F2B38D85B
S3150806859001A252F823F000BFDF850608E58506081E
S315080685A003860608EB850608038606080386060874
S315080685B003860608F185060803860608038606085E
S315080685C0038606080386060803860608038606083B
S315080685D003860608F7850608802B0FD011E0FFF7F5
S315080685E07DFF10E0FFF786FF0DE0FFF78FFF0AE035
S315080685F0FFF798FF07E0FFF7A1FF04E0FFF7AAFFDA
S3150806860001E0002300E0012318460837BD4680BD71
S31508068610024B0A460146186800F002B8F43F0020E5
S3150806862037B5A1FB02244CB91146019200F03EF873
S31508068630019A054630B9284603B030BD0C220260B9
S315080686400025F8E7214600F01BFFF4E7024B014632
S31508068650186800F02BB800BFF43F0020024B01460D
S31508068660186802F0BBBE00BFF43F002070B50E4E78
S315080686700C463168054611B901F09CFF3060214663
S31508068680284601F097FF431C0AD0C41C24F00304AD
S31508068690A04207D0211A284601F08CFF013001D1E5
S315080686A04FF0FF34204670BDB8B400202DE9F843D4
S315080686B0CD1C25F0030508350C2D38BF0C25002DD5
S315080686C0074601DBA94205D90C233B60002630463E
S315080686D0BDE8F883DFF8D08000F068F8D8F80030EF
S315080686E01C465CBB29463846FFF7C0FF431C0446B2
S315080686F055D1D8F800402646002E45D1002C48D03C
S3150806870023683146384604EB030901F053FF8145D1
S315080687103FD121686D1A29463846FFF7A7FF01306B
S3150806872037D023682B442360D8F80030002B38D07E
S315080687305A68A2422BD100225A600FE02268521BC1
S315080687401FD40B2A17D96119A342256018BF596089
S31508068750636808BFC8F8001062514B60384604F1D2
S315080687600B0600F029F826F00706231DF21AAED0E6
S315080687709B1BA350ABE7A3426268DDD1C8F800206D
S31508068780ECE723466468ACE734467668B4E71346EE
S31508068790CCE70C233B60384600F00EF897E72560D1
S315080687A0DCE75B60FFDE00BFB4B40020014801F0D9
S315080687B04EBF00BF21B60020014801F04ABF00BFE0
S315080687C021B600202DE9FF4755EC104B002D0E4625
S315080687D019462B46BBBF05F100431D4600232D232C
S315080687E00B700D9BDDF830A0914623F02008BCBF20
S315080687F022461446B8F1460F05D0B8F1450F00D102
S315080688000136022100E0032103AB019302AB009374
S3150806881045EC104B5346324601F0EEFFB8F1470FCA
S31508068820074602D119F0010F22D0B8F1460F07EB19
S31508068830060910D13B78302B0AD1002200232046A0
S315080688402946D8F779F918B9C6F10106CAF80060B3
S31508068850DAF8003099440022002320462946D8F73C
S315080688606BF908B1CDF80C903022039B4B4507D31C
S31508068870039B0E9ADB1B3846136004B0BDE8F087E7
S31508068880591C03911A70F0E7F7B503460029B8BFD5
S31508068890494203F8022BB4BF2D222B22092942701E
S315080688A02ADD0DF1070217460A26944691FBF6F5C8
S315080688B006FB151430340CF8014C0C46632C02F1F1
S315080688C0FF322946F1DC3031ACF1020402F8011C0C
S315080688D0411C2246BA420AD30DF10902A2EB0C0242
S315080688E0BC4288BF00221344181A03B0F0BD12F81A
S315080688F0015B01F8015FEDE7302330318370C17003
S31508068900031DF1E72DE9F04F2DED028B8DB00C46D0
S31508068910DDF8608016461F46054601F013FED0F8B8
S3150806892000A05046D7F7DCFC00230A932368059374
S31508068930D8F8003094F818B0073323F0070303F184
S315080689400802C8F80020D3E9008929F000430793EE
S31508068950CDF8188008EE100AC4E91289DDE9060181
S315080689609E4B4FF0FF32D8F719F988BBDDE90601A9
S315080689709A4B4FF0FF32D8F7F3F848BB002200238C
S3150806898040464946D8F7E2F810B12D2384F8433015
S31508068990934A944BBBF1470F94BF904698460323D8
S315080689A02361059B23F0040323604FF00009009713
S315080689B033460BAA2146284600F0DAF9013040F07C
S315080689C090804FF0FF300DB0BDEC028BBDE8F08FFE
S315080689D042464B4640464946D8F7E0F840B14B462C
S315080689E0002BBCBF2D2384F843307F4A7F4BD1E743
S315080689F063680BF0DF0206925A1C3FD106236360B2
S31508068A00059B616843F48062002303930AABCDE9AC
S31508068A1001B309AB49EC108B009322600DF12303D1
S31508068A202846FFF7CFFE069B0999472B804608D1AD
S31508068A30C81C02DB6368994241DDABF102035FFAA3
S31508068A4083FBBBF1650F20D801395A4604F150005D
S31508068A500991FFF719FF0A9A1318012A8146236115
S31508068A6002DC2268D20701D5013323619DF823303B
S31508068A70002B9CD02D2384F8433098E7069A472A7C
S31508068A80BED1002BBCD10123B9E7BBF1660F18D1BD
S31508068A90002963680BDD216113B92268D00702D560
S31508068AA001330B442361A1654FF00009DEE713B9CC
S31508068AB02268D20701D50233F4E70123F2E74FF01D
S31508068AC0670B0A9B994205DB23682161D807EAD515
S31508068AD04B1CE7E70029D4BFC1F102020122134461
S31508068AE0E0E723685A0507D42369424631462846ED
S31508068AF0B84701302CD164E7BBF1650F40F2E08038
S31508068B00D4E9120100220023D8F716F8002834D033
S31508068B10374A012331462846B84701303FF451AF54
S31508068B20DDE909239A4202DB2368D80710D518EE31
S31508068B30103A524631462846B84701303FF441AF07
S31508068B404FF0000804F11A090A9B013B434509DC64
S31508068B5023689B0700F10781E0680B9B9842B8BF1C
S31508068B60184630E701234A4631462846B8470130B3
S31508068B703FF427AF08F10108E6E7099B002B39DC25
S31508068B801B4A012331462846B84701303FF419AF38
S31508068B90DDE90932134302D12368D907D8D518EE79
S31508068BA0103A524631462846B84701303FF409AFCF
S31508068BB04FF0000904F11A0A099B5B424B4501DC92
S31508068BC00A9B92E70123524631462846B8470130A2
S31508068BD03FF4F7AE09F10109EEE700BFFFFFEF7FA5
S31508068BE084090708880907088C09070890090708E9
S31508068BF0061507080A9AA36D9A42A8BF1A46002AB6
S31508068C00914637DC4FF0000B29EAE97904F11A0296
S31508068C10A36D0593A3EB09035B4533DCDDE909235D
S31508068C209A423BDB2368DA0738D4DDE90932A2EB38
S31508068C300309059BD21A9145A8BF9146B9F1000FBB
S31508068C4035DC4FF0000829EAE97904F11A0ADDE964
S31508068C5009239B1AA3EB090343457FF779AF01233B
S31508068C60524631462846B84701303FF4AAAE08F1BF
S31508068C700108ECE71346314642462846B84701300E
S31508068C80C0D19EE60123314628460592B8470130EB
S31508068C903FF497AE059A0BF1010BB9E718EE103AB1
S31508068CA0524631462846B8470130BED189E6059A66
S31508068CB04B46424431462846B8470130C1D180E67C
S31508068CC00A9A012A01DCDB073AD5012342463146D0
S31508068CD02846B84701303FF474AE18EE103A5246A5
S31508068CE031462846B84701303FF46BAED4E912013F
S31508068CF000220023DDF828A0D7F71EFFD8B90AF107
S31508068D00FF3308F1010231462846B84701300ED12D
S31508068D1057E60123524631462846B84701303FF4FE
S31508068D2050AE08F101080A9B013B4345F1DC4B4668
S31508068D3004F15002DAE64FF0000804F11A0AF2E7DF
S31508068D4001234246DFE701234A4631462846B84705
S31508068D5001303FF436AE08F10108E3680B995B1A51
S31508068D604345F0DCF8E64FF0000804F11909F4E784
S31508068D702DE9F047164699468A680B69DDF820807C
S31508068D809342B8BF1346336091F8432007460C460C
S31508068D900AB1013333602368990642BF3368023342
S31508068DA03360256815F0060506D104F1190AE36845
S31508068DB032689B1AAB4226DC94F84320131E2268B7
S31508068DC018BF012392062BD404F1430249463846B6
S31508068DD0C04701301ED02368226903F00603042B18
S31508068DE002BFE5683368ED1AA3680CBF25EAE57580
S31508068DF000259342C4BF9B1AED1800261A34B542BD
S31508068E001AD1002008E00123524649463846C0478B
S31508068E10013003D14FF0FF30BDE8F0870135C6E7CC
S31508068E20E1185A1C302081F84300224494F845106C
S31508068E3082F843100233C7E70123224649463846D5
S31508068E40C0470130E6D00136D9E700002DE9FF47CD
S31508068E500F7E0C9D782F914680460C469A4601F160
S31508068E60430207D8622F0AD8002F00F0D480582F5D
S31508068E7000F0C08004F1420584F842703AE0A7F192
S31508068E806303152BF6D801A151F823F0E58E0608DB
S31508068E90F98E0608758E0608758E0608758E0608F6
S31508068EA0758E0608F98E0608758E0608758E0608E6
S31508068EB0758E0608758E0608FD8F0608258F060820
S31508068EC0B78F0608758E0608758E06081F9006085B
S31508068ED0758E0608258F0608758E0608758E060889
S31508068EE0BF8F06082B681A1D1B682A6004F14205FF
S31508068EF084F8423001239FE020682B68070603F1B1
S31508068F000401296001D51E6803E04606FBD5B3F9B8
S31508068F100060002E03DA2D23764284F843305A4839
S31508068F200A2312E02B682068191D2960050601D553
S31508068F301E6802E04106FBD51E8853486F2F0CBFF4
S31508068F4008230A23002184F843106568A560002DC6
S31508068F50A2BF216821F0040121600EB9002D4BD06D
S31508068F601546B6FBF3F103FB1167C75D05F8017DE8
S31508068F703746BB420E46F4D9082B0BD12368DE07C3
S31508068F8008D5236961689942DEBF302305F8013C96
S31508068F9005F1FF35521B2261CDF800A04B4603AA00
S31508068FA021464046FFF7E4FE01304AD14FF0FF302E
S31508068FB004B0BDE8F087236843F0200323603348EE
S31508068FC0782784F84570236829681F0651F8046BC4
S31508068FD002D45F0648BFB6B2DF0748BF43F0200390
S31508068FE0296048BF23601EB9236823F0200323603F
S31508068FF01023A7E72448E4E71546BDE72B68266845
S315080690006169181D286035061B6801D5196002E0D6
S315080690107006FBD51980002323611546BCE72B6825
S315080690201A1D2A601D68626800212846D7F708F9BE
S3150806903008B1401B606063682361002384F84330E7
S31508069040AAE723692A4649464046D0470130ADD0A5
S3150806905023689B0713D4E068039B9842B8BF184653
S31508069060A6E70123324649464046D04701309DD0F9
S315080690700135E36803995B1AAB42F2DCEBE7002598
S3150806908004F11906F5E700BF94090708A5090708B4
S31508069090002310B50446C0E90033C0E904338360EB
S315080690A081814366C2818361194608225C3000F0D5
S315080690B0E7F9054B6362054BA362054BE362054B6D
S315080690C02462236310BD00BFB5930608DB93060822
S315080690D01394060837940608024A0349034800F01B
S315080690E069B800BF943F0020ADC00608A83F002017
S315080690F041680C4B994210B5044601D002F0D6FFDA
S31508069100A168094B994202D0204602F0CFFFE168D2
S31508069110064B994204D02046BDE8104002F0C6BF69
S3150806912010BD00BFBCB4002024B500208CB50020B5
S3150806913010B50B4B0B4C0C4A1A602046002204212C
S31508069140FFF7A6FF04F1680001220921FFF7A0FF31
S3150806915004F1D0000222BDE810401221FFF798BF9D
S31508069160F4B50020BCB40020D9900608014801F0E1
S315080691706EBA00BF22B60020014801F06ABA00BFDF
S3150806918022B6002010B50446FFF7F0FF236A1BB186
S31508069190BDE81040FFF7F0BF044B2362044B1B687B
S315080691A0002BF5D1FFF7C4FFF2E700BFF1900608DA
S315080691B0F4B500202DE9F8430746884614460026E6
S315080691C0D4E90195B9F1010905D52468002CF7D12A
S315080691D03046BDE8F883AB89012B07D9B5F90E30B9
S315080691E0013303D029463846C04706436835E9E7BA
S315080691F0036AF7B5C46805460E460BB9FFF7C2FFFC
S31508069200636ED80705D4A389990502D4A06D01F023
S315080692101EFA2146284602F049FF1EBB296801ABFD
S315080692200122284600F034F90746002845D1314878
S31508069230304FD7F755F8064656B1204602F05EFF78
S31508069240334601463A46284601F0C4F9002847DA65
S31508069250B4F90C30626E23F48053D207A38142D543
S3150806926003B0F0BD3378002BD8D03046D7F738F898
S31508069270074657B1204602F041FF3B4601463246AD
S31508069280284601F0A7F9002814DA1B481A4FD7F71B
S3150806929027F80646002EC1D0204602F02FFF334691
S315080692A001463A46284601F095F90028B6DB361AED
S315080692B00744EFE73F1A0644DBE7D7F711F80646F1
S315080692C0002EB4D0204602F019FF334601463A4628
S315080692D0284601F07FF90028A9DB361A0744EFE786
S315080692E0361A0744A8E79B05BAD4A06D01F0B1F96A
S315080692F0B6E700BF04120708D4110708024B014651
S315080693001868FFF775BF00BFF43F00200CB430B5E8
S31508069310174B0C1E1D689DB008DA8B232B604FF081
S31508069320FF301DB0BDE8304002B070474FF40273F7
S31508069330ADF8143014BF04F1FF332346049307939C
S315080693404FF6FF7302900690ADF81630209A21ABB9
S3150806935002A92846019302F025FD431CBCBF8B23B0
S315080693602B60002CDDD0029B00221A70D9E700BFBD
S31508069370F43F00200EB400B59CB01DAB02900690D3
S315080693806FF00041094807910491094953F8042BDF
S3150806939005910068019302A902F004FD029B0022CA
S315080693A01A701CB05DF804EB03B07047F43F002052
S315080693B00802FFFF10B50C46B1F90E1001F0E8F8E1
S315080693C00028ABBF636DA3891B1823F48053ACBF73
S315080693D06365A38110BD002070472DE9F0411F463D
S315080693E08B89DB0505460C46164605D5B1F90E10DA
S315080693F00223002201F0BAF8A389B4F90E1023F461
S315080694008053A38132463B462846BDE8F04101F023
S31508069410E1B810B50C46B1F90E1001F0A7F8431CD1
S31508069420A38915BF606523F4805343F48053A3814B
S3150806943018BFA38110BDB1F90E1001F087B8000058
S3150806944000B59BB0009104916FF000410591029119
S3150806945005490391694602F0A5FC009B00221A708D
S315080694601BB05DF804FB00BF0802FFFF13460A4659
S31508069470014602480068FFF7E3BF00BFF43F002035
S3150806948002440346934200D1704703F8011BF9E7E5
S3150806949010B50446084611468E2800F23081DFE8E4
S315080694A010F039018F0092009400960098009A00F1
S315080694B09C009E00A200A400A800AA00AC00AE006C
S315080694C02E01B000B200B400B600B800BE00C00057
S315080694D0C600C800CA00CC00CE00D200D600D80006
S315080694E0DA00DC00DE00E000E200E4002E012E01D0
S315080694F02E012E012E012E012E012E01E800EC006A
S315080695002E012E012E012E012E012E012E012E01CF
S315080695102E012E012E012E012E01EE000801F00065
S31508069520F2002E012E012E01F4002E012E012E0127
S31508069530F6002E012E01FA002E012E01FC002E0140
S315080695402E012E012E012E012E012E012E012E018F
S315080695502E01FE002E010001020104012E012E0134
S3150806956026012E012E012E012E012E012E012E0177
S315080695702E01140106010A010C010E0110012E0125
S31508069580120116011A01EA00C2002C01BA00D0001F
S31508069590BC00A000A6002A01F8002E011801C40086
S315080695A01E011C012E012E012E012E012E01D400AC
S315080695B02E012E012E01E600280120012201240192
S315080695C0554B184610BD554BFBE7554BF9E7554B1A
S315080695D0F7E7554BF5E7554BF3E7554BF1E7554B8B
S315080695E0EFE7554BEDE7554BEBE7554BE9E7554B9B
S315080695F0E7E7554BE5E7554BE3E7554BE1E7554BAB
S31508069600DFE7554BDDE7554BDBE7554BD9E7554BBA
S31508069610D7E7554BD5E7554BD3E7554BD1E7554BCA
S31508069620CFE7554BCDE7554BCBE7554BC9E7554BDA
S31508069630C7E7554BC5E7554BC3E7554BC1E7554BEA
S31508069640BFE7554BBDE7554BBBE7554BB9E7554BFA
S31508069650B7E7554BB5E7554BB3E7554BB1E7554B0A
S31508069660AFE7554BADE7554BABE7554BA9E7554B1A
S31508069670A7E7554BA5E7554BA3E7554BA1E7554B2A
S315080696809FE7554B9DE7554B9BE7554B99E7554B3A
S3150806969097E7554B95E7554B93E7554B91E7554B4A
S315080696A08FE7554B8DE7554B8BE7554B89E7554B5A
S315080696B087E7554B85E7554B83E7554B81E7554B6A
S315080696C07FE7554B7DE7554B7BE7554B79E7554B7A
S315080696D077E7554B75E7554B73E7554B71E7554B8A
S315080696E06FE7554B6DE7554B6BE7554B69E7554B9A
S315080696F067E7554B65E7554B63E7554B61E7002B1F
S3150806970014BF1A46224600F0BCF8524B002818BF6A
S31508069710034656E7504B54E7BE090708C809070823
S31508069720E2090708F20907080A0A0708140A0708D1
S315080697302E0A0708400A0708520A07086B0A070886
S315080697407B0A0708870A0708A40A0708B60A070845
S31508069750C70A0708D90A0708E50A0708FD0A07080F
S31508069760090B07081B0B07082A0B07083A0B0708F5
S31508069770470B0708660B0708750B0708860B0708C5
S31508069780AA0B0708C80B0708E60B0708060C0708FE
S315080697901D0C07082C0C07083B0C07084F0C070876
S315080697A0670C0708750C0708820C0708980C070843
S315080697B0A70C0708B30C0708E20C0708F30C0708FA
S315080697C00E0D0708210D0708370D0708400D07086F
S315080697D0570D07085F0D07086C0D0708810D070862
S315080697E0950D0708AD0D0708BC0D0708CD0D07082A
S315080697F0E00D0708EC0D0708050E0708190E0708F9
S31508069800340E07084C0E0708660E07086E0E07087C
S315080698109E0E0708BD0E0708DC0E0708F30E070896
S31508069820060F07081F0F0708360F07084C0F070805
S315080698306D0F0708850F0708A10F0708B40F070855
S31508069840CA0F0708DE0F07080010070826100708BC
S315080698503710070805120708B609070810B50139AB
S31508069860034632B111F8014F03F8014B013A002CB1
S31508069870F7D11A440021934200D110BD03F8011B03
S31508069880F9E700207047000038B50B4B1D686B6B6F
S31508069890044653B92420FEF7D9FE0246686320B962
S315080698A0064B0748322100F0EBFE696B2046BDE8F9
S315080698B0384000F007B800BFF43F00204C100708F0
S315080698C0631007082DE9F3418046019102F0AAFCC8
S315080698D001990546404602F0A9FC436999070446DC
S315080698E003F26C7705D1642297FBF2F302FB137336
S315080698F07BBB4FF4C87297FBF2F302FB1373B3FAFA
S3150806990083F35B09684E302202FB036600F0E8FB28
S3150806991000F0F2FB654B1B6853B36B68BB421AD162
S315080699202F68D8E90023D5E90801E7B9824273EB1F
S31508069930010125DAD5E91201824273EB0107B4BFA4
S3150806994001270027824273EB010127621ADBAB6AFD
S3150806995019E00123D6E7384600F01CFB0028DFD1BC
S315080699604FF0FF3304E0824273EB010102DA00236B
S315080699702362ECE7D5E91201824273EB0101F6DAB6
S31508069980012323622B6D61684FF4616293FBF2F043
S3150806999002FB10333C2293FBF2F502FB15322368D1
S315080699A09B1AA2682360491B121A3B2B6160A260A8
S315080699B035DD013161603C3B236063683B2B34DD52
S315080699C00132A2603C3B6360A368172B33DDE2696C
S315080699D00132E261A2690132072AA8BF0022A26102
S315080699E0E268183B0132A3602369E26056F8231041
S315080699F08A420EDD0B2BA2EB0102E26003F101029D
S31508069A0009BF636922610022013302BF22616361CD
S31508069A10E26100F06BFB204602B0BDE8F081002B40
S31508069A20CBDA013961603C33C6E7002BCCDA013A5A
S31508069A30A2603C33C7E7002BEBDAE269013AE2613A
S31508069A40A269013A48BF0622A261E2681833013ABA
S31508069A50E260A360002ADCD12369013B05D42361B1
S31508069A60236956F82330E360D3E70B23236163693A
S31508069A705A1E03F26B7362619A0705D1642193FB3A
S31508069A80F1F201FB123262B94FF4C87293FBF2F196
S31508069A9002FB1133B3FA83F35B0903F5B673E36185
S31508069AA0DEE70123F9E700BF1C11070814B60020F4
S31508069AB0F7B501683B29044611D93C22684600F0E9
S31508069AC0FDFD019A63680099002A0B446360BBBFD3
S31508069AD03C3203F1FF3322602260B8BF63606168D7
S31508069AE03B2911D93C22684600F0E8FD019AA3688D
S31508069AF00099002A0B44A360BBBF3C3203F1FF332F
S31508069B0062606260B8BFA360A168172911D91822D6
S31508069B10684600F0D3FD019AE3680099002A0B44CB
S31508069B20E360BBBF183203F1FF33A260A260B8BF79
S31508069B30E36021690B2911D90C22684600F0BEFD9F
S31508069B40019A63690099002A0B446361BBBF0C320C
S31508069B5003F1FF3322612261B8BF636163699A071D
S31508069B601ED1642193FBF1F201FB1232D2B903F23C
S31508069B706C734FF4C87293FBF2F102FB1133002B98
S31508069B8014BF1C231D23E268002A0DDC324E0B2562
S31508069B9064214FF4C870E768002F31DD03B0F0BDC5
S31508069BA01C23F0E71D23EEE72B4E002764204FF40F
S31508069BB0C875D4E90312012A14BF56F822C09C4672
S31508069BC06145EBDD0132A1EB0C010C2AE16022614D
S31508069BD0EFD163695A1C9107C4E9047238D192FB1E
S31508069BE0F0F100FB1122002A34D103F26D7393FBC0
S31508069BF0F5F205FB1233002B14BF1C231D23D8E7E9
S31508069C002269013A2261013215D163695A1E12F098
S31508069C10030FC4E9045217D192FBF1FC01FB1C227F
S31508069C20A2B903F26B7393FBF0F200FB1233002B17
S31508069C3014BF1C231D232269012A14BF56F82220A5
S31508069C401A463A44E260A6E71C23F4E71D23F2E720
S31508069C501C23AEE71D23ACE7BC1007082DE9F04F19
S31508069C6085B0074602F0DEFA81463846FFF720FF3A
S31508069C70D7E900433C2202FB0344BB687E694FF4DE
S31508069C80616202FB0344D7E90353BB4A52F8232011
S31508069C90013D012B154411DDB1070FD1642296FB50
S31508069CA0F2F302FB136343B906F26C734FF4C872F8
S31508069CB093FBF2F102FB113303B9013506F51C5382
S31508069CC0103344F620629342FD6100F25E81462E09
S31508069CD072DD462340F26D1C64214FF4C8709A075C
S31508069CE064D193FBF1F201FB1232002A61D103F229
S31508069CF06C7292FBF0FE00FB1E22002A14BF624617
S31508069D004FF4B77201339E421544E8D19B4B4FEA8E
S31508069D10E478C5FB034800F0E3F900F0EDF9984B43
S31508069D20D3F800B0BBF1000F3AD0D7F820B078695F
S31508069D30D9F80430BBF1010F00F26C70DA46A8BFF9
S31508069D404FF0010A834279D1D9E90821D9F850009A
S31508069D50D9F84CC0131A029361EBE0730393D9F84A
S31508069D6048300193019AD9F82830B2EB030E6CEB0A
S31508069D70E371744578EB010266DAD9F80020002A01
S31508069D806FD0029A9442039A78EB020203DB744573
S31508069D9078EB01016BDBBBF1000F4FF0000B6BDABA
S31508069DA0D9F828301C1948EBE378A9E040F26D1279
S31508069DB0A8E74FF4B772A5E7A8D0452340F26D1C6D
S31508069DC064214FF4C87012E062BB93FBF1F201FB03
S31508069DD0123252BB03F26C7292FBF0FE00FB1E2295
S31508069DE0002A14BF62464FF4B772AD1A013B9E426B
S31508069DF003F00302E8DBDAB9642296FBF2F302FB08
S31508069E001363C3B906F26C734FF4C87293FBF2F187
S31508069E1002FB1133002B40F26D1308BF4FF4B773DC
S31508069E20ED1A73E740F26D12DFE74FF4B772DCE717
S31508069E3040F26D13F4E74FF4B773F1E700F0AAF8AA
S31508069E40002881D1D34650E0019A121A01924FEAA8
S31508069E50E0726CEB020C019A944278EB0C0CF1DB7F
S31508069E608BE7029A9442039A78EB02028FDBBBF1E0
S31508069E70000F3EDB4FF0010B8AEA0B0ABAF1010F17
S31508069E8033D1BBF1000F4ED01B1A3A68D7F80CA08F
S31508069E901A441C193A60384648EBE378FFF708FE79
S31508069EA0FA68B2EB0A0220D0012A3EDC911CD8BF1A
S31508069EB00122FB691544D21840D5731E9A0737D175
S31508069EC0642293FBF2F102FB1133A3BB4FF4C8736A
S31508069ED006F26B7696FBF3F203FB1266002E40F249
S31508069EE06D1318BF4FF4B673FB61BBF1010F7FF410
S31508069EF057AFD9F850301C1948EBE3784FF0010BE9
S31508069F0000F0F4F80435072395FBF3F3C3EBC30314
S31508069F10ED1A48BF0735C7F820B0BD612046414649
S31508069F2005B0BDE8F08FC31AAFE74FF0FF32C0E7BA
S31508069F304FF4B673D8E740F26D13D5E7B30718D1D1
S31508069F40642196FBF1F301FB1363DBB94FF4C8737F
S31508069F5006F26C7696FBF3F103FB1166002E40F2C9
S31508069F606D1308BF4FF4B7739A42A8BFD21AFA619F
S31508069F70BBE740F26D13F7E7EC10070880510100BE
S31508069F8014B600204FF4B773EEE74FF0FF34A04639
S31508069F90C4E700BF2DE9F74F054602F043F940F23C
S31508069FA0B1739D4240F395806FF4F662AC18A5F23C
S31508069FB0B27340F26D12A41002FB03446FF06302FB
S31508069FC0A5F26D7393FBF2F31C444FF4C8736FF452
S31508069FD0C86195FBF3FC03FB1C5C6A18BCFA8CF695
S31508069FE0B2FBF3F205F0030314446422456095FBBD
S31508069FF0F2F7760902FB1757014600F1500B009354
S3150806A0004FF0070A0D7A4B694A2D2BD1009AE518A7
S3150806A01002B917B9BCF1000F22D13B2BD4BF0023D6
S3150806A02001232B44013B8D692B4A4FEAE57EC3FB88
S3150806A030025E8B6AED184EEBE373C1E908532831C5
S3150806A0408B45DFD1D0E90843D0E912128C429341F9
S3150806A050B4BF012300230360012003B0BDE8F08FD7
S3150806A0600023DEE7442D01D12344DCE7009A52BBE0
S3150806A070002F0CBF35460125CA680192174A4FF0CC
S3150806A080300909FB0525A6464FF00008043D019A46
S3150806A09008F10108424555F8289016DC0EF1040524
S3150806A0A095FBFAF8C8EBC808A5EB08055D1B0B690E
S3150806A0B003F1FF3348BF0735C3EBC3032B444B45B0
S3150806A0C005DA7344AFE73546D6E7CE44DFE7073BFE
S3150806A0D0F5E70020C1E700BF805101001C110708FB
S3150806A0E0014800F0B3BA00BF23B60020014800F0C5
S3150806A0F0AFBA00BF23B60020014B186800F002B8B5
S3150806A100F43F00202DE9F04F8DB0074602F08AF895
S3150806A110BB49BC4D0446384601F0E8F9064610BB6D
S3150806A120B94BBA4A1860BA4BA0621860B94B206593
S3150806A130C3E900224A2100220023C4E90300C4E930
S3150806A1400500C4E90D00C4E90F00C4E90823C4E9FB
S3150806A15012232868217284F83010FEF77FFA2E60DB
S3150806A1600DB0BDE8F08F2968002940F08E80286872
S3150806A170FEF774FA3046D6F7B3F8411C3846FEF7AA
S3150806A18095FA2860002840F08680A14ADFF884827E
S3150806A190DFF874A2002313609F4ACAF8003000202D
S3150806A1A00021C8E90022C4E90333C4E90533C4E932
S3150806A1B00801C4E90D33C4E90F33C4E912014A227A
S3150806A1C02272A36284F83020236533783A2B08BFB7
S3150806A1D0013633783C2B62D1751C904A90490AABF6
S3150806A1E0284601F0C7FF0028BADD0A9BDA1E072AA9
S3150806A1F0B6D8EB5C3E2BB3D102360A9BF518F35C50
S3150806A2002D2B5AD101354FF0FF390023ADF81E30F4
S3150806A210ADF8203008AF0AABCDE9013703930DF147
S3150806A2201E0300937F490AAB07AA284601F0A2FF38
S3150806A230002895DDBDF81E30BDF820603C2202FBDD
S3150806A2400366BDF81C304FF4616202FB03660A9B7F
S3150806A25009FB06F605EB0309EB5C3C2B40F0EC80A4
S3150806A26009F10105704A6E490AAB284601F082FFD4
S3150806A270002828DC99F801303E2B24D1674BA662C4
S3150806A280C8E90033CAF800606AE7D5F7C9FF0028A7
S3150806A2907FF46DAF64E7314600F0DCF975E75F4A8F
S3150806A2A062490AAB304601F065FF00287FF758AFCA
S3150806A2B00A9B033B072BA0D952E72B2B08BF013570
S3150806A2C04FF00109A1E70A9BDA1E072A3FF648AFAF
S3150806A2D0EB5C3E2B7FF444AF09F102090A9B09EBB6
S3150806A2E0030519F803302D2B40F0B58001354FF0DC
S3150806A2F0FF390023ADF81C30ADF81E30ADF8203016
S3150806A3000A930AABCDE9027301930DF11E03009376
S3150806A31044490AAB07AA284601F02CFF002800F391
S3150806A320A080A6F5616304930A9B27461D444FF051
S3150806A330000B2B782C2B08BF013595F80090B9F140
S3150806A3404D0F40F0A1800AAB0DF12602CDE9013288
S3150806A35009AA0092364903930DF12202284601F00E
S3150806A36009FF03287FF4FCAEBDF822104B1E0B2B03
S3150806A3703FF6F6AEBDF82420531E042B3FF6F0AE84
S3150806A380BDF82630062B3FF6EBAEC7E9031287F86B
S3150806A39008907B610A9B05EB030900250223ADF8A5
S3150806A3A01C30ADF81E50ADF820500A9599F80030C5
S3150806A3B02F2B40F095800AAB08AACDE901320DF19C
S3150806A3C01E0200921B49039307AA484601F0D2FECD
S3150806A3D0A84200F385804A2100220023C4E90355D2
S3150806A3E0C4E90555C4E90823C4E90D55C4E90F555A
S3150806A3F0C4E912232172A56284F830102565AFE6F2
S3150806A4007C11070810B6002018B600207F11070829
S3150806A41014B60020A03F00200512070804B600203F
S3150806A42083110708B8110708F8B50020961107081A
S3150806A430A4110708B71107083E4A3F490AAB48461A
S3150806A44001F098FE00287FF719AF0A9B033B072BF6
S3150806A4507FF644AF84E62B2B08BF01354FF001097A
S3150806A46047E7BDF81E20BDF820303C2101FB023324
S3150806A470BDF81C204FF4616101FB023309FB03F3A7
S3150806A48051E74FF0010B54E7B9F14A0F06BF0135FC
S3150806A4904B4644230A220BA92846059301F01EFCBF
S3150806A4A0DDF82C90059BADF82600A94514D14D2359
S3150806A4B0BBF1000F07D1237203210223C4E9031354
S3150806A4C0C4F814B069E784F830300B220123C4E9CE
S3150806A4D00D230023E36360E780B23B7278615CE78D
S3150806A4E0BDF81E20BDF820303C2101FB0233BDF81D
S3150806A4F01C204FF4616101FB0233BB610A9D2837B4
S3150806A5004D44BBF1000FBCD0049B23650B4BC8F822
S3150806A51000306068074BA662C8F80430FFF73AFDB4
S3150806A520A26A236DCAF800209B1A054A18BF01239A
S3150806A530136015E6F8B500209611070804B600203C
S3150806A54014B60020004870474041002038B5064D2D
S3150806A5500023044608462B60D8F7C7F8431C02D1E1
S3150806A5602B6803B1236038BD1CB6002038B5074DE5
S3150806A57004460846114600222A601A46D8F7DCF829
S3150806A580431C02D12B6803B1236038BD1CB60020D4
S3150806A59038B5074D04460846114600222A601A466B
S3150806A5A0D8F76AF8431C02D12B6803B1236038BD75
S3150806A5B01CB6002038B5064D0023044608462B600F
S3150806A5C0D8F7C8F8431C02D12B6803B1236038BDF7
S3150806A5D01CB6002038B5074D044608461146002223
S3150806A5E02A601A46D8F765F8431C02D12B6803B1C8
S3150806A5F0236038BD1CB60020014B1868704700BF9B
S3150806A600F43F002070B50D4D0D4C641BA4100026B2
S3150806A610A64209D10B4D0C4C02F0D4FF641BA410BC
S3150806A6200026A64205D170BD55F8043B9847013663
S3150806A630EEE755F8043B98470136F2E7141507087E
S3150806A64014150708141507081815070870477047DC
S3150806A65070477047034611F8012B03F8012B002AA9
S3150806A660F9D170470A44914200F1FF3300D1704789
S3150806A67010B511F8014B03F8014F9142F9D110BDF7
S3150806A6801FB514461A46094B1B680546D8684CB1C9
S3150806A690074B0091CDE9013406492B4601F058FDD2
S3150806A6A001F06AFE044B1C46F3E700BFF43F0020A0
S3150806A6B0CA110708D711070805120708002910B591
S3150806A6C091FBF2F402FB141306DB002B01DA0134C4
S3150806A6D09B1AC0E9004310BD002BC4BF04F1FF3422
S3150806A6E09B18F6E72DE9F74F03690C69A342074657
S3150806A6F07EDB013C01F1140800F1140505EB840321
S3150806A700019358F8243055F8242001339A424FEA23
S3150806A710840B08EB8409B2FBF3F631D34FF0000E2F
S3150806A7204046AC46F24650F8042B93B206FB03E3C2
S3150806A7304FEA124E1A0C9BB2AAEB0303DCF800A0EA
S3150806A74013FA8AF306FB0E220093009B4FEA124E73
S3150806A75092B2C2EB1A4202EB2342BDF8003081459B
S3150806A76043EA02434CF8043B4FEA224ADBD255F841
S3150806A7700B302BB9019B043B9D421A462CD33C61F0
S3150806A780384601F037F9002822DB0136294600202B
S3150806A79058F8042BD1F800C093B2C31A120C13FA50
S3150806A7A08CF3C2EB1C4202EB23429BB243EA0243FA
S3150806A7B0C14541F8043B4FEA2240E9D255F8242020
S3150806A7C005EB840322B9043B9D421A460AD33C612B
S3150806A7D0304603B0BDE8F08F1268043B002ACED196
S3150806A7E0013CC9E71268043B002AF0D1013CEBE7B5
S3150806A7F00020EEE7000000002DE9F04F2DED048B52
S3150806A800C56993B08DED020B57EC106BDDF88080A9
S3150806A810079104460A920D9375B91020FDF716FF9F
S3150806A8200246E06120B9AE4BEF21AE48FFF728FF96
S3150806A830C0E901550560C560E369196851B15A68EA
S3150806A8404A60012393408B60204600F097FEE36931
S3150806A85000221A603B1EBBBF23F000430393002366
S3150806A8600122ACBFC8F80030C8F800209E4BDDF8B8
S3150806A8700C8033EA08031BD10D9A42F20F73136054
S3150806A880C8F31303334300F09385219B63B9974BAB
S3150806A89027E0974B00930833219A1360009813B064
S3150806A8A0BDEC048BBDE8F08F904B00930333F3E7BA
S3150806A8B09DED027B002251EC170BB0EE478AF0EEAF
S3150806A8C0678A0023D6F738F9814660B10D9A0123BF
S3150806A8D01360219B002B00F06885864B219A13602E
S3150806A8E0013B0093DAE710AA11A92046B0EE480AFA
S3150806A8F0F0EE680A01F024F9C8F30A558246002DD7
S3150806A9007FD018EE903AC3F3130343F07F5351EC06
S3150806A910180B43F44013A5F2FF35CDF838901946BF
S3150806A9200022754BD5F7E8FC67A3D3E90023D5F7CC
S3150806A9309BFE67A3D3E90023D5F7E0FC064628461F
S3150806A9400F46D5F727FE64A3D3E90023D5F78CFE71
S3150806A95002460B4630463946D5F7D0FC06460F461C
S3150806A960D6F732F900228346002330463946D6F70B
S3150806A970EDF848B15846D5F70DFE32463B46D6F7AA
S3150806A980DBF808B90BF1FF3BBBF1160F57D85B4B43
S3150806A99003EBCB03D3E9002351EC180BD6F7D6F80D
S3150806A9A000284ED00BF1FF3B00230C93109B5B1B34
S3150806A9B05A1E45BFC3F101030593002300230692D9
S3150806A9C054BF05930693BBF1000F3CDB069BCDF8F7
S3150806A9D02CB05B44069300230893079B092B68D87B
S3150806A9E0052BC4BF043B0793079BA3F10203CCBF01
S3150806A9F000250125032B00F28580DFE803F02E3BB0
S3150806AA003958DDE910531D4405F23243202BC1BFE0
S3150806AA10C3F1400308FA03F805F2124326FA03F3CC
S3150806AA20D6BFC3F1200348EA030006FA03F0D5F7B2
S3150806AA30A1FD0122A1F1F873013D0E926FE70123EC
S3150806AA40B3E70C90B2E7059BA3EB0B030593CBF193
S3150806AA500003089300230B93BFE7002309930A9B79
S3150806AA60002B52DC0123019304931A460A920BE043
S3150806AA700123F3E7002309930A9B5B4401930133F9
S3150806AA80012B0493B8BF0123E0690021042202F1D1
S3150806AA9014069E423DD94160204600F02FFD0090DF
S3150806AAA0002839D1164B024640F2AF11BDE60123FE
S3150806AAB0E1E701250023079309954FF0FF33019334
S3150806AAC0049300221223D1E761436F63A787D23F17
S3150806AAD0B3C8608B288AC63FFB799F501344D33F79
S3150806AAE04C100708131207080000F07F0F12070814
S3150806AAF006120708071507080000F83F0013070897
S3150806AB006B12070801230993D7E70A9B0193049357
S3150806AB10BAE701315200BAE7E369009A1A60049B5C
S3150806AB200E2B00F2A880002D00F0A580BBF1000FC1
S3150806AB3038DDC04B0BF00F0203EBC2031BF4807F14
S3150806AB40D3E900674FEA2B1819D0BB4B51EC180B03
S3150806AB50D3E90823D5F7B2FECDE9020108F00F08B6
S3150806AB600325DFF8D492B8F1000F0AD1DDE9020110
S3150806AB7032463B46D5F7A2FECDE902012BE0022571
S3150806AB80EFE718F0010F08D030463946D9E9002311
S3150806AB90D5F76AFD013506460F464FEA680809F1F4
S3150806ABA00809E0E700F09F80CBF10006A14BA24F0B
S3150806ABB006F00F0203EBC203D3E9002351EC180B88
S3150806ABC0D5F752FDCDE90201361100230225002EDE
S3150806ABD07ED1002BD0D10C9BDDE90289002B00F033
S3150806ABE08480964B002240464946D5F7AFFF002893
S3150806ABF07BD0049B002B78D0019B002B39DD904B2C
S3150806AC00002240464946D5F72FFDCDE90201019EA9
S3150806AC100BF1FF370135DDE902892846D5F7BAFC77
S3150806AC2042464B46D5F720FD864B0022D5F766FBEE
S3150806AC30A1F15073CDE902010393002E58D1824B38
S3150806AC40002240464946D5F757FBDDE902238046EA
S3150806AC508946D5F799FF002840F09682DDE9022154
S3150806AC60404601F100434946D5F770FF002840F0F3
S3150806AC7089828DED028B119B002BC0F24E81BBF1AA
S3150806AC800E0F00F34A816B4B03EBCB03D3E900891E
S3150806AC900A9B002B80F2DC80049B002B00F3D880ED
S3150806ACA040F06F82684B002240464946D5F7DCFCE1
S3150806ACB0DDE90223D5F75EFF049E3746002840F0F5
S3150806ACC04582009D312305F8013B0BF1010B41E254
S3150806ACD0F20705D5D7E90023D5F7C6FC01350123C2
S3150806ACE07610083773E7022575E7049E5F4692E7EE
S3150806ACF00099504B9DED027B314402910999B0EEBD
S3150806AD00479AF0EE679A03EBC60353E9022300292E
S3150806AD1044D04E490020D5F7D1FD53EC192BD5F76B
S3150806AD20EBFA009D41EC190B49464046D5F74CFF10
S3150806AD300646D5F72FFC02460B4640464946D5F742
S3150806AD40DBFA303605F8016B53EC192B8046894633
S3150806AD50D5F7FCFE002864D142464B463749002003
S3150806AD60D5F7CAFA53EC192BD5F7F0FE002840F0AA
S3150806AD70B680029B9D423FF47CAF314B51EC190BD2
S3150806AD800022D5F771FC2E4B41EC190B00224046E2
S3150806AD904946D5F769FC80468946C5E751EC170B3F
S3150806ADA0D5F762FC029B009D0F9341EC190B4946A9
S3150806ADB04046D5F709FF0646D5F7ECFB3036024678
S3150806ADC00B4640464946D5F797FA05F8016B029BA6
S3150806ADD09D42804689464FF0000224D11B4B51EC12
S3150806ADE0190BD5F78BFA02460B4640464946D5F760
S3150806ADF0CBFE002873D153EC192B14490020D5F73E
S3150806AE007BFA02460B4640464946D5F79FFE00287A
S3150806AE103FF42FAF0F9D6B1E0F9315F8013C302B91
S3150806AE20F8D0BB464AE0064BD5F71EFC804689464F
S3150806AE30BDE700BF00130708D81207080000F03F51
S3150806AE400000244000001C40000014400000E03FBB
S3150806AE50DDE90267009D42464B4630463946D5F738
S3150806AE602DFDD5F7B1FE0190D5F794FB42464B4624
S3150806AE70D5F7FAFB02460B4630463946D5F73CFA6D
S3150806AE80019E049F303605F8016B009EAE1BB7423D
S3150806AE9002460B4634D1D5F731FA42464B460646A4
S3150806AEA00F46D5F771FEC8B942464B46304639466F
S3150806AEB0D5F742FE10B1019BDB070FD45146204653
S3150806AEC000F05CFB00230D9A2B700BF1010313604F
S3150806AED0219B002B3FF4E2AC1D60DFE45F462B4660
S3150806AEE01D4613F8012D392A06D1009A9A42F7D13A
S3150806AEF00099302201370A701A7801321A7090E7DB
S3150806AF00A34B0022D5F7B0FB0022002306460F46C0
S3150806AF10D5F712FE00289ED0D0E7099A002A00F037
S3150806AF20CA80079A012A00F3AD800E9A002A00F015
S3150806AF30A58003F23343089E059D059A1A44059291
S3150806AF40069A01211A442046069200F0CDFB0746CA
S3150806AF5065B1069B002B09DDAB42059AA8BF2B46B1
S3150806AF60D21A0592069AED1AD31A0693089BF3B1D6
S3150806AF70099B002B00F0A380002E10DD39463246C9
S3150806AF80204600F071FC524601460746204600F068
S3150806AF90C1FB51468046204600F0F0FAC246089B99
S3150806AFA09A1B04D05146204600F05EFC82460121D3
S3150806AFB0204600F099FB0B9B002B064640F3818042
S3150806AFC01A460146204600F04FFC079B012B06460B
S3150806AFD07ADD4FF00008336906EB8303186900F03B
S3150806AFE035FBC0F12000069B184410F01F0000F040
S3150806AFF09480C0F12003042B40F38580059BC0F19D
S3150806B0001C0003440593069B034405440693059BC7
S3150806B010002B05DD51461A46204600F07FFC82467F
S3150806B020069B002B05DD31461A46204600F076FCBF
S3150806B03006460C9B002B72D03146504600F0DAFCC9
S3150806B04000286CDA002351460A22204600F0B8FA90
S3150806B050099B0BF1FF3B8246002B00F0B0810023CB
S3150806B06039460A22204600F0ABFA019B002B074612
S3150806B07000F39680079B022B59DC91E0109BC3F1DF
S3150806B080360358E7049B5E1E089BB342BFBF089B60
S3150806B0900B9A0896F31AB4BFD2189E1B049BBCBF1C
S3150806B0A00B920026002BB7BFDDE90423DDE904353C
S3150806B0B09D1A002341E7089E059D099F48E7089AB9
S3150806B0C070E7079B012B19DC029BBBB9039BC3F3ED
S3150806B0D013039BB9039B23F000431B0D1B0583B182
S3150806B0E0059B01330593069B013306934FF001082A
S3150806B0F00B9B002B7FF46FAF012074E74FF0000817
S3150806B100F6E79846F4E782D0059A1C331A44059260
S3150806B110069A1A441D44069279E70346F4E7049B01
S3150806B120002B37DC079B022B34DD049B0193019B1E
S3150806B13063B931460522204600F042FA014606461C
S3150806B140504600F057FC00283FF7BBAD0A9B009D0A
S3150806B1506FEA030B4FF000083146204600F00EFA58
S3150806B160002F3FF4ABAEB8F1000F05D0B84503D0B3
S3150806B1704146204600F002FA3946204600F0FEF916
S3150806B1809CE600263746E1E7BB46374699E500BF03
S3150806B19000002440099B002B00F0C880049B0193FD
S3150806B1A0002D05DD39462A46204600F0B7FB074638
S3150806B1B0B8F1000F5BD07968204600F09FF905467E
S3150806B1C028B9834B024640F2EF21FFF72EBB3A69B0
S3150806B1D00232920007F10C010C30FFF743FA0122FE
S3150806B1E02946204600F09AFB009B01330493DDE9C5
S3150806B1F0002313440893029B03F00103B8460693FB
S3150806B2000746049B3146013B50460193FFF76AFA07
S3150806B2104146029000F13009504600F0EBFB3A46EB
S3150806B22005903146204600F001FCC268054602BB79
S3150806B2300146504600F0DEFB02462946204609929C
S3150806B24000F09CF9079B099A049D43EA0201069BAE
S3150806B250194310D1B9F1390F29D0059B002B02DD08
S3150806B260029B03F13109019B83F8009074E738467F
S3150806B270BAE70122E1E7059B002B04DB07990B4396
S3150806B28006990B4320D1002AEDDD514601222046B8
S3150806B29000F044FB3146824600F0ACFB002803DC8E
S3150806B2A0E1D119F0010FDED0B9F1390FD8D1019ADB
S3150806B2B0392313702B461D46013B15F8012C392AEE
S3150806B2C06CD001321A7047E7002A07DDB9F1390F43
S3150806B2D0EDD0019A09F1010313703DE7049B089A1C
S3150806B2E003F8019C934243D0514600230A2220467E
S3150806B2F000F066F9B84582464FF000034FF00A0299
S3150806B3004146204607D100F05BF980460746049B6E
S3150806B3100133049375E700F053F93946804600234E
S3150806B3200A22204600F04CF90746F0E7049B0193EB
S3150806B330009D31465046FFF7D5F900F13009009BC6
S3150806B34005F8019BEA1A019B934207DD514600233D
S3150806B3500A22204600F034F98246EAE7019B002BCA
S3150806B360C8BF1D46009BD8BF01251D444FF00008DF
S3150806B37051460122204600F0D1FA3146824600F0AF
S3150806B38039FB002896DC02D119F0010F92D12B461B
S3150806B3901D4613F8012D302AFAD0DDE6009A9A42A0
S3150806B3A089D10BF1010B312396E70A4BFFF799BAB8
S3150806B3B0219B002B7FF46DAA074BFFF792BA019BD8
S3150806B3C0002BB5DC079B022B3FF7B1AEB0E700BFF3
S3150806B3D06B120708061507080612070837B5002967
S3150806B3E044D051F8043C0190002BA1F10404B8BFDF
S3150806B3F0E418FDF7DBF91E4A0198136833B963604A
S3150806B400146003B0BDE83040FDF7D6B9A34208D9A3
S3150806B410256861198B4201BF19685B68491921605D
S3150806B420EDE71A465B680BB1A342FAD911685518B7
S3150806B430A5420BD1246821445418A3421160E0D1D1
S3150806B4401C685B6853600C441460DAE702D90C235F
S3150806B4500360D6E7256861198B4204BF19685B68DD
S3150806B460636004BF491921605460CAE703B030BD5A
S3150806B470B4B400202DE9F84FDFF86CA007468946D4
S3150806B480164600F081FFDAF8004034B14B46984676
S3150806B49013F8012B3AB13D2AF9D1384600F07AFF5E
S3150806B4A00020BDE8F88FA8EB0908A34654F8040B54
S3150806B4B00028F2D04246494600F0A2FE0028F4D1FA
S3150806B4C054F8043C03EB080513F808303D2BECD179
S3150806B4D0DAF80030ABEB03039B103846336000F00E
S3150806B4E059FF681CDDE700BF0000002007B501AA62
S3150806B4F0FFF7C0FF03B05DF804FB000070B5C66928
S3150806B50004460D4676B91020FDF7A0F80246E06116
S3150806B51020B9184B18486B21FFF7B2F8C0E901663F
S3150806B5200660C660E669F36883B1E369DB6853F8C3
S3150806B5302500B8B9012101FA05F6721D92002046C2
S3150806B540FDF76EF860B1C0E901560EE02122042126
S3150806B5502046FDF765F8E369F060DB68002BE4D161
S3150806B560002070BD026843F825200023C0E903338E
S3150806B570F7E700BF4C1007087C12070870B5C669BE
S3150806B58005460C4676B91020FDF760F80246E861CE
S3150806B59020B9094B09488F21FFF772F8C0E90166F9
S3150806B5A00660C6603CB1EB696268DB6853F8221030
S3150806B5B0216043F8224070BD4C1007087C12070824
S3150806B5C02DE9F0410D6907460C461E4601F1140C95
S3150806B5D00020DCF8003099B202FB01611E0C0B0C48
S3150806B5E002FB063389B2013001EB034185424CF86A
S3150806B5F0041B4FEA1346ECDC0EB3A368AB4219DC10
S3150806B600616838460131FFF779FF804628B9024650
S3150806B6100C4B0D48BA21FFF733F82269023204F1BA
S3150806B6200C0192000C30FFF71DF821463846FFF745
S3150806B630A5FF444604EB850301355E612561204670
S3150806B640BDE8F0816B1207087C120708030C1B0479
S3150806B650D3B90004102310F07F4F04BF0002083345
S3150806B66010F0704F04BF0001043310F0404F04BFBA
S3150806B67080000233002805DB10F0804F03F1010332
S3150806B68008BF2023184670470023E4E7036813F02B
S3150806B69007020CD0D90722D49A0749BF5B089B082C
S3150806B6A0036001225CBF036002221046704799B206
S3150806B6B009B91B0C1022D9B209B908321B0A19078F
S3150806B6C004BF1B090432990704BF9B080232D9072F
S3150806B6D003D45B0802F1010203D00360E5E7002202
S3150806B6E0E3E72022E1E7000010B50C460121FFF743
S3150806B6F005FF024628B9054B054840F24511FEF7EF
S3150806B700BFFF01234461036110BD00BF6B12070822
S3150806B7107C1207082DE9F04F91460A69D9F81030C8
S3150806B7209A42B8BF0B460C46BCBF4C469946276993
S3150806B730D9F810A0A368616807EB0A06B34285B074
S3150806B740B8BF0131FFF7DAFE30B90246444B454821
S3150806B7504FF4B171FEF794FF00F1140505EB860860
S3150806B7602B460022434521D304F1140303EB87072E
S3150806B77009F1140303EB8A0202923A1B153A22F0E0
S3150806B7800302043204F115018F4238BF04220192DE
S3150806B790029A03939A420CD8002E03DD58F8043D04
S3150806B7A0002B5BD0066105B0BDE8F08F43F8042B85
S3150806B7B0D8E7B3F800A0BAF1000F24D004F1140EA6
S3150806B7C0A9464FF0000C5EF8042BD9F800101FFAAC
S3150806B7D082FB89B20AFB0B114FEA124BD9F80020F5
S3150806B7E061444FEA124C0AFB0BC202EB114289B2BC
S3150806B7F041EA0241774549F8041B4FEA124CE2D85A
S3150806B800019A45F802C0039AB2F802900433B9F1D0
S3150806B810000F21D0296804F1140CAE464FF0000A31
S3150806B820BCF800B0BEF8022009FB0B22524489B2C6
S3150806B83041EA02414EF8041B5CF8041B4FEA114A1A
S3150806B840BEF8001009FB0A1101EB124167454FEADB
S3150806B850114AE5D8019AA950043599E7013E9BE7AE
S3150806B8606B1207087C1207082DE9F843154612F0ED
S3150806B870030206460F4607D0254C013A002354F81C
S3150806B8802220FFF79DFE0746AD103DD0F4697CB928
S3150806B8901020FCF7DBFE0246F06128B91D4B1E4850
S3150806B8A040F2B311FEF7ECFEC0E901440460C46039
S3150806B8B0D6F81C80D8F808404CB940F271213046B3
S3150806B8C0FFF712FF0023C8F80800044603604FF086
S3150806B8D00009EB070AD5394622463046FFF71AFF0E
S3150806B8E0394680463046FFF749FE47466D100BD067
S3150806B8F0206838B9224621463046FFF70BFF2060F6
S3150806B900C0F800900446E4E73846BDE8F88300BF69
S3150806B910C81307084C1007087C1207082DE9F047D4
S3150806B9200C464968236903EB6218A36807469146DD
S3150806B9304FEA621A08F10106B3420BDB3846FFF7EF
S3150806B940DDFD054648B90246284B29484FF4EF71EE
S3150806B950FEF796FE01315B00EEE7002300F11401BF
S3150806B96000F110021846534533DB20692AEAEA7ABB
S3150806B97004F1140319F01F0901EB8A0103EB800C85
S3150806B9802BD0C9F1200E8A460022186800FA09F05B
S3150806B99010434AF8040B53F8042B9C4522FA0EF278
S3150806B9A0F3D8ACEB0403153B23F00303043304F185
S3150806B9B01500844538BF0423CA500AB108F10206A1
S3150806B9C0013E38462E612146FFF7D8FD2846BDE8D2
S3150806B9D0F08742F8040F0133C5E7043953F8042BF8
S3150806B9E041F8042F9C45F9D8EAE700BF6B12070809
S3150806B9F07C12070830B502690C69121B0ED100F1D4
S3150806BA001403143103EB840001EB840150F8045D3A
S3150806BA1051F8044DA54203D005D30122104630BD80
S3150806BA208342F3D3FAE74FF0FF32F7E72DE9F84FEB
S3150806BA300C460646114620469046FFF7DBFF051ECE
S3150806BA4010D129463046FFF759FD30B93A4B02461A
S3150806BA5040F237213948FEF713FE0123C0E90435BB
S3150806BA60BDE8F88FA4BF4346A0463046D8F804106A
S3150806BA70A6BF1C4600250125FFF740FD20B92E4B1B
S3150806BA80024640F24521E5E7D8F810702669C560F2
S3150806BA9004F1140908F1140500F1140E05EB870CD8
S3150806BAA009EB860608F11002F246002159F8043B0E
S3150806BAB052F804BF11FA8BF899B21B0CA8EB0108C9
S3150806BAC0C3EB1B4303EB28431FFA88F819144E45A4
S3150806BAD048EA03434AF8043BE8D8331B153B23F0E8
S3150806BAE0030304331534A64238BF04231D4473449E
S3150806BAF09E462E4666450ED30CF10302521B22F0CD
S3150806BB000302033DAC4538BF0022134453F8042DFF
S3150806BB107AB10761A4E756F8048B11FA88F2141469
S3150806BB2004EB184492B242EA04424EF8042B211456
S3150806BB30E0E7013FEAE700BF6B1207087C12070831
S3150806BB402DE9F7430F46012159EC108B1646FFF7E8
S3150806BB50D5FC044630B90246244B254840F20F3137
S3150806BB60FEF78EFDC9F30A55C9F313032DBB0193D8
S3150806BB70B8F1000326D068460093FFF787FDDDE98E
S3150806BB800012E8B1C0F1200302FA03F30B43C240E0
S3150806BB9063610192019BA361002B14BF0222012255
S3150806BBA02261BDB1A5F2334505443D60C0F13500B5
S3150806BBB03060204603B0BDE8F08343F48013D6E729
S3150806BBC06161E7E701A8FFF761FD019B6361203024
S3150806BBD00122E5E704EB8203A0F2324038601869D1
S3150806BBE0FFF734FDC0EB4210E2E700BF6B12070809
S3150806BBF07C1207082DE9F043364F86460D46284639
S3150806BC0015F8014B3E5D16F00806F8D12D2C30D1F5
S3150806BC102C780126851C002B57D0102B09D1302CE1
S3150806BC2007D1287800F0DF00582849D16C78102308
S3150806BC3002354FF0FF380027B8FBF3F803FB08F97F
S3150806BC406FEA09093846A4F1300CBCF1090F15D874
S3150806BC506446A34223DDB7F1FF3F07D080451BD3D1
S3150806BC6001D1A14518DB00FB0340012715F8014B56
S3150806BC70E9E72B2C04BF2C78851CCCE7A4F1410CEC
S3150806BC80BCF1190F01D8373CE3E7A4F1610CBCF106
S3150806BC90190F04D8573CDCE74FF0FF37E6E77B1C5D
S3150806BCA006D12223CEF80030384632B9BDE8F083ED
S3150806BCB006B14042002AF9D007B1691E1160F5E7B8
S3150806BCC03024002BB5D10823B3E7302CA9D00A2394
S3150806BCD0AFE700BFD5130708FFF78CBF13460A461A
S3150806BCE0014602480068FFF785BF00BFF43F0020FB
S3150806BCF02DE9F0478E681F46BE420B6882460C46FB
S3150806BD0090462CD88A8912F4906F26D065690969F7
S3150806BD1005EB4505A3EB010905EBD5757B1C4B44DD
S3150806BD206D109D4238BF1D46530527D52946FCF793
S3150806BD30BDFC064660B321694A46FEF793FCA3890D
S3150806BD4023F4906343F08003A381266165614E441C
S3150806BD50A5EB09052660A5603E46BE4200D93E46C5
S3150806BD6020683246414600F031FAA3689B1BA36059
S3150806BD702368334423600020BDE8F0872A4600F08E
S3150806BD8021FB06460028E0D121695046FFF726FB27
S3150806BD900C23CAF80030A38943F04003A3814FF069
S3150806BDA0FF30E9E72DE9F04F98468B891B069DB0CB
S3150806BDB007460D4614460ED50B6963B94021FCF7AE
S3150806BDC075FC2860286120B90C233B604FF0FF30CC
S3150806BDD0D0E040236B610023099320238DF8293090
S3150806BDE0CDF80C803023DFF8A4818DF82A304FF081
S3150806BDF0010923469A4613F8012B0AB1252AF9D1D1
S3150806BE00BAEB040B0BD05B46224629463846FFF7A3
S3150806BE106FFF013000F0A980099A5A4409929AF8E8
S3150806BE200030002B00F0A18000234FF0FF32CDE949
S3150806BE3005230AF1010A049307938DF853301A93DA
S3150806BE405446052214F8011B5048D4F7F9F9049A02
S3150806BE50D8B9D00644BF20238DF85330110744BFFE
S3150806BE602B238DF853309AF800302A2B15D0079ACB
S3150806BE70544600204FF00A0C214611F8013B303B88
S3150806BE80092B4DD9B0B1079214E0A0EB080309FABD
S3150806BE9003F313430493A246D2E7039B191D1B68B3
S3150806BEA00391002BBBBF5B4242F00202079307933E
S3150806BEB0B8BF049223782E2B0CD163782A2B34D15B
S3150806BEC0039B1A1D1B680392002BB8BF4FF0FF335E
S3150806BED002340593DFF8C4A0217803225046D4F726
S3150806BEE0AFF938B1049BA0EB0A00402282401343FF
S3150806BEF00134049314F8011B25488DF828100622E8
S3150806BF00D4F79EF9002838D0224B1BBB039B073370
S3150806BF1023F0070308330393099B3344099368E719
S3150806BF200CFB02320C460120A6E7002301340593D2
S3150806BF3019464FF00A0C204610F8012B303A092A02
S3150806BF4003D9002BC6D00591C4E70CFB012104468C
S3150806BF500123F0E703AB00932A460F4B04A938469C
S3150806BF60FCF7D0FC421C0646D6D1AB895B063FF5E4
S3150806BF702DAF09981DB0BDE8F08F03AB00932A468E
S3150806BF80054B04A93846FCF761FFEBE7D514070805
S3150806BF90DF14070805890608F1BC0608DB14070836
S3150806BFA08A892DE9F041054610070C4658D44B6890
S3150806BFB0002B05DC0B6C002B02DC0020BDE8F081AB
S3150806BFC0E66A002EF9D0002312F480522F68216AF9
S3150806BFD02B6032D0606DA3895A0705D56368C01AE7
S3150806BFE0636B0BB1236CC01A00230246E66A216A04
S3150806BFF02846B047431CA38906D129681D292BD88C
S3150806C000294A0A41D60727D400226260D90422693A
S3150806C010226004D5421C01D12B6803B96065616BA1
S3150806C0202F600029C9D004F14403994202D0284654
S3150806C030FFF7D4F900206063C0E701232846B04716
S3150806C040411CC8D12B68002BC5D01D2B01D0162B39
S3150806C05001D12F60B1E7A38943F04003A381ADE779
S3150806C0600F69002FA9D093070E6808BF4B690F60A2
S3150806C07018BF0023A6EB07088B60B8F1000F9CDDF6
S3150806C080216AA66A43463A462846B047002806DC89
S3150806C090A38943F04003A3814FF0FF308EE7074498
S3150806C0A0A8EB0008E9E700BFFEFFBFDF38B50B6956
S3150806C0B005460C4613B90025284638BD18B1036A45
S3150806C0C00BB9FDF75FF8B4F90C30002BF3D0626EA6
S3150806C0D0D00704D4990502D4A06DFEF7B8FA284607
S3150806C0E02146FFF75DFF636EDA070546E4D4A389A2
S3150806C0F09B05E1D4A06DFEF7ACFADDE738B5134D1E
S3150806C1000446286818B1036A0BB9FDF73BF8636E4F
S3150806C110D80705D4A389990502D4A06DFEF797FA20
S3150806C120B4F90C305BB1B4F90E50626ED20704D47A
S3150806C1309B0502D4A06DFEF78CFA284638BD2A68F8
S3150806C140092111604FF0FF35EFE700BFF43F0020E5
S3150806C1500EB403B5014603AB054853F8042B00682D
S3150806C160019300F067FB02B05DF804EB03B0704775
S3150806C170F43F00200EB410B59FB021AC4FF4017100
S3150806C18054F8042B0192ADF81C1004900890D4F7C5
S3150806C190A7F80C4B059009900D930B48019A006871
S3150806C1A003940023119316934FF6FF73ADF81E30CA
S3150806C1B004A9234600F09CF91FB0BDE8104003B059
S3150806C1C0704700BFD7930608F43F0020884210B58B
S3150806C1D001EB020402D98442234607D8431EA1422C
S3150806C1E008D011F8012B03F8012FF8E70244014697
S3150806C1F08A4200D110BD13F8014D02F8014DF7E742
S3150806C20010B56AB10139841810F8012B11F8013FE7
S3150806C2109A4203D1A04201D0002AF5D1D01A10BD00
S3150806C2201046FCE700487047F83F00202DE9F04124
S3150806C2304D4A0C460023D0E90001D4F73DFD002AF5
S3150806C240BCBF02F5A83202F5C0724FF4616100F56B
S3150806C2502F20B2FBF1F301FB13224FF03C01ACBFD2
S3150806C26000F66C2000F66B20A360B2FBF1F301FB27
S3150806C270132263602260C31C072293FBF2F2C2EB09
S3150806C280C2029B1A48BF07330028A361B8BFA0F5A8
S3150806C2900E333649AEBF90FBF1F1A3F52C7393FB2B
S3150806C2A0F1F1334B03FB010048F6AC63B0FBF3F33D
S3150806C2B0034440F2B45CB0FBFCF29B1A40F26D17DD
S3150806C2C02C4AB0FBF2F264269B1AB3FBF7F2B3FBD1
S3150806C2D0FCF3B2FBF6F5EB1A034407FB1233992077
S3150806C2E003EB8307023703F1010EB7FBF0FC00FBED
S3150806C2F00CF002304FF00508B0FBF8F0AEEB000084
S3150806C30040F2F95E774594BF02276FF0090767443E
S3150806C3104FF4C87C0CFB0121012F98BF0131B3F5F8
S3150806C320997F0CD3A3F59973E361A1F26C71002387
S3150806C330E060C4E9047123622046BDE8F08112F084
S3150806C340030F02D106FB15255DB94FF4C875B2FB76
S3150806C350F5F605FB1622B2FA82F252093B33134466
S3150806C360E2E70122FAE700BF80510100B13A02006E
S3150806C3704FC5FDFFB03A020008B5062000F0F2FDEB
S3150806C3800120D6F76FF900000148FEF760B900BF2D
S3150806C39020B600200148FEF75CB900BF20B600208B
S3150806C3A082B001B901A942B14BB113780B60127874
S3150806C3B0101E18BF012002B070471046FBE76FF043
S3150806C3C00100F8E72DE9F041804614460E4621B9E4
S3150806C3D0BDE8F0411146FCF769B92AB9FEF7FEFF32
S3150806C3E025462846BDE8F08100F0D8FD8442074672
S3150806C3F002D8B4EB500F12D821464046FCF756F938
S3150806C40005460028EDD0BC422246314628BF3A46A4
S3150806C410FEF728F931464046FEF7E0FFE1E73546DE
S3150806C420DFE749B1FF2A85BF8A2303600A704FF002
S3150806C430FF3098BF012070470846704738B54B1C31
S3150806C440144603D14FF0FF35284638BD938923F0A5
S3150806C45020039381636B5268CDB28BB1A36B93426B
S3150806C46008DD23685A1E226003F8015C63680133F7
S3150806C4706360E9E7214600F07EFC0028F1D0E1E793
S3150806C4802169236851B1994208D213F8011CA942B9
S3150806C49004D1013B013223606260D5E7C4E90F3255
S3150806C4A004F1440363630323A363234603F8465F41
S3150806C4B023600123DCE710B50C46496B69B104F124
S3150806C4C04403994201D0FEF789FF236C6360002076
S3150806C4D0606313B1E36B236010BD236923600023F1
S3150806C4E06360A38943F02003A3814FF0FF30F3E787
S3150806C4F02DE9F0470C46ADF5227D0021CDE944111C
S3150806C500A649A0910DF10408A549A64FDFF8989209
S3150806C510CDF818810646A19100931378002B00F0F2
S3150806C5205A81F95C11F0080102F1010519D0636810
S3150806C530002B0FDD23681A78BA5C120701D42A463F
S3150806C540EBE7459A0132459262680133013A626021
S3150806C5502360ECE7A19B2146304698470028E9D098
S3150806C560EDE7252B12D09A466368002B40F3918097
S3150806C57022681378534540F02E816368013B636051
S3150806C580459B0132013322604593D8E74191439191
S3150806C59053782A2B02BF1023951C41930A22AA46D2
S3150806C5A01AF8011BA1F13003092B1CD97E48032270
S3150806C5B0D3F746FE38B1419AA0EB0900012383401A
S3150806C5C013434193554615F8013B782B06D8572B46
S3150806C5D010D8252BC7D057D8002B65D003234793E9
S3150806C5E00A23429376E0439B02FB031130394391B3
S3150806C5F05546D4E7A3F15802202AEFD801A151F8E7
S3150806C60022F000BFB7C60608DDC50608DDC506085A
S3150806C61015C70608DDC50608DDC50608DDC506080C
S3150806C620DDC50608DDC50608DDC50608DDC5060836
S3150806C6302BC7060811C706088FC606088FC606083A
S3150806C6408FC60608DDC50608CDC60608DDC5060872
S3150806C650DDC50608DDC50608DDC506083BC70608A6
S3150806C66009C70608AFC60608DDC50608DDC50608F5
S3150806C67037C70608DDC5060811C70608DDC5060854
S3150806C680DDC50608B7C60608453B022BA6D8052308
S3150806C6901FE0A19B21463046984700283FF468AF1D
S3150806C6A04498002840F08D804FF0FF308FE0419A7D
S3150806C6B042F020024192419A42F4007241921022B7
S3150806C6C06F2B429234BF0323042302E000234293CE
S3150806C6D0032347936368002B3DDD419B590604D423
S3150806C6E023681A78BA5C12073CD4479B022B4BDCA4
S3150806C6F06B46224641A9304600F0B6F901286AD0AB
S3150806C70002287FF41CAFCBE7082342930423E0E70D
S3150806C7100A22D5E72946404600F0F4FA419B43F03B
S3150806C7204003419305460123D3E7419B43F0400363
S3150806C73041930023CDE70223CBE74198C3063FF58D
S3150806C740FEAE009B459A191D00911B68C0074CBF93
S3150806C7501A801A60F3E6A19B2146304698470028B8
S3150806C760BBD09DE7459A013245926268013A002A8E
S3150806C770626002DD01332360B2E7A19B214630469B
S3150806C78098470028ACD08BE7042B0FDC6B4622466D
S3150806C79041A9304600F0C2F9B0E700BF3DC4060815
S3150806C7A0B7C40608D5130708DB1407080B4B002B76
S3150806C7B03FF4C5AE6B46224641A93046AFF3008024
S3150806C7C09CE7A38913F0400F18BF4FF0FF300DF50D
S3150806C7D0227DBDE8F0874498F9E700BF000000000F
S3150806C7E09368013B002B10B4936008DA9469A34258
S3150806C7F001DB0A2903D15DF8044B00F0F6BA136883
S3150806C800581C1060197008465DF8044B7047F8B551
S3150806C81006460F461446D518AC4201D1002007E055
S3150806C82014F8011B3A463046FFF7DAFF431CF3D1E4
S3150806C830F8BD00002DE9F04F0D469DB01446984602
S3150806C840064618B1036A0BB9FCF79CFC6B6ED9074A
S3150806C85005D4AB899A0502D4A86DFDF7F8FEAB890F
S3150806C8601B0701D52B699BB92946304600F0FAFA0B
S3150806C87070B16B6EDC0704D54FF0FF301DB0BDE80E
S3150806C880F08FAB899805F7D4A86DFDF7E2FEF3E7B6
S3150806C8900023099320238DF82930CDF80C80302300
S3150806C8A0DFF8B0818DF82A304FF0010923469A46FB
S3150806C8B013F8012B0AB1252AF9D1BAEB040B0BD0CA
S3150806C8C05B46224629463046FFF7A1FF013000F0AF
S3150806C8D0A980099A5A4409929AF80030002B00F062
S3150806C8E0A18000234FF0FF32CDE905230AF1010A9C
S3150806C8F0049307938DF853301A935446052214F871
S3150806C900011B5448D3F79CFC049AD8B9D10644BFF0
S3150806C91020238DF85330130744BF2B238DF8533045
S3150806C9209AF800302A2B15D0079A544600204FF05D
S3150806C9300A0C214611F8013B303B092B4DD9B0B1FB
S3150806C940079214E0A0EB080309FA03F313430493CA
S3150806C950A246D2E7039B191D1B680391002BBBBF92
S3150806C9605B4242F0020207930793B8BF0492237804
S3150806C9702E2B0CD163782A2B34D1039B1A1D1B68E0
S3150806C9800392002BB8BF4FF0FF3302340593DFF846
S3150806C990D4A0217803225046D3F752FC38B1049B1B
S3150806C9A0A0EB0A004022824013430134049314F88C
S3150806C9B0011B29488DF828100622D3F741FC0028C2
S3150806C9C03FD0264B1BBB039B073323F007030833CD
S3150806C9D00393099B3B44099368E70CFB02320C4612
S3150806C9E00120A6E700230134059319464FF00A0CE1
S3150806C9F0204610F8012B303A092A03D9002BC6D04F
S3150806CA000591C4E70CFB012104460123F0E703ABB5
S3150806CA1000932A46124B04A93046FBF773FF0746CE
S3150806CA20781CD6D16B6ED90705D4AB899A0502D47C
S3150806CA30A86DFDF70EFEAB895B063FF51DAF099897
S3150806CA401CE703AB00932A46054B04A93046FCF7B8
S3150806CA50FDF9E4E7D5140708DF140708058906086B
S3150806CA600FC80608DB1407082DE9F84315468A6831
S3150806CA7080460C4632B98A69002A0CBF01224FF055
S3150806CA80FF328A602268DFF89090D1065FBF1A687F
S3150806CA90111D196016680027A06988B1012807D1F3
S3150806CAA02A6811786269525C52B9002F31D022E0A1
S3150806CAB0022820D12B681B7819F803301B071AD4CD
S3150806CAC02368DA065EBF2B681B7806F8013B2A68D8
S3150806CAD06B6801322A60A268013B013A6B6001372E
S3150806CAE0A26042B1002BD7DCD4F8803129464046ED
S3150806CAF098470028D0D0236813F0100305D1E268BA
S3150806CB000132E260A26902B1337023693B442361AC
S3150806CB100020BDE8F88300BFD51307082DE9F04FB6
S3150806CB209846744B0C468246164693E8070087B025
S3150806CB3003AB83E80700704BA169704A032918BF3F
S3150806CB401A46A36801925A1EB2F5AE7F88BF6FF4DD
S3150806CB50AE75274682BF03EB050940F25D13A3604F
S3150806CB6057F81C3B43F4506398BF4FF000092360FF
S3150806CB703D464FF0000B316803AB097853F82B0096
S3150806CB800222D3F75DFB28B3BBF1010F59D16268C0
S3150806CB902AB92268082342F4007263602260226872
S3150806CBA022F4A0622260A268511EA16092B1326880
S3150806CBB0511C3160127805F8012B7268013A002A71
S3150806CBC0726007DCD4F88021314650469047002823
S3150806CBD040F085800BF1010BBBF1030FCBD16368DF
S3150806CBE00BB90A236360636845496069C91A00F088
S3150806CBF089F84FF0000BA3682268002B3DD03168F0
S3150806CC00606991F800C010F80C00002835D0BCF110
S3150806CC10300F24D1100522D50BF1010BB9F1000FFF
S3150806CC2003D0013309F1FF39A3607368013B002B72
S3150806CC3073601BDD336801333360A368013BA36069
S3150806CC40D9E7BBF1020FAED1226802F4C061B1F58D
S3150806CC50007FBFD11023636042F48072A2E722F4F4
S3150806CC60106222600B7805F8013BDEE7D4F88031BE
S3150806CC703146504698470028DFD02368D9050DD592
S3150806CC80BD4209D915F8011CD4F87C3132465046FE
S3150806CC90984705F1FF394D46BD4228D0226812F05D
S3150806CCA0100213D12A706368019E39465046B0476A
S3150806CCB0D8F8003021681A1DC8F8002011F0200F90
S3150806CCC01B680FD01860E3680133E3602369ED1B20
S3150806CCD05D442B442361002007B0BDE8F08F4FF072
S3150806CCE0000BCAE7CA074CBF18801860EBE7012095
S3150806CCF0F2E700BFE4F80608D9BC0608B1D006086C
S3150806CD000015070870B50B7804465E2B0BBF4B78E3
S3150806CD104A1C8A1C002108BF0121013804F1FF05B7
S3150806CD2000F8011FA842FBD10BB9501E70BD81F051
S3150806CD300101E1541046024612F8015B2D2D05D075
S3150806CD405D2D16D0002DF1D02B46F2E746785D2EDE
S3150806CD50FAD0B342F8DC02301A4601329642A1549A
S3150806CD60FBDCF21A013A5D1CB342A8BF0022AB18D7
S3150806CD70E1E71046DAE72DE9F0410C46496B04F17E
S3150806CD80440399421DD14FF48061FBF78FFC18B90D
S3150806CD904FF0FF30BDE8F0814FF48063A36394F843
S3150806CDA04630606380F8FF3394F8453080F8FE33E2
S3150806CDB094F8443080F8FD3300F2FD3020600020F8
S3150806CDC0E8E7A66B77003A46FFF7FCFA0546002819
S3150806CDD0DED000EB0608014632464046FDF742FC21
S3150806CDE0C4E90D57C4F80080E9E7F8B50E461446B7
S3150806CDF0054618B1036A0BB9FCF7C4F9A369A3601B
S3150806CE00A3891A0725D523691BB323682269981AA5
S3150806CE106369F6B28342374604DC21462846FFF79D
S3150806CE2045F9E0B9A368013BA36023685A1C22604A
S3150806CE301E706269431C9A4204D0A389DB0706D58D
S3150806CE400A2E04D121462846FFF730F938B938465E
S3150806CE50F8BD2146284600F005F80028D5D04FF03B
S3150806CE60FF37F4E738B52A4B054618680C4618B155
S3150806CE70036A0BB9FCF786F9A389B4F90C201807D7
S3150806CE8022D4D90607D409232B6042F04003A3818E
S3150806CE904FF0FF3034E0580712D5616B41B104F103
S3150806CEA04403994202D02846FEF798FA002363639C
S3150806CEB0A38923F02403A3810023636023692360DF
S3150806CEC0A38943F00803A38123694BB9A38903F40D
S3150806CED02073B3F5007F03D02146284600F010F9E3
S3150806CEE0A089B4F90C2010F001030AD00023A36028
S3150806CEF063695B42A361236943B910F08000C4D114
S3150806CF0038BD810758BF6369A360F4E70020F7E7D1
S3150806CF10F43F00201F2938B504460D4604D91623C2
S3150806CF2003604FF0FF3038BDC26B12B152F821309C
S3150806CF304BB9204600F030F82A4601462046BDE899
S3150806CF40384000F017B8012B0AD0591C03D116230E
S3150806CF5003600120E7E7002442F82540284698475B
S3150806CF600020E0E7024B01461868FFF7D3BF00BF6B
S3150806CF70F43F002038B5074D0023044608461146F7
S3150806CF802B60D5F75FFB431C02D12B6803B12360E0
S3150806CF9038BD00BF1CB60020D5F74CBB51F8043C7B
S3150806CFA0181F002BBCBF0B58C0187047012B2DE95C
S3150806CFB0F04701D0242B06D9FDF71EFB162303607E
S3150806CFC00020BDE8F087DFF8E4C00D462E4615F8C2
S3150806CFD0014B1CF8047017F00807F7D12D2C32D12F
S3150806CFE02C780127B51C002B5BD0102B09D1302CC9
S3150806CFF007D12C7804F0DF04582C4DD16C78102311
S3150806D000023507F1004808F1FF384FF0000EB8FB65
S3150806D010F3F9764603FB198AA4F1300CBCF1090F1D
S3150806D02016D86446A34224DDBEF1FF3F08D0B145B3
S3150806D0301CD301D1A24519DB06FB03464FF0010EA8
S3150806D04015F8014BE8E72B2C04BF2C78B51CCAE764
S3150806D050A4F1410CBCF1190F01D8373CE2E7A4F15B
S3150806D060610CBCF1190F04D8573CDBE74FF0FF3EBD
S3150806D070E6E7BEF1FF3F05D122230360464642B9DD
S3150806D08030469EE707B17642002AF9D0BEF1000F70
S3150806D09000D0691E1160F3E73024002BB1D10823AE
S3150806D0A0AFE7302CA5D00A23ABE700BFD513070890
S3150806D0B0FFF77CBF70B50C46B1F90E10002996B07D
S3150806D0C015461E460DDAA38913F0800F4FF00001A8
S3150806D0D00CBF4FF480634023002031602B6016B0E6
S3150806D0E070BD6A4600F048F80028ECDB019901F4A1
S3150806D0F07041A1F50053594259414FF48063EBE755
S3150806D1008B8973B59D0706460C4607D504F1470372
S3150806D110236023610123636102B070BD01AB6A46D1
S3150806D120FFF7C8FF009905463046FBF7BFFA48B928
S3150806D130B4F90C309A05EFD423F0030343F002033F
S3150806D140A381E3E7A389206043F08003A381009BBC
S3150806D1506361019B20615BB1B4F90E10304600F09D
S3150806D1601DF828B1A38923F0030343F00103A3811D
S3150806D170A3891D43A581CFE738B5074D0023044685
S3150806D180084611462B60D5F7BCFA431C02D12B6814
S3150806D19003B1236038BD00BF1CB6002038B5064D5E
S3150806D1A00023044608462B60D5F7BBFA431C02D172
S3150806D1B02B6803B1236038BD1CB6002000000000AA
S3150806D1C038B52DED028B55EC104B00F041F822468A
S3150806D1D02B4620462946B0EE408AF0EE608AD3F7FB
S3150806D1E0DDFC98B90022002320462946D3F7CCFC55
S3150806D1F060B90022002320462946D3F79DFC60B174
S3150806D200FDF7FAF99FED0A8B22230360B0EE480A6A
S3150806D210F0EE680ABDEC028B38BDFDF7EDF9BDECFC
S3150806D220028B21230360BDE83840034800F008B89E
S3150806D230000000000000F0FF0512070800000000C5
S3150806D2409FED010B704700BF000000000000F87F45
S3150806D2502DE9F04F51EC100B2DED048BB1F5801F1F
S3150806D26083B00D4629DA21F00043034310EE102A4F
S3150806D2700CD1CF49002200230020D3F71FFB41EC2F
S3150806D280100B03B0BDEC048BBDE8F08F002905DA58
S3150806D2900B46D3F731F800220023EEE7C54B0022EA
S3150806D2A0D3F7E2F96FF035030D46C34A954206DD14
S3150806D2B002460B46D3F722F8E1E70023F5E72C15D5
S3150806D2C0A4F2FF34C5F313051C4405F5152303F626
S3150806D2D0647303F4801383F07F5282F4401242EAA1
S3150806D2E0050104EB13540022B44BD3F705F8AB1C1F
S3150806D2F0C3F31303022B82468B464FF0000253DC18
S3150806D3000023D3F719FCD0B1002C00F02281204661
S3150806D310D3F740F990A3D3E9002306460F46D3F779
S3150806D320A3F98FA3D3E9002304460D4630463946AA
S3150806D330D3F79AF902460B4620462946BAE78AA340
S3150806D340D3E9002350465946D3F78EF902460B46CB
S3150806D35000209B49D2F7D0FF524606460F465B4643
S3150806D36050465946D3F780F902460B4630463946A3
S3150806D370D3F77AF906460F4614B932463B46A2E073
S3150806D3802046D3F707F974A3D3E9002380468946CE
S3150806D390D3F76AF972A3D3E9002304460D46404635
S3150806D3A04946D3F761F9A7E04FF08043D2F7A6FFBF
S3150806D3B002460B4650465946D3F780FA41EC180BF7
S3150806D3C02046D3F7E7F853EC182B41EC190B51EC2A
S3150806D3D0180BD3F749F9A5F5C223A3F27A430193A5
S3150806D3E002460B4680468946D3F73EF960A3D3E93B
S3150806D3F0002306460F46D3F737F95FA3D3E900237A
S3150806D400D2F77CFF32463B46D3F72EF95CA3D3E91F
S3150806D4100023D2F773FF32463B46D3F725F95AA3BC
S3150806D420D3E90023D2F76AFF42464B46D3F71CF9DF
S3150806D43057A3D3E900238046894630463946D3F7AB
S3150806D44013F955A3D3E90023D2F758FF32463B46CC
S3150806D450D3F70AF952A3D3E90023D2F74FFF324688
S3150806D4603B46D3F701F90B46024649464046D2F7EC
S3150806D47045FFC5F5D725019B51351D43002D804629
S3150806D480894648DD4E4B002250465946D3F7ECF8F6
S3150806D49052465B46D3F7E8F802460B4606460F465B
S3150806D4A040464946D2F72AFF53EC182BD3F7DCF841
S3150806D4B08046894664B902460B4630463946D2F74F
S3150806D4C01BFF02460B4650465946D2F715FFD6E6C7
S3150806D4D021A3D3E9002351EC190BD3F7C5F820A3EA
S3150806D4E0D3E9002304460D4651EC190BD3F7BCF8CD
S3150806D4F042464B46D2F702FF02460B4630463946A7
S3150806D500D2F7FAFE52465B46D2F7F6FE02460B46B7
S3150806D51020462946D9E702460B4650465946D2F7CB
S3150806D520EBFE53EC182BD3F79FF806460F46002C4E
S3150806D5303FF423AF08A3D3E9002351EC190BD3F71D
S3150806D54093F807A3D3E9002304460D4651EC190BB5
S3150806D55027E79FED150B94E60000E0FE422EE63F10
S3150806D560763C7935EF39EA3D555555555555D53FE6
S3150806D57044523EDF12F1C23FDE03CB966446C73FEE
S3150806D580599322942449D23F935555555555E53F07
S3150806D5909FC678D0099AC33FAF788E1DC571CC3F12
S3150806D5A004FA97999999D93F0000000000000000EF
S3150806D5B0000050C300005043FFFFEF7F0000F03F16
S3150806D5C00000E03FF8B500BFF8BC08BC9E467047A9
S3110806D5D0F8B500BFF8BC08BC9E467047BC
S3150806D5E04D41494E000000007C252D3135737C00DF
S3150806D5F0456E746572204572726F722048616E6454
S3150806D6006C65722C204952512077696C6C206265CC
S3150806D6102044697361626C65000000000D0A00000B
S3150806D6204C4344007C252D3135737C007570646146
S3150806D6307465207374617465202575202D2D2D3E1D
S3150806D640202575000D0A0000416D6963656C6C201E
S3150806D6502D205542412036005665723A25303275D8
S3150806D6602E253032752E253032752E253032750028
S3150806D670630000007C252D3135737C006A203D2029
S3150806D680256400000D0A00003C25783E3A3C3078B1
S3150806D69025783E00222A3A3C3E3F7C7F0000000061
S3150806D6A02B2C3B3D5B5D0000EBFE904D53444F53E0
S3150806D6B0352E30004E4F204E414D4520202020461F
S3150806D6C041543332202020004E4F204E414D4520EE
S3150806D6D0202020464154202020202000656E642DF7
S3150806D6E06F662D73747265616D000000696F20653B
S3150806D6F072726F7200000000766172696E74206F2E
S3150806D700766572666C6F7700696E76616C696420F9
S3150806D710776972655F747970650000007061726575
S3150806D7206E742073747265616D20746F6F207368EA
S3150806D7306F72740077726F6E6720776972652074E8
S3150806D74079706500696E76616C6964206669656CD0
S3150806D75064207479706500006172726179206F764B
S3150806D7606572666C6F7700006661696C656420741D
S3150806D7706F207365742064656661756C7473000042
S3150806D7806E6F206D616C6C6F6320737570706F7247
S3150806D7907400000063616C6C6261636B2066616984
S3150806D7A06C656400696E76616C6964206578746573
S3150806D7B06E73696F6E0000007A65726F2074616712
S3150806D7C00000000077726F6E672073697A652066B7
S3150806D7D06F7220666978656420636F756E74206655
S3150806D7E069656C64000000006D697373696E67206D
S3150806D7F07265717569726564206669656C64000090
S3150806D800696E76616C696420646174615F73697AAE
S3150806D81065000000696E746567657220746F6F200F
S3150806D8206C617267650000006279746573206F76AD
S3150806D8306572666C6F77000073697A6520746F6F18
S3150806D840206C617267650000737472696E67206F73
S3150806D850766572666C6F7700696E76616C696420A8
S3150806D8606669656C642064657363726970746F7241
S3150806D87000000000696E636F7272656374206669DC
S3150806D880786564206C656E6774682062797465735A
S3150806D8902073697A6500000073747265616D206687
S3150806D8A0756C6C00696F206572726F7200000000F5
S3150806D8B06172726179206D61782073697A6520656F
S3150806D8C07863656564656400286E6F6E6529000071
S3150806D8D0696E76616C6964206669656C642074791C
S3150806D8E07065000063616C6C6261636B20657272B9
S3150806D8F06F7200006D697373696E6720726571755C
S3150806D90069726564206669656C640000696E76618D
S3150806D9106C696420657874656E73696F6E000000BD
S3150806D9207375626D73672073697A65206368616EBD
S3150806D93067656400696E76616C6964206461746102
S3150806D9405F73697A65000000627974657320736986
S3150806D9507A65206578636565646564007A65726FBD
S3150806D9602D6C656E67746820737472696E6700003D
S3150806D970756E7465726D696E61746564207374720A
S3150806D980696E6700696E76616C6964206669656C9E
S3150806D990642064657363726970746F7200000000B0
S3150806D9A04D435033323231007C252D3135737C0098
S3150806D9B052656365697665204661696C6564203AD1
S3150806D9C0203078257820616464726573733A3078F6
S3150806D9D025303278000000000D0A000069326320FF
S3150806D9E068616E646C65206973206E756C6C0000E0
S3150806D9F04D435034375836007C252D3135737C0017
S3150806DA004661696C656420746F205472616E736D25
S3150806DA10697400000D0A000057726974652056611C
S3150806DA206C7565206D69736D61746368202575214B
S3150806DA303D2575200000000048616E646C65206906
S3150806DA4073204E554C4C0000000000004661696C78
S3150806DA50656420746F205265636569766500000003
S3150806DA6054504C30313032007C252D3135737C00CC
S3150806DA70416C726561647920496E20495641522087
S3150806DA806D6F6465000000000D0A00005265636547
S3150806DA90697665204661696C656400005472616E34
S3150806DAA0736D6974204661696C6564006932632022
S3150806DAB068616E646C65206973206E756C6C00000F
S3150806DAC05769706572206973206E6F742041766196
S3150806DAD0696C61626C650000525443205570646136
S3150806DAE0746500007C252D3135737C006265666F8A
S3150806DAF072653A25730000000D0A00005254432049
S3150806DB006166746572000000554241003D3D3D3D23
S3150806DB102046414E204F666620283129203D3D3D48
S3150806DB203D0000003D3D3D3D2046414E204F666680
S3150806DB3020283229203D3D3D3D0000003D3D3D3D26
S3150806DB402046414E204F6E20283129203D3D3D3D39
S3150806DB50000000003D3D3D3D2046414E204F66668D
S3150806DB6020283329203D3D3D3D0000003D3D3D3DF5
S3150806DB702046414E204F6E20283229203D3D3D3D08
S3150806DB8000000000757064617465207374617465BD
S3150806DB90202575202D2D2D3E202575005542412020
S3150806DBA053657474696E67732E7062002F536574B5
S3150806DBB074696E67730000005542412041646472B9
S3150806DBC065737320696E69742077697468207A6547
S3150806DBD0726F202C7365742064656661756C742093
S3150806DBE06164647265737320000000004465766993
S3150806DBF0636520696E697420446F6E652041743AC0
S3150806DC0020257300412054657374206973206E6F4E
S3150806DC10742073696E676C65206368616E6E656CE1
S3150806DC2000000000422054657374206973206E6FE5
S3150806DC30742073696E676C65206368616E6E656CC1
S3150806DC40000000003D3D3D3D3D3D3D3D3D3D3D3DE4
S3150806DC503D3D3D3D3D3D3D3D3D3D3D485620456EA0
S3150806DC6061626C65204F66663D3D3D3D3D3D3D3DE9
S3150806DC703D3D3D3D3D3D3D3D3D3D3D3D3D3D3D3DC0
S3150806DC803D3D3D3D3D3D3D3D3D3D3D3D3D3D3D3DB0
S3150806DC900000000041422054657374206973206EA3
S3150806DCA06F74206475616C206368616E6E656C00BE
S3150806DCB053746174652056616C75652069732069AD
S3150806DCC06E76616C696420257520000025732053DD
S3150806DCD06574204E657874205374617465205661A0
S3150806DCE06C756520202575200000000025732054D4
S3150806DCF065737420436F6D6D616E6400496E766157
S3150806DD006C6964204164726573732025752000006A
S3150806DD1041646472657373206368616E676564201F
S3150806DD20746F202530387820000000004E616D6536
S3150806DD3020776173206368616E67656420746F2057
S3150806DD402573000054696D652077617320636861E1
S3150806DD506E67656420746F20256C7500534E2063C4
S3150806DD6068616E67656420746F20253038782000F0
S3150806DD70496E76616C696420436F6D6D616E6420C9
S3150806DD804944202575200000494E495400000000E4
S3150806DD904255434B00000000424F4F5354000000C3
S3150806DDA04255434B5F424F4F535400004255434B2F
S3150806DDB05F424F4F53545F55500000004255434B40
S3150806DDC05F424F4F53545F444F574E0044433244C5
S3150806DDD0430000007C252D3135737C0043616E2790
S3150806DDE0742063616C63756C6174652056616C7525
S3150806DDF065202825752920565053206C6F77000014
S3150806DE000D0A000045787065637465642056676573
S3150806DE106E2028256C7529206973204F4F4200000D
S3150806DE2044656C74612044757479204379636C651E
S3150806DE30206973204F4F42004475747920437963ED
S3150806DE406C6520617420746865206C696D697473E5
S3150806DE50000000005542415F474658007C252D3193
S3150806DE6035737C004944206973206E6F74204672A8
S3150806DE70616D65000D0A0000494E49540000000010
S3150806DE804348414E4E454C0042505400544553545F
S3150806DE905F53454C45435400544553545F494E46D3
S3150806DEA04F000000544553545F5354455000000034
S3150806DEB053455454494E47004558455F434D44001B
S3150806DEC04F46460053435245454E00007C252D31A4
S3150806DED035737C002873637265656E20256429751B
S3150806DEE07064617465207374617465202573202DCA
S3150806DEF02D2D3E20257300000D0A00002873637237
S3150806DF0065656E2025642975706461746520737469
S3150806DF10617465202575202D2D2D3E20257500005A
S3150806DF204348204100000000434820420000000004
S3150806DF3043482041420000004348204E2F41000036
S3150806DF40202020494E49542020200000252D313016
S3150806DF507300000020202044454C4159202000002B
S3150806DF6020205354414E444259200000204348413C
S3150806DF705247452000000000204449534348415271
S3150806DF80474500004E2F41006368616E6E656C203A
S3150806DF905374617465203A257520556E6B6E6F77D6
S3150806DFA06E20000025332E326620252D3373000099
S3150806DFB056000000252E326620252D3373000000F4
S3150806DFC06D5600002531312E2A73000041000000E7
S3150806DFD06D410000252E356620252D337300000079
S3150806DFE0416800006D416800252B332E3266F820FD
S3150806DFF0257300004300000053637265656E20634F
S3150806E00068616E6E656C20636F6E746F726C206ED7
S3150806E0106F7420646566696E650000004572726FE6
S3150806E020723A257800000000202020202020202093
S3150806E03020202020000000002020766F6C7461677F
S3150806E040653A0000202063757272656E743A0000A0
S3150806E050202063617061636974793A0020207465CB
S3150806E0606D70657261747572653A000025730000F5
S3150806E0706368616E6E656C20636F6E74726F6C2072
S3150806E080696420257520696E20756E6B6E6F756ED0
S3150806E09020000000253032753A253032753A25308B
S3150806E0A03275000020436F6D706C657465642000D8
S3150806E0B0204661696C6564200000000053746F7021
S3150806E0C0656420627920557365720000426174742E
S3150806E0D065727920446973636F6E6E6563746564E9
S3150806E0E000000000504155534500000041424F527A
S3150806E0F0544544004641494C0000000053544550D7
S3150806E1002D25642825642900524553554D000000DF
S3150806E11053544F50000000004E4558542000000046
S3150806E12053544152540000004241434B000000003C
S3150806E1302020202020000000746865206D61782064
S3150806E1406E756D626572206F6620636861722069F6
S3150806E1506E2073637265656E2073697A65206973C6
S3150806E1602025640020202D2D656E642D6F662D6C86
S3150806E1706973742D2D2D2D2D2D2D2D2D00000000A6
S3150806E18053454C4543540000546573742053656CD7
S3150806E1906563740025642D252D73000025642D25D9
S3150806E1A07320202020200000202062617474657286
S3150806E1B07920502F4E3A20002020252E2A7300005B
S3150806E1C020206261747465727920532F4E3A2000B6
S3150806E1D020206261747465727920747970653A20B4
S3150806E1E00000000020205072696D617279000000F7
S3150806E1F020205365636F6E64617279002020556E20
S3150806E2006B6E6F776E000000202063656C6C20735A
S3150806E21065722F7061723A206D6F64653A00000068
S3150806E22020202025642F25640000000020206E7516
S3150806E2306D2073746570733A20000000202020252F
S3150806E2406400000053696E676C6500004475616C6E
S3150806E25000000000535445502020000054522075F3
S3150806E2606E7061636B204661696C65640000000028
S3150806E270436861726765000044697363686172671B
S3150806E28065000000537465702025640020206368C5
S3150806E290617267652063757272656E743A2000004E
S3150806E2A020202564206D410020206D617820746544
S3150806E2B06D70657261747572653A20002020256452
S3150806E2C02043000020206375742D6F6666206375EB
S3150806E2D07272656E743A20002020636861726765FB
S3150806E2E0206C696D69743A200000000020202566B6
S3150806E2F0206D4168000000002020756E6465660082
S3150806E3002020636861726765207065722063656C94
S3150806E3106C3A20002020252E326620560000000082
S3150806E3202020737465703A200000000020202564BA
S3150806E330206F66202564000020206469736368617F
S3150806E3407267652063757272656E743A20000000FE
S3150806E35020202D2564206D410000000020206375CD
S3150806E360742D6F666620766F6C746167653A200051
S3150806E370202025332E3266205600000020206469A8
S3150806E38073636861726765206C696D69743A200003
S3150806E390202064656C61792074696D653A200000F1
S3150806E3A020207761697420666F722074656D7065C2
S3150806E3B07261747572653A20000000002020676F46
S3150806E3C0746F20737465703A200000002020726509
S3150806E3D0706561742074696D65733A2000000000E3
S3150806E3E06578655F636D643A206576656E74202583
S3150806E3F06400000050524F544F2068656C70657271
S3150806E400000000007C252D3135737C004661696C59
S3150806E410656420546F206465636F6465206D657353
S3150806E42073616765000000000D0A00004661696CA5
S3150806E430656420546F206465636F6465206D657333
S3150806E44073616765203A2025730000004661696C8A
S3150806E450656420526561642046696C653A202573B1
S3150806E4602F2573004572726F722067657474696E1C
S3150806E4706720656E636F646564203A2025732000FD
S3150806E48053617665206D65737361676520546F20E1
S3150806E49066696C65204661696C65640050574D006F
S3150806E4A07C252D3135737C006E65775F76616C75D4
S3150806E4B0653A2530346C75203E202530346C752037
S3150806E4C0000000000D0A00006E65775F76616C75C0
S3150806E4D0653A2530346C75203C202530346C752019
S3150806E4E00000000070776D206973206E756C6C00ED
S3150806E4F04661696C656420746F2053746172742072
S3150806E500444D413A203078256C7800004661696C9E
S3150806E510656420746F2053746172742050574D3A9F
S3150806E520203078256C7800004661696C656420742D
S3150806E5306F2053544F5020444D413A203078256C6D
S3150806E540780000004661696C656420746F20535430
S3150806E5504F502050574D3A203078256C78000000E9
S3150806E5605542415F554152545F436F6D6D00000039
S3150806E5707C252D3135737C0055415254206E6F74B7
S3150806E580207265616479203A2030782558000000A3
S3150806E5900D0A00005458206661696C65643A25754B
S3150806E5A000000000494420697320756E6B6E6F750E
S3150806E5B06E3A2578000000005541525400000000C6
S3150806E5C0554152545F71756572795F6C696E653A25
S3150806E5D0206C696E655F726563697069656E745FDE
S3150806E5E06964202564000000554152545F717565BB
S3150806E5F072795F6368616E6E656C3A2063685F72EE
S3150806E6006563697069656E745F69642025640000D0
S3150806E6104944206973206E6F742061206B6E6F778C
S3150806E6206E204250542069643A2578004465766916
S3150806E63063650000425054204100000042505420B1
S3150806E64042000000434D44206D657373616765009B
S3150806E6505465737420526F7574696E652E70620000
S3150806E6602F5465737420526F7574696E65000000C1
S3150806E67070726F6365737320756172742064617452
S3150806E68061206C656E3A257500000000286E6F6E6F
S3150806E690652900004465636F64696E67206661696B
S3150806E6A06C65643A202573004661696C6564207456
S3150806E6B06F2072656369766520746F20444D413A0A
S3150806E6C025303475000000003D3D3E2046696C65E0
S3150806E6D03A202573205761732053656E7420636844
S3150806E6E0756E6B20256C75003D3D3E2046696C654A
S3150806E6F0204C697374202825752F2575293A2066B6
S3150806E7006F6C646572205B25735D20003D3D3E2077
S3150806E71053696E676C652046696C653A20257320D1
S3150806E7205761732053656E7400000000494E4954BC
S3150806E730000000005354414E444259005041555377
S3150806E7404500000052554E5F5354455000000000E0
S3150806E750535445505F434F4D504C455445000000B1
S3150806E760544553545F4641494C4544005445535411
S3150806E7705F434F4D504C45544500000025303464E0
S3150806E78025303264253032642530326425303264C9
S3150806E790253032640000000025735F25735F2573F4
S3150806E7A02E706200425054007C252D3135737C004C
S3150806E7B0427566666572206C656E6774682069734D
S3150806E7C020746F2073686F727428256C752C2564FF
S3150806E7D0290000000D0A0000757064617465204200
S3150806E7E050542066696C65206E616D6520746F20CD
S3150806E7F02573200028627074297570646174652013
S3150806E8007374617465202573202D2D2D3E2025737E
S3150806E81000000000286270742975706461746520AA
S3150806E8207374617465202575202D2D2D3E2025755A
S3150806E83000000000416374696F6E20537461746545
S3150806E8402028257529206973206E6F7420737570C4
S3150806E850706F727465640000425054206973204EC6
S3150806E860554C4C005265616368204D6178205469A1
S3150806E8706D6500004375742D4F6666204375727282
S3150806E880656E74004375742D4F666620566F6C74F4
S3150806E89061676500526561636820436861726765EA
S3150806E8A0204C696D69740000526561636820546579
S3150806E8B06D70204C696D697400000000496E7661BA
S3150806E8C06C6964205374657020496400696E7661C4
S3150806E8D06C696420737465702069642030782578BD
S3150806E8E00000000069642025643A20413A20256420
S3150806E8F02C20422025642C20414220256400000055
S3150806E900537465702054797065206964206973208C
S3150806E910756E6B6E6F776E3A25750000656E746553
S3150806E920722073746570207768696C6520746865EB
S3150806E93020706F696E74657220696E206E756C6CD0
S3150806E9400000000072756E2073746570206E6F7411
S3150806E95020636F6D706C657465642C2063726974C8
S3150806E9606963616C206572726F72202564206F6E0A
S3150806E97020696420256420257300000072756E20C0
S3150806E980737465702065727220657869743A2062B8
S3150806E99070742D3E77725F66726F6D202564205BF4
S3150806E9A025735D002F5465737420526573756C74F0
S3150806E9B07300000072756E2073746570206E6F742E
S3150806E9C020636F6D706C657465642C206C696E6562
S3150806E9D07320646973636F6E6E6563746564206F0E
S3150806E9E06E206964202564202573000072756E20E2
S3150806E9F07374657020646973636F6E6E6563746598
S3150806EA006420657869743A206270742D3E77725F61
S3150806EA1066726F6D202564205B25735D0000000015
S3150806EA20636F6D706C6574653A20413A20256420DB
S3150806EA30286363202564292C204220256420286320
S3150806EA406320202564290000312D41204455414C78
S3150806EA502C2041696478202564204269647820253B
S3150806EA60642041426964782025640000322D4220DC
S3150806EA704455414C2C204169647820256420426916
S3150806EA80647820256420414269647820256400005C
S3150806EA90636F6D706C6574653A2069642025643AFF
S3150806EAA020413A2025642C20422025642C20414208
S3150806EAB02025642C2054525F73656C6563746564FF
S3150806EAC05F696E64657820256400000073746F704C
S3150806EAD03A20413A20256420286363202564292C98
S3150806EAE02042202564202863632020256429000007
S3150806EAF073746F703A2069642025643A20413A2077
S3150806EB0025642C20422025642C2041422025642C8D
S3150806EB102054525F73656C65637465645F696E64D9
S3150806EB20657820256400000054657374206973208F
S3150806EB30616C72656164792072756E6E696E67209E
S3150806EB402C206368616E6E656C2069732062757326
S3150806EB50790000007468652073656C65637465647E
S3150806EB60207465737420696E6465782065786973A0
S3150806EB7074656420746865206C656E677468206FB2
S3150806EB806620746865206C697374000063616E2775
S3150806EB90742072756E206E657874207374657000BD
S3150806EBA054686520636F6D6D616E642049442069FB
S3150806EBB07320756E6B6E6F776E3A257500000000CA
S3150806EBC04572726F722067657474696E6720656E22
S3150806EBD0636F6465642073697A6500004D657373AF
S3150806EBE06167652053697A653A25752069732074C5
S3150806EBF06F2042696720746F20746865206275669F
S3150806EC006665723A2575000073617665206C6F67CE
S3150806EC103A206C656E677468202564205B25735DEB
S3150806EC2000000000257300005542415F42555A5AB6
S3150806EC3045525F53544154455F494E4954000000B6
S3150806EC405542415F42555A5A45525F5354415445B7
S3150806EC505F4F4646000000005542415F42555A5AE4
S3150806EC6045525F53544154455F504C41595F4E4F88
S3150806EC70544500005542415F42555A5A45525F531C
S3150806EC80544154455F4D55544500000042757A7AFD
S3150806EC90657200007C252D3135737C004146544546
S3150806ECA05220434F4E4649473A204152523D256C1B
S3150806ECB075205053433D256C75204343523D256CBC
S3150806ECC0750000000D0A0000414654455220494E7B
S3150806ECD049543A2054494D3D30204348323D25642F
S3150806ECE0204152523D256C75204343523D256C758D
S3150806ECF00000000041465445522053544152543AA6
S3150806ED002054494D3D31204348323D256420415221
S3150806ED10523D256C75204343523D256C750000000F
S3150806ED2054494D352073746174653D302043483225
S3150806ED302073746174653D256400000054494D3599
S3150806ED403A205053433D256C75204152523D256C59
S3150806ED507520434352323D256C7500007570646113
S3150806ED607465207374617465202575202D2D2D3ED6
S3150806ED7020257500494E4954000000005354414E5B
S3150806ED804442590044454C41590000004348415203
S3150806ED904745000044495343484152474500000049
S3150806EDA04F4646007C252D3135737C0028636861FD
S3150806EDB06E6E656C2975706461746520737461740A
S3150806EDC065202573202D2D2D3E2025730000000075
S3150806EDD00D0A0000286368616E6E656C2975706495
S3150806EDE0617465207374617465202575202D2D2D33
S3150806EDF03E202575000000004C696E6520256420B6
S3150806EE007570646174652073746174652C20657207
S3150806EE10722030782578000043485F412E63737662
S3150806EE200000000043485F422E6373760000000028
S3150806EE3043485F41422E63737600000049442069C1
S3150806EE407320756E6B6E6F756E3A25780000000036
S3150806EE50696E6974204661696C6564202C2063684E
S3150806EE60616E6E656C20646F7365206E6F742068BC
S3150806EE7061766520616E7920636F6E6E656374656B
S3150806EE8064206C696E6573002573204661696C6536
S3150806EE906420736574207374617465203A25750059
S3150806EEA04368616E6E656C20566F6C746167652083
S3150806EEB06973207A65726F202C2063616E27742029
S3150806EEC063616C63756C6174652063757272656ED1
S3150806EED07400000064697363686172676520637508
S3150806EEE07272656E74207461726765742069732020
S3150806EEF06E6F7420646566696E6500004368616EA8
S3150806EF006E656C0044697363686172676520547937
S3150806EF1070653A307825303258206973206E6F74DA
S3150806EF2020737570706F7274656420796574000055
S3150806EF304368616E6E656C202564206572726F7211
S3150806EF403A2578004368616E6E656C2041000000BC
S3150806EF504368616E6E656C20420000004368616E08
S3150806EF606E656C20414200005468652053656C65E1
S3150806EF7063746564204368616E6E656C20697320E8
S3150806EF806E6F7420646566696E650000434D4400BD
S3150806EF907C252D3135737C005468652053656C6570
S3150806EFA063746564204368616E6E656C20697320B8
S3150806EFB06E6F7420646566696E6500000D0A00004A
S3150806EFC00000000046696C65204D616E6765720033
S3150806EFD07C252D3135737C004661696C6564205441
S3150806EFE06F204D6F756E742053442043617264001A
S3150806EFF00D0A000025732F25730000005542415F50
S3150806F000464D5F6372656174655F66696C65000087
S3150806F010636F756E742025642000000064656C6550
S3150806F02074652E2E20636F756E74202564207265AE
S3150806F030732025782020692025640000665F6F7096
S3150806F040656E312E2E20257300000000665F636C00
S3150806F0506F73652E2E2025730000000053756363B3
S3150806F06065737366756C6C792044656C6574652082
S3150806F070257300004661696C656420746F204465D3
S3150806F0806C657465202573202D20307825303278F6
S3150806F09000000000665F636F756E742025642000A5
S3150806F0A05542415F464D5F61707070656E645F6478
S3150806F0B06174610046696C6520646F6573206E6FBE
S3150806F0C0742065786973743A20257300665F7772CB
S3150806F0D06974652E2E2025732C20646174615F6C15
S3150806F0E0656E677468202564000000004661696CD1
S3150806F0F0656420746F2053746F7265206461746149
S3150806F1002020746F2066696C653A2573202D203099
S3150806F11078253032780000006F70656E2066696C57
S3150806F12065206661696C65643A20257300000000EF
S3150806F1305344206D6F756E74206661696C6564004C
S3150806F1404661696C656420746F2072656164206423
S3150806F1506174612066726F6D2066696C653A2573FF
S3150806F160202D207265733A203078253032780000D3
S3150806F1704661696C656420746F206F70656E2066DB
S3150806F180696C653A2573202D207265733A203078A6
S3150806F1902530327820666C61673A203078257820E3
S3150806F1A0667074723A2030782578206572723A202D
S3150806F1B030782578000000005542415F464D5F735A
S3150806F1C065656B5F726561645F6461746100000002
S3150806F1D0665F6F70656E332E2E202573000000005D
S3150806F1E0665F7365656B2E2E00000000665F7265A6
S3150806F1F061642E2E000000004661696C6564207401
S3150806F2006F206F70656E2066696C652025732C20E5
S3150806F21072657320256400002F5465737420526541
S3150806F22073756C74730000005542415F464D5F74F2
S3150806F23072616E736665725F6368756E6B2C207293
S3150806F2406561642073697A6520256420746F746124
S3150806F2506C20256400000000494E49540000000051
S3150806F26049444C45000000005052455F4348415208
S3150806F27047494E47000000004348415247494E4712
S3150806F2805F4343004348415247494E475F4356004A
S3150806F2904449534348415247494E47004445414429
S3150806F2A0000000007C252D3135737C00286C696EBC
S3150806F2B065297570646174652073746174652025A3
S3150806F2C073202D2D2D3E2025730000000D0A000003
S3150806F2D0286C696E65297570646174652073746136
S3150806F2E07465202575202D2D2D3E202575000000D8
S3150806F2F056494E3A25303564206D56205642617475
S3150806F3003A25303564206D56205647656E3A2530BF
S3150806F31035646D562043433A25303464206D4120C2
S3150806F32044433A25303464206D41204241542054E2
S3150806F330656D703A252B30372E3266204320414DAF
S3150806F340422054656D703A252B30372E3266204397
S3150806F3500000000056494E3A253034642020202005
S3150806F36020564261743A25303475202020205647A7
S3150806F370656E3A25303475202043433A2530347570
S3150806F3802020202044433A25303475202020204268
S3150806F39041542054656D703A253034752020202056
S3150806F3A0414D422054656D703A253034750000008B
S3150806F3B04C696E65204100004C494E455F412E63F7
S3150806F3C0616C00004C696E65204200004C494E454A
S3150806F3D05F422E63616C00007C252D3135737C00F7
S3150806F3E04144435B564241545D202020203A25304D
S3150806F3F0357520766F6C746167653A2530357520E4
S3150806F4006D5600000D0A00004144435B5647454EBB
S3150806F4105D202020203A2530357520766F6C74617C
S3150806F42067653A25303575206D5600004144435BBD
S3150806F430414D425F54454D505D3A25303575207627
S3150806F4406F6C746167653A25303575206D56000010
S3150806F4504144435B4E54435F4241545D203A25304E
S3150806F460357520766F6C746167653A253035752073
S3150806F4706D5600004144435B445343485D202020B3
S3150806F480203A2530357520766F6C746167653A259E
S3150806F490303575206D5600004144435B5650535D22
S3150806F4A020202020203A2530357520766F6C746129
S3150806F4B067653A25303575206D56000054657374B0
S3150806F4C020526F7574696E652E7062002F546573C7
S3150806F4D07420526F7574696E65000000544553545E
S3150806F4E020524F5554494E45000000007C252D31C3
S3150806F4F035737C00636F756E74657220696E646514
S3150806F5007820697320686967686572207468656E0D
S3150806F510207468205452206C656E67746820000053
S3150806F5200D0A00002073746570206964202578200A
S3150806F5306973206E6F742076616C6964000000003A
S3150806F5406D616C6C6F63204661696C6564000000CA
S3150806F55063686172676500006469736368617267E8
S3150806F56065000000696E6465782025642C2073742E
S3150806F57065705F696E6465782025642C20737465EA
S3150806F5807020747970652025730000006E65775FB4
S3150806F590737465702063757272656E743D256400B2
S3150806F5A053746570206973206E6F742076616C6972
S3150806F5B064000000696E6465782025642C204C4F2B
S3150806F5C04F5020636F756E746572202564207369C3
S3150806F5D07A6520256420746F5F73746570202564C8
S3150806F5E00000000054797065204964204973205547
S3150806F5F06E6B6E6F756E000025732F2573000000FF
S3150806F6004661696C656420746F2077726974652033
S3150806F610746F2066696C6520272573272E0A0000F5
S3150806F6200D0A00004661696C656420746F20637272
S3150806F630656174652066696C6520272573272E0A19
S3150806F640000000004661696C656420746F20637269
S3150806F6506561746520666F6C646572202725732755
S3150806F6602E0A000000000000252A735B25735D0A32
S3150806F6700000000046696C65204C6F676765720076
S3150806F6807C252D3135737C0046696C65204C6F6781
S3150806F690676572205072696E7400000048656C6C66
S3150806F6A06F2C20776F726C64210000006E65775F99
S3150806F6B066696C652E747874000000002F4E4557EF
S3150806F6C00000000046696C652074726565206166EF
S3150806F6D0746572206372656174696F6E3A0000001C
S3150806F6E04661696C656420746F206D6F756E74204B
S3150806F6F07468652066696C6573797374656D000050
S3150806F7004661696C656420746F204D6F756E743A30
S3150806F71020253032780000004661696C65642074DD
S3150806F7206F204F70656E3A2025303278000000004B
S3150806F7304661696C656420746F2077726974653AE8
S3150806F74020253032780000004F70656E2046696CB9
S3150806F750653A25732073697A65205B25755D000011
S3150806F7604661696C656420746F20726561642066FB
S3150806F770696C653A20253032780000005265616466
S3150806F7802046696C653A2573205B25755D20627986
S3150806F790746573205265616400000000256C752C3B
S3150806F7A025752C25642C25642C252E32660D0A0013
S3150806F7B0504944007C252D3135737C006F7574706D
S3150806F7C075743A25660000000D0A00005574696CC2
S3150806F7D0000000004275666665725B256C755D3AC3
S3150806F7E00000000025303258000000002D25303272
S3150806F7F058000000427566666572206C656E677409
S3150806F8006820697320746F2073686F727428256C74
S3150806F810752C256429000000253034642D253032E0
S3150806F820642D2530326420253032643A2530326418
S3150806F8303A25303264000000756E69785F74696D22
S3150806F840657374616D70325254435F64617465748E
S3150806F850696D6500256C75203D3D20257300000001
S3150806F860253032643A253032643A2530326400004F
S3150806F8701B5B25753B25756D0000000055415254E6
S3150806F880206C6F67000000007C252D3135737C00DF
S3150806F8904465627567206C6576656C000D0A00001E
S3150806F8A0696E666F206C6576656C00007761726EA8
S3150806F8B06E696E67206C6576656C00006572726F98
S3150806F8C072206C6576656C00637269746963616C2F
S3150806F8D0206C6576656C0000636F6D6D206C6576C9
S3150806F8E0656C0000021507080515070808150708B8
S3150806F8F000000000000000000102030406070809CC
S3150806F90000000000010203040100020004000600CC
S3150806F91008000A000C0010002000400080000001C4
S3150806F9200101010307010000080402040801010198
S3150806F93081E00408B9E00408D5E00408E9E004080B
S3150806F940FFE004082FE1040843E1040859E1040826
S3150806F95077E104088BE10408A1E10408B5E1040887
S3150806F9604355454141414143454545494949414133
S3150806F9704592924F4F4F5555594F554F9C4F9E9FFF
S3150806F98041494F55A5A5A6A7A8A9AAABACADAEAF42
S3150806F990B0B1B2B3B4414141B8B9BABBBCBDBEBF3A
S3150806F9A0C0C1C2C3C4C54141C8C9CACBCCCDCECFD6
S3150806F9B0D1D145454549494949D9DADBDCDD49DF2F
S3150806F9C04FE14F4F4F4FE6E8E85555555959EEEF73
S3150806F9D0F0F1F2F3F4F5F6F7F8F9FAFBFCFDFEFF9B
S3150806F9E001030507090E10121416181C1E0000003E
S3150806F9F0C700FC00E900E200E400E000E500E700D5
S3150806FA00EA00EB00E800EF00EE00EC00C400C500D3
S3150806FA10C900E600C600F400F600F200FB00F9008D
S3150806FA20FF00D600DC00F800A300D800D700920134
S3150806FA30E100ED00F300FA00F100D100AA00BA00D1
S3150806FA40BF00AE00AC00BD00BC00A100AB00BB0009
S3150806FA5091259225932502252425C100C200C000BA
S3150806FA60A9006325512557255D25A200A500102561
S3150806FA70142534252C251C2500253C25E300C30022
S3150806FA805A25542569256625602550256C25A40022
S3150806FA90F000D000CA00CB00C8003101CD00CE0068
S3150806FAA0CF0018250C2588258425A600CC00802598
S3150806FAB0D300DF00D400D200F500D500B500FE005D
S3150806FAC0DE00DA00DB00D900FD00DD00AF00B40079
S3150806FAD0AD00B1001720BE00B600A700F700B800B3
S3150806FAE0B000A800B700B900B300B200A025A00070
S3150806FAF061001A03E0001703F8000703FF00010078
S3150806FB0078010001300132010601390110014A0166
S3150806FB102E017901060180014D0043028101820109
S3150806FB2082018401840186018701870189018A0188
S3150806FB308B018B018D018E018F0190019101910137
S3150806FB4093019401F60196019701980198013D02E1
S3150806FB509B019C019D0120029F01A001A001A20113
S3150806FB60A201A401A401A601A701A701A901AA0148
S3150806FB70AB01AC01AC01AE01AF01AF01B101B201F7
S3150806FB80B301B301B501B501B701B801B801BA01A8
S3150806FB90BB01BC01BC01BE01F701C001C101C2011E
S3150806FBA0C301C401C501C401C701C801C701CA0109
S3150806FBB0CB01CA01CD011001DD0101008E01DE016E
S3150806FBC01201F3010300F101F401F401F801280119
S3150806FBD0220212013A020900652C3B023B023D024B
S3150806FBE0662C3F0240024102410246020A015302BE
S3150806FBF0400081018601550289018A0158028F0152
S3150806FC005A0290015C025D025E025F02930161027E
S3150806FC10620294016402650266026702970196010A
S3150806FC206A02622C6C026D026E029C0170027102F7
S3150806FC309D01730274029F017602770278027902A1
S3150806FC407A027B027C02642C7E027F02A60181026E
S3150806FC508202A9018402850286028702AE0144024F
S3150806FC60B101B20145028D028E028F0290029102FF
S3150806FC70B7017B030300FD03FE03FF03AC03040081
S3150806FC808603880389038A03B1031103C2030200A4
S3150806FC90A303A303C4030803CC0303008C038E0340
S3150806FCA08F03D8031801F2030A00F903F303F403D2
S3150806FCB0F503F603F703F703F903FA03FA03300421
S3150806FCC0200350041007600422018A043601C10481
S3150806FCD00E01CF040100C004D004440161052604C0
S3150806FCE0000000007D1D0100632C001E9601A01E63
S3150806FCF05A01001F0806101F0606201F0806301F91
S3150806FD000806401F0606511F0700591F521F5B1F8C
S3150806FD10541F5D1F561F5F1F601F0806701F0E00C3
S3150806FD20BA1FBB1FC81FC91FCA1FCB1FDA1FDB1F77
S3150806FD30F81FF91FEA1FEB1FFA1FFB1F801F08068D
S3150806FD40901F0806A01F0806B01F0400B81FB91F93
S3150806FD50B21FBC1FCC1F0100C31FD01F0206E01F1F
S3150806FD600206E51F0100EC1FF21F0100FC1F4E21CB
S3150806FD700100322170211002842101008321D0243A
S3150806FD801A05302C2F04602C0201672C0601752CE7
S3150806FD900201802C6401002D260841FF1A03000083
S3150806FDA00412001009170100010020000D170100B2
S3150806FDB02100200010124110141242101812444055
S3150806FDC00000000000000000A0FD0608C4FD0608A5
S3150806FDD00000000000000000060000000600000003
S3150806FDE004120040081204400C12084010120C4077
S3150806FDF00000000000000000E0FD0608F4FD060805
S3150806FE0000000000000000000400000004000000D6
S3150806FE1005180100000010000938014014004C00BE
S3150806FE200D3801401400DC011138014014000200A7
S3150806FE30153801401400B000193801401400A8000E
S3150806FE401D380140140044002138014014003C00C6
S3150806FE502538014014009400293801401400A400EE
S3150806FE602D38014014002C00313801401400500882
S3150806FE70353801401400040500000000F8FD0608A0
S3150806FE8028020708900507082404070884040708B3
S3150806FE9028010708CC060708CC030708A4010708A3
S3150806FEA05000070850060708D80207080803070877
S3150806FEB00000000010FE06087CFE0608000000008A
S3150806FEC0000000000D0000000D00000004120010DE
S3150806FED0081104400000000000000000CCFE0608D9
S3150806FEE0D8FE060800000000000000000200000018
S3150806FEF00200000004140040081204400C110840D1
S3150806FF0010140C400000000000000000F4FE06086D
S3150806FF1008FF0608000000000000000004000000B4
S3150806FF200400000004120010081104400C110840D1
S3150806FF3010140C40151801001000100000000000EF
S3150806FF400CFF06080000000024FF060840FF060806
S3150806FF500000000000000000050000000500000083
S3150806FF6004140040081204400C11084010140C40F2
S3150806FF70000000000000000060FF060874FF06087F
S3150806FF800000000000000000040000000400000055
S3150806FF900412001009180100040008000C140C408D
S3150806FFA0111801001000100000000000DCFE06080B
S3150806FFB078FF06080000000090FF0608ACFF060852
S3150806FFC00000000000000000040000000400000015
S3150806FFD00412004008140440000000000000000057
S3150806FFE0D0FF0608DCFF0608000000000000000037
S3150806FFF00200000002000000041200100812011098
S315080700000C1202100000000000000000F8FF0608A6
S3150807001008000708000000000000000003000000B1
S315080700200300000004120040081204100C120840CE
S3150807003010120C1014120D1018120E101D180100AC
S315080700401000940000000000A40107080000000043
S315080700502400070848000708000000000000000001
S3150807006007000000070000000414004008140440B5
S315080700700000000000000000680007087400070871
S315080700800000000000000000020000000200000057
S315080700900412001009280300040008000D180100BF
S315080700A01C00080011180100240008001518010093
S315080700B02C00080019180100340008001D18010053
S315080700C03C000800211801004400080024124C20AF
S315080700D028124E202C12502000000000780007082E
S315080700E078000708780007087800070878000708DF
S315080700F0780007087800070800000000900007083E
S31508070100DC00070800000000000000000B000000E4
S315080701100B0000000528020000005400000000003C
S31508070120FC0007080000000014010708200107085B
S3150807013000000000000000000100000001000000A8
S3150807014004110040081404400C11084010140C4010
S3150807015014101010000000000000000040010708F6
S31508070160580107080000000000000000050000000D
S315080701700500000004120010081201100C120210E4
S3150807018011180110040014001528020018003C0075
S3150807019018129040000000005C010708CC03070806
S315080701A0000000007401070898010708000000000E
S315080701B000000000060000000600000004120010F8
S315080701C0081201100000000000000000BC01070823
S315080701D0C801070800000000000000000200000030
S315080701E0020000000538014004000C0009380140E8
S315080701F0040002000D3801400400280011380140A8
S3150807020004000300153801400400480000000000F8
S3150807021000040708CC010708FC0607080C000708AE
S315080702209002070800000000E40107081002070803
S31508070230000000000000000005000000050000009F
S3150807024004120040081204100C120510101106209B
S315080702501412082018110A200000000000000000E8
S31508070260400207085C0207080000000000000000BB
S315080702700600000006000000041200100917010016
S31508070280010040000C124440000000000000000076
S31508070290780207088C020708000000000000000023
S315080702A003000000030000000517010000004000D6
S315080702B009120100400004000D1201004400040061
S315080702C01112010048000400151601004C00020827
S315080702D00000000000000000A8020708D40207086B
S315080702E000000000000000000500000005000000EF
S315080702F00527142002004000091201000205020022
S315080703000000000000000000F002070804030708C1
S3150807031000000000000000000200000002000000C4
S3150807032004110040081104400C14084010140C402E
S3150807033014111040181114401C11184020141C40A1
S315080703402410201000000000000000002003070802
S315080703504803070800000000000000000900000025
S315080703600900000004120020081202200C120420BB
S31508070370101206201412082018120A201C120C2024
S31508070380000000000000000064030708840307084C
S31508070390000000000000000007000000070000003A
S315080703A004120010081201100C120440111801005B
S315080703B008002400151801202E000E000000000072
S315080703C04C0307088803070800000000A00307086E
S315080703D0C003070800000000000000000500000031
S315080703E00500000004120010081201100C12021072
S315080703F01011044014110840000000000000000016
S31508070400E4030708FC0307080000000000000000D3
S315080704100500000005000000041200200000000087
S315080704200000000018040708200407080000000059
S31508070430000000000100000001000000051201008D
S315080704400000020009120100040004000D380140EB
S315080704500C004400113801400C003C0015380140D7
S315080704600C009400193801400C00A4000000000095
S31508070470CC060708CC030708A40107085000070895
S31508070480000000003C040708700407080000000085
S3150807049000000000060000000600000004120040E5
S315080704A0081208400C120440000000000000000073
S315080704B09C040708AC0407080000000000000000B9
S315080704C00300000003000000041200100938012089
S315080704D0040020000D3801200400200011380120EF
S315080704E0040008001538012004000C00000000006D
S315080704F048FF0608B8FF0608E0FF0608B00407081D
S3150807050000000000C8040708F004070800000000F8
S3150807051000000000050000000500000005120100A4
S315080705200000010009170100010020000D12010053
S3150807053021000100111801002400480015280A00A7
S315080705406C00240019120100D40102000000000003
S31508070550C8FD060804050708000000001C0507086B
S31508070560500507080000000000000000060000000C
S315080705700600000005120100000001000918010025
S315080705800400D801000000005C0507080000000009
S315080705907405070888050708000000000000000022
S315080705A0020000000200000006280A0000000000FA
S315080705B000000000D8010000000000005C050708DD
S315080705C000000000A8050708BC050708000000008A
S315080705D000000000010000000100000004120020CE
S315080705E0081202200C120420101206200000000030
S315080705F000000000DC050708F005070800000000F2
S315080706000000000004000000040000000412002097
S315080706100812022000000000000000000C06070868
S315080706201806070800000000000000000200000086
S315080706300200000004120040081204400D170100CA
S315080706400800200010122810000000000000000013
S31508070650340607084C0607080000000000000000DB
S315080706600400000004000000051801000000080047
S3150807067009180100080004000C120C40101210108B
S315080706801412144000000000F40507081C060708A2
S31508070690000000006806070888060708000000002B
S315080706A0000000000500000005000000051801000D
S315080706B000002C00091801002C0018000000000093
S315080706C0500607089406070800000000AC06070846
S315080706D0C00607080000000000000000020000002E
S315080706E00200000004120010081204400D1701004A
S315080706F0080020000000000000000000E4060708C4
S31508070700F8060708000000000000000003000000C4
S3150807071003000000BD7A0508E57B0508FD7B05088B
S31508070720557C0508797C0508117D0508257D05088A
S315080707307D7D0508D97D0508498205085F82050874
S315080707408782050888DD06089B8205083183050820
S315080707504583050890DD060881830508E9830508AA
S31508070760FD83050898DD06081184050851850508DF
S31508070770C3850508A0DD06081184050851850508FF
S31508070780C3850508ACDD06081184050851850508E3
S31508070790C3850508BCDD060891B40508CDB5050867
S315080707A005B6050805B7050885BA050801BB05088E
S315080707B021BD050841C205080DC5050885C50508F3
S315080707C001C80508E5CB0508CDCC0508DDD405081D
S315080707D0E9D6050841D705086DEB0508E5EE0508CE
S315080707E03DEF0508BDF005087DF10508D5F10508B3
S315080707F0EDF1050885F2050899F20508AFF205082F
S31508070800C3F205085D120608011306082913060828
S315080708102CE706083D1306086F1306089113060802
S3150807082034E70608B5130608B914060801150608B5
S315080708303CE70608B5150608611706085919060894
S3150807084044E706087F190608B71906080F1A06089F
S3150807085050E70608251A06085D1A0608731A0608D1
S3150807086060E70608911A0608C91C0608ED1C06085B
S315080708706CE70608D92D0608FD2D0608112E060869
S3150807088028EC0608252E06083B2E06084F2E0608CE
S3150807089040EC0608692E0608A12E0608E12E06086A
S315080708A058EC0608692D060800000000000000003D
S315080708B074EC060845330608ED33060819340608A6
S315080708C074ED06082D340608613406088D340608C3
S315080708D07CED0608A1340608D5340608013506084E
S315080708E084ED0608153506089135060825360608DF
S315080708F08CED060839360608F93606087D380608DF
S3150807090094ED060891380608A7380608BB3806087E
S31508070910A0ED0608455C0608155D0608855D060808
S3150807092058F20608995D0608E35D0608135E060889
S3150807093060F20608275E0608855E0608095F060848
S3150807094068F206081D5F0608415F0608F95F06088C
S3150807095078F206080D600608256006080961060884
S3150807096084F206081D610608F56106088962060805
S3150807097090F20608CF620608096306083D6306086B
S315080709809CF20608494E4600696E66004E414E00BF
S315080709906E616E0030313233343536373839414275
S315080709A043444546003031323334353637383961B2
S315080709B062636465660053756363657373004E6F98
S315080709C074206F776E6572004E6F207375636820A3
S315080709D066696C65206F72206469726563746F72E5
S315080709E079004E6F20737563682070726F6365733D
S315080709F07300496E746572727570746564207379CD
S31508070A007374656D2063616C6C00492F4F2065729E
S31508070A10726F72004E6F2073756368206465766916
S31508070A206365206F7220616464726573730041722F
S31508070A3067206C69737420746F6F206C6F6E67001C
S31508070A404578656320666F726D6174206572726F8B
S31508070A507200536F636B657420616C7265616479A4
S31508070A6020636F6E6E656374656400426164206611
S31508070A70696C65206E756D626572004E6F206368D6
S31508070A80696C6472656E0044657374696E6174692E
S31508070A906F6E206164647265737320726571756918
S31508070AA0726564004E6F206D6F72652070726F6392
S31508070AB06573736573004E6F7420656E6F75676827
S31508070AC0207370616365005065726D697373696F2A
S31508070AD06E2064656E6965640042616420616464BA
S31508070AE07265737300446576696365206F72207251
S31508070AF065736F7572636520627573790046696CED
S31508070B0065206578697374730043726F73732D6410
S31508070B106576696365206C696E6B004E6F20737521
S31508070B20636820646576696365004E6F7420612083
S31508070B306469726563746F727900486F73742069A4
S31508070B407320646F776E00436F6E6E656374696FA3
S31508070B506E20616C726561647920696E2070726FA8
S31508070B6067726573730049732061206469726563E8
S31508070B70746F727900496E76616C69642061726771
S31508070B80756D656E74004E6574776F726B20696E46
S31508070B9074657266616365206973206E6F74206376
S31508070BA06F6E6669677572656400436F6E6E656317
S31508070BB074696F6E2061626F72746564206279204A
S31508070BC06E6574776F726B00546F6F206D616E79FF
S31508070BD0206F70656E2066696C657320696E207371
S31508070BE0797374656D0046696C652064657363720D
S31508070BF06970746F722076616C756520746F6F20E3
S31508070C006C61726765004E6F742061206368617254
S31508070C1061637465722064657669636500546578EF
S31508070C20742066696C6520627573790046696C6518
S31508070C3020746F6F206C6172676500486F73742044
S31508070C40697320756E726561636861626C65004ECB
S31508070C506F207370616365206C656674206F6E20FC
S31508070C60646576696365004E6F7420737570706F77
S31508070C707274656400496C6C6567616C2073656599
S31508070C806B00526561642D6F6E6C792066696C65B9
S31508070C902073797374656D00546F6F206D616E7973
S31508070CA0206C696E6B730042726F6B656E20706994
S31508070CB07065004D617468656D6174696373206159
S31508070CC07267756D656E74206F7574206F6620641C
S31508070CD06F6D61696E206F662066756E6374696FDE
S31508070CE06E00526573756C7420746F6F206C617231
S31508070CF06765004E6F206D657373616765206F665C
S31508070D00206465736972656420747970650049643F
S31508070D10656E7469666965722072656D6F76656456
S31508070D2000496C6C6567616C206279746520736528
S31508070D307175656E636500446561646C6F636B0006
S31508070D404E6574776F726B20697320756E7265616D
S31508070D50636861626C65004E6F206C6F636B004E4B
S31508070D606F7420612073747265616D0053747265C0
S31508070D70616D20696F63746C2074696D656F75742E
S31508070D80004E6F2073747265616D207265736F7597
S31508070D9072636573005669727475616C206369724C
S31508070DA06375697420697320676F6E650050726F83
S31508070DB0746F636F6C206572726F7200556E6B6E17
S31508070DC06F776E2070726F746F636F6C004D756CFA
S31508070DD07469686F7020617474656D7074656400F2
S31508070DE0426164206D6573736167650046756E6356
S31508070DF074696F6E206E6F7420696D706C656D65AA
S31508070E006E746564004469726563746F7279206EDF
S31508070E106F7420656D7074790046696C65206F720A
S31508070E202070617468206E616D6520746F6F206C21
S31508070E306F6E6700546F6F206D616E792073796DD9
S31508070E40626F6C6963206C696E6B73004E6F206204
S31508070E507566666572207370616365206176616978
S31508070E606C61626C65004E6F206461746100416451
S31508070E7064726573732066616D696C79206E6F7429
S31508070E8020737570706F727465642062792070724A
S31508070E906F746F636F6C2066616D696C7900507249
S31508070EA06F746F636F6C2077726F6E6720747970D3
S31508070EB06520666F7220736F636B657400536F6383
S31508070EC06B6574206F7065726174696F6E206F6EDB
S31508070ED0206E6F6E2D736F636B65740050726F7437
S31508070EE06F636F6C206E6F7420617661696C6162DF
S31508070EF06C6500436F6E6E656374696F6E20726505
S31508070F00667573656400436F6E6E656374696F6EA5
S31508070F102072657365742062792070656572004171
S31508070F2064647265737320616C726561647920699C
S31508070F306E207573650041646472657373206E6FFE
S31508070F407420617661696C61626C6500536F6674BB
S31508070F50776172652063617573656420636F6E6E6A
S31508070F60656374696F6E2061626F727400536F638D
S31508070F706B6574206973206E6F7420636F6E6E6578
S31508070F806374656400536F636B65742069732061C6
S31508070F906C726561647920636F6E6E6563746564E8
S31508070FA0004F7065726174696F6E2063616E636561
S31508070FB06C6564005374617465206E6F742072657E
S31508070FC0636F76657261626C650050726576696FE4
S31508070FD07573206F776E65722064696564004F7054
S31508070FE065726174696F6E206E6F742073757070A1
S31508070FF06F72746564206F6E20736F636B65740018
S3150807100056616C756520746F6F206C617267652011
S31508071010666F7220646566696E65642064617461CB
S315080710202074797065004D65737361676520746F01
S315080710306F206C6F6E6700436F6E6E656374696FBA
S315080710406E2074696D6564206F7574005245454E48
S3150807105054206D616C6C6F63207375636365656493
S315080710606564002F6275696C642F676E752D746FDA
S315080710706F6C732D666F722D73746D33325F3131F2
S315080710802E332E72656C312E323032333035313984
S315080710902D313934312F7372632F6E65776C696218
S315080710A02F6E65776C69622F6C6962632F74696D39
S315080710B0652F6C636C74696D652E63001F000000ED
S315080710C01C0000001F0000001E0000001F00000093
S315080710D01E0000001F0000001F0000001E00000081
S315080710E01F0000001E0000001F000000000000008F
S315080710F01F0000003B0000005A00000078000000AF
S3150807110097000000B5000000D4000000F3000000B7
S3150807111011010000300100004E0100001F00000009
S315080711201C0000001F0000001E0000001F00000032
S315080711301E0000001F0000001F0000001E00000020
S315080711401F0000001E0000001F0000001F0000000F
S315080711501D0000001F0000001E0000001F00000001
S315080711601E0000001F0000001F0000001E000000F0
S315080711701F0000001E0000001F000000545A004709
S315080711804D54002531315B2D2B302D39412D5A61B0
S315080711902D7A5D256E002531315B412D5A612D7AF1
S315080711A05D256E004D256875256E2E256875256E95
S315080711B02E256875256E002F256875256E3A2568CC
S315080711C075256E3A256875256E002C2066756E633B
S315080711D074696F6E3A2000617373657274696F6E0E
S315080711E02022257322206661696C65643A20666940
S315080711F06C6520222573222C206C696E6520256470
S31508071200257325730A00496E66696E697479004EF7
S31508071210614E002F6275696C642F676E752D746F42
S315080712206F6C732D666F722D73746D33325F313140
S315080712302E332E72656C312E3230323330353139D2
S315080712402D313934312F7372632F6E65776C696266
S315080712502F6E65776C69622F6C6962632F73746486
S315080712606C69622F64746F612E630042616C6C6FE0
S315080712706320737563636565646564002F627569C2
S315080712806C642F676E752D746F6F6C732D666F722E
S315080712902D73746D33325F31312E332E72656C318F
S315080712A02E32303233303531392D313934312F73C7
S315080712B072632F6E65776C69622F6E65776C6962E4
S315080712C02F6C6962632F7374646C69622F6D707211
S315080712D065632E63000000000080E03779C3414349
S315080712E0176E05B5B5B89346F5F93FE9034F384D77
S315080712F0321D30F94877825A3CBF737FDD4F157523
S31508071300000000000000F03F000000000000244035
S3150807131000000000000059400000000000408F4010
S31508071320000000000088C34000000000006AF8407B
S315080713300000000080842E4100000000D01263419F
S315080713400000000084D797410000000065CDCD4115
S31508071350000000205FA00242000000E876483742F6
S31508071360000000A2941A6D42000040E59C30A24294
S315080713700000901EC4BCD64200003426F56B0C4309
S315080713800080E03779C3414300A0D88557347643B0
S3150807139000C84E676DC1AB43003D9160E458E14311
S315080713A0408CB5781DAF154450EFE2D6E41A4B4486
S315080713B092D54D06CFF08044F64AE1C7022DB544CB
S315080713C0B49DD9794378EA4405000000190000005E
S315080713D07D0000000020202020202020202028280B
S315080713E028282820202020202020202020202020D0
S315080713F02020202020881010101010101010101010
S31508071400101010101004040404040404040404103F
S3150807141010101010101041414141414101010101CD
S315080714200101010101010101010101010101010197
S3150807143010101010101042424242424202020202A3
S315080714400202020202020202020202020202020267
S315080714501010101020000000000000000000000017
S315080714600000000000000000000000000000000067
S315080714700000000000000000000000000000000057
S315080714800000000000000000000000000000000047
S315080714900000000000000000000000000000000037
S315080714A00000000000000000000000000000000027
S315080714B00000000000000000000000000000000017
S315080714C00000000000000000000000000000000007
S315080714D00000000000232D302B2000686C4C0065A7
S315080714E06667454647004300504F534958002E0044
S315080714F0412D46612D663839303132333435363722
S311080715005D002B2D0030300078580000E5
S30D0807150C7CF8FC7F01000000D2
S3090807151405020408AB
S30908071518E1010408CC
S3150807151C204500200024F4001000000001000000FC
S3150807152C0100000025D0040851D004087DD0040812
S3150807153CA3D00408C9D00408010000006E616D65C4
S3150807154C000000000000000000000000000000007A
S3150807155C00000000000000000000000076657273AA
S3150807156C696F6E0000000000000000000000000014
S3150807157C0000000000000000000000000300050042
S3150807158C00000000000000000000FFFF000000003C
S3150807159C000000000000000000000000000000002A
S315080715AC000000000000000000000000000000001A
S315080715BC4001F000000000004001F00000000000A8
S315080715CC4001F000000000004001F0000000000098
S315080715DC00000000000000000000000000000000EA
S315080715EC00000000000000000000000000000000DA
S315080715FC00000000000000000000000000000000CA
S3150807160C00000000000000000000000000000000B9
S3150807161C00000000000000000000000000000000A9
S3150807162C0000000000000000000000000000000099
S3150807163C0000000000000000000000000000000089
S3150807164C0000000000000000000000000000000079
S3150807165C0000000000000000000000000000000069
S3150807166C0000000000000000000000000000000059
S3150807167C0000000000000000000000000000000049
S3150807168C0000000000000000000000000000000039
S3150807169C0000000000000000000000000000000029
S315080716AC0000000000000000000000000000000019
S315080716BC0000000000000000000000000000000009
S315080716CC00000000000000000000000000000000F9
S315080716DC00000000000000000000000000000000E9
S315080716EC00000000000000000000000000000000D9
S315080716FC00000000000000000000000000000000C9
S3150807170C00000000000000000000000000000000B8
S3150807171C00000000000000000000000000000000A8
S3150807172C0000000000000000000000000000000098
S3150807173C0000000000000000000000000000000088
S3150807174C0000000000000000000000000000000078
S3150807175C0000000000000000000000000000000068
S3150807176C0000000000000000000000000000000058
S3150807177C0000000000000000000000000000000048
S3150807178C0000000000000000000000000000000038
S3150807179C0000000000000000000000000000000028
S315080717AC0000000000000000000000000000000018
S315080717BC0000000000000000000000000000000008
S315080717CC00000000000000000000000000000000F8
S315080717DC00000000000000000000000000000000E8
S315080717EC00000000000000000000000000000000D8
S315080717FC00000000000000000000000000000000C8
S3150807180C00000000000000000000000000000000B7
S3150807181C00000000000000000000000000000000A7
S3150807182C0000000000000000000000000000000097
S3150807183C0000000000000000000000000000000087
S3150807184C0000000000000000000000000000000077
S3150807185C0000000000000000000000000000000067
S3150807186C0000000000000000000000000000000057
S3150807187C0000000000000000000000000000000047
S3150807188C0000000000000000000000000000000037
S3150807189C0000000000000000000000000000000027
S315080718AC0000000000000000000000000000000017
S315080718BC0000000000000000000000000000000007
S315080718CC00000000000000000000000000000000F7
S315080718DC00000000000000000000000000000000E7
S315080718EC00000000000000000000000000000000D7
S315080718FC00000000000000000000000000000000C7
S3150807190C00000000000000000000000000000000B6
S3150807191C00000000000000000000000000000000A6
S3150807192C0000000000000000000000000000000096
S3150807193C0000000000000000000000000000000086
S3150807194C0000000000000000000000000000000076
S3150807195C0000000000000000000000000000000066
S3150807196C0000000000000000000000000000000056
S3150807197C0000000000000000000000000000000046
S3150807198C0000000000000000000000000000000036
S3150807199C0000000000000000000000000000000026
S315080719AC0000000000000000000000000000000016
S315080719BC0000000000000000000000000000000006
S315080719CC00000000000000000000000000000000F6
S315080719DC00000000000000000000000000000000E6
S315080719EC00000000000000000000000000000000D6
S315080719FC00000000000000000000000000000000C6
S31508071A0C00000000000000000000000000000000B5
S31508071A1C00000000000000000000000000000000A5
S31508071A2C0000000000000000000000000000000095
S31508071A3C0000000000000000000000000000000085
S31508071A4C0000000000000000000000000000000075
S31508071A5C0000000000000000000000000000000065
S31508071A6C0000000000000000000000000000000055
S31508071A7C0000000000000000000000000000000045
S31508071A8C0000000000000000000000000000000035
S31508071A9C0000000000000000000000000000000025
S31508071AAC0000000000000000000000000000000015
S31508071ABC0000000000000000000000000000000005
S31508071ACC00000000000000000000000000000000F5
S31508071ADC00000000000000000000000000000000E5
S31508071AEC00000000000000000000000000000000D5
S31508071AFC00000000000000000000000000000000C5
S31508071B0C00000000000000000000000000000000B4
S31508071B1C00000000000000000000000000000000A4
S31508071B2C0000000000000000000000000000000094
S31508071B3C0000000000000000000000000000000084
S31508071B4C0000000000000000000000000000000074
S31508071B5C0000000000000000000000000000000064
S31508071B6C0000000000000000000000000000000054
S31508071B7C0000000000000000000000000000000044
S31508071B8C0000000000000000000000000000000034
S31508071B9C0000000000000000000000000000000024
S31508071BAC0000000000000000000000000000000014
S31508071BBC0000000000000000000000000000000004
S31508071BCC00000000000000000000000000000000F4
S31508071BDC00000000000000000000000000000000E4
S31508071BEC00000000000000000000000000000000D4
S31508071BFC00000000000000000000000000000000C4
S31508071C0C00000000000000000000000000000000B3
S31508071C1C00000000000000000000000000000000A3
S31508071C2C0000000000000000000000000000000093
S31508071C3C0000000000000000000000000000000083
S31508071C4C0000000000000000000000000000000073
S31508071C5C0000000000000000000000000000000063
S31508071C6C0000000000000000000000000000000053
S31508071C7C0000000000000000000000000000000043
S31508071C8C0000000000000000000000000000000033
S31508071C9C0000000000000000000000000000000023
S31508071CAC0000000000000000000000000000000013
S31508071CBC0000000000000000000000000000000003
S31508071CCC00000000000000000000000000000000F3
S31508071CDC00000000000000000000000000000000E3
S31508071CEC00000000000000000000000000000000D3
S31508071CFC00000000000000000000000000000000C3
S31508071D0C00000000000000000000000000000000B2
S31508071D1C00000000000000000000000000000000A2
S31508071D2C0000000000000000000000000000000092
S31508071D3C0000000000000000000000000000000082
S31508071D4C0000000000000000000000000000000072
S31508071D5C0000000000000000000000000000000062
S31508071D6C0000000000000000000000000000000052
S31508071D7C0000000000000000000000000000000042
S31508071D8C0000000000000000000000000000000032
S31508071D9C0000000000000000000000000000000022
S31508071DAC0000000000000000000000000000000012
S31508071DBC0000000000000000000000000000000002
S31508071DCC00000000000000000000000000000000F2
S31508071DDC00000000000000000000000000000000E2
S31508071DEC00000000000000000000000000000000D2
S31508071DFC00000000000000000000000000000000C2
S31508071E0C00000000000000000000000000000000B1
S31508071E1C00000000000000000000000000000000A1
S31508071E2C0000000000000000000000000000000091
S31508071E3C0000000000000000000000000000000081
S31508071E4C0000000000000000000000000000000071
S31508071E5C0000000000000000000000000000000061
S31508071E6C0000000000000000000000000000000051
S31508071E7C0000000000000000000000000000000041
S31508071E8C0000000000000000000000000000000031
S31508071E9C0000000000000000000000000000000021
S31508071EAC0000000000000000000000000000000011
S31508071EBC0000000000000000000000000000000001
S31508071ECC00000000000000000000000000000000F1
S31508071EDC00000000000000000000000000000000E1
S31508071EEC00000000000000000000000000000000D1
S31508071EFC00000000000000000000000000000000C1
S31508071F0C00000000000000000000000000000000B0
S31508071F1C00000000000000000000000000000000A0
S31508071F2C0000000000000000000000000000000090
S31508071F3C0000000000000000000000000000000080
S31508071F4C0000000000000000000000000000000070
S31508071F5C0000000000000000000000000000000060
S31508071F6C0000000000000000000000000000000050
S31508071F7C0000000000000000000000000000000040
S31508071F8C0000000000000000000000000000000030
S31508071F9C0000000000000000000000000000000020
S31508071FAC0000000000000000000000000000000010
S31508071FBC0000000000000000000000000000000000
S31508071FCC00000000000000000000000000000000F0
S31508071FDC00000000000000000000000000000000E0
S31508071FEC00000000000000000000000000000000D0
S31508071FFC00000000000000000000000000000000C0
S3150807200C00000000000000000000000000000000AF
S3150807201C000000000000000000000000000000009F
S3150807202C000000000000000000000000000000008F
S3150807203C000000000000000000000000000000007F
S3150807204C000000000000000000000000000000006F
S3150807205C000000000000000000000000000000005F
S3150807206C000000000000000000000000000000004F
S3150807207C000000000000000000000000000000003F
S3150807208C000000000000000000000000000000002F
S3150807209C000000000000000000000000000000001F
S315080720AC000000000000000000000000000000000F
S315080720BC00000000000000000000000000000000FF
S315080720CC00000000000000000000000000000000EF
S315080720DC00000000000000000000000000000000DF
S315080720EC00000000000000000000000000000000CF
S315080720FC00000000000000000000000000000000BF
S3150807210C00000000000000000000000000000000AE
S3150807211C000000000000000000000000000000009E
S3150807212C000000000000000000000000000000008E
S3150807213C000000000000000000000000000000007E
S3150807214C000000000000000000000000000000006E
S3150807215C000000000000000000000000000000005E
S3150807216C000000000000000000000000000000004E
S3150807217C000000000000000000000000000000003E
S3150807218C000000000000000000000000000000002E
S3150807219C000000000000000000000000000000001E
S315080721AC000000000000000000000000000000000E
S315080721BC00000000000000000000000000000000FE
S315080721CC00000000000000000000000000000000EE
S315080721DC00000000000000000000000000000000DE
S315080721EC00000000000000000000000000000000CE
S315080721FC00000000000000000000000000000000BE
S3150807220C00000000000000000000000000000000AD
S3150807221C000000000000000000000000000000009D
S3150807222C000000000000000000000000000000008D
S3150807223C000000000000000000000000000000007D
S3150807224C000000000000000000000000000000006D
S3150807225C000000000000000000000000000000005D
S3150807226C000000000000000000000000000000004D
S3150807227C000000000000000000000000000000003D
S3150807228C000000000000000000000000000000002D
S3150807229C000000000000000000000000000000001D
S315080722AC000000000000000000000000000000000D
S315080722BC00000000000000000000000000000000FD
S315080722CC00000000000000000000000000000000ED
S315080722DC00000000000000000000000000000000DD
S315080722EC00000000000000000000000000000000CD
S315080722FC00000000000000000000000000000000BD
S3150807230C00000000000000000000000000000000AC
S3150807231C000000000000000000000000000000009C
S3150807232C000000000000000000000000000000008C
S3150807233C000000000000000000000000000000007C
S3150807234C000000000000000000000000000000006C
S3150807235C000000000000000000000000000000005C
S3150807236C000000000000000000000000000000004C
S3150807237C000000000000000000000000000000003C
S3150807238C000000000000000000000000000000002C
S3150807239C000000000000000000000000000000001C
S315080723AC000000000000000000000000000000000C
S315080723BC00000000000000000000000000000000FC
S315080723CC00000000000000000000000000000000EC
S315080723DC00000000000000000000000000000000DC
S315080723EC00000000000000000000000000000000CC
S315080723FC00000000000000000000000000000000BC
S3150807240C00000000000000000000000000000000AB
S3150807241C000000000000000000000000000000009B
S3150807242C000000000000000000000000000000008B
S3150807243C000000000000000000000000000000007B
S3150807244C000000000000000000000000000000006B
S3150807245C000000000000000000000000000000005B
S3150807246C000000000000000000000000000000004B
S3150807247C000000000000000000000000000000003B
S3150807248C000000000000000000000000000000002B
S3150807249C000000000000000000000000000000001B
S315080724AC000000000000000000000000000000000B
S315080724BC00000000000000000000000000000000FB
S315080724CC00000000000000000000000000000000EB
S315080724DC00000000000000000000000000000000DB
S315080724EC00000000000000000000000000000000CB
S315080724FC00000000000000000000000000000000BB
S3150807250C00000000000000000000000000000000AA
S3150807251C000000000000000000000000000000009A
S3150807252C000000000000000000000000000000008A
S3150807253C000000000000000000000000000000007A
S3150807254C000000000000000000000000000000006A
S3150807255C000000000000000000000000000000005A
S3150807256C000000000000000000000000000000004A
S3150807257C000000000000000000000000000000003A
S3150807258C000000000000000000000000000000002A
S3150807259C000000000000000000000000000000001A
S315080725AC000000000000000000000000000000000A
S315080725BC00000000000000000000000000000000FA
S315080725CC00000000000000000000000000000000EA
S315080725DC00000000000000000000000000000000DA
S315080725EC00000000000000000000000000000000CA
S315080725FC00000000000000000000000000000000BA
S3150807260C00000000000000000000000000000000A9
S3150807261C0000000000000000000000000000000099
S3150807262C0000000000000000000000000000000089
S3150807263C0000000000000000000000000000000079
S3150807264C0000000000000000000000000000000069
S3150807265C0000000000000000000000000000000059
S3150807266C0000000000000000000000000000000049
S3150807267C0000000000000000000000000000000039
S3150807268C0000000000000000000000000000000029
S3150807269C0000000000000000000000000000000019
S315080726AC0000000000000000000000000000000009
S315080726BC00000000000000000000000000000000F9
S315080726CC00000000000000000000000000000000E9
S315080726DC00000000000000000000000000000000D9
S315080726EC00000000000000000000000000000000C9
S315080726FC00000000000000000000000000000000B9
S3150807270C00000000000000000000000000000000A8
S3150807271C0000000000000000000000000000000098
S3150807272C0000000000000000000000000000000088
S3150807273C0000000000000000000000000000000078
S3150807274C0000000000000000000000000000000068
S3150807275C0000000000000000000000000000000058
S3150807276C0000000000000000000000000000000048
S3150807277C0000000000000000000000000000000038
S3150807278C0000000000000000000000000000000028
S3150807279C0000000000000000000000000000000018
S315080727AC0000000000000000000000000000000008
S315080727BC00000000000000000000000000000000F8
S315080727CC00000000000000000000000000000000E8
S315080727DC00000000000000000000000000000000D8
S315080727EC00000000000000000000000000000000C8
S315080727FC00000000000000000000000000000000B8
S3150807280C00000000000000000000000000000000A7
S3150807281C0000000000000000000000000000000097
S3150807282C0000000000000000000000000000000087
S3150807283C0000000000000000000000000000000077
S3150807284C0000000000000000000000000000000067
S3150807285C0000000000000000000000000000000057
S3150807286C0000000000000000000000000000000047
S3150807287C0000000000000000000000000000000037
S3150807288C0000000000000000000000000000000027
S3150807289C0000000000000000000000000000000017
S315080728AC0000000000000000000000000000000007
S315080728BC00000000000000000000000000000000F7
S315080728CC00000000000000000000000000000000E7
S315080728DC00000000000000000000000000000000D7
S315080728EC00000000000000000000000000000000C7
S315080728FC00000000000000000000000000000000B7
S3150807290C00000000000000000000000000000000A6
S3150807291C0000000000000000000000000000000096
S3150807292C0000000000000000000000000000000086
S3150807293C0000000000000000000000000000000076
S3150807294C0000000000000000000000000000000066
S3150807295C0000000000000000000000000000000056
S3150807296C0000000000000000000000000000000046
S3150807297C0000000000000000000000000000000036
S3150807298C0000000000000000000000000000000026
S3150807299C0000000000000000000000000000000016
S315080729AC0000000000000000000000000000000006
S315080729BC00000000000000000000000000000000F6
S315080729CC00000000000000000000000000000000E6
S315080729DC00000000000000000000000000000000D6
S315080729EC00000000000000000000000000000000C6
S315080729FC00000000000000000000000000000000B6
S31508072A0C00000000000000000000000000000000A5
S31508072A1C0000000000000000000000000000000095
S31508072A2C0000000000000000000000000000000085
S31508072A3C0000000000000000000000000000000075
S31508072A4C0000000000000000000000000000000065
S31508072A5C0000000000000000000000000000000055
S31508072A6C0000000000000000000000000000000045
S31508072A7C0000000000000000000000000000000035
S31508072A8C0000000000000000000000000000000025
S31508072A9C0000000000000000000000000000000015
S31508072AAC0000000000000000000000000000000005
S31508072ABC00000000000000000000000000000000F5
S31508072ACC00000000000000000000000000000000E5
S31508072ADC00000000000000000000000000000000D5
S31508072AEC00000000000000000000000000000000C5
S31508072AFC00000000000000000000000000000000B5
S31508072B0C00000000000000000000000000000000A4
S31508072B1C0000000000000000000000000000000094
S31508072B2C0000000000000000000000000000000084
S31508072B3C0000000000000000000000000000000074
S31508072B4C0000000000000000000000000000000064
S31508072B5C0000000000000000000000000000000054
S31508072B6C0000000000000000000000000000000044
S31508072B7C0000000000000000000000000000000034
S31508072B8C0000000000000000000000000000000024
S31508072B9C0000000000000000000000000000000014
S31508072BAC0000000000000000000000000000000004
S31508072BBC00000000000000000000000000000000F4
S31508072BCC00000000000000000000000000000000E4
S31508072BDC00000000000000000000000000000000D4
S31508072BEC00000000000000000000000000000000C4
S31508072BFC00000000000000000000000000000000B4
S31508072C0C00000000000000000000000000000000A3
S31508072C1C0000000000000000000000000000000093
S31508072C2C0000000000000000000000000000000083
S31508072C3C0000000000000000000000000000000073
S31508072C4C0000000000000000000000000000000063
S31508072C5C0000000000000000000000000000000053
S31508072C6C0000000000000000000000000000000043
S31508072C7C0000000000000000000000000000000033
S31508072C8C0000000000000000000000000000000023
S31508072C9C0000000000000000000000000000000013
S31508072CAC0000000000000000000000000000000003
S31508072CBC00000000000000000000000000000000F3
S31508072CCC00000000000000000000000000000000E3
S31508072CDC00000000000000000000000000000000D3
S31508072CEC00000000000000000000000000000000C3
S31508072CFC00000000000000000000000000000000B3
S31508072D0C00000000000000000000000000000000A2
S31508072D1C0000000000000000000000000000000092
S31508072D2C0000000000000000000000000000000082
S31508072D3C0000000000000000000000000000000072
S31508072D4C0000000000000000000000000000000062
S31508072D5C0000000000000000000000000000000052
S31508072D6C0000000000000000000000000000000042
S31508072D7C0000000000000000000000000000000032
S31508072D8C0000000000000000000000000000000022
S31508072D9C0000000000000000000000000000000012
S31508072DAC0000000000000000000000000000000002
S31508072DBC00000000000000000000000000000000F2
S31508072DCC00000000000000000000000000000000E2
S31508072DDC00000000000000000000000000000000D2
S31508072DEC00000000000000000000000000000000C2
S31508072DFC00000000000000000000000000000000B2
S31508072E0C00000000000000000000000000000000A1
S31508072E1C0000000000000000000000000000000091
S31508072E2C0000000000000000000000000000000081
S31508072E3C0000000000000000000000000000000071
S31508072E4C0000000000000000000000000000000061
S31508072E5C0000000000000000000000000000000051
S31508072E6C0000000000000000000000000000000041
S31508072E7C0000000000000000000000000000000031
S31508072E8C0000000000000000000000000000000021
S31508072E9C0000000000000000000000000000000011
S31508072EAC0000000000000000000000000000000001
S31508072EBC00000000000000000000000000000000F1
S31508072ECC00000000000000000000000000000000E1
S31508072EDC00000000000000000000000000000000D1
S31508072EEC00000000000000000000000000000000C1
S31508072EFC00000000000000000000000000000000B1
S31508072F0C00000000000000000000000000000000A0
S31508072F1C0000000000000000000000000000000090
S31508072F2C0000000000000000000000000000000080
S31508072F3C0000000000000000000000000000000070
S31508072F4C0000000000000000000000000000000060
S31508072F5C0000000000000000000000000000000050
S31508072F6C0000000000000000000000000000000040
S31508072F7C0000000000000000000000000000000030
S31508072F8C0000000000000000000000000000000020
S31508072F9C0000000000000000000000000000000010
S31508072FAC0000000000000000000000000000000000
S31508072FBC00000000000000000000000000000000F0
S31508072FCC00000000000000000000000000000000E0
S31508072FDC00000000000000000000000000000000D0
S31508072FEC00000000000000000000000000000000C0
S31508072FFC00000000000000000000000000000000B0
S3150807300C000000000000000000000000000000009F
S3150807301C000000000000000000000000000000008F
S3150807302C000000000000000000000000000000007F
S3150807303C000000000000000000000000000000006F
S3150807304C000000000000000000000000000000005F
S3150807305C000000000000000000000000000000004F
S3150807306C000000000000000000000000000000003F
S3150807307C000000000000000000000000000000002F
S3150807308C000000000000000000000000000000001F
S3150807309C000000000000000000000000000000000F
S315080730AC00000000000000000000000000000000FF
S315080730BC00000000000000000000000000000000EF
S315080730CC00000000000000000000000000000000DF
S315080730DC00000000000000000000000000000000CF
S315080730EC00000000000000000000000000000000BF
S315080730FC00000000000000000000000000000000AF
S3150807310C000000000000000000000000000000009E
S3150807311C000000000000000000000000000000008E
S3150807312C000000000000000000000000000000007E
S3150807313C000000000000000000000000000000006E
S3150807314C000000000000000000000000000000005E
S3150807315C000000000000000000000000000000004E
S3150807316C000000000000000000000000000000003E
S3150807317C000000000000000000000000000000002E
S3150807318C000000000000000000000000000000001E
S3150807319C000000000000000000000000000000000E
S315080731AC00000000000000000000000000000000FE
S315080731BC00000000000000000000000000000000EE
S315080731CC00000000000000000000000000000000DE
S315080731DC00000000000000000000000000000000CE
S315080731EC00000000000000000000000000000000BE
S315080731FC00000000000000000000000000000000AE
S3150807320C000000000000000000000000000000009D
S3150807321C000000000000000000000000000000008D
S3150807322C000000000000000000000000000000007D
S3150807323C000000000000000000000000000000006D
S3150807324C000000000000000000000000000000005D
S3150807325C000000000000000000000000000000004D
S3150807326C000000000000000000000000000000003D
S3150807327C000000000000000000000000000000002D
S3150807328C000000000000000000000000000000001D
S3150807329C000000000000000000000000000000000D
S315080732AC00000000000000000000000000000000FD
S315080732BC00000000000000000000000000000000ED
S315080732CC00000000000000000000000000000000DD
S315080732DC00000000000000000000000000000000CD
S315080732EC00000000000000000000000000000000BD
S315080732FC00000000000000000000000000000000AD
S3150807330C000000000000000000000000000000009C
S3150807331C000000000000000000000000000000008C
S3150807332C000000000000000000000000000000007C
S3150807333C000000000000000000000000000000006C
S3150807334C000000000000000000000000000000005C
S3150807335C000000000000000000000000000000004C
S3150807336C000000000000000000000000000000003C
S3150807337C000000000000000000000000000000002C
S3150807338C000000000000000000000000000000001C
S3150807339C000000000000000000000000000000000C
S315080733AC00000000000000000000000000000000FC
S315080733BC00000000000000000000000000000000EC
S315080733CC00000000000000000000000000000000DC
S315080733DC00000000000000000000000000000000CC
S315080733EC00000000000000000000000000000000BC
S315080733FC00000000000000000000000000000000AC
S3150807340C000000000000000000000000000000009B
S3150807341C000000000000000000000000000000008B
S3150807342C000000000000000000000000000000007B
S3150807343C000000000000000000000000000000006B
S3150807344C000000000000000000000000000000005B
S3150807345C000000000000000000000000000000004B
S3150807346C000000000000000000000000000000003B
S3150807347C000000000000000000000000000000002B
S3150807348C000000000000000000000000000000001B
S3150807349C000000000000000000000000000000000B
S315080734AC00000000000000000000000000000000FB
S315080734BC00000000000000000000000000000000EB
S315080734CC00000000000000000000000000000000DB
S315080734DC00000000000000000000000000000000CB
S315080734EC00000000000000000000000000000000BB
S315080734FC00000000000000000000000000000000AB
S3150807350C000000000000000000000000000000009A
S3150807351C000000000000000000000000000000008A
S3150807352C000000000000000000000000000000007A
S3150807353C000000000000000000000000000000006A
S3150807354C000000000000000000003E5B4F5B3E00D9
S3150807355C3E6B4F6B3E001C3E7C3E1C00183C7E3C6B
S3150807356C18001C577D571C001C5E7F5E1C00001834
S3150807357C3C180000FFE7C3E7FF00001824180000F3
S3150807358CFFE7DBE7FF0030483A060E0026297929BC
S3150807359C2600407F05050700407F05253F005A3C56
S315080735ACE73C5A007F3E1C1C0800081C1C3E7F0083
S315080735BC14227F2214005F5F005F5F0006097F01F4
S315080735CC7F00006689956A0060606060600094A257
S315080735DCFFA2940008047E04080010207E20100021
S315080735EC08082A1C0800081C2A0808001E101010B0
S315080735FC10000C1E0C1E0C0030383E383000060E18
S3150807360C3E0E060000000000000000005F000000E8
S3150807361C000700070000147F147F1400242A7F2A4A
S3150807362C1200231308646200364956205000000816
S3150807363C07030000001C224100000041221C000061
S3150807364C2A1C7F1C2A0008083E08080000807030D0
S3150807365C0000080808080800000060600000201031
S3150807366C080402003E5149453E0000427F400000CF
S3150807367C7249494946002141494D33001814127FAE
S3150807368C10002745454539003C4A4949310041212F
S3150807369C11090700364949493600464949291E0082
S315080736AC0000140000000040340000000008142233
S315080736BC41001414141414000041221408000201C2
S315080736CC590906003E415D594E007C1211127C00C1
S315080736DC7F49494936003E41414122007F414141D4
S315080736EC3E007F49494941007F09090901003E41C6
S315080736FC415173007F0808087F0000417F4100008D
S3150807370C2040413F01007F08142241007F4040407A
S3150807371C40007F021C027F007F0408107F003E4191
S3150807372C41413E007F09090906003E4151215E00C9
S3150807373C7F091929460026494949320003017F01A1
S3150807374C03003F4040403F001F2040201F003F40DA
S3150807375C38403F0063140814630003047804030015
S3150807376C6159494D4300007F414141000204081045
S3150807377C2000004141417F00040201020400404039
S3150807378C40404000000307080000205454784000C6
S3150807379C7F2844443800384444442800384444288D
S315080737AC7F0038545454180000087E09020018A4E0
S315080737BCA49C78007F080404780000447D40000028
S315080737CC2040403D00007F102844000000417F4000
S315080737DC00007C04780478007C08040478003844D4
S315080737EC44443800FC182424180018242418FC0010
S315080737FC7C080404080048545454240004043F4421
S3150807380C24003C4040207C001C2040201C003C40E7
S3150807381C30403C004428102844004C9090907C007B
S3150807382C4464544C440000083641000000007700F5
S3150807383C00000041360800000201020402003C267B
S3150807384C23263C001EA1A16112003A4040207A00AB
S3150807385C38545455590021555579410022545478F2
S3150807386C42002155547840002054557940000C1EC7
S3150807387C5272120039555555590039545454590032
S3150807388C3955545458000000457C41000002457DC3
S3150807389C42000001457C40007D1211127D00F0287C
S315080738AC2528F0007C54554500002054547C5400B8
S315080738BC7C0A097F49003249494932003A4444444B
S315080738CC3A00324A484830003A4141217A003A428E
S315080738DC40207800009DA0A07D003D4242423D0055
S315080738EC3D4040403D003C24FF242400487E494384
S315080738FC66002B2FFC2F2B00FF0929F62000C08802
S3150807390C7E0903002054547941000000447D410088
S3150807391C3048484A3200384040227A00007A0A0A68
S3150807392C72007D0D19317D002629292F2800262995
S3150807393C2929260030484D40200038080808080071
S3150807394C0808080838002F10C8ACBA002F102834F6
S3150807395CFA0000007B00000008142A14220022141F
S3150807396C2A140800550055005500AA55AA55AA0049
S3150807397CFF55FF55FF00000000FF0000101010FF51
S3150807398C0000141414FF00001010FF00FF0010109D
S3150807399CF010F000141414FC00001414F700FF00C0
S315080739AC0000FF00FF001414F404FC00141417108D
S315080739BC1F0010101F101F001414141F00001010DE
S315080739CC10F000000000001F10001010101F100048
S315080739DC101010F01000000000FF10001010101047
S315080739EC1000101010FF1000000000FF1400000054
S315080739FCFF00FF0000001F1017000000FC04F4006E
S31508073A0C1414171017001414F404F4000000FF001C
S31508073A1CF7001414141414001414F700F7001414EC
S31508073A2C1417140010101F101F00141414F4140084
S31508073A3C1010F010F00000001F101F000000001FE8
S31508073A4C1400000000FC14000000F010F000101021
S31508073A5CFF10FF00141414FF14001010101F000099
S31508073A6C000000F01000FFFFFFFFFF00F0F0F0F07A
S31508073A7CF000FFFFFF000000000000FFFF000F0F1C
S31508073A8C0F0F0F00384444384400FC4A4A4A34009E
S31508073A9C7E0202060600027E027E02006355494133
S31508073AAC63003844443C0400407E201E200006026E
S31508073ABC7E02020099A5E7A599001C2A492A1C002B
S31508073ACC4C7201724C00304A4D4D300030487848DC
S31508073ADC3000BC625A463D003E49494900007E0102
S31508073AEC01017E002A2A2A2A2A0044445F444400F4
S31508073AFC40514A44400040444A5140000000FF01E7
S31508073B0C0300E080FF00000008086B6B08003612FC
S31508073B1C36243600060F090F060000001818000091
S31508073B2C0000101000003040FF010100001F0101C2
S31508073B3C1E0000191D171200003C3C3C3C000000F7
S31508073B4C00000000F000400178DE060880DE060853
S31508073B5C88DE06088CDE060898DE0608A4DE060844
S31508073B6CB0DE0608B8DE0608C0DE0608C400000084
S31508073B7C7D00000026010000FA00000088010000FD
S31508073B8CF4010000700300007D0000001704000014
S31508073B9C7D00000097040000FA00000017040000D7
S31508073BAC7D00000097040000F40100002D080000B2
S31508073BBCF40100006F0F0000F40100002D08000047
S31508073BCCF40100006F0F0000F40100002D08000037
S31508073BDCF40100006F0F0000F40100002D08000027
S31508073BECF40100006F0F0000F40100002D08000017
S31508073BFCF40100006F0F0000F40100002D08000007
S31508073C0CF40100006F0F0000F40100009302000096
S31508073C1C7D000000BA0200007D00000010030000BA
S31508073C2C7D000000700300007D00000052000000B4
S31508073C3C7D000000520000007D000000A500000072
S31508073C4C7D000000520000007D00000052000000B5
S31508073C5C7D000000930000007D0000005200000064
S31508073C6C7D000000520000007D0000008300000064
S31508073C7C7D000000520000007D0000005200000085
S31508073C8C7D000000750000007D0000005200000052
S31508073C9C7D000000520000007D0000007B0000003C
S31508073CAC7D000000830000007D0000005200000024
S31508073CBC7D000000520000007D000000A5000000F2
S31508073CCC7D000000520000007D0000005200000035
S31508073CDC7D000000930000007D00000052000000E4
S31508073CEC7D000000520000007D00000083000000E4
S31508073CFC7D000000520000007D0000005200000005
S31508073D0C7D00000075000000F40100005200000059
S31508073D1C7D000000520000007D000000A500000091
S31508073D2C7D000000520000007D00000052000000D4
S31508073D3C7D000000930000007D0000005200000083
S31508073D4C7D000000520000007D0000008300000083
S31508073D5C7D000000520000007D00000052000000A4
S31508073D6C7D000000750000007D0000005200000071
S31508073D7C7D000000520000007D0000007B0000005B
S31508073D8C7D000000830000007D0000005200000043
S31508073D9C7D000000520000007D000000A500000011
S31508073DAC7D000000520000007D0000005200000054
S31508073DBC7D000000930000007D0000005200000003
S31508073DCC7D000000520000007D0000008300000003
S31508073DDC7D000000520000007D0000005200000024
S31508073DEC7D00000075000000F40100005C26002029
S31508073DFC030000001C27002038000000FC260020C2
S31508073E0C0100000004270020010000000C270020F1
S31508073E1C010000001427002001000000742600206A
S31508073E2C050000009C2600200C000000000000007E
S31508073E3C4C494E45203F00000000000000000000DA
S31508073E4C0000000000000000000000000000000051
S31508073E5C610000000C00000000000000480000008C
S31508073E6C00000000530000000000000000000000DE
S31508073E7C0000000000000000000000000707000013
S31508073E8C0000000000000000000000000000000011
S31508073E9C0000000000000000000000000000000001
S31508073EAC00000000000000000000000000000000F1
S31508073EBC00000000000000000000000000000000E1
S31508073ECC00000000000000000000000000000000D1
S31508073EDC01000000010000000100000000000000BE
S31508073EEC00000000000000000000000000000000B1
S31508073EFC00000000000000000000000000000000A1
S31508073F0C0000000000000000000000000000000090
S31508073F1C0000000000000000000000000000000080
S31508073F2C000000000000000001000000010000006E
S31508073F3C010000000000000000000000000000005F
S31508073F4C0000000000000000000000000000000050
S31508073F5C0000000000000000000000000000000040
S31508073F6C0000000000000000000000000000000030
S31508073F7C0000000000000000000000000000000020
S31508073F8C0000000000000000000000000000000010
S31508073F9C0000000000000000000000000000000000
S31508073FAC00000000000000000000000000000000F0
S31508073FBC00000100010001000000000000000000DD
S31508073FCC00000000000000000000000000000000D0
S31508073FDC00000000000000000000000000000000C0
S31508073FEC00000000000000000000000000000000B0
S31508073FFC00000000000000000000000000000000A0
S3150807400C000000000000000000000000000000008F
S3150807401C000000000000000000000000000000007F
S3150807402C000000000000000000000000000000006F
S3150807403C000000004C494E45203F000000000000D8
S3150807404C000000000000000000000000000000004F
S3150807405C00000000610000000C00000000000000D2
S3150807406C4800000000000000530000000000000094
S3150807407C000000000000000000000000000000001F
S3150807408C0707000000000000000000000000000001
S3150807409C00000000000000000000000000000000FF
S315080740AC00000000000000000000000000000000EF
S315080740BC00000000000000000000000000000000DF
S315080740CC00000000000000000000000000000000CF
S315080740DC00000000010000000100000001000000BC
S315080740EC00000000000000000000000000000000AF
S315080740FC000000000000000000000000000000009F
S3150807410C000000000000000000000000000000008E
S3150807411C000000000000000000000000000000007E
S3150807412C000000000000000000000000010000006D
S3150807413C010000000100000000000000000000005C
S3150807414C000000000000000000000000000000004E
S3150807415C000000000000000000000000000000003E
S3150807416C000000000000000000000000000000002E
S3150807417C000000000000000000000000000000001E
S3150807418C000000000000000000000000000000000E
S3150807419C00000000000000000000000000000000FE
S315080741AC00000000000000000000000000000000EE
S315080741BC00000000000001000100010000000000DB
S315080741CC00000000000000000000000000000000CE
S315080741DC00000000000000000000000000000000BE
S315080741EC00000000000000000000000000000000AE
S315080741FC000000000000000000000000000000009E
S3150807420C000000000000000000000000000000008D
S3150807421C000000000000000000000000000000007D
S3150807422C000000000000000000000000000000006D
S3150807423C00000000004469736368617267650000D3
S3150807424C000000000000000000000000000000004D
S3150807425C00000000000200000231323334353637CD
S3150807426C38390000000000000000000000000000BC
S3150807427C000000000000000000029C00000000007F
S3150807428C000000000000000000000000000000000D
S3150807429C00000000000000000000000000000000FD
S315080742AC010000000000000000000000F4010000F7
S315080742BC008088C30000FA4388130000480D0000E5
S315080742CC00409C45010000000000000000000000AB
S315080742DCF4010000008088C30000FA438813000025
S315080742EC480D000000409C45000000000000000037
S315080742FC000000000000000000000000000000009D
S3150807430C000000000000000000000000000000008C
S3150807431C000000000000000000000000000000007C
S3150807432C000000000000000000000000000000006C
S3150807433C000000000000000000000000000000005C
S3150807434C000000000000000000000000000000004C
S3150807435C000000000000000000000000000000003C
S3150807436C000000000000000000000000000000002C
S3150807437C000000000000000000000000000000001C
S3150807438C000000000000000000000000000000000C
S3150807439C00000000000000000000000000000000FC
S315080743AC00000000000000000000000000000000EC
S315080743BC00000000000000000000000000000000DC
S315080743CC00000000000000000000000000000000CC
S315080743DC00000000000000000000000000000000BC
S315080743EC00000000000000000000000000000000AC
S315080743FC000000000000000000000000000000009C
S3150807440C000000000000000000000000004368617F
S3150807441C72676520480000000000000000000000D5
S3150807442C0000000000000000000000000002000069
S3150807443C023132333435363738390000000000007C
S3150807444C000000000000000000000000000000004B
S3150807445C00029C000000000000000000000000009D
S3150807446C000000000000000000000000000000002B
S3150807447C000000000000000000000000000000001B
S3150807448C2C010000D8D60000008088C30000FA4328
S3150807449C20A10700000000000000484400000000A7
S315080744AC000000002C010000D8D60000008088C345
S315080744BC0000FA4320A1070000000000000048444A
S315080744CC00000000000000000000000000000000CB
S315080744DC00000000000000000000000000000000BB
S315080744EC00000000000000000000000000000000AB
S315080744FC000000000000000000000000000000009B
S3150807450C000000000000000000000000000000008A
S3150807451C000000000000000000000000000000007A
S3150807452C000000000000000000000000000000006A
S3150807453C000000000000000000000000000000005A
S3150807454C000000000000000000000000000000004A
S3150807455C000000000000000000000000000000003A
S3150807456C000000000000000000000000000000002A
S3150807457C000000000000000000000000000000001A
S3150807458C000000000000000000000000000000000A
S3150807459C00000000000000000000000000000000FA
S315080745AC00000000000000000000000000000000EA
S315080745BC00000000000000000000000000000000DA
S315080745CC00000000000000000000000000000000CA
S315080745DC00000000000000000000000000000000BA
S315080745EC0000000000436861726765204C000000F4
S315080745FC000000000000000000000000000000009A
S3150807460C0000000000020000023132333435363719
S3150807461C3839000000000000000000000000000008
S3150807462C000000000000000000029C0000000000CB
S3150807463C0000000000000000000000000000000059
S3150807464C0000000000000000000000000000000049
S3150807465C00000000000000002C0100006810000094
S3150807466C008088C30000FA4320A107000000000059
S3150807467C0000484400000000000000002C01000060
S3150807468C68100000008088C30000FA4320A10700C1
S3150807469C000000000000484400000000000000006D
S315080746AC00000000000000000000000000000000E9
S315080746BC00000000000000000000000000000000D9
S315080746CC00000000000000000000000000000000C9
S315080746DC00000000000000000000000000000000B9
S315080746EC00000000000000000000000000000000A9
S315080746FC0000000000000000000000000000000099
S3150807470C0000000000000000000000000000000088
S3150807471C0000000000000000000000000000000078
S3150807472C0000000000000000000000000000000068
S3150807473C0000000000000000000000000000000058
S3150807474C0000000000000000000000000000000048
S3150807475C0000000000000000000000000000000038
S3150807476C0000000000000000000000000000000028
S3150807477C0000000000000000000000000000000018
S3150807478C0000000000000000000000000000000008
S3150807479C00000000000000000000000000000000F8
S315080747AC00000000000000000000000000000000E8
S315080747BC0000000000000000000000000044454D02
S315080747CC4F205465737400000000000000000000B9
S315080747DC00000000000000000000000000050000B3
S315080747EC02313233343536373839000000000000C9
S315080747FC0000000000000000000000000000000098
S3150807480C00029C00000000000000000000000000E9
S3150807481C0000000000000000000000000000000077
S3150807482C0000000000000000000000000000000067
S3150807483C2C010000D8D60000008088C30000FA4374
S3150807484C20A10700000000000000484400000000F3
S3150807485C000000002C01000068100000008088C3C7
S3150807486C0000FA4320A10700000000000000484496
S3150807487C010000000000000000000000F401000021
S3150807488C008088C30000FA4388130000480D00000F
S3150807489C00409C4502000000A086010000000000AD
S315080748AC00000000000000000000000000000000E7
S315080748BC00000000000000000300000000000000D4
S315080748CC05000000000000000000000000000000C2
S315080748DC00000000000000000000000000000000B7
S315080748EC00000000000000000000000000000000A7
S315080748FC0000000000000000000000000000000097
S3150807490C0000000000000000000000000000000086
S3150807491C0000000000000000000000000000000076
S3150807492C0000000000000000000000000000000066
S3150807493C0000000000000000000000000000000056
S3150807494C0000000000000000000000000000000046
S3150807495C0000000000000000000000000000000036
S3150807496C0000000000000000000000000000000026
S3150807497C0000000000000000000000000000000016
S3150807498C0000000000000000000000000000000006
S3150807499C000000000144454D4F204475616C2054B6
S315080749AC657374000000000000000000000000009A
S315080749BC0000000000040000023132333435363764
S315080749CC3839000000000000000000000000000055
S315080749DC000000000000000000029C000000000018
S315080749EC00000000000000000000000000000000A6
S315080749FC0000000000000000000000000000000096
S31508074A0C00000000000000002C010000D8D60000AA
S31508074A1C008088C30000FA4320A1070000000000A5
S31508074A2C00004844010000000000000000000000D8
S31508074A3CF4010000008088C30000FA4388130000BD
S31508074A4C480D000000409C4502000000A0860100A6
S31508074A5C0000000000000000000000000000000035
S31508074A6C0000000000000000000000000300000022
S31508074A7C0000000005000000000000000000000010
S31508074A8C0000000000000000000000000000000005
S31508074A9C03000000000000000500000000000000ED
S31508074AAC00000000000000000000000000000000E5
S31508074ABC00000000030000000000000005000000CD
S31508074ACC00000000000000000000000000000000C5
S31508074ADC00000000000000000300000000000000B2
S31508074AEC05000000000000000000000000000000A0
S31508074AFC0000000000000000000000000300000092
S31508074B0C000000000500000000000000000000007F
S31508074B1C0000000000000000000000000000000074
S31508074B2C030000000000000005000000000000005C
S31508074B3C0000000000000000000000000000000054
S31508074B4C000000000300000000000000050000003C
S31508074B5C0000000000000000000000000000000034
S31508074B6C0000000000000000000000000044454D4E
S31508074B7C4F20546573740000000000000000000005
S31508074B8C00000000000000000000000000050000FF
S31508074B9C0231323334353637383900000000000015
S31508074BAC00000000000000000000000000000000E4
S31508074BBC00029C0000000000000000000000000036
S31508074BCC00000000000000000000000000000000C4
S31508074BDC00000000000000000000000000000000B4
S31508074BEC2C010000D8D60000008088C30000FA43C1
S31508074BFC20A1070000000000000048440000000040
S31508074C0C000000002C01000068100000008088C313
S31508074C1C0000FA4320A107000000000000004844E2
S31508074C2C010000000000000000000000F40100006D
S31508074C3C008088C30000FA4388130000480D00005B
S31508074C4C00409C4502000000A086010000000000F9
S31508074C5C0000000000000000000000000000000033
S31508074C6C0000000000000000030000000000000020
S31508074C7C050000000000000000000000000000000E
S31508074C8C0000000000000000000000000000000003
S31508074C9C00000000000000000000000000000000F3
S31508074CAC00000000000000000000000000000000E3
S31508074CBC00000000000000000000000000000000D3
S31508074CCC00000000000000000000000000000000C3
S31508074CDC00000000000000000000000000000000B3
S31508074CEC00000000000000000000000000000000A3
S31508074CFC0000000000000000000000000000000093
S31508074D0C0000000000000000000000000000000082
S31508074D1C0000000000000000000000000000000072
S31508074D2C0000000000000000000000000000000062
S31508074D3C0000000000000000000000000000000052
S31508074D4C000000000044454D4F205465737400005D
S31508074D5C0000000000000000000000000000000032
S31508074D6C00000000000500000231323334353637AF
S31508074D7C38390000000000000000000000000000A1
S31508074D8C000000000000000000029C000000000064
S31508074D9C00000000000000000000000000000000F2
S31508074DAC00000000000000000000000000000000E2
S31508074DBC00000000000000002C010000D8D60000F7
S31508074DCC008088C30000FA4320A1070000000000F2
S31508074DDC0000484400000000000000002C010000F9
S31508074DEC68100000008088C30000FA4320A107005A
S31508074DFC0000000000004844010000000000000005
S31508074E0C00000000F4010000008088C30000FA4384
S31508074E1C88130000480D000000409C45020000005E
S31508074E2CA08601000000000000000000000000003A
S31508074E3C0000000000000000000000000000000051
S31508074E4C0300000000000000050000000000000039
S31508074E5C0000000000000000000000000000000031
S31508074E6C0000000000000000000000000000000021
S31508074E7C0000000000000000000000000000000011
S31508074E8C0000000000000000000000000000000001
S31508074E9C00000000000000000000000000000000F1
S31508074EAC00000000000000000000000000000000E1
S31508074EBC00000000000000000000000000000000D1
S31508074ECC00000000000000000000000000000000C1
S31508074EDC00000000000000000000000000000000B1
S31508074EEC00000000000000000000000000000000A1
S31508074EFC0000000000000000000000000000000091
S31508074F0C0000000000000000000000000000000080
S31508074F1C0000000000000000000000000044454D9A
S31508074F2C4F20546573740000000000000000000051
S31508074F3C000000000000000000000000000500004B
S31508074F4C0231323334353637383900000000000061
S31508074F5C0000000000000000000000000000000030
S31508074F6C00029C0000000000000000000000000082
S31508074F7C0000000000000000000000000000000010
S31508074F8C0000000000000000000000000000000000
S31508074F9C2C010000D8D60000008088C30000FA430D
S31508074FAC20A107000000000000004844000000008C
S31508074FBC000000002C01000068100000008088C360
S31508074FCC0000FA4320A1070000000000000048442F
S31508074FDC010000000000000000000000F4010000BA
S31508074FEC008088C30000FA4388130000480D0000A8
S31508074FFC00409C4502000000A08601000000000046
S3150807500C000000000000000000000000000000007F
S3150807501C000000000000000003000000000000006C
S3150807502C050000000000000000000000000000005A
S3150807503C000000000000000000000000000000004F
S3150807504C000000000000000000000000000000003F
S3150807505C000000000000000000000000000000002F
S3150807506C000000000000000000000000000000001F
S3150807507C000000000000000000000000000000000F
S3150807508C00000000000000000000000000000000FF
S3150807509C00000000000000000000000000000000EF
S315080750AC00000000000000000000000000000000DF
S315080750BC00000000000000000000000000000000CF
S315080750CC00000000000000000000000000000000BF
S315080750DC00000000000000000000000000000000AF
S315080750EC000000000000000000000000000000009F
S315080750FC000000000044454D4F20546573740000AA
S3150807510C000000000000000000000000000000007E
S3150807511C00000000000500000231323334353637FB
S3150807512C38390000000000000000000000000000ED
S3150807513C000000000000000000029C0000000000B0
S3150807514C000000000000000000000000000000003E
S3150807515C000000000000000000000000000000002E
S3150807516C00000000000000002C010000D8D6000043
S3150807517C008088C30000FA4320A10700000000003E
S3150807518C0000484400000000000000002C01000045
S3150807519C68100000008088C30000FA4320A10700A6
S315080751AC0000000000004844010000000000000051
S315080751BC00000000F4010000008088C30000FA43D1
S315080751CC88130000480D000000409C4502000000AB
S315080751DCA086010000000000000000000000000087
S315080751EC000000000000000000000000000000009E
S315080751FC0300000000000000050000000000000086
S3150807520C000000000000000000000000000000007D
S3150807521C000000000000000000000000000000006D
S3150807522C000000000000000000000000000000005D
S3150807523C000000000000000000000000000000004D
S3150807524C000000000000000000000000000000003D
S3150807525C000000000000000000000000000000002D
S3150807526C000000000000000000000000000000001D
S3150807527C000000000000000000000000000000000D
S3150807528C00000000000000000000000000000000FD
S3150807529C00000000000000000000000000000000ED
S315080752AC00000000000000000000000000000000DD
S315080752BC00000000000000000000000000000000CD
S315080752CC0000000000000000000000000044454DE7
S315080752DC4F2054657374000000000000000000009E
S315080752EC0000000000000000000000000005000098
S315080752FC02313233343536373839000000000000AE
S3150807530C000000000000000000000000000000007C
S3150807531C00029C00000000000000000000000000CE
S3150807532C000000000000000000000000000000005C
S3150807533C000000000000000000000000000000004C
S3150807534C2C010000D8D60000008088C30000FA4359
S3150807535C20A10700000000000000484400000000D8
S3150807536C000000002C01000068100000008088C3AC
S3150807537C0000FA4320A1070000000000000048447B
S3150807538C010000000000000000000000F401000006
S3150807539C008088C30000FA4388130000480D0000F4
S315080753AC00409C4502000000A08601000000000092
S315080753BC00000000000000000000000000000000CC
S315080753CC00000000000000000300000000000000B9
S315080753DC05000000000000000000000000000000A7
S315080753EC000000000000000000000000000000009C
S315080753FC000000000000000000000000000000008C
S3150807540C000000000000000000000000000000007B
S3150807541C000000000000000000000000000000006B
S3150807542C000000000000000000000000000000005B
S3150807543C000000000000000000000000000000004B
S3150807544C000000000000000000000000000000003B
S3150807545C000000000000000000000000000000002B
S3150807546C000000000000000000000000000000001B
S3150807547C000000000000000000000000000000000B
S3150807548C00000000000000000000000000000000FB
S3150807549C00000000000000000000000000000000EB
S315080754AC000000000000000003000000BCB4002048
S315080754BC7F1107087F11070800000000BCB40020FD
S315080754CC24B500208CB50020000000000000000061
S315080754DC00000000000000000000000000000000AB
S315080754EC000000000000000000000000000000009B
S315080754FC000000000000000000000000000000008B
S3150807550C00000000A83F0020010000000000000072
S3150807551C4A00000000000000000000000000000020
S3150807552C000000000000000000000000000000005A
S3150807553C00000000000000004A0000000000000000
S3150807554C000000000000000000000000000000003A
S3150807555C000000000000000000000000000000002A
S3150807556C43000000000000000000000000000000D7
S3150807557C000000000000000000000000000000000A
S3150807558C43000000000000000000000000000000B7
S3150807559C00000000000000000000000000000000EA
S315080755AC4300000000000000000000000000000097
S315080755BC00000000000000000000000000000000CA
S315080755CC4300000000000000000000000000000077
S315080755DC00000000000000000000000000000000AA
S315080755EC4300000000000000000000000000000057
S315080755FC000000000000000000000000000000008A
S3150807560C4300000000000000000000000000000036
S3150807561C0000000000000000000000000000000069
S3150807562C4300000000000000000000000000000016
S3150807563C0000000000000000000000000000000049
S3150807564C23C40608A1C3060800000000D4130708DC
S3150807565CEE140708051207080512070805120708A6
S3150807566C0512070805120708051207080512070881
S3150807567C0512070805120708FFFFFFFFFFFFFFFFC5
S3150807568CFFFFFFFFFFFF0000010041534349490095
S3150807569C00000000000000000000000000000000E9
S315080756AC0000000000000000000041534349490070
S315080756BC00000000000000000000000000000000C9
S311080756CC000000000000000000000000BD
S705080433C1FA
