S01200005542415F365F526576322E73726563E7
S315080400000000022095330408892404088F24040870
S31508040010952404089B240408A1240408000000006D
S31508040020000000000000000000000000A7240408E7
S31508040030B524040800000000C3240408D1240408D5
S31508040040E5330408E5330408E5330408E53304080E
S31508040050E5330408E5330408E5330408E5330408FE
S31508040060E5330408DD240408E5330408ED2404080C
S315080400700125040815250408292504083D2504082E
S315080400805125040865250408E5330408E5330408FE
S31508040090E5330408E5330408E53304087925040838
S315080400A0E533040889250408E5330408E533040818
S315080400B0E5330408E5330408E5330408E53304089E
S315080400C0E5330408E5330408E5330408E53304088E
S315080400D0E53304089D250408CD250408E5330408FA
S315080400E0E5330408E5330408E5330408E53304086E
S315080400F0E5330408E5330408E5330408E53304085E
S31508040100E5330408E5330408E5330408E53304084D
S31508040110E5330408E5330408E5330408E53304083D
S31508040120E1250408E5330408E5330408E53304083F
S31508040130E5330408E5330408E5330408E53304081D
S31508040140E5330408E5330408E5330408E53304080D
S31508040150E5330408E5330408E5330408E5330408FD
S31508040160E5330408E5330408E5330408E5330408ED
S31508040170E5330408E5330408E5330408E5330408DD
S31508040180E5330408E5330408E5330408E5330408CD
S31508040190E533040800000000E5330408E5330408E1
S315080401A0E5330408E5330408E5330408E5330408AD
S315080401B0E5330408E5330408E5330408E53304089D
S315080401C0F5250408E5330408E5330408E53304088B
S30D080401D0E5330408E5330408CD
S315080401E010B5054C237833B9044B13B10448AFF35F
S315080401F000800123237010BDBC41002000000000CC
S315080402007CD1060808B5034B1BB103490348AFF371
S31508040210008008BD00000000C04100207CD106080B
S3150804022010F8012B11F8013B012A28BF9A42F7D08E
S31508040230D01A70470000000000000000000000000B
S3150804024001F0FF01102A2BDB10F0070F08D010F875
S31508040250013B013A8B422DD010F0070F42B3F6D179
S31508040260F0B441EA012141EA014122F007047FF092
S3150804027000070023F0E80256083C85EA010586EAE9
S31508040280010685FA47F5A3FA87F586FA47F6A5FA25
S3150804029087F68EB9EED1F0BC01F0FF0102F0070231
S315080402A032B110F8013B013A83EA010313B1F8D1DC
S315080402B00020704701387047002D06BF35460338BD
S315080402C0073815F0010F07D1013015F4807F02BFF6
S315080402D0013015F4C03F0130F0BC0138704700BF47
S315080402E0034613F8012B002AFBD1181A0138704764
S315080402F081F0004102E000BF83F0004330B54FEAC5
S3150804030041044FEA430594EA050F08BF90EA020F31
S315080403101FBF54EA000C55EA020C7FEA645C7FEAC4
S31508040320655C00F0E2804FEA5454D4EB5555B8BFE7
S315080403306D420CDD2C4480EA020281EA030382EA58
S31508040340000083EA010180EA020281EA0303362DEA
S3150804035088BF30BD11F0004F4FEA01314FF4801CBD
S315080403604CEA113102D0404261EB410113F0004FCF
S315080403704FEA03334CEA133302D0524263EB430386
S3150804038094EA050F00F0A780A4F10104D5F1200E24
S315080403900DDB02FA0EFC22FA05F2801841F100017F
S315080403A003FA0EF2801843FA05F359410EE0A5F153
S315080403B020050EF1200E012A03FA0EFC28BF4CF084
S315080403C0020C43FA05F3C01851EBE37101F000453A
S315080403D007D54FF0000EDCF1000C7EEB00006EEB47
S315080403E00101B1F5801F1BD3B1F5001F0CD34908D1
S315080403F05FEA30004FEA3C0C04F101044FEA445228
S3150804040012F5800F80F09A80BCF1004F08BF5FEAAE
S31508040410500C50F1000041EB045141EA050130BD8E
S315080404205FEA4C0C404141EB0101013C28BFB1F5A0
S31508040430801FE9D291F0000F04BF01460020B1FAEB
S3150804044081F308BF2033A3F10B03B3F120020CDABE
S315080404500C3208DD02F1140CC2F10C0201FA0CF09C
S3150804046021FA02F10CE002F11402D8BFC2F1200C01
S3150804047001FA02F120FA0CFCDCBF41EA0C019040B7
S31508040480E41AA2BF01EB0451294330BD6FEA040400
S315080404901F3C1CDA0C340EDC04F11404C4F12002EB
S315080404A020FA04F001FA02F340EA030021FA04F3FD
S315080404B045EA030130BDC4F10C04C4F1200220FA54
S315080404C002F001FA04F340EA0300294630BD21FA92
S315080404D004F0294630BD94F0000F83F4801306BF58
S315080404E081F480110134013D4EE77FEA645C18BF4C
S315080404F07FEA655C29D094EA050F08BF90EA020FE3
S3150804050005D054EA000C04BF1946104630BD91EADA
S31508040510030F1EBF0021002030BD5FEA545C05D1DD
S315080405204000494128BF41F0004130BD14F580041C
S315080405303CBF01F5801130BD01F0004545F0FE4190
S3150804054041F470014FF0000030BD7FEA645C1ABFC5
S31508040550194610467FEA655C1CBF0B46024650EAFC
S31508040560013406BF52EA033591EA030F41F4002128
S3150804057030BD00BF90F0000F04BF0021704730B5AE
S315080405804FF4806404F132044FF000054FF0000183
S3150804059050E700BF90F0000F04BF0021704730B544
S315080405A04FF4806404F1320410F0004548BF404219
S315080405B04FF000013EE700BF42004FEAE2014FEA6E
S315080405C031014FEA02701FBF12F07F4393F07F4F49
S315080405D081F06051704732F07F4208BF704793F04C
S315080405E07F4F04BF41F40021704730B54FF460745F
S315080405F001F0004521F000411CE700BF50EA010262
S3150804060008BF704730B54FF000050AE050EA01020A
S3150804061008BF704730B511F0004502D5404261EB7A
S3150804062041014FF4806404F132045FEA915C3FF4BB
S31508040630D8AE4FF003025FEADC0C18BF03325FEA58
S31508040640DC0C18BF033202EBDC02C2F1200300FA09
S3150804065003FC20FA02F001FA03FE40EA0E0021FA2E
S3150804066002F11444BDE600BF70B54FF0FF0C4CF41C
S31508040670E06C1CEA11541DBF1CEA135594EA0C0FCE
S3150804068095EA0C0F00F0DEF82C4481EA030621EA09
S315080406904C5123EA4C5350EA013518BF52EA033544
S315080406A041F4801143F4801338D0A0FB02CE4FF0F6
S315080406B00005E1FB02E506F00042E0FB03E54FF026
S315080406C00006E1FB03569CF0000F18BF4EF0010E1E
S315080406D0A4F1FF04B6F5007F64F5407404D25FEA1A
S315080406E04E0E6D4146EB060642EAC62141EA5551CD
S315080406F04FEAC52040EA5E504FEACE2EB4F1FD0C0F
S3150804070088BFBCF5E06F1ED8BEF1004F08BF5FEA8C
S31508040710500E50F1000041EB045170BD06F000463E
S3150804072046EA010140EA020081EA0301B4EB5C04EB
S31508040730C2BFD4EB0C0541EA045170BD41F48011E3
S315080407404FF0000E013C00F3AB8014F1360FDEBF08
S31508040750002001F0004170BDC4F10004203C35DAE4
S315080407600C341BDC04F11404C4F1200500FA05F367
S3150804077020FA04F001FA05F240EA020001F0004208
S3150804078021F0004110EBD37021FA04F642EB06017E
S315080407905EEA430E08BF20EAD37070BDC4F10C04A8
S315080407A0C4F1200500FA04F320FA05F001FA04F26C
S315080407B040EA020001F0004110EBD37041F1000158
S315080407C05EEA430E08BF20EAD37070BDC4F1200563
S315080407D000FA05F24EEA020E20FA04F301FA05F2CB
S315080407E043EA020321FA04F001F0004121FA04F273
S315080407F020EA020000EBD3705EEA430E08BF20EA43
S31508040800D37070BD94F0000F0FD101F0004640007C
S3150804081041EB010111F4801F08BF013CF7D041EAFE
S31508040820060195F0000F18BF704703F00046520002
S3150804083043EB030313F4801F08BF013DF7D043EAD3
S315080408400603704794EA0C0F0CEA135518BF95EA89
S315080408500C0F0CD050EA410618BF52EA4306D1D110
S3150804086081EA030101F000414FF0000070BD50EA2F
S31508040870410606BF1046194652EA430619D094EAB9
S315080408800C0F02D150EA013613D195EA0C0F05D1A3
S3150804089052EA03361CBF104619460AD181EA0301F7
S315080408A001F0004141F0FE4141F470014FF00000AF
S315080408B070BD41F0FE4141F4780170BD70B54FF04A
S315080408C0FF0C4CF4E06C1CEA11541DBF1CEA1355CA
S315080408D094EA0C0F95EA0C0F00F0A7F8A4EB0504AC
S315080408E081EA030E52EA03354FEA013100F08880A3
S315080408F04FEA03334FF0805545EA131343EA12636C
S315080409004FEA022245EA111545EA10654FEA002620
S315080409100EF000419D4208BF964244F1FD0404F5D9
S31508040920407402D25B084FEA3202B61A65EB030535
S315080409305B084FEA32024FF480104FF4002CB6EBF2
S31508040940020E75EB030E22BFB61A754640EA0C0072
S315080409505B084FEA3202B6EB020E75EB030E22BFB2
S31508040960B61A754640EA5C005B084FEA3202B6EBF3
S31508040970020E75EB030E22BFB61A754640EA9C00B2
S315080409805B084FEA3202B6EB020E75EB030E22BF82
S31508040990B61A754640EADC0055EA060E18D04FEA40
S315080409A0051545EA16754FEA06164FEAC30343EAE0
S315080409B052734FEAC2025FEA1C1CC0D111F4801FAD
S315080409C00BD141EA00014FF000004FF0004CB6E7A6
S315080409D011F4801F04BF01430020B4F1FD0C88BF45
S315080409E0BCF5E06F3FF6AFAEB5EB030C04BFB6EB50
S315080409F0020C5FEA500C50F1000041EB045170BD43
S31508040A000EF0004E4EEA113114EB5C04C2BFD4EB6F
S31508040A100C0541EA045170BD41F480114FF0000EF3
S31508040A20013C90E645EA060E8DE60CEA135594EA6F
S31508040A300C0F08BF95EA0C0F3FF43BAF94EA0C0F72
S31508040A400AD150EA01347FF434AF95EA0C0F7FF4E7
S31508040A5025AF104619462CE795EA0C0F06D152EA3B
S31508040A6003353FF4FDAE1046194622E750EA41061F
S31508040A7018BF52EA43067FF4C5AE50EA41047FF430
S31508040A800DAF52EA43057FF4EBAE12E74FF0FF3C95
S31508040A9006E000BF4FF0010C02E000BF4FF0010C66
S31508040AA04DF804CD4FEA410C7FEA6C5C4FEA430CDF
S31508040AB018BF7FEA6C5C1BD001B050EA410C0CBF2E
S31508040AC052EA430C91EA030F02BF90EA020F002090
S31508040AD0704710F1000F91EA030F58BF994208BFF7
S31508040AE090422CBFD8176FEAE37040F001007047B4
S31508040AF04FEA410C7FEA6C5C02D150EA013C07D10B
S31508040B004FEA430C7FEA6C5CD6D152EA033CD3D055
S31508040B105DF8040B704700BF8446104662468C464F
S31508040B201946634600E000BF01B5FFF7B7FF002882
S31508040B3048BF10F1000F01BD4DF808EDFFF7F4FFAB
S31508040B400CBF012000205DF808FB00BF4DF808ED36
S31508040B50FFF7EAFF34BF012000205DF808FB00BF59
S31508040B604DF808EDFFF7E0FF94BF012000205DF87B
S31508040B7008FB00BF4DF808EDFFF7CEFF94BF012030
S31508040B8000205DF808FB00BF4DF808EDFFF7C4FF29
S31508040B9034BF012000205DF808FB00BF4FEA410C72
S31508040BA07FEA6C5C02D150EA013C0AD14FEA430C55
S31508040BB07FEA6C5C02D152EA033C02D14FF0000092
S31508040BC070474FF0010070474FEA410212F50012D0
S31508040BD015D211D56FF47873B3EB625212D94FEA72
S31508040BE0C12343F0004343EA505311F0004F23FA5C
S31508040BF002F018BF404270474FF00000704750EAB1
S31508040C00013005D111F0004008BF6FF0004070476D
S31508040C104FF00000704700BF4FEA4102B2F1E043CB
S31508040C2024BFB3F5001CDCF1FE5C0DD901F0004CC1
S31508040C304FEAC0024CEA5070B2F1004F40EB830011
S31508040C4008BF20F00100704711F0804F21D113F13D
S31508040C503872BCBF01F00040704741F480114FEA76
S31508040C605252C2F11802C2F1200C10FA0CF320FAFF
S31508040C7002F018BF40F001004FEAC1234FEAD3231C
S31508040C8003FA0CFC40EA0C0023FA02F34FEA430386
S31508040C90CCE77FEA625307D150EA01331EBF4FF00F
S31508040CA0FE4040F44000704701F0004040F0FE402A
S31508040CB040F40000704700BF7BB972B90029BEBF73
S31508040CC000204FF0004106E008BF00281CBF6FF063
S31508040CD000414FF0FF3000F0BBB9ADF1080C6DE9E7
S31508040CE004CE002909DB002B1ADB00F04DF8DDF8E9
S31508040CF004E0DDE9022304B07047404261EB410198
S31508040D00002B1BDB00F040F8DDF804E0DDE90223E4
S31508040D1004B0404261EB4101524263EB430370471E
S31508040D20524263EB430300F02FF8DDF804E0DDE9F3
S31508040D30022304B0404261EB41017047524263EB1F
S31508040D40430300F021F8DDF804E0DDE9022304B0EA
S31508040D50524263EB4303704753B94AB9002908BFA3
S31508040D6000281CBF4FF0FF314FF0FF3000F070B978
S31508040D70ADF1080C6DE904CE00F006F8DDF804E0E0
S31508040D80DDE9022304B070472DE9F047089E0D46B5
S31508040D9004460F46002B4AD18A42944665D9B2FACC
S31508040DA082F343B102FA03FCC3F120029F4020FAFE
S31508040DB002F217439C404FEA1C4E1FFA8CF5B7FB08
S31508040DC0FEF1220C0EFB117742EA074201FB05F0FD
S31508040DD090420AD91CEB020201F1FF3780F01C810C
S31508040DE0904240F2198102396244121AA4B2B2FB43
S31508040DF0FEF00EFB102244EA024400FB05F5A54268
S31508040E000AD91CEB040400F1FF3280F00781A542DD
S31508040E1040F204816444023840EA0140641B00211C
S31508040E201EB1DC400023C6E90043BDE8F0878B42C7
S31508040E3008D9002E00F0ED800021C6E90005084611
S31508040E40BDE8F087B3FA83F1002949D1AB4202D34E
S31508040E50824200F2F880841A65EB030201201746E1
S31508040E60002EE2D0C6E90047DFE702B9FFDEB2FA90
S31508040E7082F3002B40F090808A1A4FEA1C471FFA27
S31508040E808CFE0121B2FBF7F507FB1520220C42EA7A
S31508040E9000420EFB05F0904208D91CEB020205F14C
S31508040EA0FF3802D2904200F2CB804546121AA4B209
S31508040EB0B2FBF7F007FB102244EA02440EFB00FEDD
S31508040EC0A64508D91CEB040400F1FF3202D2A64554
S31508040ED000F2BB801046A4EB0E0440EA05409FE7E7
S31508040EE0C1F120078B4022FA07FC4CEA030C05FAE9
S31508040EF001F420FA07F3FD404FEA1C492343B5FBE6
S31508040F00F9F81FFA8CFE09FB18551C0C44EA05442B
S31508040F1008FB0EF5A54202FA01F200FA01F00BD914
S31508040F201CEB040408F1FF3A80F08880A54240F2DD
S31508040F308580A8F102086444641B9DB2B4FBF9F3E6
S31508040F4009FB134445EA044403FB0EFEA64508D9E7
S31508040F501CEB040403F1FF356CD2A6456AD9023B9F
S31508040F60644443EA0843A3FB0295A4EB0E04AC428B
S31508040F70C846AE4656D353D056B1B0EB080264EB16
S31508040F800E0404FA07F7CA40CC401743C6E90074AE
S31508040F9018460021BDE8F087C3F1200102FA03FCD4
S31508040FA020FA01F225FA01F19D402A434FEA1C472B
S31508040FB01FFA8CFEB1FBF7F007FB1015110C41EA7A
S31508040FC0054100FB0EF58D4204FA03F408D91CEB1F
S31508040FD0010100F1FF382FD28D422DD90238614420
S31508040FE0491B92B2B1FBF7F507FB151142EA014218
S31508040FF005FB0EF1914208D91CEB020205F1FF38F4
S3150804100016D2914214D9023D6244521A45EA004165
S3150804101038E73146304608E73946E6E61046FBE641
S315080410204845A9D2B9EB020865EB0C0E013BA3E7C8
S315080410304546EAE72B4694E74046D1E7D0467BE7A0
S31508041040023D624432E708460AE76444023842E746
S31508041050704700BF80B58CB000AF07F124030022A7
S315080410601A605A609A603B1D20220021184627F010
S31508041070E3FF5D4B4FF0A0421A605B4B4FF44032DE
S315080410805A60594B00229A60574B0022DA60564B35
S3150804109000221A61544B01225A61534B08229A6161
S315080410A0514B00221A77504B01225A774E4B06228F
S315080410B01A624D4B002283F824204B4B0022DA6235
S315080410C0494B00221A63484B002283F83820464BC2
S315080410D04FF48052DA63444B002283F84020424896
S315080410E002F07CFC0346002B01D000F083FF0023AA
S315080410F07B6207F1240319463B4803F09BFD03462C
S31508041100002B01D000F076FF384B7B600623BB60CA
S315080411100623FB607F233B6104237B610023BB61B9
S315080411203B1D1946304802F007FF0346002B01D041
S3150804113000F060FF2E4B7B600C23BB600423FB602E
S315080411403B1D1946284802F0F7FE0346002B01D03A
S3150804115000F050FF274B7B601223BB603B1D1946EA
S31508041160214802F0E9FE0346002B01D000F042FFB5
S31508041170214B7B601823BB603B1D19461A4802F0B5
S31508041180DBFE0346002B01D000F034FF1B4B7B60CB
S315080411904FF48073BB603B1D1946134802F0CCFE1E
S315080411A00346002B01D000F025FF154B7B604FF456
S315080411B08373BB600623FB603B1D19460A4802F08D
S315080411C0BBFE0346002B01D000F014FF7F2106481E
S315080411D003F0CEFC0346002B01D000F00BFF00BF42
S315080411E03037BD4680BD00BFD84100200200300418
S315080411F004006008000180218000501D4000201969
S315080412000010603280B588B000AF3B46202200212A
S31508041210184627F011FF604B604A1A605E4B4FF47C
S3150804122040325A605C4B00229A605B4B0022DA60BB
S31508041230594B00221A61584B01225A61564B08220F
S315080412409A61554B00221A77534B01225A77524B0F
S3150804125006221A62504B002283F824204E4B0022A1
S31508041260DA624D4B00221A634B4B002283F838206E
S31508041270494B4FF48052DA63474B012283F84020E6
S31508041280454B0C225A64444B80229A64424B0022F2
S31508041290DA64414B01221A653F4802F09FFB034674
S315080412A0002B01D000F0A6FE3D4B3B6006237B6075
S315080412B00623BB607F23FB6004233B6164237B61B5
S315080412C04FF08073BB613B461946334802F034FE3F
S315080412D00346002B01D000F08DFE324B3B600C23F5
S315080412E07B6032237B613B4619462B4802F024FE79
S315080412F00346002B01D000F07DFE2B4B3B601223E6
S315080413007B600423BB6000237B613B461946224865
S3150804131002F012FE0346002B01D000F06BFE234BAD
S315080413203B6018237B603B4619461B4802F004FEC3
S315080413300346002B01D000F05DFE1D4B3B604FF4C5
S3150804134080737B600623BB603B461946124802F04D
S31508041350F3FD0346002B01D000F04CFE154B3B6011
S315080413604FF483737B600423BB603B4619460A48E3
S3150804137002F0E2FD0346002B01D000F03BFE7F217C
S31508041380054803F0F5FB0346002B01D000F032FEB6
S3150804139000BF2037BD4680BD4442002000010050EE
S315080413A00040C03A0800900C0080F03E1000C010BF
S315080413B00008302E0010603280B5A4B000AF786003
S315080413C007F17C0300221A605A609A60DA601A618F
S315080413D007F1280354220021184627F02DFE7B68BE
S315080413E01B68B3F1A04F40F0A1804FF40043BB62E1
S315080413F04FF00053FB6607F12803184606F01CFA5B
S315080414000346002B01D000F0F5FD9E4B1B68013303
S315080414109C4A13609B4B1B68012B0BD19A4BDB6CC4
S31508041420994A43F40053D364974BDB6C03F4005393
S315080414307B627B6A944BDB6C934A43F00403D36464
S31508041440914BDB6C03F004033B623B6A8E4BDB6C0B
S315080414508D4A43F00103D3648B4BDB6C03F0010321
S31508041460FB61FB69884BDB6C874A43F00203D36450
S31508041470854BDB6C03F00203BB61BB690723FB677F
S315080414800323C7F880300023C7F8843007F17C03A8
S3150804149019467E4804F0BCFB0323FB670323C7F8FD
S315080414A080300023C7F8843007F17C0319464FF0CF
S315080414B0904004F0ADFB0223FB670323C7F8803092
S315080414C00023C7F8843007F17C031946704804F0F2
S315080414D09FFB704B704A1A606E4B05225A606D4B1F
S315080414E000229A606B4B0022DA606A4B80221A61EA
S315080414F0684B4FF480725A61664B4FF480629A6166
S31508041500644B0022DA61634B4FF400521A62614855
S3150804151004F040F80346002B01D000F06BFD7B680D
S315080415205C4A5A655B4A7B689362A6E07B681B68DB
S315080415305A4A934240F0A1804FF40043BB624FF0ED
S315080415400053FB6607F12803184606F075F90346A7
S31508041550002B01D000F04EFD4A4B1B680133494A63
S315080415601360484B1B68012B0BD1474BDB6C464A6F
S3150804157043F40053D364444BDB6C03F400537B619C
S315080415807B69414BDB6C404A43F00103D3643E4B11
S31508041590DB6C03F001033B613B693B4BDB6C3A4A6A
S315080415A043F00403D364384BDB6C03F00403FB6099
S315080415B0FB68354BDB6C344A43F00203D364324B85
S315080415C0DB6C03F00203BB60BB68C023FB67032321
S315080415D0C7F880300023C7F8843007F17C0319461E
S315080415E04FF0904004F014FB2023FB670323C7F84D
S315080415F080300023C7F8843007F17C031946234852
S3150804160004F006FB48F60403FB670323C7F8803097
S315080416100023C7F8843007F17C0319461C4804F0F4
S31508041620F7FA1F4B1F4A1A601D4B24225A601C4B9B
S3150804163000229A601A4B0022DA60194B80221A613A
S31508041640174B4FF480725A61154B4FF480629A61B6
S31508041650134B0022DA61124B4FF480521A62104877
S3150804166003F098FF0346002B01D000F0C3FC7B6807
S315080416700B4A5A650A4A7B68936200BF9037BD468F
S3150804168080BD00BF704300200010024000080048D7
S3150804169000040048B042002008000240000100503F
S315080416A0104300204400024080B58CB000AF3B468E
S315080416B030220021184627F0BFFC1B4B1B4A1A6030
S315080416C0194803F0CEFC0346002B01D000F092FC27
S315080416D002233B6000233B7100237B710023BB601C
S315080416E00023FB6000233B6102237B610123BB616A
S315080416F00023FB613B46002219460B4803F090FD84
S315080417000346002B01D000F075FC3B46102219460F
S31508041710054803F085FD0346002B01D000F06AFC5A
S3150804172000BF3037BD4680BD744300200008005012
S3150804173080B58AB000AF786007F1140300221A60F6
S315080417405A609A60DA601A617B681B68154A934284
S3150804175024D1154BDB6C144A43F48033D364124BFF
S31508041760DB6C03F480333B613B690F4BDB6C0E4A3D
S3150804177043F00103D3640C4BDB6C03F00103FB60F9
S31508041780FB6830237B610323BB610023FB6107F1FC
S31508041790140319464FF0904004F03AFA00BF28376C
S315080417A0BD4680BD000800500010024080B584B0D4
S315080417B000AF384B9B6C374A43F004039364354BAC
S315080417C09B6C03F00403FB60FB68324B9B6C314A49
S315080417D043F0010393642F4B9B6C03F00103BB6036
S315080417E0BB682C4B9B6C2B4A43F002039364294B2E
S315080417F09B6C03F002037B607B68002201210B20AB
S3150804180003F0FBFB0B2003F012FC002200210C2042
S3150804181003F0F3FB0C2003F00AFC002200210D2040
S3150804182003F0EBFB0D2003F002FC002200210E203E
S3150804183003F0E3FB0E2003F0FAFB002200210F203D
S3150804184003F0DBFB0F2003F0F2FB0022002110203B
S3150804185003F0D3FB102003F0EAFB00220021112039
S3150804186003F0CBFB112003F0E2FB00220021382011
S3150804187003F0C3FB382003F0DAFB002200216020C2
S3150804188003F0BBFB602003F0D2FB00BF1037BD4654
S3150804189080BD00BF0010024080B58CB000AF07F1D0
S315080418A01C0300221A605A609A60DA601A618C4B2B
S315080418B0DB6C8B4A43F00403D364894BDB6C03F07B
S315080418C00403BB61BB69864BDB6C854A43F0200382
S315080418D0D364834BDB6C03F020037B617B69804B09
S315080418E0DB6C7F4A43F00103D3647D4BDB6C03F066
S315080418F001033B613B697A4BDB6C794A43F002038B
S31508041900D364774BDB6C03F00203FB60FB68744B10
S31508041910DB6C734A43F01003D364714BDB6C03F03E
S315080419201003BB60BB686E4BDB6C6D4A43F008035F
S31508041930D3646B4BDB6C03F008037B607B68002283
S315080419400321684804F0FEFA00224FF40141664870
S3150804195004F0F8FA002241F21041644804F0F2FA5D
S31508041960002240F20671624804F0ECFA00224FF4B1
S315080419701061604804F0E6FA01224FF400715D48EC
S3150804198004F0E0FA0323FB6101233B6200237B6234
S315080419900023BB6207F11C031946524804F038F9C0
S315080419A00823FB614FF444133B6201237B6207F16E
S315080419B01C0319464F4804F02BF98023FB610023C6
S315080419C03B6200237B6207F11C031946464804F070
S315080419D01FF94FF48073FB6101233B6200237B628A
S315080419E00023BB6207F11C0319463F4804F010F9AB
S315080419F04FF40043FB6101233B6200237B6203230C
S31508041A00BB6207F11C031946374804F001F941F291
S31508041A101043FB6101233B6200237B620023BB6204
S31508041A2007F11C031946314804F0F2F840F2027330
S31508041A30FB6101233B6200237B620023BB6207F13F
S31508041A401C0319462A4804F0E3F84FF43063FB6193
S31508041A5001233B6200237B620023BB6207F11C035C
S31508041A601946244804F0D4F80123FB6100233B6299
S31508041A7000237B6207F11C0319461D4804F0C8F8C5
S31508041A800423FB6101233B6200237B620323BB62BD
S31508041A9007F11C031946164804F0BAF84FF4007304
S31508041AA0FB614FF444133B6200237B6207F11C037A
S31508041AB019460E4804F0ACF800220121092003F067
S31508041AC09CFA092003F0B3FA00220121172003F037
S31508041AD094FA172003F0ABFA00BF3037BD4680BD31
S31508041AE00010024000140048001000480004004892
S31508041AF0000C00480008004880B500AF1B4B1C4A80
S31508041B001A601A4B1B4A5A60184B00229A60174BE4
S31508041B100122DA60154B00221A61144B00225A611D
S31508041B20124B00229A61114B0022DA610F4B0022F4
S31508041B301A620E4804F036FA0346002B01D000F068
S31508041B4059FA0021094804F07DFF0346002B01D009
S31508041B5000F050FA0021054804F0BFFF0346002BA5
S31508041B6001D000F047FA00BF80BD00BF88430020BB
S31508041B7000780040F2A6E11080B500AF1B4B1C4A62
S31508041B801A601A4B1B4A5A60184B00229A60174B64
S31508041B900122DA60154B00221A61144B00225A619D
S31508041BA0124B00229A61114B0022DA610F4B002274
S31508041BB01A620E4804F0F6F90346002B01D000F029
S31508041BC019FA0021094804F03DFF0346002B01D009
S31508041BD000F010FA0021054804F07FFF0346002BA5
S31508041BE001D000F007FA00BF80BD00BFDC43002027
S31508041BF000840040F2A6E11080B5A2B000AF786078
S31508041C0007F1740300221A605A609A60DA601A614E
S31508041C1007F1200354220021184627F00DFA7B68A1
S31508041C201B685E4A934259D14FF480733B62002382
S31508041C307B6407F12003184605F0FEFD0346002BD6
S31508041C4001D000F0D7F9564BDB6C554A43F0010333
S31508041C50D364534BDB6C03F00103FB61FB69504B04
S31508041C60DB6C4F4A43F00203D3644D4BDB6C03F041
S31508041C700203BB61BB694FF480737B671223BB679E
S31508041C800023FB670023C7F880300223C7F8843093
S31508041C9007F1740319464FF0904003F0B9FF202367
S31508041CA07B671223BB670023FB670023C7F88030D2
S31508041CB00823C7F8843007F174031946394803F032
S31508041CC0A7FF374B9B6D364A43F080439365344BE5
S31508041CD09B6D03F080437B617B695BE07B681B68D3
S31508041CE0314A934256D14FF400333B620023BB6416
S31508041CF007F12003184605F09FFD0346002B01D083
S31508041D0000F078F9264BDB6C254A43F00403D364C8
S31508041D10234BDB6C03F004033B613B69204BDB6C10
S31508041D201F4A43F00203D3641D4BDB6C03F0020322
S31508041D30FB60FB6840237B671223BB670023FB67B2
S31508041D400023C7F880300823C7F8843007F17403E2
S31508041D501946164803F05CFF80237B671223BB678A
S31508041D600023FB670023C7F880300323C7F88430B1
S31508041D7007F1740319460B4803F04AFF084BDB6D59
S31508041D80074A43F00203D365054BDB6D03F00203F0
S31508041D90BB60BB6800BF8837BD4680BD007800407D
S31508041DA0001002400004004800840040000800486F
S31508041DB080B586B000AF01F016FB00F097F8FFF780
S31508041DC06BFDFFF7F3FCFFF745F9FFF71BFAFFF77F
S31508041DD06BFCFFF791FEFFF7CFFE00F0E9F900F080
S31508041DE025FA0BF017F90346002B01D000F002F987
S31508041DF001F02AF900F0E4FC01F0D6F800F018FE28
S31508041E0000F018F900F09CFD0A2001F05DFB0022A1
S31508041E104FF480712B4804F095F824F0B9FB0A2096
S31508041E2001F052FB25F04EF925F0AAFD264815F0D7
S31508041E30ABF90BF079FEC82001F046FB1EF072F8E8
S31508041E400A2001F041FB00237B607B6901337B6137
S31508041E501EF0C4FB00237B61BB680133BB601B48CF
S31508041E600BF06AFE1A4821F001F90023BB603B69AE
S31508041E7001333B61174815F0F7FF00233B61FB6804
S31508041E800133FB60144824F08BFA144824F088FACA
S31508041E900023FB607A68531C7B60114B83FB023179
S31508041EA0D317C91A0B465B000B44D11A0029CCD1A7
S31508041EB00C4820F0DFFE0C4820F0DCFE00237B6093
S31508041EC0C3E700BF000C00481C4C00202C0000206F
S31508041ED084AB0020344C00201C290020202B002031
S31508041EE056555555404C0020CC50002080B59AB024
S31508041EF000AF07F1300338220021184627F09CF872
S31508041F0007F11C0300221A605A609A60DA601A61A3
S31508041F103B1D00221A605A609A60DA601A615A6197
S31508041F20002004F0A7FE04F025FE314BD3F89030C8
S31508041F302F4A23F01803C2F8903006233B63012383
S31508041F40BB634FF48073FB6340233B640223FB6447
S31508041F5002233B6504237B655523BB650223FB6586
S31508041F6002233B6602237B6607F13003184604F016
S31508041F7035FF0346002B01D000F03CF80F23FB6124
S31508041F8003233B6200237B624FF48063BB624FF4F6
S31508041F908063FB6207F11C030421184605F030FA36
S31508041FA00346002B01D000F025F8114B9B6D104A0F
S31508041FB043F4807393650E4B9B6D03F480733B6007
S31508041FC03B6800237B604FF08053BB600023FB60B3
S31508041FD040F2B7533B6122237B612023BB613B1D3F
S31508041FE0184605F077FE00BF6837BD4680BD00BFBA
S31508041FF00010024080B500AF102026F093F803467F
S31508042000002B0BD026F024F80649074825F0E8FFEC
S31508042010064825F0E5FF064825F0E2FF72B600BF3C
S31508042020FEE700BF98D10608A0D10608A8D106087D
S31508042030D4D1060880B586B000AF3B1D00221A60CD
S315080420405A609A60DA601A6100233B60374B384A53
S315080420501A60364B00225A60344B7F229A60334BFF
S31508042060FF22DA60314B00221A61304B00225A6192
S315080420702E4B00229A612D4B4FF08042DA612B4B8E
S3150804208000221A62294805F067FE0346002B01D090
S31508042090FFF7B0FF274BD3F8943003F00063002B07
S315080420A006D1244BD3F8943003F08063002B08D070
S315080420B001211E4806F08EF9034641F23522934261
S315080420C030D000233B7100237B710023BB710023AE
S315080420D0BB6000233B6100237B613B1D012219463B
S315080420E0124805F0B8FE0346002B01D0FFF782FF1D
S315080420F001233B7001237B700123BB700023FB7013
S315080421003B4601221946094805F09EFF0346002B63
S3150804211001D0FFF76FFF41F235220121034806F08B
S3150804212041F900E000BF1837BD4680BD30440020A1
S31508042130002800400010024080B598B000AF7860CF
S3150804214007F10C0354220021184626F075FF7B6814
S315080421501B68154A934223D14FF40023FB604FF4BE
S315080421608073FB6507F10C03184605F065FB034607
S31508042170002B01D0FFF73EFF0C4BD3F890300B4AE7
S3150804218043F40043C2F89030084B9B6D074A43F466
S3150804219080639365054B9B6D03F48063BB60BB68E2
S315080421A000BF6037BD4680BD0028004000100240CD
S315080421B080B500AF1B4B1C4A1A601A4B4FF4827247
S315080421C05A60184B00229A60164B4FF4E062DA60A4
S315080421D0144B02221A61134B01225A61114B4FF414
S315080421E000729A610F4B0022DA610E4B00221A62C2
S315080421F00C4B00225A620B4B00229A62094B0722A7
S31508042200DA62084B00221A63064B00225A63054811
S3150804221006F0F6F80346002B01D0FFF7EBFE00BFE5
S3150804222080BD00BF584400200038004080B500AF88
S315080422301B4B1C4A1A601A4B4FF482725A60184B8D
S3150804224000229A60164B4FF4E062DA60144B0022BF
S315080422501A61134B00225A61114B4FF480229A617A
S315080422600F4B1022DA610E4B00221A620C4B002225
S315080422705A620B4B00229A62094B0722DA62084B10
S3150804228000221A63064B08225A63054806F0B8F872
S315080422900346002B01D0FFF7ADFE00BF80BD00BF8B
S315080422A0BC440020003C014080B58CB000AF786087
S315080422B007F11C0300221A605A609A60DA601A61F0
S315080422C07B681B684F4A934258D14F4B9B6D4E4AC5
S315080422D043F4804393654C4B9B6D03F48043BB6185
S315080422E0BB69494BDB6C484A43F00203D364464B4B
S315080422F0DB6C03F002037B617B69434BDB6C424A6C
S3150804230043F00103D364404BDB6C03F001033B61E8
S315080423103B694FF40053FB6102233B6200237B6253
S315080423200323BB620523FB6207F11C0319463748DE
S3150804233003F06EFC4FF48043FB6102233B620023E7
S315080423407B620023BB620523FB6207F11C03194663
S315080423502E4803F05DFC4FF40063FB6102233B62E5
S3150804236000237B620323BB620523FB6207F11C037C
S3150804237019464FF0904003F04BFC3EE07B681B681F
S31508042380234A934239D1204B1B6E1F4A43F4004318
S3150804239013661D4B1B6E03F40043FB60FB681A4B64
S315080423A0DB6C194A43F01003D364174BDB6C03F058
S315080423B01003BB60BB684FF40063FB6102233B62F6
S315080423C000237B620223BB620523FB6207F11C031D
S315080423D01946104803F01CFC4FF4E043FB61022342
S315080423E03B6200237B620323BB620523FB6207F17E
S315080423F01C031946074803F00BFC00BF3037BD46DB
S3150804240080BD00BF003800400010024000040048A8
S31508042410003C01400010004880B584B000AF07F1C5
S31508042420080300221A605A60164B1B6E154A43F0BD
S3150804243001031366134B1B6E03F001037B607B6871
S31508042440104B9B6D0F4A43F0805393650D4B9B6D60
S3150804245003F080533B603B680C23BB600023FB609E
S3150804246007F10803184604F095FB04F0F3FB022071
S3150804247001F04CF801F05EF804F0A0FC00BF103738
S31508042480BD4680BD0010024080B400AFFEE780B4AC
S3150804249000AFFEE780B400AFFEE780B400AFFEE706
S315080424A080B400AFFEE780B400AF00BFBD465DF858
S315080424B0047B704780B400AF00BFBD465DF8047B5B
S315080424C0704780B400AF00BFBD465DF8047B704713
S315080424D080B500AF00F0DAFF00BF80BD80B500AF5D
S315080424E0082003F047FD00BF80BD000080B500AF9B
S315080424F0024803F032FA00BF80BD00BFB042002094
S3150804250080B500AF024803F028FA00BF80BD00BFBB
S31508042510CC46002080B500AF024803F01EFA00BF7F
S3150804252080BD00BF0C46002080B500AF024803F00A
S3150804253014FA00BF80BD00BF1043002080B500AF69
S31508042540024803F00AFA00BF80BD00BF2C470020EA
S3150804255080B500AF024803F000FA00BF80BD00BF93
S315080425606C46002080B500AF024803F0F6F900BFB8
S3150804257080BD00BFB448002080B500AF4FF400709A
S3150804258003F0F8FC00BF80BD80B500AF024807F031
S315080425906BFA00BF80BD00BF2845002080B500AF98
S315080425A0094809F09BF8084B1B68DB6903F010031C
S315080425B0102B06D1044B1B6810221A6202481DF020
S315080425C097FE00BF80BD00BF8C47002080B500AFD2
S315080425D0024809F083F800BF80BD00BF20480020E8
S315080425E080B500AF024803F0B8F900BF80BD00BF4C
S315080425F01449002080B500AF024803F0AEF900BFC5
S3150804260080BD00BF7449002080B400AF012318467A
S31508042610BD465DF8047B704780B582B000AF78602C
S31508042620396027F0C5FD034616221A604FF0FF33BA
S3150804263018460837BD4680BD80B582B000AF7860BD
S315080426404FF0FF317868FFF7E7FFFEE780B586B0FD
S3150804265000AFF860B9607A6000237B610AE0AFF3E3
S3150804266000800146BB685A1CBA60CAB21A707B69F4
S3150804267001337B617A697B689A42F0DB7B6818468A
S315080426801837BD4680BD80B586B000AFF860B9601E
S315080426907A6000237B6109E0BB685A1CBA601B7820
S315080426A01846AFF300807B6901337B617A697B68DE
S315080426B09A42F1DB7B6818461837BD4680BD80B45C
S315080426C083B000AF78604FF0FF3318460C37BD4629
S315080426D05DF8047B704780B483B000AF78603960D6
S315080426E03B684FF400525A60002318460C37BD461F
S315080426F05DF8047B704780B483B000AF786001232B
S3150804270018460C37BD465DF8047B704780B485B01F
S3150804271000AFF860B9607A60002318461437BD46DE
S315080427205DF8047B7047000080B586B000AF78601A
S31508042730144A154BD31A7B617B693B61134B1B689F
S31508042740002B02D1114B124A1A60104B1A687B6887
S3150804275013443A699A4207D227F02AFD03460C2203
S315080427601A604FF0FF3309E0084B1B68FB60074B00
S315080427701A687B681344054A1360FB6818461837B9
S31508042780BD4680BD00000220000400002445002048
S3150804279028B6002080B400AF074BD3F88830064A21
S315080427A043F47003C2F88830034B044A9A6000BFA6
S315080427B0BD465DF8047B704700ED00E000000408A0
S315080427C080B59CB000AF07F1600300221A605A6016
S315080427D09A60DA6007F1540300221A605A609A6014
S315080427E007F1380300221A605A609A60DA601A619F
S315080427F05A619A613B1D34220021184626F01CFCB6
S315080428004D4B4E4A1A604C4B00225A604A4B2022C2
S315080428109A60494B40F2FF12DA60474B4FF4007254
S315080428201A61454B20225A61434B00229A61424859
S3150804283006F08AFB0346002B01D0FFF7DBFB4FF4B7
S3150804284080533B6607F1600319463B4807F070FB63
S315080428500346002B01D0FFF7CDFB374806F0CBFB28
S315080428600346002B01D0FFF7C5FB00237B65002335
S31508042870BB650023FB6507F1540319462E4808F087
S3150804288045FB0346002B01D0FFF7B4FB6023BB636B
S315080428902023FB6300233B6400237B640423BB647B
S315080428A00023FB6400233B6507F13803002219461D
S315080428B0214807F029FA0346002B01D0FFF79AFBB3
S315080428C007F13803042219461B4807F01DFA034684
S315080428D0002B01D0FFF78EFB174808F041FC0023B4
S315080428E07B600023BB600023FB6006233B61002357
S315080428F07B614FF40053BB610023FB6100233B62F9
S3150804290000237B624FF00073BB620023FB62002343
S315080429103B6300237B633B1D1946074808F08CFB81
S315080429200346002B01D0FFF765FB034800F04EFA77
S3150804293000BF7037BD4680BD28450020002C0140E5
S3150804294080B58EB000AF07F1280300221A605A60DA
S315080429509A60DA6007F11C0300221A605A609A60CA
S315080429603B4600221A605A609A60DA601A615A6114
S315080429709A612D4B2D4A1A602B4BA0225A602A4B7A
S3150804298000229A60284B4FF47A72DA60264B0022AA
S315080429901A61254B80229A61234806F0D5FA034624
S315080429A0002B01D0FFF726FB4FF48053BB6207F1D7
S315080429B0280319461C4807F0BBFA0346002B01D026
S315080429C0FFF718FB184806F016FB0346002B01D040
S315080429D0FFF710FB0023FB6100237B6207F11C034E
S315080429E01946114808F092FA0346002B01D0FFF75E
S315080429F001FB60233B6000237B600023BB6000234C
S31508042A003B613B4604221946074807F07DF903460D
S31508042A10002B01D0FFF7EEFA034800F0D7F900BF00
S31508042A203837BD4680BD00BF74450020000C004001
S31508042A3080B59CB000AF07F1600300221A605A60A3
S31508042A409A60DA6007F1540300221A605A609A60A1
S31508042A5007F1380300221A605A609A60DA601A612C
S31508042A605A619A613B1D34220021184626F0E4FA7D
S31508042A704D4B4E4A1A604C4B00225A604A4B202250
S31508042A809A60494B40F2FF12DA60474B4FF40072E2
S31508042A901A61454B20225A61434B00229A614248E7
S31508042AA006F052FA0346002B01D0FFF7A3FA4FF4B7
S31508042AB080533B6607F1600319463B4807F038FA2A
S31508042AC00346002B01D0FFF795FA374806F093FA28
S31508042AD00346002B01D0FFF78DFA00237B650023FC
S31508042AE0BB650023FB6507F1540319462E4808F015
S31508042AF00DFA0346002B01D0FFF77CFA6023BB636B
S31508042B002023FB6300233B6400237B640423BB6408
S31508042B100023FB6400233B6507F1380300221946AA
S31508042B20214807F0F1F80346002B01D0FFF762FAB3
S31508042B3007F13803042219461B4807F0E5F803464B
S31508042B40002B01D0FFF756FA174808F009FB0023B3
S31508042B507B600023BB600023FB6006233B610023E4
S31508042B607B614FF40053BB610023FB6100233B6286
S31508042B7000237B624FF00073BB620023FB620023D1
S31508042B803B6300237B633B1D1946074808F054FA48
S31508042B900346002B01D0FFF72DFA034800F016F977
S31508042BA000BF7037BD4680BDC045002000340140D3
S31508042BB080B586B000AF78607B681B68774A934215
S31508042BC06CD1774B1B6E764A43F400631366744BD9
S31508042BD01B6E03F400637B617B69724B724A1A604D
S31508042BE0704B2A225A606F4B10229A606D4B002252
S31508042BF0DA606C4B80221A616A4B4FF400725A6190
S31508042C00684B4FF400629A61664B2022DA61654B81
S31508042C104FF400521A62634802F0BCFC0346002BC8
S31508042C2001D0FFF7E7F97B685E4A5A625D4A7B681A
S31508042C3093625E4B5E4A1A605C4B2B225A605B4B6E
S31508042C4010229A60594B0022DA60584B80221A6186
S31508042C50564B4FF400725A61544B4FF400629A6112
S31508042C60524B2022DA61514B4FF400521A624F48F4
S31508042C7002F090FC0346002B01D0FFF7BBF97B68F2
S31508042C804A4A9A62494A7B689362002200211920BB
S31508042C9002F0B3F9192002F0CAF97AE07B681B68D6
S31508042CA0444A93420CD13E4B9B6D3D4A43F008037C
S31508042CB093653B4B9B6D03F008033B613B6968E0F6
S31508042CC07B681B683C4A934263D1354B1B6E344A76
S31508042CD043F400531366324B1B6E03F40053FB6034
S31508042CE0FB68364B364A1A60344B31225A60334BEA
S31508042CF010229A60314B0022DA60304B80221A6126
S31508042D002E4B4FF400725A612C4B4FF400629A61B1
S31508042D102A4B2022DA61294B4FF400521A622748BB
S31508042D2002F038FC0346002B01D0FFF763F97B68F1
S31508042D30224A5A62214A7B689362224B224A1A60C3
S31508042D40204B32225A601F4B10229A601D4B0022D8
S31508042D50DA601C4B80221A611A4B4FF400725A61CE
S31508042D60184B4FF400629A61164B2022DA61154B10
S31508042D704FF400521A62134802F00CFC0346002B67
S31508042D8001D0FFF737F97B680E4A9A620D4A7B68C9
S31508042D90936200BF1837BD4680BD00BF002C0140B2
S31508042DA0001002400C460020300002406C46002009
S31508042DB06C000240000C004000340140CC46002060
S31508042DC01C0002402C4700205800024080B58EB0F3
S31508042DD000AF786007F1240300221A605A609A60EB
S31508042DE0DA601A617B681B68684A934258D1684B53
S31508042DF0DB6C674A43F00403D364654BDB6C03F06E
S31508042E0004033B623B6A624BDB6C614A43F0100382
S31508042E10D3645F4BDB6C03F01003FB61FB695C4B0B
S31508042E20DB6C5B4A43F00103D364594BDB6C03F058
S31508042E300103BB61BB694FF400537B620223BB6287
S31508042E400023FB6200233B6304237B6307F124030B
S31508042E501946504802F0DCFE4FF4C0637B62022335
S31508042E60BB620023FB6200233B6302237B6307F1F7
S31508042E7024031946484802F0CBFE4FF400737B62DC
S31508042E800223BB620023FB6200233B6306237B63A6
S31508042E9007F1240319464FF0904002F0B9FE70E09A
S31508042EA07B681B683D4A93421DD1394BDB6C384A13
S31508042EB043F00403D364364BDB6C03F004037B61F1
S31508042EC07B694FF480537B620223BB620023FB6257
S31508042ED000233B6301237B6307F1240319462D482A
S31508042EE002F096FE4DE07B681B682D4A934248D152
S31508042EF0274BDB6C264A43F00203D364244BDB6C72
S31508042F0003F002033B613B69214BDB6C204A43F027
S31508042F100403D3641E4BDB6C03F00403FB60FB68F9
S31508042F2001237B620223BB620023FB6200233B630B
S31508042F3004237B6307F1240319461A4802F068FE42
S31508042F404FF490637B620223BB620023FB62002377
S31508042F503B6304237B6307F1240319460D4802F0F7
S31508042F6057FE40237B620223BB620023FB620023D5
S31508042F703B6305237B6307F124031946094802F0DA
S31508042F8047FE00BF3837BD4680BD00BF002C014050
S31508042F90001002400008004800100048000C0040D9
S31508042FA0003401400004004880B500AF244B254A8C
S31508042FB01A60234B4FF4E1325A60214B00229A607F
S31508042FC01F4B0022DA601E4B00221A611C4B0C228E
S31508042FD05A611B4B00229A61194B0022DA61184B7D
S31508042FE000221A62164B00225A62154B00229A6274
S31508042FF0002300220021124809F082FE0346002B12
S3150804300001D0FEF7F7FF00210D4809F039FF034602
S31508043010002B01D0FEF7EEFF0021094809F06EFFE8
S315080430200346002B01D0FEF7E5FF054809F0EFFE3D
S315080430300346002B01D0FEF7DDFF00BF80BD00BFAD
S315080430408C4700200038014080B500AF244B254A40
S315080430501A60234B4FF4E1325A60214B00229A60DE
S315080430601F4B0022DA601E4B00221A611C4B0C22ED
S315080430705A611B4B00229A61194B0022DA61184BDC
S3150804308000221A62164B00225A62154B08229A62CB
S31508043090134B4FF400429A63114808F0DFF80346CD
S315080430A0002B01D0FEF7A6FF00210D4809F0E8FE23
S315080430B00346002B01D0FEF79DFF0021084809F0BE
S315080430C01DFF0346002B01D0FEF794FF044809F0C0
S315080430D09EFE0346002B01D0FEF78CFF00BF80BD81
S315080430E0204800200044004080B5A2B000AF7860B4
S315080430F007F1740300221A605A609A60DA601A614A
S3150804310007F1200354220021184625F095FF7B6811
S315080431101B68964A934240F0B58001233B6201231B
S315080431207B6207F12003184604F086FB0346002B4E
S3150804313001D0FEF75FFF8E4B1B6E8D4A43F4804326
S3150804314013668B4B1B6E03F48043FB61FB69884B48
S31508043150DB6C874A43F00403D364854BDB6C03F0CA
S315080431600403BB61BB69824BDB6C814A43F00103F0
S31508043170D3647F4BDB6C03F001037B617B6910230B
S315080431807B670223BB670023FB670023C7F88030ED
S315080431900723C7F8843007F174031946754802F003
S315080431A037FD4FF4A0537B670223BB670023FB67F5
S315080431B00023C7F880300723C7F8843007F174035F
S315080431C019464FF0904002F023FD6B4B6B4A1A6088
S315080431D0694B18225A60684B00229A60664B002293
S315080431E0DA60654B80221A61634B00225A61624B8E
S315080431F000229A61604B2022DA615F4B4FF44052F9
S315080432001A625D4802F0C6F90346002B01D0FEF7A0
S31508043210F1FE7B68584AC3F88020574A7B68936254
S31508043220574B584A1A60564B19225A60544B102267
S315080432309A60534B0022DA60514B80221A61504B34
S3150804324000225A614E4B00229A614D4B0022DA61E4
S315080432504B4B00221A624A4802F09CF90346002B9B
S3150804326001D0FEF7C7FE7B68454ADA67444A7B689D
S31508043270936200220021252001F0BFFE252001F0DB
S31508043280D6FE6FE07B681B683F4A93426AD10223E5
S315080432903B620023BB6207F12003184604F0CCFA0C
S315080432A00346002B01D0FEF7A5FE314B9B6D304A31
S315080432B043F4003393652E4B9B6D03F400333B6153
S315080432C03B692B4BDB6C2A4A43F00103D364284B36
S315080432D0DB6C03F00103FB60FB680C237B670223AA
S315080432E0BB670023FB670023C7F880300723C7F8AA
S315080432F0843007F1740319464FF0904002F088FCB5
S31508043300224B234A1A60214B1B225A601F4B102258
S315080433109A601E4B0022DA601C4B80221A611B4BF2
S3150804332000225A61194B00229A61184B0022DA616D
S31508043330164B4FF400521A62144802F02BF903464E
S31508043340002B01D0FEF756FE7B68104ADA670F4A4F
S315080433507B68936200220021262001F04EFE262077
S3150804336001F065FE00BF8837BD4680BD00380140C0
S315080433700010024000080048B448002080000240BB
S3150804338014490020080402400044004074490020FF
S31508043390940002400D488546FFF7FCF90C480D4990
S315080433A00D4A002302E0D458C4500433C4188C428E
S315080433B0F9D30A4A0A4C002301E013600432A242F4
S315080433C0FBD326F0FBFEFEF7F3FCFEE70000022023
S315080433D000000020BC410020040E0708BC41002060
S315080433E024B60020FEE780B582B000AF0023FB7147
S315080433F0032001F0F7FD002000F00EF80346002B29
S3150804340002D00123FB7101E0FFF706F8FB791846A1
S315080434100837BD4680BD000080B584B000AF78602B
S315080434200023FB73164B1B68002B22D0154B1A6816
S31508043430134B1B684FF47A71B1FBF3F3B2FBF3F346
S31508043440184601F002FE0346002B0FD17B680F2BAA
S3150804345009D8002279684FF0FF3001F0CEFD0A4AF8
S315080434607B68136007E00123FB7304E00123FB7305
S3150804347001E00123FB73FB7B18461037BD4680BD6C
S315080434800C000020040000200800002080B400AFCF
S31508043490054B1A68054B1B681344034A136000BF9F
S315080434A0BD465DF8047B7047D44900200C00002013
S315080434B080B400AF034B1B681846BD465DF8047B11
S315080434C0704700BFD449002080B584B000AF786047
S315080434D0FFF7EEFFB8607B68FB60FB68B3F1FF3F5C
S315080434E004D0094B1B68FA681344FB6000BFFFF756
S315080434F0DFFF0246BB68D31AFA689A42F7D800BFB8
S3150804350000BF1037BD4680BD0C00002080B483B0D0
S3150804351000AF7860064B1B6823F0020204497B68F7
S3150804352013430B6000BF0C37BD465DF8047B704738
S315080435303000014080B400AF054B1B68044A23F0F1
S315080435400103136000BFBD465DF8047B704700BFE6
S315080435503000014080B483B000AF786039607B687E
S315080435609B6823F47C123B681A437B689A6000BF05
S315080435700C37BD465DF8047B704780B483B000AF52
S31508043580786039607B689B6823F0E0723B681A436D
S315080435907B689A6000BF0C37BD465DF8047B7047AC
S315080435A080B483B000AF78607B689B6803F0E073EF
S315080435B018460C37BD465DF8047B704780B487B05F
S315080435C000AFF860B9607A603B60FB6860331A46FE
S315080435D0BB689B0013447B617B691A68084B1340DC
S315080435E07A6802F0F8413A680A43134343F0004202
S315080435F07B691A6000BF1C37BD465DF8047B7047BB
S3150804360000F0FF0380B485B000AF786039607B684A
S3150804361060331A463B689B001344FB60FB681B68CF
S3150804362003F0F84318461437BD465DF8047B704723
S3150804363080B487B000AFF860B9607A60FB6860331D
S315080436401A46BB689B0013447B617B691B6823F09D
S3150804365000427B681A437B691A6000BF1C37BD4663
S315080436605DF8047B704780B487B000AFF860B96032
S315080436707A60FB6860331A46BB689B0013447B6117
S315080436807B691B6823F080727B681A437B691A601E
S3150804369000BF1C37BD465DF8047B704780B487B00D
S315080436A000AFF860B9607A60FB6860331A46BB6895
S315080436B09B0013447B617B691B6823F000727B685B
S315080436C01A437B691A6000BF1C37BD465DF8047B44
S315080436D0704780B483B000AF786039607B685B69F3
S315080436E023F000423B681A437B685A6100BF0C37D3
S315080436F0BD465DF8047B704780B483B000AF78603C
S315080437007B68DB6803F44063002B01D1012300E0E6
S31508043710002318460C37BD465DF8047B704780B411
S3150804372087B000AFF860B9607A60FB6830331A4630
S31508043730BB681B0A9B0003F00C0313447B617B697B
S315080437401A68BB6803F01F031F2101FA03F3DB435E
S315080437501A407B689B0E03F01F01BB6803F01F0326
S3150804376001FA03F31A437B691A6000BF1C37BD4686
S315080437705DF8047B704780B487B000AFF860B96021
S315080437807A60FB6814331A46BB685B0E9B0003F029
S31508043790040313447B617B691A68BB681B0D03F039
S315080437A01F03072101FA03F3DB431A40BB681B0D09
S315080437B003F01F03796801FA03F31A437B691A6055
S315080437C000BF1C37BD465DF8047B704780B485B0DE
S315080437D000AFF860B9607A60FB68D3F8B020BB68BC
S315080437E0C3F31203DB431A407B6803F01803084942
S315080437F0D940BB680B40C3F312031A43FB68C3F8EA
S31508043800B02000BF1437BD465DF8047B704700BF7F
S31508043810FFFF070080B483B000AF78607B689B68BD
S3150804382003F01F0318460C37BD465DF8047B704742
S3150804383080B483B000AF78607B689B6823F020432C
S3150804384023F03F037A68936000BF0C37BD465DF8E2
S31508043850047B704780B483B000AF78607B689B684C
S3150804386003F00053B3F1005F01D1012300E0002304
S3150804387018460C37BD465DF8047B704780B483B0A0
S3150804388000AF78607B689B6823F0104323F03F03FE
S3150804389043F080527B689A6000BF0C37BD465DF8DA
S315080438A0047B704780B483B000AF78607B689B68FC
S315080438B003F08053B3F1805F01D1012300E00023B4
S315080438C018460C37BD465DF8047B704780B483B050
S315080438D000AF78607B689B6823F0004323F03F03BE
S315080438E043F001027B689A6000BF0C37BD465DF859
S315080438F0047B704780B483B000AF78607B689B68AC
S3150804390023F0004323F03F0343F002027B689A60E6
S3150804391000BF0C37BD465DF8047B704780B483B09E
S3150804392000AF78607B689B6803F00103012B01D123
S31508043930012300E0002318460C37BD465DF8047BD6
S31508043940704780B483B000AF78607B689B6803F0E7
S315080439500203022B01D1012300E0002318460C3789
S31508043960BD465DF8047B704780B483B000AF7860C9
S315080439707B689B6823F0004323F03F0343F004026B
S315080439807B689A6000BF0C37BD465DF8047B7047B8
S3150804399080B483B000AF78607B689B6803F0040347
S315080439A0042B01D1012300E0002318460C37BD4639
S315080439B05DF8047B704780B483B000AF78607B6899
S315080439C09B6803F00803082B01D1012300E00023B8
S315080439D018460C37BD465DF8047B704790B589B028
S315080439E000AF78600023FB770023FB607B68002B1D
S315080439F001D10123A9E17B685B69002B7B68DB6D38
S31508043A00002B09D17868FDF7D7FC7B6800221A6673
S31508043A107B68002283F858207B681B681846FFF7E2
S31508043A2019FF0346002B04D07B681B681846FFF76A
S31508043A30FFFE7B681B681846FFF734FF0346002B16
S31508043A4015D17B681B681846FFF718FF9C4B1B6843
S31508043A509B099C4AA2FB03239B0901335B00FB6079
S31508043A6002E0FB68013BFB60FB68002BF9D17B682D
S31508043A701B681846FFF716FF0346002B0DD17B6813
S31508043A80DB6D43F010027B68DA657B681B6E43F0D6
S31508043A9001027B681A660123FB777B681B68184654
S31508043AA0FFF776FF78617B68DB6D03F01003002B64
S31508043AB040F042817B69002B40F03E817B68DB6DD8
S31508043AC023F4817343F002027B68DA657B681B681A
S31508043AD01846FFF723FF0346002B41D17B681B6872
S31508043AE0B3F1A04F04D07B681B68774A93420FD181
S31508043AF04FF0A040FFF712FF04467348FFF70EFF86
S31508043B0003462343002B0CBF01230023DBB212E038
S31508043B106E48FFF703FF04466D48FFF7FFFE0346AA
S31508043B201C436C48FFF7FAFE03462343002B0CBFDD
S31508043B3001230023DBB2002B12D07B681B68B3F188
S31508043B40A04F04D07B681B685F4A934201D1624A3E
S31508043B5000E0624A7B685B6819461046FFF7FAFC80
S31508043B607B685B7F5A037B68DB6B1A437B68DB687D
S31508043B701A437B689B681A437B6893F824301B04B2
S31508043B801343BB617B6893F82430012B06D17B6809
S31508043B909B6A013B5B04BA691343BB617B68DB6AB6
S31508043BA0002B09D07B68DB6A03F478727B681B6B8D
S31508043BB01343BA691343BB617B681B68DA68484BCD
S31508043BC013407A681268B9690B43D3607B681B682B
S31508043BD01B6923F040617B685A6B7B681B680A4340
S31508043BE01A617B681B681846FFF7E5FE38617B692E
S31508043BF0002B7FD13B69002B7CD17B681B7F9A0302
S31508043C007B6893F838305B001343BB617B681B6899
S31508043C10DB6823F4804323F002037A681268B969DF
S31508043C200B43D3607B681B69002B17D07B681B6822
S31508043C301A697B681B6842F480321A617B681B68C0
S31508043C40D3F8C03023F47F5323F03F037A6811690D
S31508043C507A6812680B43C2F8C03013E07B681B68A5
S31508043C601A697B681B6822F480321A617B681B68B0
S31508043C70D3F8C0307A68126823F47F5323F03F03DD
S31508043C80C2F8C0307B6893F84030012B2AD17B6890
S31508043C901B681B6923F4FF6323F004037A68516CD9
S31508043CA07A68926C11437A68D26C11437A68126DF9
S31508043CB00A431A437B681B6842F001021A6119E039
S31508043CC004000020632D3E05000100500004005046
S31508043CD0000500500006005000030050000700507D
S31508043CE00740F0FF7B681B681A697B681B6822F02B
S31508043CF001021A617B685B69012B0CD17B681B681E
S31508043D001B6B23F00F017B681B6A5A1E7B681B68B2
S31508043D100A431A6307E07B681B681A6B7B681B688F
S31508043D2022F00F021A637B68DB6D23F0030343F06A
S31508043D3001027B68DA6507E07B68DB6D43F01002F5
S31508043D407B68DA650123FB77FB7F18462437BD4673
S31508043D5090BD00BF80B586B000AFF860B9607A60E0
S31508043D60FB681B68B3F1A04F04D0FB681B685A4A6A
S31508043D70934201D1594B00E0594B1846FFF74AFDC7
S31508043D803861FB681B681846FFF702FE0346002BDA
S31508043D9040F09B80FB6893F85830012B01D102232D
S31508043DA096E0FB68012283F85820FB681B684D4A95
S31508043DB0934208D03B69002B05D03B69052B02D0FA
S31508043DC03B69092B7AD1F86800F0F6FC0346FB75C3
S31508043DD0FB7D002B6DD1FB68DB6D23F4706323F048
S31508043DE0010343F48072FB68DA65FB681B683A4A88
S31508043DF0934209D0FB681B683B4A934202D0FB688E
S31508043E001B6803E0394B01E04FF0A043FA681268D7
S31508043E10934202D03B69002B05D1FB68DB6D23F482
S31508043E208012FB68DA65FB68DB6D03F48053002BAC
S31508043E3006D0FB681B6E23F00602FB681A6602E0CE
S31508043E40FB6800221A66FB685B6D294ADA62FB681E
S31508043E505B6D284A1A63FB685B6D274A5A63FB68DD
S31508043E601B681C221A60FB68002283F85820FB682A
S31508043E701B685A68FB681B6842F010025A60FB68A4
S31508043E801B68DA68FB681B6842F00102DA60FB68A3
S31508043E90586DFB681B6840331946BA687B6801F09D
S31508043EA021FC0346FB75FB681B681846FFF75CFD97
S31508043EB00DE0FB68002283F8582008E00123FB750F
S31508043EC0FB68002283F8582001E00223FB75FB7D7A
S31508043ED018461837BD4680BD00010050000300503F
S31508043EE0000700500006005000050050000400506A
S31508043EF0A34904087B4A0408974A040880B483B093
S31508043F0000AF786000BF0C37BD465DF8047B704788
S31508043F1080B483B000AF786000BF0C37BD465DF847
S31508043F20047B704780B483B000AF786000BF0C3759
S31508043F30BD465DF8047B704780B5B6B000AF7860BF
S31508043F403960002387F8D7300023FB607B6893F831
S31508043F505830012B02D1022300F013BC7B680122DE
S31508043F6083F858207B681B681846FFF711FD03463B
S31508043F70002B40F0F3837B6818683B6859683B68F4
S31508043F801B681A46FFF7CBFB7B681B681846FFF7C6
S31508043F90FFFCC7F8D0007B681B681846FFF70BFDC3
S31508043FA0C7F8CC00D7F8D030002B40F0D981D7F821
S31508043FB0CC30002B40F0D4813B689B68B3F1004FAA
S31508043FC00FD17B6818683B681B6800221946FFF7FF
S31508043FD0D2FB7B681B684FF000411846FFF779FB54
S31508043FE00EE07B6818683B6819683B689B681A4644
S31508043FF0FFF7C1FB7B681B6800211846FFF769FBBE
S315080440003B685A697B681B68DB68DB0803F00303B3
S315080440105B0002FA03F3C7F8C8303B681B69042B34
S3150804402022D07B6818683B6819693B681A68D7F810
S31508044030C830FFF7C3FA7B6818683B6819693B6898
S315080440409B691A46FFF70FFB7B6818683B68196972
S315080440503B681B7F012B02D14FF0007300E000235D
S315080440601A46FFF71BFB7BE17B681B680021184691
S31508044070FFF7C8FA0346C3F31203002B0AD17B6879
S315080440801B6800211846FFF7BDFA03469B0E03F08A
S315080440901F021EE07B681B6800211846FFF7B2FA68
S315080440A00346C7F8BC30D7F8BC3093FAA3F3C7F86D
S315080440B0B830D7F8B830C7F8C030D7F8C030002BB6
S315080440C001D1202304E0D7F8C030B3FA83F3DBB276
S315080440D01A463B681B68C3F31203002B05D13B68D9
S315080440E01B689B0E03F01F0318E03B681B68C7F8A0
S315080440F0B030D7F8B03093FAA3F3C7F8AC30D7F892
S31508044100AC30C7F8B430D7F8B430002B01D120232B
S3150804411004E0D7F8B430B3FA83F3DBB29A4206D193
S315080441207B681B68002200211846FFF781FA7B6822
S315080441301B6801211846FFF765FA0346C3F3120301
S31508044140002B0AD17B681B6801211846FFF75AFA27
S3150804415003469B0E03F01F021EE07B681B680121C1
S315080441601846FFF74FFA0346C7F8A430D7F8A43021
S3150804417093FAA3F3C7F8A030D7F8A030C7F8A83045
S31508044180D7F8A830002B01D1202304E0D7F8A830AB
S31508044190B3FA83F3DBB21A463B681B68C3F312030C
S315080441A0002B05D13B681B689B0E03F01F0318E020
S315080441B03B681B68C7F89830D7F8983093FAA3F386
S315080441C0C7F89430D7F89430C7F89C30D7F89C30A1
S315080441D0002B01D1202304E0D7F89C30B3FA83F3EB
S315080441E0DBB29A4206D17B681B6800220121184675
S315080441F0FFF71EFA7B681B6802211846FFF702FAC6
S315080442000346C3F31203002B0AD17B681B680221F9
S315080442101846FFF7F7F903469B0E03F01F021EE044
S315080442207B681B6802211846FFF7ECF90346C7F8B2
S315080442308C30D7F88C3093FAA3F3C7F88830D7F8BC
S315080442408830C7F89030D7F89030002B01D1202356
S3150804425004E0D7F89030B3FA83F3DBB21A463B6826
S315080442601B68C3F31203002B05D13B681B689B0E1E
S3150804427003F01F0316E03B681B68C7F88030D7F8BD
S31508044280803093FAA3F3FB67FB6FC7F88430D7F83B
S315080442908430002B01D1202304E0D7F88430B3FA04
S315080442A083F3DBB29A4206D17B681B68002202219B
S315080442B01846FFF7BDF97B681B6803211846FFF704
S315080442C0A1F90346C3F31203002B0AD17B681B68C2
S315080442D003211846FFF796F903469B0E03F01F02BF
S315080442E017E07B681B6803211846FFF78BF903461A
S315080442F07B677B6F93FAA3F33B673B6FBB67BB6F25
S31508044300002B01D1202303E0BB6FB3FA83F3DBB29E
S315080443101A463B681B68C3F31203002B05D13B6896
S315080443201B689B0E03F01F0311E03B681B68BB6602
S31508044330BB6E93FAA3F37B667B6EFB66FB6E002B60
S3150804434001D1202303E0FB6EB3FA83F3DBB29A426E
S3150804435006D17B681B68002203211846FFF768F913
S315080443607B681B681846FFF7D9FA0346002B40F00A
S315080443703D817B6818683B6819683B68DB681A46A0
S31508044380FFF724FA3B68DB68A24A934240F02E8181
S315080443907B6818683B681B68C3F31203002B0BD1B0
S315080443A03B681B689B0E013303F01F03092B94BF5C
S315080443B001230023DBB219E03B681B68FB65FB6D30
S315080443C093FAA3F3BB65BB6D3B663B6E002B01D129
S315080443D0202303E03B6EB3FA83F3DBB2013303F025
S315080443E01F03092B94BF01230023DBB2002B79D0CA
S315080443F03B681B68C3F31203002B07D13B681B6891
S315080444009B0E01339B0603F0F84215E03B681B68D4
S315080444103B653B6D93FAA3F3FB64FB6C7B657B6D91
S31508044420002B01D1202303E07B6DB3FA83F3DBB2BF
S3150804443001339B0603F0F8423B681B68C3F3120377
S31508044440002B09D13B681B689B0E013303F01F033D
S31508044450012101FA03F317E03B681B687B647B6C54
S3150804446093FAA3F33B643B6CBB64BB6C002B01D18E
S31508044470202303E0BB6CB3FA83F3DBB2013303F006
S315080444801F03012101FA03F342EA03013B681B688F
S31508044490C3F31203002B0AD13B681B689B0E013336
S315080444A003F01F0213465B0013441B0518E03B6820
S315080444B01B68BB63BB6B93FAA3F37B637B6BFB63DE
S315080444C0FB6B002B01D1202303E0FB6BB3FA83F3C8
S315080444D0DBB2013303F01F0213465B0013441B05CA
S315080444E00B437EE03B681B68C3F31203002B07D11A
S315080444F03B681B689B0E01339B0603F0F84215E0E4
S315080445003B681B68FB62FB6A93FAA3F3BB62BB6A4C
S315080445103B633B6B002B01D1202303E03B6BB3FACF
S3150804452083F3DBB201339B0603F0F8423B681B684E
S31508044530C3F31203002B09D13B681B689B0E013396
S3150804454003F01F03012101FA03F317E03B681B6814
S315080445503B623B6A93FAA3F3FB61FB697B627B6A62
S31508044560002B01D1202303E07B6AB3FA83F3DBB281
S31508044570013303F01F03012101FA03F342EA03019D
S315080445803B681B68C3F31203002B0DD13B681B68F9
S315080445909B0E013303F01F0213465B0013441E3BB4
S315080445A01B0543F000731BE03B681B687B617B6952
S315080445B093FAA3F33B613B69BB61BB69002B01D149
S315080445C0202303E0BB69B3FA83F3DBB2013303F0B8
S315080445D01F0213465B0013441E3B1B0543F000737E
S315080445E00B433A6892681946FFF7C5F83B681A6898
S315080445F0094B1340002B00F0BE807B681B68B3F19F
S31508044600A04F04D07B681B68044A93420AD1044B22
S3150804461009E000BF00007F40000008800001005048
S3150804462000030050594B1846FEF7BAFFC7F8C400F2
S315080446303B681B68564A934204D03B681B68554A34
S3150804464093423AD1D7F8C43003F40003002B34D18B
S315080446507B681B68B3F1A04F05D07B681B684E4A7C
S31508044660934240F085807B681B68B3F1A04F04D061
S315080446707B681B68494A934201D1494A00E0434A88
S31508044680D7F8C43043F4000319461046FEF775FFFD
S31508044690444B1B689B09444AA2FB03239B095A1CE7
S315080446A013465B0013449B00FB6002E0FB68013B76
S315080446B0FB60FB68002BF9D15AE03B681B683B4A50
S315080446C0934225D1D7F8C43003F08073002B1FD149
S315080446D07B681B68314A934204D17B681B68344A59
S315080446E0934247D07B681B68B3F1A04F04D07B681C
S315080446F01B682A4A934201D1294A00E0234AD7F87B
S31508044700C43043F0807319461046FEF736FF31E08D
S315080447103B681B68274A93422DD1D7F8C43003F463
S315080447208003002B27D17B681B681C4A934222D03E
S315080447307B681B68B3F1A04F04D07B681B68174AD3
S31508044740934201D1164A00E0104AD7F8C43043F41C
S31508044750800319461046FEF710FF0CE07B68DB6DF4
S3150804476043F020027B68DA65012387F8D73002E034
S3150804477000BF00E000BF7B68002283F8582097F842
S31508044780D7301846D837BD4680BD00BF000700504D
S31508044790000021C31000C09000060050000100501C
S315080447A00003005004000020632D3E05000052C794
S315080447B000050050000084CB80B584B000AF786053
S315080447C00023BB607B681B681846FFF7A7F80346F7
S315080447D0002B76D17B681B689A683C4B1340002BE8
S315080447E00DD07B68DB6D43F010027B68DA657B6865
S315080447F01B6E43F001027B681A66012362E07B683C
S315080448001B681846FFF762F87B681B68B3F1A04F6C
S3150804481004D07B681B682E4A934201D12D4B00E0D5
S315080448202D4B1846FEF7BCFE034603F40003002B83
S3150804483013D02A4B1B689B09294AA2FB03239B090D
S315080448405A1C13465B0013449B00BB6002E0BB681A
S31508044850013BBB60BB68002BF9D1FEF729FEF86063
S3150804486028E07B681B681846FFF758F80346002BB0
S3150804487004D17B681B681846FFF728F8FEF718FE6C
S315080448800246FB68D31A022B14D97B681B681B687B
S3150804489003F00103012B0DD07B68DB6D43F0100296
S315080448A07B68DA657B681B6E43F001027B681A66CF
S315080448B0012307E07B681B681B6803F00103012BCF
S315080448C0CFD1002318461037BD4680BD3F0000806F
S315080448D000010050000300500007005004000020A7
S315080448E0632D3E0580B584B000AF78607B681B688D
S315080448F01846FFF726F8F8607B681B681846FFF722
S315080449000DF80346002B47D0FB68002B44D17B687F
S315080449101B689B6803F00D03012B0CD17B681B688D
S315080449201846FEF7E7FF7B681B6803221A60FEF742
S31508044930BFFDB86029E07B68DB6D43F010027B6835
S31508044940DA657B681B6E43F001027B681A660123ED
S3150804495023E0FEF7ADFD0246BB68D31A022B14D931
S315080449607B681B689B6803F00103002B0DD07B68EA
S31508044970DB6D43F010027B68DA657B681B6E43F0D7
S3150804498001027B681A66012307E07B681B689B683B
S3150804499003F00103002BDCD1002318461037BD466B
S315080449A080BD80B584B000AF78607B689B6AFB6085
S315080449B0FB68DB6D03F05003002B4BD1FB68DB6D02
S315080449C043F40072FB68DA65FB681B681B6803F02E
S315080449D00803002B21D0FB681B681846FEF78CFEDB
S315080449E00346002B32D0FB681B68DB6803F40053CC
S315080449F0002B2BD1FB68DB6D23F48072FB68DA6528
S31508044A00FB68DB6D03F48053002B1FD1FB68DB6D59
S31508044A1043F00102FB68DA6518E0FB681B68DB688B
S31508044A2003F00203002B11D1FB68DB6D23F48072BB
S31508044A30FB68DA65FB68DB6D03F48053002B05D14C
S31508044A40FB68DB6D43F00102FB68DA65F868FFF77B
S31508044A5055FA0EE0FB68DB6D03F01003002B03D058
S31508044A60F868FFF75FFA04E0FB685B6D5B6B7868D0
S31508044A70984700BF1037BD4680BD80B584B000AFE7
S31508044A8078607B689B6AFB60F868FFF741FA00BFA9
S31508044A901037BD4680BD80B584B000AF78607B68AA
S31508044AA09B6AFB60FB68DB6D43F04002FB68DA65D2
S31508044AB0FB681B6E43F00402FB681A66F868FFF786
S31508044AC031FA00BF1037BD4680BD80B483B000AF4D
S31508044AD078607B689B6803F00103012B01D10123ED
S31508044AE000E0002318460C37BD465DF8047B704782
S31508044AF080B483B000AF786039607B689B6823F024
S31508044B00404323F03F033A6802F08042134343F0DC
S31508044B1000427B689A6000BF0C37BD465DF8047B8B
S31508044B20704780B483B000AF78607B689B6803F0F5
S31508044B300043B3F1004F01D1012300E000231846D6
S31508044B400C37BD465DF8047B704780B483B000AF6C
S31508044B5078607B689B6803F00403042B01D1012366
S31508044B6000E0002318460C37BD465DF8047B704701
S31508044B7080B584B000AF786039600023BB607B6879
S31508044B8093F85830012B01D102234DE07B680122AA
S31508044B9083F858207868FFF7A5FE0346FB73FB7B6A
S31508044BA0002B36D17B68DB6D23F4885323F002038C
S31508044BB043F002027B68DA657B681B683968184625
S31508044BC0FFF796FF14E0BB680133BB60BB68184A5D
S31508044BD093420DD97B68DB6D23F0120343F0100270
S31508044BE07B68DA657B68002283F8582001231BE07A
S31508044BF07B681B681846FFF794FF0346002BE2D12F
S31508044C007B68DB6D23F0030343F001027B68DA65F6
S31508044C1005E07B68DB6D43F010027B68DA657B6828
S31508044C20002283F85820FB7B18461037BD4680BD02
S31508044C3001DE040090B5A1B000AF786039600023A6
S31508044C4087F87F307B6893F85830012B01D102230B
S31508044C50E7E07B68012283F8582000237B6600235B
S31508044C60BB667B681B68B3F1A04F02D16F4BBB6070
S31508044C7009E07B681B686E4A934202D16D4BBB60A0
S31508044C8001E00023BB60BB68002B0BD17B68DB6D9E
S31508044C9043F020027B68DA657B68002283F8582093
S31508044CA00123BEE0BB681846FFF74FFFB8677B6869
S31508044CB01B681846FFF749FF0346002B40F0A080FF
S31508044CC0BB6F002B40F09C807B681B68B3F1A04F38
S31508044CD004D07B681B68554A934201D1564B00E0C1
S31508044CE0564B7B673B681B68002B4BD07B6F9B68D6
S31508044CF023F460423B6859687B6893F838305B0351
S31508044D000B431A437B6F9A607B681B68B3F1A04F09
S31508044D1004D07B681B68454A93420FD14FF0A040E4
S31508044D20FFF7D3FE04464148FFF7CFFE0346234365
S31508044D30002B0CBF01230023DBB212E03C48FFF72B
S31508044D40C4FE04463B48FFF7C0FE03461C433C48E2
S31508044D50FFF7BBFE03462343002B0CBF01230023A6
S31508044D60DBB2002B56D07B6F9B6823F4716323F068
S31508044D700F033A6811683A6892680A431A437B6FC4
S31508044D809A6047E07B6F9B6823F460427B6F9A6066
S31508044D907B681B68B3F1A04F04D07B681B68234A61
S31508044DA093420FD14FF0A040FFF78FFE04461F48E9
S31508044DB0FFF78BFE03462343002B0CBF0123002376
S31508044DC0DBB212E01A48FFF780FE04461948FFF7DB
S31508044DD07CFE03461C431A48FFF777FE0346234323
S31508044DE0002B0CBF01230023DBB2002B12D07B6FF0
S31508044DF09B6823F4716323F00F037A6F936009E0C9
S31508044E007B68DB6D43F020027B68DA65012387F84B
S31508044E107F3000E000BF7B68002283F8582097F8AB
S31508044E207F3018468437BD4690BD00BF0001005048
S31508044E30000400500005005000030050000700500D
S31508044E400006005080B485B000AF78607B6803F034
S31508044E500703FB600C4BDB68BB60BA684FF6FF03BD
S31508044E601340BB60FB681A02BB68134343F0BF6375
S31508044E7043F40033BB60044ABB68D36000BF1437ED
S31508044E80BD465DF8047B704700ED00E080B400AFD2
S31508044E90044BDB681B0A03F007031846BD465DF896
S31508044EA0047B704700ED00E080B483B000AF03468E
S31508044EB0FB7197F90730002B0BDBFB7903F01F0214
S31508044EC0074997F907305B09012000FA02F241F80D
S31508044ED0232000BF0C37BD465DF8047B704700BF2E
S31508044EE000E100E080B483B000AF03463960FB718B
S31508044EF097F90730002B0ADB3B68DAB20C4997F9B5
S31508044F0007301201D2B20B4483F800230AE03B6847
S31508044F10DAB20849FB7903F00F03043B1201D2B253
S31508044F200B441A7600BF0C37BD465DF8047B704700
S31508044F3000E100E000ED00E080B489B000AFF8605D
S31508044F40B9607A60FB6803F00703FB61FB69C3F188
S31508044F500703042B28BF0423BB61FB690433062B10
S31508044F6002D9FB69033B00E000237B614FF0FF3263
S31508044F70BB6902FA03F3DA43BB681A407B699A40B1
S31508044F804FF0FF317B6901FA03F3D9437B680B4081
S31508044F90134318462437BD465DF8047B7047000062
S31508044FA080B582B000AF78607B68013BB3F1807F3F
S31508044FB001D301230FE00A4A7B68013B53600F21A2
S31508044FC04FF0FF30FFF78EFF054B00229A60044B23
S31508044FD007221A60002318460837BD4680BD00BF5D
S31508044FE010E000E080B582B000AF78607868FFF71B
S31508044FF029FF00BF0837BD4680BD80B586B000AF1F
S315080450000346B9607A60FB73FFF740FF78617A68F4
S31508045010B9687869FFF790FF024697F90F30114689
S315080450201846FFF75FFF00BF1837BD4680BD80B539
S3150804503082B000AF0346FB7197F907301846FFF7AD
S3150804504033FF00BF0837BD4680BD80B582B000AFC8
S3150804505078607868FFF7A4FF034618460837BD4604
S3150804506080BD80B582B000AF78607B68002B01D123
S31508045070012314E07B681B79DBB2002B05D17B681E
S3150804508000225A717868FCF753FB7B6802221A716E
S315080450907B6800221A617B6801221A71002318466C
S315080450A00837BD4680BD000080B485B000AF78607F
S315080450B039607B68002B01D1012356E07B685B7954
S315080450C0012B01D1022350E07B6801225A717B68C7
S315080450D002221A717B681B6819683B6803F010037F
S315080450E001229A407B681B680A431A60224B1B6894
S315080450F09B09224AA2FB03239B090133FB6002E0B6
S31508045100FB68013BFB60FB68002BF9D13B68002B6D
S315080451100FD17B681B681B6803F03E03022B1DD165
S315080451207B681B685A687B681B6842F001025A60F0
S3150804513014E07B681B681B6803F478123B6803F069
S315080451401003022101FA03F39A4207D17B681B680C
S315080451505A687B681B6842F002025A607B6801221F
S315080451601A717B6800225A71002318461437BD4603
S315080451705DF8047B704700BF04000020632D3E05DC
S3150804518080B483B000AF786039607B68002B01D1A6
S31508045190012311E07B681B6819683B6803F0100358
S315080451A0012202FA03F3DA437B681B680A401A6091
S315080451B07B6801221A71002318460C37BD465DF830
S315080451C0047B704780B487B000AFF860B9607A6032
S315080451D03B6000237B61FB68002B01D1012318E0A7
S315080451E0FB681B68DB6BFB681B687B61BB68002B71
S315080451F005D17A697B68134408337B6104E07A69CC
S315080452007B68134414337B617B691A463B681360D5
S31508045210002318461C37BD465DF8047B704700001A
S3150804522080B58AB000AFF860B9607A600023FB776E
S31508045230FB68002B02D0BB68002B01D10123A1E136
S31508045240BB689B68042BFB685B79012B01D102239D
S3150804525098E1FB6801225A71FB6802221A71BB683D
S315080452609B68042B7AD1FEF723F9B8617B68002B77
S315080452703DD118E0FEF71CF90246BB69D31A012B87
S3150804528011D9FB681B685B6B03F40043002B0AD037
S31508045290FB681B6943F00802FB681A61FB68032272
S315080452A01A7103236EE1FB681B685B6B03F4004306
S315080452B0002BDFD1FB681B68BA68526A1A6420E0BF
S315080452C0FEF7F6F80246BB69D31A012B0FD9FB6819
S315080452D01B685B6B002B0ADAFB681B6943F0080240
S315080452E0FB681A61FB6803221A7103234AE1FB6807
S315080452F01B685B6B002BE3DBFB681B68BA68526AA6
S315080453005A64FB681B689A6C7B6803F0100340F2C6
S31508045310FF3101FA03F3DB4302EA0301BB689A6A25
S315080453207B6803F010039A40FB681B680A439A6477
S31508045330FB681B68DA6C7B6803F01003FF2101FA2B
S3150804534003F3DB4302EA0301BB68DA6A7B6803F00A
S3150804535010039A40FB681B680A43DA64BB68DB6976
S31508045360012B1DD1FB681B689B6B7B627B6803F072
S3150804537010031F2202FA03F3DB437A6A13407B62A3
S31508045380BB681B6A7B617B6803F010037A6902FABF
S3150804539003F37A6A13437B62FB681B687A6A9A6327
S315080453A0FB681B68DB6B7B627B6803F010030722D0
S315080453B002FA03F3DB437A6A13407B62BB689B6990
S315080453C0012B02D100233B620FE0BB689B69022BC9
S315080453D002D101233B6208E0BB685B69002B02D15A
S315080453E001233B6201E000233B62BB689A68BB6801
S315080453F05B6913433A6A13437B617B6803F01003C2
S315080454004FF4807202FA03F3DB437A6A13407B6231
S31508045410BB681B79012B02D14FF4807300E000238B
S315080454207A6913437B617B6803F010034FF40072B7
S3150804543002FA03F3DB437A6A13407B62BB685B793F
S31508045440012B02D14FF4007300E000237A69134359
S315080454507B617B6A23F440437B62BB681B68022B2F
S3150804546014D102F06BF938613B69484A934204D96E
S315080454707B6A43F400437B620FE03B69444A9342E8
S315080454800AD97B6A43F480437B6206E0BB681B68DF
S315080454907A6A13437B6200E000BF7B6803F010035B
S315080454A07A6902FA03F37A6A13437B62FB681B6818
S315080454B07A6ADA63FB681B6819687B6803F0100369
S315080454C04FF4804202FA03F3DA43FB681B680A4086
S315080454D01A60FB681B681B687B627B6803F0100311
S315080454E040F6FE7202FA03F3DB437A6A13407B62E0
S315080454F0BB68DB687B617B6803F010037A6902FA90
S3150804550003F37A6A13437B62FB681B687A6A1A6038
S31508045510FB681B6819687B6803F01003C02202FA4B
S3150804552003F3DA43FB681B680A401A60BB68DB6846
S315080455309B0803F00F037B61BB681B699B081B026E
S3150804554003F470637A6913437B61FB681B681A6EFC
S315080455507B6803F0100340F60F7101FA03F3DB438B
S3150804556002EA03017B6803F010037A699A40FB6830
S315080455701B680A431A66FB6801221A71FB68002233
S315080455805A71FB7F18462837BD4680BD00688909CD
S3150804559000B4C40480B584B000AF78607B68002B7F
S315080455A001D101238DE07B681B681A46474B9A4252
S315080455B00FD87B681B681A46454B1344454AA2FB19
S315080455C003231B099A007B685A647B68424A1A6457
S315080455D00EE07B681B681A46404B13443D4AA2FBFF
S315080455E003231B099A007B685A647B683C4A1A643D
S315080455F07B68022283F825207B681B681B68FB608E
S31508045600FB6823F4FF4323F07003FB607B689A6806
S315080456107B68DB681A437B681B691A437B685B698A
S315080456201A437B689B691A437B68DB691A437B6860
S315080456301B6A1343FA681343FB607B681B68FA68A2
S315080456401A60786800F082FA7B689B68B3F5804F25
S3150804565002D17B6800225A607B685A687B689B6C17
S31508045660D2B21A607B68DB6C7A68126D5A607B6802
S315080456705B68002B10D07B685B68042B0CD87868B1
S3150804568000F0A2FA7B685B6D00221A607B689B6D4A
S315080456907A68D26D5A6008E07B6800225A657B688E
S315080456A000229A657B680022DA657B680022DA6341
S315080456B07B68012283F825207B68002283F824204E
S315080456C0002318461037BD4680BD00BF07040240B4
S315080456D0F8FFFDBFCDCCCCCC00000240F8FBFDBFE3
S315080456E00004024080B586B000AFF860B9607A60FD
S315080456F03B600023FB75FB6893F82430012B01D12A
S31508045700022366E0FB68012283F82420FB6893F8E9
S315080457102530DBB2012B55D1FB68022283F82520FC
S31508045720FB680022DA63FB681B681A68FB681B6857
S3150804573022F001021A603B687A68B968F86800F0D2
S31508045740C7F9FB681B6B002B08D0FB681B681A6833
S31508045750FB681B6842F00E021A600FE0FB681B68C0
S315080457601A68FB681B6822F004021A60FB681B6847
S315080457701A68FB681B6842F00A021A60FB689B6C8D
S315080457801B6803F48033002B07D0FB689B6C1A68EC
S31508045790FB689B6C42F480721A60FB685B6D002B95
S315080457A007D0FB685B6D1A68FB685B6D42F4807210
S315080457B01A60FB681B681A68FB681B6842F00102DA
S315080457C01A6005E0FB68002283F824200223FB758F
S315080457D0FB7D18461837BD4680BD80B485B000AF3A
S315080457E078600023FB737B6893F82530DBB2022BC1
S315080457F005D07B680422DA630123FB7337E07B68F0
S315080458001B681A687B681B6822F00E021A607B689C
S315080458109B6C1A687B689B6C22F480721A607B689E
S315080458201B681A687B681B6822F001021A607B6889
S315080458305B6C03F01F027B681B6C012101FA02F200
S315080458405A607B68DB6C7A68126D5A607B685B6D9C
S31508045850002B0CD07B685B6D1A687B685B6D22F441
S3150804586080721A607B689B6D7A68D26D5A607B6811
S31508045870012283F825207B68002283F82420FB7BF9
S3150804588018461437BD465DF8047B704780B584B066
S3150804589000AF78600023FB737B6893F82530DBB28E
S315080458A0022B0DD07B680422DA637B68012283F815
S315080458B025207B68002283F824200123FB7347E014
S315080458C07B681B681A687B681B6822F00E021A60DC
S315080458D07B681B681A687B681B6822F001021A60D9
S315080458E07B689B6C1A687B689B6C22F480721A60CE
S315080458F07B685B6C03F01F027B681B6C012101FA51
S3150804590002F25A607B68DB6C7A68126D5A607B68AF
S315080459105B6D002B0CD07B685B6D1A687B685B6DCE
S3150804592022F480721A607B689B6D7A68D26D5A601D
S315080459307B68012283F825207B68002283F82420CB
S315080459407B689B6B002B03D07B689B6B78689847B6
S31508045950FB7B18461037BD4680BD80B584B000AFC2
S3150804596078607B681B6C1B68FB607B681B681B681C
S31508045970BB607B685B6C03F01F0304229A40FB68D8
S315080459801340002B26D0BB6803F00403002B21D058
S315080459907B681B681B6803F02003002B07D17B6810
S315080459A01B681A687B681B6822F004021A607B6805
S315080459B05B6C03F01F027B681B6C042101FA02F27C
S315080459C05A607B681B6B002B71D07B681B6B7868ED
S315080459D098476CE07B685B6C03F01F0302229A40CD
S315080459E0FB681340002B2ED0BB6803F00203002B80
S315080459F029D07B681B681B6803F02003002B0BD196
S31508045A007B681B681A687B681B6822F00A021A609E
S31508045A107B68012283F825207B685B6C03F01F02F0
S31508045A207B681B6C022101FA02F25A607B68002229
S31508045A3083F824207B68DB6A002B38D07B68DB6A12
S31508045A407868984733E07B685B6C03F01F03082289
S31508045A509A40FB681340002B2AD0BB6803F008035E
S31508045A60002B25D07B681B681A687B681B6822F0A4
S31508045A700E021A607B685B6C03F01F027B681B6C62
S31508045A80012101FA02F25A607B680122DA637B6813
S31508045A90012283F825207B68002283F824207B686A
S31508045AA05B6B002B04D07B685B6B7868984700BFF8
S31508045AB000BF1037BD4680BD80B483B000AF7860A0
S31508045AC07B68DB6B18460C37BD465DF8047B70476C
S31508045AD080B485B000AFF860B9607A603B60FB6853
S31508045AE0DB6CFA68126D5A60FB685B6D002B04D098
S31508045AF0FB689B6DFA68D26D5A60FB685B6C03F0B1
S31508045B001F02FB681B6C012101FA02F25A60FB684A
S31508045B101B683A685A60FB689B68102B08D1FB68B7
S31508045B201B687A689A60FB681B68BA68DA6007E0DB
S31508045B30FB681B68BA689A60FB681B687A68DA604F
S31508045B4000BF1437BD465DF8047B704780B487B040
S31508045B5000AF78607B681B681A46164B9A4202D8CF
S31508045B60154B7B6101E0154B7B617B693B617B6867
S31508045B701B68DBB2083B124AA2FB03231B09FB6022
S31508045B807B685B6C9B089A003B6913441A467B68DE
S31508045B909A647B680B4ADA64FB6803F01F030122E4
S31508045BA09A407B681A6500BF1C37BD465DF8047BBE
S31508045BB0704700BF0704024000080240200802405C
S31508045BC0CDCCCCCC8008024080B485B000AF7860D8
S31508045BD07B685B68DBB2FB60FA680B4B13449B007B
S31508045BE01A467B685A657B68084A9A65FB68013BCE
S31508045BF003F01F0301229A407B68DA6500BF143755
S31508045C00BD465DF8047B70473F8200104009024098
S31508045C1080B487B000AF7860396000237B615AE1AD
S31508045C203B681A6801217B6901FA03F31340FB6098
S31508045C30FB68002B00F04C813B685B6803F00303A8
S31508045C40012B05D03B685B6803F00303022B30D1B4
S31508045C507B689B683B617B695B00032202FA03F35A
S31508045C60DB433A6913403B613B68DA687B695B004E
S31508045C7002FA03F33A6913433B617B683A699A600B
S31508045C807B685B683B6101227B6902FA03F3DB43A9
S31508045C903A6913403B613B685B681B0903F00102E0
S31508045CA07B6902FA03F33A6913433B617B683A69F1
S31508045CB05A603B685B6803F00303032B17D07B68C1
S31508045CC0DB683B617B695B00032202FA03F3DB436F
S31508045CD03A6913403B613B689A687B695B0002FA40
S31508045CE003F33A6913433B617B683A69DA603B68B4
S31508045CF05B6803F00303022B23D17B69DA087B680C
S31508045D00083253F822303B617B6903F007039B0092
S31508045D100F2202FA03F3DB433A6913403B613B68FB
S31508045D201A697B6903F007039B0002FA03F33A69CD
S31508045D3013433B617B69DA087B680832396943F89F
S31508045D4022107B681B683B617B695B00032202FAAD
S31508045D5003F3DB433A6913403B613B685B6803F032
S31508045D6003027B695B0002FA03F33A6913433B6156
S31508045D707B683A691A603B685B6803F44033002B16
S31508045D8000F0A6805B4B1B6E5A4A43F00103136668
S31508045D90584B1B6E03F00103BB60BB68564A7B690C
S31508045DA09B08023352F823303B617B6903F00303F3
S31508045DB09B000F2202FA03F3DB433A6913403B6163
S31508045DC07B68B3F1904F1FD07B684C4A934219D035
S31508045DD07B684B4A934213D07B684A4A93420DD058
S31508045DE07B68494A934207D07B68484A934201D163
S31508045DF005230AE0062308E0042306E0032304E057
S31508045E00022302E0012300E000237A6902F0030278
S31508045E10920093403A6913433B6137497B699B086F
S31508045E2002333A6941F82320394B9B683B61FB6886
S31508045E30DB433A6913403B613B685B6803F48013B0
S31508045E40002B03D03A69FB6813433B61304A3B692C
S31508045E5093602F4BDB683B61FB68DB433A6913406D
S31508045E603B613B685B6803F40013002B03D03A6973
S31508045E70FB6813433B61264A3B69D360244B5B6842
S31508045E803B61FB68DB433A6913403B613B685B68EB
S31508045E9003F40033002B03D03A69FB6813433B61D0
S31508045EA01B4A3B6953601A4B1B683B61FB68DB431F
S31508045EB03A6913403B613B685B6803F48033002B03
S31508045EC003D03A69FB6813433B61114A3B69136083
S31508045ED07B6901337B613B681A687B6922FA03F3A1
S31508045EE0002B7FF49DAE00BF00BF1C37BD465DF88E
S31508045EF0047B70470010024000000140000400487B
S31508045F0000080048000C0048001000480014004827
S31508045F100004014080B485B000AF78600B467B80EE
S31508045F207B681A697B881340002B02D00123FB7314
S31508045F3001E00023FB73FB7B18461437BD465DF866
S31508045F40047B704780B483B000AF78600B467B80CF
S31508045F5013467B707B78002B03D07A887B689A611A
S31508045F6002E07A887B689A6200BF0C37BD465DF802
S31508045F70047B704780B582B000AF0346FB80084BAC
S31508045F805A69FB881340002B06D0054AFB885361DF
S31508045F90FB88184610F0BCFD00BF0837BD4680BD17
S31508045FA00004014080B582B000AF78607B68002B9E
S31508045FB001D101238DE07B6893F84130DBB2002BD5
S31508045FC006D17B68002283F840207868FBF714FE24
S31508045FD07B68242283F841207B681B681A687B68DF
S31508045FE01B6822F001021A607B685A687B681B6882
S31508045FF022F070621A617B681B689A687B681B6862
S3150804600022F400429A607B68DB68012B07D17B681F
S315080460109A687B681B6842F400429A6006E07B68CB
S315080460209A687B681B6842F404429A607B68DB685A
S31508046030022B08D17B681B685A687B681B6842F484
S3150804604000625A6007E07B681B685A687B681B68AD
S3150804605022F400625A607B681B685B687A68126877
S3150804606043F0007343F4004353607B681B68DA68A3
S315080460707B681B6822F40042DA607B681A697B68CD
S315080460805B6942EA03017B689B691A027B681B68A1
S315080460900A43DA607B68D9697B681A6A7B681B6875
S315080460A00A431A607B681B681A687B681B6842F097
S315080460B001021A607B6800225A647B68202283F8EE
S315080460C041207B6800221A637B68002283F84220F9
S315080460D0002318460837BD4680BD000080B588B041
S315080460E002AFF8607A601A460B467B8113463B81F9
S315080460F0FB6893F84130DBB2202B40F0FD80FB6847
S3150804610093F84030012B01D10223F6E0FB68012203
S3150804611083F84020FDF7CCF938613B6900931923CD
S3150804612001224FF40041F86800F00AFA0346002BEE
S3150804613001D00123E1E0FB68212283F84120FB68B2
S31508046140102283F84220FB6800225A64FB687A68A6
S315080461505A62FB683A895A85FB6800225A63FB68C7
S315080461605B8D9BB2FF2B06D9FB68FF221A854FF07D
S3150804617080737B6107E0FB685B8D9AB2FB681A85BE
S315080461804FF000737B61FB681B8D002B24D0FB68E2
S315080461905B6A1A78FB681B689A62FB685B6A5A1C16
S315080461A0FB685A62FB685B8D9BB2013B9AB2FB683B
S315080461B05A85FB681B8D013B9AB2FB681A85FB68F6
S315080461C01B8DDBB20133DAB279894E4B00937B69B6
S315080461D0F86800F005FC66E0FB681B8DDAB279897D
S315080461E0484B00937B69F86800F0FAFB5BE03A6970
S315080461F0396AF86800F0FDF90346002B01D001233B
S315080462007BE0FB685B6A1A78FB681B689A62FB6822
S315080462105B6A5A1CFB685A62FB685B8D9BB2013B3E
S315080462209AB2FB685A85FB681B8D013B9AB2FB68D8
S315080462301A85FB685B8D9BB2002B34D0FB681B8DDB
S31508046240002B30D13B6900933B6A00228021F86811
S3150804625000F076F90346002B01D001234DE0FB68D4
S315080462605B8D9BB2FF2B0ED9FB68FF221A85FB6850
S315080462701B8DDAB27989002300934FF08073F8688E
S3150804628000F0AEFB0FE0FB685B8D9AB2FB681A85DB
S31508046290FB681B8DDAB27989002300934FF00073EB
S315080462A0F86800F09DFBFB685B8D9BB2002B9ED1C2
S315080462B03A69396AF86800F0E3F90346002B01D015
S315080462C001231AE0FB681B682022DA61FB681B6855
S315080462D05968FB681A680C4B0B405360FB6820220C
S315080462E083F84120FB68002283F84220FB680022D9
S315080462F083F84020002300E0022318461837BD46D9
S3150804630080BD00BF0020008000E800FE80B588B08C
S3150804631002AFF8607A601A460B467B8113463B81C6
S31508046320FB6893F84130DBB2202B40F0DB80FB6836
S3150804633093F84030012B01D10223D4E0FB680122F3
S3150804634083F84020FDF7B4F878617B690093192334
S3150804635001224FF40041F86800F0F2F80346002BD6
S3150804636001D00123BFE0FB68222283F84120FB68A1
S31508046370102283F84220FB6800225A64FB687A6874
S315080463805A62FB683A895A85FB6800225A63FB6895
S315080463905B8D9BB2FF2B0ED9FB68FF221A85FB681F
S315080463A01B8DDAB27989524B00934FF08073F868E3
S315080463B000F016FB6DE0FB685B8D9AB2FB681A85E4
S315080463C0FB681B8DDAB27989494B00934FF0007349
S315080463D0F86800F005FB5CE07A69396AF86800F049
S315080463E093F90346002B01D001237CE0FB681B6864
S315080463F05A6AFB685B6AD2B21A70FB685B6A5A1CF3
S31508046400FB685A62FB681B8D013B9AB2FB681A85C6
S31508046410FB685B8D9BB2013B9AB2FB685A85FB68A5
S315080464205B8D9BB2002B34D0FB681B8D002B30D1BF
S315080464307B6900933B6A00228021F86800F080F8A3
S315080464400346002B01D001234DE0FB685B8D9BB20C
S31508046450FF2B0ED9FB68FF221A85FB681B8DDAB25F
S315080464607989002300934FF08073F86800F0B8FA2E
S315080464700FE0FB685B8D9AB2FB681A85FB681B8D77
S31508046480DAB27989002300934FF00073F86800F0B4
S31508046490A7FAFB685B8D9BB2002B9DD17A69396A92
S315080464A0F86800F0EDF80346002B01D001231AE042
S315080464B0FB681B682022DA61FB681B685968FB685D
S315080464C01A680C4B0B405360FB68202283F8412062
S315080464D0FB68002283F84220FB68002283F84020E8
S315080464E0002300E0022318461837BD4680BD00BFC6
S315080464F00024008000E800FE80B483B000AF786012
S315080465007B681B689B6903F00203022B03D17B6833
S315080465101B6800229A627B681B689B6903F0010367
S31508046520012B07D07B681B689A697B681B6842F055
S3150804653001029A6100BF0C37BD465DF8047B7047BB
S3150804654080B584B000AFF860B9603B601346FB7150
S315080465503BE0BA693968F86800F062F90346002B2B
S3150804656001D0012341E03B68B3F1FF3F2DD0FCF78E
S315080465709FFF0246BB69D31A3A689A4202D33B681C
S31508046580002B22D1FB681B689A69BB681340BA685A
S315080465909A420CBF01230023DBB21A46FB799A42BE
S315080465A013D1FB685B6C43F02002FB685A64FB68F2
S315080465B0202283F84120FB68002283F84220FB68E6
S315080465C0002283F8402001230FE0FB681B689A69C0
S315080465D0BB681340BA689A420CBF01230023DBB296
S315080465E01A46FB799A42B4D0002318461037BD469A
S315080465F080BD80B584B000AFF860B9607A6033E0D6
S315080466007A68B968F86800F00BF90346002B01D0DC
S31508046610012331E0BB68B3F1FF3F25D0FCF748FFFF
S3150804662002467B68D31ABA689A4202D3BB68002B1F
S315080466301AD1FB681B689B6903F00203022B13D06B
S31508046640FB685B6C43F02002FB685A64FB682022F3
S3150804665083F84120FB68002283F84220FB68002265
S3150804666083F84020012307E0FB681B689B6903F055
S315080466700203022BC4D1002318461037BD4680BD39
S3150804668080B584B000AFF860B9607A602FE07A68A4
S31508046690B968F86800F0C4F80346002B01D0012352
S315080466A02DE0FCF705FF02467B68D31ABA689A42BE
S315080466B002D3BB68002B1AD1FB681B689B6903F0DD
S315080466C02003202B13D0FB685B6C43F02002FB6885
S315080466D05A64FB68202283F84120FB68002283F869
S315080466E04220FB68002283F84020012307E0FB6868
S315080466F01B689B6903F02003202BC8D10023184686
S315080467001037BD4680BD000080B586B000AFF8607E
S31508046710B9607A600023FB7571E07A68B968F8682D
S3150804672000F07EF80346002B01D00123FB75FB68B5
S315080467301B689B6903F02003202B3BD1FB7D002BB0
S3150804674038D1FB681B689B6903F00403042B05D145
S31508046750FB681B8D002B01D00023FB75FB681B68A7
S315080467609B6903F01003102B21D1FB681B681022C8
S31508046770DA61FB6804225A64FB681B682022DA6122
S31508046780FB681B685968FB681A68244B0B405360FE
S31508046790FB68202283F84120FB68002283F8422004
S315080467A0FB68002283F840200123FB7502E0FB689E
S315080467B000225A64FCF77CFE02467B68D31ABA6840
S315080467C09A4202D3BB68002B19D1FB7D002B16D144
S315080467D0FB681B689B6903F00403042B0FD0FB6852
S315080467E05B6C43F02002FB685A64FB68202283F83A
S315080467F04120FB68002283F840200123FB75FB68CF
S315080468001B689B6903F00403042B02D0FB7D002B51
S3150804681083D0FB7D18461837BD4680BD00E800FEC8
S3150804682080B58AB000AFF860B9607A60002387F84B
S315080468302730FB681B689B69BB6100233B627B6846
S31508046840FB61BB6903F01003002B68D0FB681B6867
S315080468501022DA6149E0BB68B3F1FF3F45D0FCF783
S3150804686027FE0246FB69D31ABA689A4202D3BB6862
S31508046870002B3AD1FB681B685B6803F480437B6191
S31508046880FB6893F84230FB74FB681B689B6903F446
S315080468900043B3F5004F21D17B69B3F5804F1DD072
S315080468A0FB7C202B1AD0FB681B685A68FB681B689C
S315080468B042F480425A60FCF7FBFDF8610EE0FCF7EF
S315080468C0F7FD0246FB69D31A192B07D93B6A43F02D
S315080468D020033B62012387F8273006E0FB681B6820
S315080468E09B6903F02003202BE9D1FB681B689B698D
S315080468F003F02003202B03D097F82730002BAAD0C7
S3150804690097F82730002B03D1FB681B682022DA612D
S315080469103B6A43F004033B62012387F82730FB688C
S315080469201B689B69BB61BB6903F48073002B0BD09E
S315080469303B6A43F001033B62FB681B684FF48072B1
S31508046940DA61012387F82730BB6903F48063002BD7
S315080469500BD03B6A43F008033B62FB681B684FF4A1
S315080469608062DA61012387F82730BB6903F4007370
S31508046970002B0BD03B6A43F002033B62FB681B689F
S315080469804FF40072DA61012387F8273097F8273025
S31508046990002B1CD0F868FFF7AFFDFB681B68596825
S315080469A0FB681A680D4B0B405360FB685A6C3B6ACC
S315080469B01A43FB685A64FB68202283F84120FB6863
S315080469C0002283F84220FB68002283F8402097F8C7
S315080469D0273018462837BD4680BD00BF00E800FEAC
S315080469E080B487B000AFF8607B600B467B811346A2
S315080469F07B727B89C3F309027B7A1B0403F47F0346
S31508046A001A437B681A433B6A134323F000437B61AA
S31508046A10FB681B685A683B6A5B0D03F48061084B84
S31508046A200B43DB4302EA0301FB681B687A690A43E2
S31508046A305A6000BF1C37BD465DF8047B704700BF2B
S31508046A40FF63FF0380B483B000AF786039607B6866
S31508046A5093F84130DBB2202B38D17B6893F8403069
S31508046A60012B01D1022332E07B68012283F84020FE
S31508046A707B68242283F841207B681B681A687B6834
S31508046A801B6822F001021A607B681B681A687B6817
S31508046A901B6822F480521A607B681B6819687B6835
S31508046AA01B683A680A431A607B681B681A687B681D
S31508046AB01B6842F001021A607B68202283F8412091
S31508046AC07B68002283F84020002300E0022318464E
S31508046AD00C37BD465DF8047B704780B485B000AFBB
S31508046AE0786039607B6893F84130DBB2202B39D162
S31508046AF07B6893F84030012B01D1022333E07B688D
S31508046B00012283F840207B68242283F841207B688D
S31508046B101B681A687B681B6822F001021A607B6886
S31508046B201B681B68FB60FB6823F47063FB603B68A7
S31508046B301B02FA681343FB607B681B68FA681A60D1
S31508046B407B681B681A687B681B6842F001021A6036
S31508046B507B68202283F841207B68002283F8402042
S31508046B60002300E0022318461437BD465DF8047B6B
S31508046B707047000080B400AF054B1B68044A43F411
S31508046B808073136000BFBD465DF8047B704700BF81
S31508046B900070004080B483B000AF78602B4B5B680C
S31508046BA023F00E027B681B68284913434B60284B65
S31508046BB05B68274A23F480335360254B1B68244AB1
S31508046BC023F480331360224BDB68214A23F4803391
S31508046BD0D3601F4B9B681E4A23F4803393607B68FB
S31508046BE05B6803F48033002B05D0194B1B68184ADD
S31508046BF043F4803313607B685B6803F40033002B2B
S31508046C0005D0134B5B68124A43F4803353607B68A0
S31508046C105B6803F00103002B05D00D4B9B680C4AF7
S31508046C2043F4803393607B685B6803F00203002BAC
S31508046C3005D0074BDB68064A43F48033D360002348
S31508046C4018460C37BD465DF8047B70470070004053
S31508046C500004014080B400AF054B5B68044A43F066
S31508046C600103536000BFBD465DF8047B704700BF4F
S31508046C700070004080B485B000AF78607B68002B54
S31508046C8041D14B4B1B6803F4C063B3F5806F31D114
S31508046C90474BD3F88030464A23F48073C2F88030D1
S31508046CA0434B1B6823F4C063414A43F400731360DF
S31508046CB0404B1B68322202FB03F33F4AA2FB032321
S31508046CC09B0C0133FB6002E0FB68013BFB60384B1D
S31508046CD05B6903F48063B3F5806F02D1FB68002B0C
S31508046CE0F2D1334B5B6903F48063B3F5806F58D1F3
S31508046CF0032357E02E4BD3F880302D4A23F48073B0
S31508046D00C2F880304DE07B68B3F5007F41D1284B4B
S31508046D101B6803F4C063B3F5806F31D1244BD3F8F1
S31508046D208030234A43F48073C2F88030204B1B68B2
S31508046D3023F4C0631E4A43F4007313601D4B1B6897
S31508046D40322202FB03F31C4AA2FB03239B0C0133E6
S31508046D50FB6002E0FB68013BFB60154B5B6903F4CF
S31508046D608063B3F5806F02D1FB68002BF2D1104B18
S31508046D705B6903F48063B3F5806F12D1032311E0D2
S31508046D800B4BD3F880300A4A43F48073C2F8803038
S31508046D9007E0074B1B6823F4C063054A43F4806382
S31508046DA01360002318461437BD465DF8047B704704
S31508046DB0007000400400002083DE1B4380B400AF4B
S31508046DC0054B9B68044A43F48043936000BFBD4661
S31508046DD05DF8047B704700BF0070004080B588B03A
S31508046DE000AF78607B68002B01D10123FEE27B6843
S31508046DF01B6803F00103002B75D0974B9B6803F0BF
S31508046E000C03BB61944BDB6803F003037B61BB692A
S31508046E100C2B02D17B69032B02D0BB69082B0BD13F
S31508046E208D4B1B6803F40033002B5BD07B685B68CF
S31508046E30002B57D10123D9E27B685B68B3F5803F01
S31508046E4006D1854B1B68844A43F4803313601DE0DE
S31508046E507B685B68B3F5A02F0CD17F4B1B687E4A11
S31508046E6043F4802313607C4B1B687B4A43F48033CA
S31508046E7013600BE0784B1B68774A23F4803313605E
S31508046E80754B1B68744A23F4802313607B685B681C
S31508046E90002B13D0FCF70CFB386108E0FCF708FB61
S31508046EA002463B69D31A642B01D903239EE26A4B33
S31508046EB01B6803F40033002BF0D014E0FCF7F8FA4F
S31508046EC0386108E0FCF7F4FA02463B69D31A642BE6
S31508046ED001D903238AE2604B1B6803F40033002BB1
S31508046EE0F0D100E000BF7B681B6803F00203002BA7
S31508046EF075D0594B9B6803F00C03BB61564BDB6892
S31508046F0003F003037B61BB690C2B02D17B69022B5B
S31508046F1002D0BB69042B1FD14F4B1B6803F4806353
S31508046F20002B05D07B68DB68002B01D101235DE2C9
S31508046F30494B5B6823F0FE427B681B691B0646497E
S31508046F4013434B60454B1B681846FCF765FA034622
S31508046F50002B43D0012349E27B68DB68002B23D04E
S31508046F603D4B1B683C4A43F480731360FCF7A0FA54
S31508046F70386108E0FCF79CFA02463B69D31A022BEF
S31508046F8001D9032332E2344B1B6803F48063002BD4
S31508046F90F0D0314B5B6823F0FE427B681B691B0605
S31508046FA02D4913434B601AE02B4B1B682A4A23F4DA
S31508046FB080731360FCF77CFA386108E0FCF778FA0A
S31508046FC002463B69D31A022B01D903230EE2224B4C
S31508046FD01B6803F48063002BF0D100E000BF7B68D4
S31508046FE01B6803F00803002B41D07B685B69002B00
S31508046FF01CD0194BD3F89430174A43F00103C2F84E
S315080470009430FCF755FA386108E0FCF751FA024661
S315080470103B69D31A022B01D90323E7E10E4BD3F8B4
S31508047020943003F00203002BEFD020E00A4BD3F888
S315080470309430094A23F00103C2F89430FCF738FA6D
S3150804704038610DE0FCF734FA02463B69D31A022B81
S3150804705006D90323CAE100BF001002400800002035
S315080470608C4BD3F8943003F00203002BEAD17B68E7
S315080470701B6803F00403002B00F0A6800023FB77AB
S31508047080844B9B6D03F08053002B01D1012300E050
S315080470900023002B0DD07F4B9B6D7E4A43F0805313
S315080470A093657C4B9B6D03F08053FB60FB6801235F
S315080470B0FB77794B1B6803F48073002B18D1764B46
S315080470C01B68754A43F480731360FCF7F1F9386159
S315080470D008E0FCF7EDF902463B69D31A022B01D9FD
S315080470E0032383E16C4B1B6803F48073002BF0D0F5
S315080470F07B689B68012B08D1664BD3F89030654AA8
S3150804710043F00103C2F8903024E07B689B68052BA2
S3150804711010D1604BD3F890305E4A43F00403C2F8AA
S3150804712090305C4BD3F890305A4A43F00103C2F8C6
S3150804713090300FE0574BD3F89030564A23F00103AA
S31508047140C2F89030534BD3F89030524A23F00403D4
S31508047150C2F890307B689B68002B16D0FCF7A8F918
S3150804716038610AE0FCF7A4F902463B69D31A41F2EE
S315080471708832934201D9032338E1464BD3F8903039
S3150804718003F00203002BEDD015E0FCF791F9386102
S315080471900AE0FCF78DF902463B69D31A41F28832B4
S315080471A0934201D9032321E13A4BD3F8903003F0F3
S315080471B00203002BEDD1FB7F012B05D1354B9B6DCB
S315080471C0344A23F0805393657B681B6803F02003D5
S315080471D0002B3CD07B689B69002B1CD02D4BD3F825
S315080471E098302C4A43F00103C2F89830FCF760F94A
S315080471F0386108E0FCF75CF902463B69D31A022BAE
S3150804720001D90323F2E0234BD3F8983003F00203A1
S31508047210002BEFD01BE01F4BD3F898301D4A23F000
S315080472200103C2F89830FCF743F9386108E0FCF723
S315080472303FF902463B69D31A022B01D90323D5E049
S31508047240144BD3F8983003F00203002BEFD17B6874
S31508047250DB69002B00F0C9800E4B9B6803F00C0316
S315080472600C2B00F083807B68DB69022B5ED1094B0B
S315080472701B68084A23F080731360FCF719F9386110
S315080472800CE0FCF715F902463B69D31A022B05D91B
S315080472900323ABE00010024000700040554B1B6806
S315080472A003F00073002BECD1524BDA68524B1340AF
S315080472B07A68116A7A68526A013A120111437A683D
S315080472C0926A120211437A68126B5208013A5205FD
S315080472D011437A68526B5208013A520611437A6886
S315080472E0D26AD2060A4343491343CB60414B1B680F
S315080472F0404A43F0807313603E4BDB683D4A43F0D3
S315080473008073D360FCF7D4F8386108E0FCF7D0F84A
S3150804731002463B69D31A022B01D9032366E0354B8F
S315080473201B6803F00073002BF0D05EE0314B1B683A
S31508047330304A23F080731360FCF7BAF8386108E022
S31508047340FCF7B6F802463B69D31A022B01D9032384
S315080473504CE0284B1B6803F00073002BF0D1254B37
S31508047360DA682449254B1340CB603EE07B68DB6929
S31508047370012B01D1012339E01E4BDB687B617B6954
S3150804738003F003027B681B6A9A422CD17B6903F0DB
S31508047390F0027B685B6A013B1B019A4223D17B6935
S315080473A003F4FE427B689B6A1B029A421BD17B69E3
S315080473B003F078427B68DB6ADB069A4213D17B6961
S315080473C003F4C0027B681B6B5B08013B5B059A42AE
S315080473D009D17B6903F0C0627B685B6B5B08013B80
S315080473E05B069A4201D0012300E0002318462037A1
S315080473F0BD4680BD001002400C809F01FCFFEEFED6
S3150804740080B586B000AF7860396000237B617B68FD
S31508047410002B01D101231EE1914B1B6803F00F03D6
S315080474203A689A4210D98E4B1B6823F00F028C498E
S315080474303B6813430B608A4B1B6803F00F033A68D7
S315080474409A4201D0012306E17B681B6803F0010315
S31508047450002B73D07B685B68032B29D1814B1B688F
S3150804746003F00073002B01D10123F4E000F09EF928
S3150804747038613B697C4A93423FD97A4B9B6803F04F
S31508047480F003002B09D07B681B6803F00203002B6A
S3150804749033D07B689B68002B2FD1724B9B6823F0F3
S315080474A0F003704A43F08003936080237B6124E0F1
S315080474B07B685B68022B07D16A4B1B6803F40033AD
S315080474C0002B09D10123C6E0664B1B6803F48063CD
S315080474D0002B01D10123BEE000F0CEF838613B69E8
S315080474E0614A934209D95F4B9B6823F0F0035D4ACE
S315080474F043F08003936080237B615A4B9B6823F097
S3150804750003027B685B68574913438B60FBF7D0FF1C
S31508047510F8600AE0FBF7CCFF0246FB68D31A41F28F
S315080475208832934201D9032395E04E4B9B6803F0B6
S315080475300C027B685B689B009A42EBD17B681B68EC
S3150804754003F00203002B23D07B681B6803F00403B3
S31508047550002B05D0434B9B68424A43F4E06393608F
S315080475607B681B6803F00803002B07D03D4B9B6818
S3150804757023F47C533B4A43F4E0639360394B9B689A
S3150804758023F0F0027B689B68364913438B6008E056
S315080475907B69802B05D1334B9B68324A23F0F00371
S315080475A093602F4B1B6803F00F033A689A421DD267
S315080475B02B4B1B6823F00F0229493B6813430B60C6
S315080475C0FBF776FFF8600AE0FBF772FF0246FB68F2
S315080475D0D31A41F28832934201D903233BE0204B64
S315080475E01B6803F00F033A689A42EDD17B681B685F
S315080475F003F00403002B08D01A4B9B6823F4E062BB
S315080476007B68DB68174913438B607B681B6803F048
S315080476100803002B09D0134B9B6823F460527B683C
S315080476201B69DB000F4913438B6000F025F80246FB
S315080476300C4B9B681B0903F00F030C49CB5C03F046
S315080476401F0322FA03F30A4A13600A4B1B681846F7
S31508047650FBF7E2FE034618461837BD4680BD00BF51
S31508047660002002400010024000B4C404E4F10608F5
S31508047670040000200800002080B487B000AF2C4B1B
S315080476809B6803F00C03042B02D12A4B3B6147E0A9
S31508047690274B9B6803F00C03082B02D1264B3B614E
S315080476A03EE0234B9B6803F00C030C2B36D1204B8E
S315080476B0DB6803F00303FB601D4BDB681B0903F05F
S315080476C00F030133BB60FB68032B0CD11A4ABB6852
S315080476D0B2FBF3F3164AD268120A02F07F0202FBDF
S315080476E003F37B610CE0134ABB68B2FBF3F3104A5D
S315080476F0D268120A02F07F0202FB03F37B6100BF21
S315080477000B4BDB685B0E03F0030301335B007B6002
S315080477107A697B68B2FBF3F33B6101E000233B61C2
S315080477203B6918461C37BD465DF8047B704700BFA5
S31508047730001002400024F40000127A0080B400AF5E
S31508047740034B1B681846BD465DF8047B704700BFAB
S315080477500400002080B500AFFFF7F0FF0246064B91
S315080477609B681B0A03F007030449CB5C03F01F0359
S3150804777022FA03F3184680BD00100240F4F1060805
S3150804778080B500AFFFF7DAFF0246064B9B68DB0AB3
S3150804779003F007030449CB5C03F01F0322FA03F33F
S315080477A0184680BD00100240F4F1060880B487B07C
S315080477B000AF1E4BDB6803F003033B611B4BDB681E
S315080477C01B0903F00F030133FB603B69032B0CD140
S315080477D0174AFB68B2FBF3F3144AD268120A02F09A
S315080477E07F0202FB03F37B610CE0124AFB68B2FBDF
S315080477F0F3F30E4AD268120A02F07F0202FB03F37D
S315080478007B6100BF094BDB685B0E03F0030301339E
S315080478105B00BB607A69BB68B2FBF3F37B607B6889
S3150804782018461C37BD465DF8047B704700100240B5
S3150804783000127A000024F40080B586B000AF7860A0
S315080478400023FB740023BB747B681B6803F40023C2
S31508047850002B00F0988000237B74434B9B6D03F048
S315080478608053002B0DD1404B9B6D3F4A43F0805308
S3150804787093653D4B9B6D03F08053BB60BB68012346
S315080478807B743A4B1B68394A43F480731360FBF7DD
S315080478900FFEF86009E0FBF70BFE0246FB68D31AF5
S315080478A0022B02D90323FB7405E0304B1B6803F44F
S315080478B08073002BEFD0FB7C002B59D12A4BD3F8CD
S315080478C0903003F440737B617B69002B1ED07B6880
S315080478D01B6D7A699A4219D0234BD3F8903023F456
S315080478E040737B61204BD3F890301F4A43F48033AE
S315080478F0C2F890301C4BD3F890301B4A23F48033DB
S31508047900C2F89030184A7B69C2F890307B6903F054
S315080479100103002B16D0FBF7CBFDF8600BE0FBF751
S31508047920C7FD0246FB68D31A41F28832934202D94C
S315080479300323FB7406E00C4BD3F8903003F00203E0
S31508047940002BECD0FB7C002B0BD1074BD3F89030E3
S3150804795023F440727B681B6D03491343C1F89030C6
S3150804796008E0FB7CBB7405E0001002400070004090
S31508047970FB7CBB747B7C012B05D1A74B9B6DA64A6C
S3150804798023F0805393657B681B6803F00103002B7F
S315080479900AD0A14BD3F8883023F003027B685B68CE
S315080479A09D491343C1F888307B681B6803F00203BA
S315080479B0002B0AD0984BD3F8883023F00C027B6846
S315080479C09B6895491343C1F888307B681B6803F0A4
S315080479D00403002B0AD0904BD3F8883023F03002E6
S315080479E07B68DB688C491343C1F888307B681B685D
S315080479F003F00803002B0AD0874BD3F8883023F00A
S31508047A00C0027B681B6984491343C1F888307B68C4
S31508047A101B6803F01003002B0AD07F4BD3F8883079
S31508047A2023F440727B685B697B491343C1F8883049
S31508047A307B681B6803F02003002B0AD0764BD3F827
S31508047A40883023F440627B689B6973491343C1F801
S31508047A5088307B681B6803F04003002B0AD06E4B02
S31508047A60D3F8883023F440527B68DB696A491343A8
S31508047A70C1F888307B681B6803F08003002B0AD0A2
S31508047A80654BD3F8883023F440427B681B6A624905
S31508047A901343C1F888307B681B6803F48073002B92
S31508047AA00AD05D4BD3F8883023F440327B685B6A8E
S31508047AB059491343C1F888307B681B6803F40033BB
S31508047AC0002B0AD0544BD3F89C3023F003027B686E
S31508047AD09B6A51491343C1F89C307B681B6803F4BD
S31508047AE00073002B0AD04C4BD3F8883023F4402279
S31508047AF07B68DB6A48491343C1F888307B681B688E
S31508047B0003F48063002B15D0434BD3F8883023F451
S31508047B1040127B681B6B40491343C1F888307B6865
S31508047B201B6BB3F5801F05D13B4BDB683A4A43F41C
S31508047B308013D3607B681B6803F40063002B15D09D
S31508047B40354BD3F8883023F440027B685B6B3249A3
S31508047B501343C1F888307B685B6BB3F5800F05D196
S31508047B602D4BDB682C4A43F48013D3607B681B686F
S31508047B7003F48053002B15D0274BD3F8883023F011
S31508047B8040727B689B6B24491343C1F888307B6831
S31508047B909B6BB3F1807F05D11F4BDB681E4A43F408
S31508047BA08013D3607B681B6803F40053002B15D03D
S31508047BB0194BD3F8883023F040627B68DB6B16498F
S31508047BC01343C1F888307B68DB6BB3F1006F05D1CA
S31508047BD0114BDB68104A43F48013D3607B681B6837
S31508047BE003F48043002B19D00B4BD3F8883023F0C9
S31508047BF040627B681B6C08491343C1F888307B686C
S31508047C001B6CB3F1006F09D1034BDB68024A43F4DA
S31508047C108013D36002E000BF001002407B681B6833
S31508047C2003F40043002B15D0294BD3F8883023F0EE
S31508047C3040527B685B6C26491343C1F888307B68DD
S31508047C405B6CB3F1805F05D1214BDB68204A43F4B2
S31508047C508033D3607B681B6803F48033002B15D00C
S31508047C601B4BD3F8883023F040427B689B6C184939
S31508047C701343C1F888307B689B6CB3F1804F05D1F8
S31508047C80134BDB68124A43F48033D3607B681B6862
S31508047C9003F48023002B15D00D4BD3F89C3023F422
S31508047CA040127B68DB6C0A491343C1F89C307B6835
S31508047CB0DB6CB3F5001F05D1054BDB68044A43F4B6
S31508047CC08013D360BB7C18461837BD4680BD00BFF9
S31508047CD00010024080B485B000AF78601C4B9B6BE3
S31508047CE01B4A43F480739363194B9B6B184A23F41A
S31508047CF0807393637B681A687B685B681A437B683E
S31508047D009B681343FB607B68DB68FA681343FB6074
S31508047D107B681B691B04FA681343FB600D4AFB68FE
S31508047D2053600C4B1B6823F4FE427B685B691B0299
S31508047D30084913430B60074B1B68064A43F0600364
S31508047D40136000BF1437BD465DF8047B704700BF57
S31508047D50001002400020004080B584B000AF78606F
S31508047D600123FB737B68002B70D07B6893F825305E
S31508047D70DBB2002B06D17B68002283F824207868BE
S31508047D80FAF7DAF97B68022283F825207B681B68F0
S31508047D90DB6803F01003102B4FD07B681B68CA22DC
S31508047DA05A627B681B6853225A62786800F044FA60
S31508047DB00346FB73FB7B002B26D17B681B689B69F8
S31508047DC07A68126823F08E6323F0400393617B6814
S31508047DD01B6899697B685A687B681B691A437B68C0
S31508047DE09B691A437B681B680A439A617B68D9684E
S31508047DF07B689B681A047B681B680A431A6178685F
S31508047E0000F050FA0346FB73FB7B002B10D17B680A
S31508047E101B689B6923F060417B681A6A7B68DB6987
S31508047E201A437B685B691A437B681B680A439A6131
S31508047E307B681B68FF225A6201E00023FB73FB7B05
S31508047E40002B03D17B68012283F82520FB7B184687
S31508047E501037BD4680BD90B587B000AFF860B960ED
S31508047E607A60FB6893F82430012B01D102238BE056
S31508047E70FB68012283F82420FB68022283F8252064
S31508047E80FB681B68CA225A62FB681B6853225A623B
S31508047E90F86800F0D1F90346FB74FB7C002B63D128
S31508047EA07B68002B26D1FB681B689B6903F040039B
S31508047EB0002B02D1BB680022DA70BB681B7818460F
S31508047EC000F033FA03461C04BB685B78184600F0D6
S31508047ED02CFA03461B021C43BB689B78184600F021
S31508047EE024FA034644EA0302BB68DB789B0513437A
S31508047EF07B6118E0FB681B689B6903F04003002B51
S31508047F0002D1BB680022DA70BB681B781A04BB6806
S31508047F105B781B021343BA6892781A43BB68DB780A
S31508047F209B0513437B61FB681A687B6903F07F33FF
S31508047F3023F0FE431360FB681B689A69FB681B6899
S31508047F4022F480229A61FB681B689969BB68DA681F
S31508047F50BB681B691A43FB681B680A439A61F8687D
S31508047F6000F0A0F90346FB74FB681B68FF225A62FB
S31508047F70FB7C002B03D1FB68012283F82520FB68D0
S31508047F80002283F82420FB7C18461C37BD4690BD86
S31508047F9080B586B000AFF860B9607A60FB681B6884
S31508047FA09A68BB685A60FB681B681B69C3F30E02B0
S31508047FB0BB689A60FB681B681B6803F07F3323F071
S31508047FC0FE437B617B691B0CDBB203F03F03DAB229
S31508047FD0BB681A707B691B0ADBB203F07F03DAB24B
S31508047FE0BB685A707B69DBB203F07F03DAB2BB68FD
S31508047FF09A707B699B0DDBB203F00103DAB2BB68A6
S31508048000DA707B68002B1AD1BB681B78184600F017
S31508048010ACF903461A46BB681A70BB685B781846FF
S3150804802000F0A3F903461A46BB685A70BB689B78E6
S31508048030184600F09AF903461A46BB689A70002354
S3150804804018461837BD4680BD90B587B000AFF860AE
S31508048050B9607A60FB6893F82430012B01D10223B6
S3150804806075E0FB68012283F82420FB68022283F862
S3150804807025207B68002B0ED1BB685B7803F01003C0
S31508048080002B08D0BB685B7823F01003DBB20A33F5
S31508048090DAB2BB685A707B68002B1CD1BB68DB78E4
S315080480A0184600F042F903461C04BB685B78184678
S315080480B000F03BF903461B021C43BB689B78184631
S315080480C000F033F9034644EA0302BB681B785B03F2
S315080480D013437B610EE0BB68DB781A04BB685B78E4
S315080480E01B021343BA6892781A43BB681B785B036E
S315080480F013437B61FB681B68CA225A62FB681B68C8
S3150804810053225A62F86800F097F80346FB74FB7C1E
S31508048110002B0CD1FB681A687B6923F07F4323F094
S31508048120C0035360F86800F0BDF80346FB74FB68A7
S315080481301B68FF225A62FB7C002B03D1FB680122D1
S3150804814083F82520FB68002283F82420FB7C184644
S315080481501C37BD4690BD80B586B000AFF860B960DF
S315080481607A60FB681B685B6823F07F4323F0C003CF
S315080481707B617B691B0CDAB2BB68DA707B691B0A04
S31508048180DBB203F01F03DAB2BB685A707B69DBB251
S3150804819003F03F03DAB2BB689A707B695B0BDBB208
S315080481A003F00703DAB2BB681A707B68002B1AD18E
S315080481B0BB68DB78184600F0D8F803461A46BB684D
S315080481C0DA70BB685B78184600F0CFF803461A469F
S315080481D0BB685A70BB689B78184600F0C6F8034615
S315080481E01A46BB689A70002318461837BD4680BDE0
S315080481F080B584B000AF78607B681B680D4ADA6086
S31508048200FBF756F9F86009E0FBF752F90246FB68F2
S31508048210D31AB3F57A7F01D9032307E07B681B6871
S31508048220DB6803F02003002BEED000231846103732
S31508048230BD4680BD5F00010080B584B000AF78609C
S315080482400023FB737B681B68DB6803F04003002B81
S3150804825023D17B681B68DA687B681B6842F0800256
S31508048260DA60FBF725F9B8600DE0FBF721F9024659
S31508048270BB68D31AB3F57A7F05D90323FB737B68E6
S31508048280032283F825207B681B68DB6803F0400318
S31508048290002B02D1FB7B032BE7D1FB7B1846103757
S315080482A0BD4680BD80B584B000AF78600023FB73FB
S315080482B07B681B68DA687B681B6822F08002DA60D0
S315080482C07B681B689B6903F02003002B0CD1786834
S315080482D0FFF78EFF0346002B22D07B68032283F820
S315080482E025200323FB731BE07B681B689A697B685C
S315080482F01B6822F020029A617868FFF779FF034623
S31508048300002B05D07B68032283F825200323FB73FF
S315080483107B681B689A697B681B6842F020029A612D
S31508048320FB7B18461037BD4680BD80B485B000AFC8
S315080483300346FB710023FB60FB79FB7205E0FB68CF
S315080483400133FB60FB7A0A3BFB72FB7A092BF6D8EE
S31508048350FB68DBB21B01DAB2FB7A1343DBB21846BD
S315080483601437BD465DF8047B704780B485B000AF0A
S315080483700346FB71FB791B09DBB21A4613469B00BD
S3150804838013445B00FB60FB68DAB2FB7903F00F0366
S31508048390DBB21344DBB218461437BD465DF8047BDA
S315080483A07047000080B487B000AFF860B9607A609F
S315080483B0074B7B61BB689B007A6913447B617B69C5
S315080483C07A681A6000BF1C37BD465DF8047B70479F
S315080483D00025004080B485B000AF78603960074B4B
S315080483E0FB603B689B00FA681344FB60FB681B68E8
S315080483F018461437BD465DF8047B704700250040CF
S3150804840080B584B000AF78607B68002B01D1012366
S315080484109DE07B685B6A002B08D17B685B68B3F5D3
S31508048420827F09D07B680022DA6105E07B68002236
S315080484301A617B6800225A617B6800229A627B680B
S3150804844093F85D30DBB2002B06D17B68002283F8F3
S315080484505C207868F9F728FF7B68022283F85D2098
S315080484607B681B681A687B681B6822F040021A60DE
S315080484707B68DB68B3F5E06F02D90023FB6002E092
S315080484804FF48053FB607B68DB68B3F5706F07D0E5
S315080484907B68DB68B3F5E06F02D07B6800229A62DA
S315080484A07B685B6803F482727B689B6803F4044305
S315080484B01A437B681B6903F002031A437B685B69EA
S315080484C003F001031A437B689B6903F400731A4398
S315080484D07B68DB6903F038031A437B681B6A03F07D
S315080484E0800342EA03017B689B6A03F400527B68B3
S315080484F01B680A431A607B689B691B0C03F0040219
S315080485007B685B6A03F010031A437B685B6B03F0B2
S3150804851008031A437B68DB6803F4706342EA0301C1
S31508048520FB6803F480527B681B680A435A607B68BD
S315080485301B68DA697B681B6822F40062DA617B6867
S3150804854000221A667B68012283F85D2000231846F8
S315080485501037BD4680BD80B588B000AFF860B960F5
S315080485603B601346FB80FAF7A3FFF861FB887B831D
S31508048570FB6893F85D30DBB2012B01D002235CE182
S31508048580BB68002B02D0FB88002B01D1012354E1E0
S31508048590FB6893F85C30012B01D102234DE1FB689B
S315080485A0012283F85C20FB68032283F85D20FB68BC
S315080485B000221A66FB68BA689A63FB68FA889A877F
S315080485C0FB68FA88DA87FB6800221A64FB680022CB
S315080485D0A3F84420FB680022A3F84620FB6800227F
S315080485E01A65FB680022DA64FB689B68B3F5004FDA
S315080485F00FD1FB681B681A68FB681B6822F04002E7
S315080486001A60FB681B681A68FB681B6842F4804298
S315080486101A60FB681B681B6803F04003402B07D0ED
S31508048620FB681B681A68FB681B6842F040021A60FC
S31508048630FB68DB68B3F5E06F52D9FB685B68002B0F
S3150804864002D07B8B012B45D1FB689B6B1A88FB6890
S315080486501B68DA60FB689B6B9A1CFB689A63FB6869
S31508048660DB8F9BB2013B9AB2FB68DA8732E0FB6880
S315080486701B689B6803F00203022B12D1FB689B6BF1
S315080486801A88FB681B68DA60FB689B6B9A1CFB6894
S315080486909A63FB68DB8F9BB2013B9AB2FB68DA8765
S315080486A018E0FAF705FF0246FB69D31A3A689A42B4
S315080486B003D83B68B3F1FF3F02D13B68002B09D1CD
S315080486C0FB68012283F85D20FB68002283F85C209E
S315080486D00323B2E0FB68DB8F9BB2002BC7D183E090
S315080486E0FB685B68002B02D07B8B012B77D1FB6878
S315080486F0DB8F9BB2012B12D9FB689B6B1A88FB682C
S315080487001B68DA60FB689B6B9A1CFB689A63FB68B8
S31508048710DB8F9BB2023B9AB2FB68DA875FE0FB68A1
S315080487209A6BFB681B680C3312781A70FB689B6B90
S315080487305A1CFB689A63FB68DB8F9BB2013B9AB2AF
S31508048740FB68DA874BE0FB681B689B6803F0020347
S31508048750022B2BD1FB68DB8F9BB2012B12D9FB684A
S315080487609B6B1A88FB681B68DA60FB689B6B9A1C10
S31508048770FB689A63FB68DB8F9BB2023B9AB2FB6881
S31508048780DA872CE0FB689A6BFB681B680C33127853
S315080487901A70FB689B6B5A1CFB689A63FB68DB8F31
S315080487A09BB2013B9AB2FB68DA8718E0FAF780FEB7
S315080487B00246FB69D31A3A689A4203D83B68B3F16E
S315080487C0FF3F02D13B68002B09D1FB68012283F8DD
S315080487D05D20FB68002283F85C2003232DE0FB68F8
S315080487E0DB8F9BB2002BAED1FA693968F86800F0C2
S315080487F065FB0346002B02D0FB6820221A66FB6839
S315080488009B68002B0AD100237B61FB681B68DB6825
S315080488107B61FB681B689B687B617B69FB6801223B
S3150804882083F85D20FB68002283F85C20FB681B6ED6
S31508048830002B01D0012300E0002318462037BD464B
S3150804884080BD80B58AB000AFF860B9607A607B8075
S3150804885001237B62FAF72CFE3862FB6893F85D30D5
S31508048860FB77FB685B68BB617B88FB827B88BB8282
S31508048870FB7F012B0CD0BB69B3F5827F06D1FB685D
S315080488809B68002B02D1FB7F042B01D00223F3E162
S31508048890BB68002B05D07B68002B02D07B88002B95
S315080488A001D10123E8E1FB6893F85C30012B01D17F
S315080488B00223E1E1FB68012283F85C20FB6893F854
S315080488C05D30DBB2042B03D0FB68052283F85D20F8
S315080488D0FB6800221A66FB687A681A64FB687A8859
S315080488E0A3F84620FB687A88A3F84420FB68BA688C
S315080488F09A63FB687A88DA87FB687A889A87FB68BA
S315080489000022DA64FB6800221A65FB68DB68B3F5A3
S31508048910E06F02D8BB8A012B08D9FB681B685A6822
S31508048920FB681B6822F480525A6007E0FB681B68E0
S315080489305A68FB681B6842F480525A60FB681B68D5
S315080489401B6803F04003402B07D0FB681B681A68B2
S31508048950FB681B6842F040021A60FB68DB68B3F5E3
S31508048960E06F40F28380FB685B68002B02D0FB8AC9
S31508048970012B6FD1FB689B6B1A88FB681B68DA604E
S31508048980FB689B6B9A1CFB689A63FB68DB8F9BB23C
S31508048990013B9AB2FB68DA875CE0FB681B689B6854
S315080489A003F00203022B1BD1FB68DB8F9BB2002B5F
S315080489B016D07B6A012B13D1FB689B6B1A88FB685C
S315080489C01B68DA60FB689B6B9A1CFB689A63FB68F6
S315080489D0DB8F9BB2013B9AB2FB68DA8700237B6282
S315080489E0FB681B689B6803F00103012B1CD1FB6819
S315080489F0B3F846309BB2002B16D0FB681B68DA68BE
S31508048A00FB681B6C92B21A80FB681B6C9A1CFB6889
S31508048A101A64FB68B3F846309BB2013B9AB2FB680A
S31508048A20A3F8462001237B62FAF742FD02463B6A15
S31508048A30D31A3A6B9A420DD83B6BB3F1FF3F09D070
S31508048A40FB68012283F85D20FB68002283F85C201A
S31508048A50032311E1FB68DB8F9BB2002B9DD1FB68D6
S31508048A60B3F846309BB2002B97D1E5E0FB685B6808
S31508048A70002B03D0FB8A012B40F0D180FB68DB8FE7
S31508048A809BB2012B12D9FB689B6B1A88FB681B687F
S31508048A90DA60FB689B6B9A1CFB689A63FB68DB8F3E
S31508048AA09BB2023B9AB2FB68DA87B8E0FB689A6B1A
S31508048AB0FB681B680C3312781A70FB689B6B5A1C8C
S31508048AC0FB689A63FB68DB8F9BB2013B9AB2FB682F
S31508048AD0DA87A4E0FB681B689B6803F00203022B91
S31508048AE034D1FB68DB8F9BB2002B2FD07B6A012B1A
S31508048AF02CD1FB68DB8F9BB2012B12D9FB689B6BCD
S31508048B001A88FB681B68DA60FB689B6B9A1CFB680F
S31508048B109A63FB68DB8F9BB2023B9AB2FB68DA87DF
S31508048B2012E0FB689A6BFB681B680C3312781A70A0
S31508048B30FB689B6B5A1CFB689A63FB68DB8F9BB2CA
S31508048B40013B9AB2FB68DA8700237B62FB681B68E1
S31508048B509B6803F00103012B48D1FB68B3F8463040
S31508048B609BB2002B42D0FB68B3F846309BB2012B6C
S31508048B7023D9FB681B68DA68FB681B6C92B21A80F7
S31508048B80FB681B6C9A1CFB681A64FB68B3F84630CE
S31508048B909BB2023B9AB2FB68A3F84620FB68B3F87B
S31508048BA046309BB2012B1FD8FB681B685A68FB68C2
S31508048BB01B6842F480525A6016E0FB681B6803F18E
S31508048BC00C02FB681B6C1278D2B21A70FB681B6C19
S31508048BD05A1CFB681A64FB68B3F846309BB2013B1F
S31508048BE09AB2FB68A3F8462001237B62FAF760FC75
S31508048BF002463B6AD31A3A6B9A4203D83B6BB3F1E3
S31508048C00FF3F02D13B6B002B09D1FB68012283F895
S31508048C105D20FB68002283F85C2003232CE0FB68B4
S31508048C20DB8F9BB2002B7FF455AFFB68B3F8463055
S31508048C309BB2002B7FF44EAF3A6A396BF86800F0A2
S31508048C403DF90346002B08D0FB6820221A66FB6808
S31508048C50002283F85C2001230EE0FB68012283F8D6
S31508048C605D20FB68002283F85C20FB681B6E002BE2
S31508048C7001D0012300E0002318462837BD4680BDED
S31508048C8080B588B000AFF860B9603B601346FB71E5
S31508048C90FAF70EFC0246BB6A9B1A3A681344FB6150
S31508048CA0FAF706FCB861394B1B685B011B0DFA69B8
S31508048CB002FB03F37B6154E03B68B3F1FF3F50D0FA
S31508048CC0FAF7F6FB0246BB69D31AFA699A4202D93D
S31508048CD0FB69002B3DD1FB681B685A68FB681B6857
S31508048CE022F0E0025A60FB685B68B3F5827F11D113
S31508048CF0FB689B68B3F5004F04D0FB689B68B3F523
S31508048D00806F07D1FB681B681A68FB681B6822F02A
S31508048D1040021A60FB689B6AB3F5005F0FD1FB68D3
S31508048D201B681A68FB681B6822F400521A60FB6801
S31508048D301B681A68FB681B6842F400521A60FB68D1
S31508048D40012283F85D20FB68002283F85C20032354
S31508048D5017E07B69002B01D10023FB617B69013B8A
S31508048D607B61FB681B689A68BB681340BA689A42B9
S31508048D700CBF01230023DBB21A46FB799A429BD126
S31508048D80002318462037BD4680BD00BF04000020D6
S31508048D9080B58AB000AFF860B9607A603B6000239A
S31508048DA0FB75FAF785FB02463B6B9B1A3A68134434
S31508048DB07B62FAF77DFB3862FB681B680C33FB6140
S31508048DC03D4B1A6813469B001344DA00D31A1B0D4D
S31508048DD07A6A02FB03F3BB6160E0BB68B3F5C06F54
S31508048DE007D17B68002B04D1FB691B78DBB2FB75C2
S31508048DF0FB7D3B68B3F1FF3F50D0FAF759FB0246B7
S31508048E003B6AD31A7A6A9A4202D97B6A002B3DD105
S31508048E10FB681B685A68FB681B6822F0E0025A6004
S31508048E20FB685B68B3F5827F11D1FB689B68B3F571
S31508048E30004F04D0FB689B68B3F5806F07D1FB68C5
S31508048E401B681A68FB681B6822F040021A60FB68F4
S31508048E509B6AB3F5005F0FD1FB681B681A68FB6849
S31508048E601B6822F400521A60FB681B681A68FB68C0
S31508048E701B6842F400521A60FB68012283F85D20DD
S31508048E80FB68002283F85C20032310E0BB69002BEF
S31508048E9001D100237B62BB69013BBB61FB681B688C
S31508048EA09A68BB6813407A689A4296D10023184692
S31508048EB02837BD4680BD00BF0400002080B586B0B3
S31508048EC002AFF860B9607A607B680093BB680022D9
S31508048ED04FF4C051F868FFF75BFF0346002B07D031
S31508048EE0FB681B6E43F02002FB681A66032327E01F
S31508048EF07B680093BB6800228021F868FFF7C0FEF0
S31508048F000346002B07D0FB681B6E43F02002FB6860
S31508048F101A66032314E07B680093BB6800224FF4A7
S31508048F20C061F868FFF734FF0346002B07D0FB68D7
S31508048F301B6E43F02002FB681A66032300E0002335
S31508048F4018461037BD4680BD80B582B000AF78603C
S31508048F507B68002B01D1012349E07B6893F83D30F7
S31508048F60DBB2002B06D17B68002283F83C207868A4
S31508048F70F9F71EFE7B68022283F83D207B681A688F
S31508048F807B6804331946104601F000FA7B6801220F
S31508048F9083F848207B68012283F83E207B680122F7
S31508048FA083F83F207B68012283F840207B680122EE
S31508048FB083F841207B68012283F842207B680122DA
S31508048FC083F843207B68012283F844207B680122C6
S31508048FD083F845207B68012283F846207B680122B2
S31508048FE083F847207B68012283F83D20002318462E
S31508048FF00837BD4680BD80B582B000AF78607B680F
S31508049000002B01D1012349E07B6893F83D30DBB29C
S31508049010002B06D17B68002283F83C20786800F090
S3150804902041F87B68022283F83D207B681A687B68CE
S3150804903004331946104601F0A9F97B68012283F81E
S3150804904048207B68012283F83E207B68012283F846
S315080490503F207B68012283F840207B68012283F83D
S3150804906041207B68012283F842207B68012283F829
S3150804907043207B68012283F844207B68012283F815
S3150804908045207B68012283F846207B68012283F801
S3150804909047207B68012283F83D20002318460837B9
S315080490A0BD4680BD80B483B000AF786000BF0C377E
S315080490B0BD465DF8047B704780B584B000AF786020
S315080490C039603B68002B09D17B6893F83E30DBB2E4
S315080490D0012B14BF01230023DBB23CE03B68042BBD
S315080490E009D17B6893F83F30DBB2012B14BF012307
S315080490F00023DBB22FE03B68082B09D17B6893F881
S315080491004030DBB2012B14BF01230023DBB222E07B
S315080491103B680C2B09D17B6893F84130DBB2012BF1
S3150804912014BF01230023DBB215E03B68102B09D1D9
S315080491307B6893F84230DBB2012B14BF012300236A
S31508049140DBB208E07B6893F84330DBB2012B14BF2B
S3150804915001230023DBB2002B01D00123A6E03B68E0
S31508049160002B04D17B68022283F83E2023E03B6867
S31508049170042B04D17B68022283F83F201BE03B685A
S31508049180082B04D17B68022283F8402013E03B684D
S315080491900C2B04D17B68022283F841200BE03B6840
S315080491A0102B04D17B68022283F8422003E07B68F3
S315080491B0022283F843207B681B6801223968184613
S315080491C001F05EFD7B681B683A4A934218D07B68B7
S315080491D01B68394A934213D07B681B68374A934203
S315080491E00ED07B681B68364A934209D07B681B6895
S315080491F0344A934204D07B681B68334A934201D1AC
S31508049200012300E00023002B07D07B681B685A6CF7
S315080492107B681B6842F400425A647B681B68254ACB
S31508049220934222D07B681B68B3F1804F1DD07B68BC
S315080492301B68264A934218D07B681B68244A9342C3
S3150804924013D07B681B68234A93420ED07B681B683D
S31508049250194A934209D07B681B68184A934204D07A
S315080492607B681B68184A934215D17B681B689A6801
S31508049270194B1340FB60FB68062B15D0FB68B3F546
S31508049280803F11D07B681B681A687B681B6842F0AC
S3150804929001021A6008E07B681B681A687B681B6809
S315080492A042F001021A6000E000BF00231846103796
S315080492B0BD4680BD002C01400034014000400140F9
S315080492C000440140004801400050014000040040A9
S315080492D000080040000C00400700010080B582B079
S315080492E000AF786039607B681B68002239681846C5
S315080492F001F0C6FC7B681B68404A934218D07B6819
S315080493001B683F4A934213D07B681B683D4A9342C5
S315080493100ED07B681B683C4A934209D07B681B685D
S315080493203A4A934204D07B681B68394A934201D16E
S31508049330012300E00023002B17D07B681B681A6AF8
S3150804934041F211131340002B0FD17B681B681A6A6C
S3150804935044F244431340002B07D17B681B685A6CBC
S315080493607B681B6822F400425A647B681B681A6A85
S3150804937041F211131340002B0FD17B681B681A6A3C
S3150804938044F244431340002B07D17B681B681A68D0
S315080493907B681B6822F001021A603B68002B04D123
S315080493A07B68012283F83E2023E03B68042B04D122
S315080493B07B68012283F83F201BE03B68082B04D115
S315080493C07B68012283F8402013E03B680C2B04D108
S315080493D07B68012283F841200BE03B68102B04D1FB
S315080493E07B68012283F8422003E07B68012283F824
S315080493F04320002318460837BD4680BD002C01408B
S315080494000034014000400140004401400048014046
S315080494100050014080B586B000AFF860B9607A6044
S315080494207B800023FB75BB68002B09D1FB6893F886
S315080494303E30DBB2022B0CBF01230023DBB23CE037
S31508049440BB68042B09D1FB6893F83F30DBB2022BC7
S315080494500CBF01230023DBB22FE0BB68082B09D11C
S31508049460FB6893F84030DBB2022B0CBF01230023C0
S31508049470DBB222E0BB680C2B09D1FB6893F84130B8
S31508049480DBB2022B0CBF01230023DBB215E0BB6859
S31508049490102B09D1FB6893F84230DBB2022B0CBFC0
S315080494A001230023DBB208E0FB6893F84330DBB200
S315080494B0022B0CBF01230023DBB2002B01D00223AD
S315080494C0B5E1BB68002B09D1FB6893F83E30DBB2E3
S315080494D0012B0CBF01230023DBB23CE0BB68042B41
S315080494E009D1FB6893F83F30DBB2012B0CBF01238B
S315080494F00023DBB22FE0BB68082B09D1FB6893F87D
S315080495004030DBB2012B0CBF01230023DBB222E07F
S31508049510BB680C2B09D1FB6893F84130DBB2012BED
S315080495200CBF01230023DBB215E0BB68102B09D15D
S31508049530FB6893F84230DBB2012B0CBF01230023EE
S31508049540DBB208E0FB6893F84330DBB2012B0CBFAF
S3150804955001230023DBB2002B34D07B68002B02D016
S315080495607B88002B01D1012361E1BB68002B04D160
S31508049570FB68022283F83E2026E0BB68042B04D14C
S31508049580FB68022283F83F201EE0BB68082B04D13F
S31508049590FB68022283F8402016E0BB680C2B04D132
S315080495A0FB68022283F841200EE0BB68102B04D125
S315080495B0FB68022283F8422006E0FB68022283F84D
S315080495C0432001E0012332E1BB680C2B00F2AE8094
S315080495D001A252F823F000BF0D9604082D9704083B
S315080495E02D9704082D970408559604082D97040802
S315080495F02D9704082D9704089D9604082D970408AA
S315080496002D9704082D970408E5960408FB685B6AF9
S31508049610894ADA62FB685B6A884A1A63FB685B6A8A
S31508049620874A5A63FB68586A7968FB681B68343347
S315080496301A467B88FCF756F80346002B01D001230B
S31508049640F5E0FB681B68DA68FB681B6842F400727D
S31508049650DA606EE0FB689B6A774ADA62FB689B6AA3
S31508049660764A1A63FB689B6A754A5A63FB68986A62
S315080496707968FB681B6838331A467B88FCF732F826
S315080496800346002B01D00123D1E0FB681B68DA6886
S31508049690FB681B6842F48062DA604AE0FB68DB6AAE
S315080496A0654ADA62FB68DB6A644A1A63FB68DB6A42
S315080496B0634A5A63FB68D86A7968FB681B683C3353
S315080496C01A467B88FCF70EF80346002B01D00123C3
S315080496D0ADE0FB681B68DA68FB681B6842F4006245
S315080496E0DA6026E0FB681B6B534ADA62FB681B6B7D
S315080496F0524A1A63FB681B6B514A5A63FB68186B18
S315080497007968FB681B6840331A467B88FBF7EAFFCF
S315080497100346002B01D0012389E0FB681B68DA683D
S31508049720FB681B6842F48052DA6002E00123FB7589
S3150804973000BFFB7D002B79D1FB681B680122B96841
S31508049740184601F09DFAFB681B683E4A934218D0F6
S31508049750FB681B683C4A934213D0FB681B683B4A68
S3150804976093420ED0FB681B68394A934209D0FB68BA
S315080497701B68384A934204D0FB681B68364A9342EE
S3150804978001D1012300E00023002B07D0FB681B68E6
S315080497905A6CFB681B6842F400425A64FB681B68EF
S315080497A0284A934222D0FB681B68B3F1804F1DD028
S315080497B0FB681B68294A934218D0FB681B68284A29
S315080497C0934213D0FB681B68264A93420ED0FB6863
S315080497D01B681D4A934209D0FB681B681B4A9342BF
S315080497E004D0FB681B681C4A934215D1FB681B68A6
S315080497F09A681D4B13403B613B69062B15D03B69A0
S31508049800B3F5803F11D0FB681B681A68FB681B68B0
S3150804981042F001021A6008E0FB681B681A68FB68D4
S315080498201B6842F001021A6000E000BFFB7D18467F
S315080498301837BD4680BD00BF7BA2040823A30408CD
S31508049840E9A10408002C014000340140004001400D
S315080498500044014000480140005001400004004013
S3150804986000080040000C00400700010080B584B0E1
S3150804987000AF786039600023FB733B680C2B55D81E
S3150804988001A252F823F000BFBD9804082D990408D4
S315080498902D9904082D990408D99804082D990408C3
S315080498A02D9904082D990408F59804082D99040897
S315080498B02D9904082D990408119904087B681B68D6
S315080498C0DA687B681B6822F40072DA607B685B6A74
S315080498D01846FBF7DBFF2CE07B681B68DA687B68B5
S315080498E01B6822F48062DA607B689B6A1846FBF779
S315080498F0CDFF1EE07B681B68DA687B681B6822F468
S315080499000062DA607B68DB6A1846FBF7BFFF10E083
S315080499107B681B68DA687B681B6822F48052DA6005
S315080499207B681B6B1846FBF7B1FF02E00123FB7348
S3150804993000BFFB7B002B40F086807B681B680022F7
S315080499403968184601F09CF97B681B68404A9342BB
S3150804995018D07B681B683F4A934213D07B681B6800
S315080499603D4A93420ED07B681B683C4A934209D011
S315080499707B681B683A4A934204D07B681B68394A59
S31508049980934201D1012300E00023002B17D07B6802
S315080499901B681A6A41F211131340002B0FD17B6816
S315080499A01B681A6A44F244431340002B07D17B68A8
S315080499B01B685A6C7B681B6822F400425A647B68ED
S315080499C01B681A6A41F211131340002B0FD17B68E6
S315080499D01B681A6A44F244431340002B07D17B6878
S315080499E01B681A687B681B6822F001021A603B68C8
S315080499F0002B04D17B68012283F83E2023E03B68D0
S31508049A00042B04D17B68012283F83F201BE03B68C2
S31508049A10082B04D17B68012283F8402013E03B68B5
S31508049A200C2B04D17B68012283F841200BE03B68A8
S31508049A30102B04D17B68012283F8422003E07B685B
S31508049A40012283F84320FB7B18461037BD4680BDA8
S31508049A50002C01400034014000400140004401400C
S31508049A60004801400050014080B584B000AF7860DA
S31508049A707B681B68DB68FB607B681B681B69BB60CB
S31508049A80BB6803F00203002B20D0FB6803F0020333
S31508049A90002B1BD07B681B686FF002021A617B6877
S31508049AA001221A777B681B689B6903F00303002B62
S31508049AB003D0786800F066FB05E0786800F058FB88
S31508049AC0786800F069FB7B6800221A77BB6803F0A4
S31508049AD00403002B20D0FB6803F00403002B1BD0DF
S31508049AE07B681B686FF004021A617B6802221A7786
S31508049AF07B681B689B6903F44073002B03D0786862
S31508049B0000F040FB05E0786800F032FB786800F066
S31508049B1043FB7B6800221A77BB6803F00803002B13
S31508049B2020D0FB6803F00803002B1BD07B681B6856
S31508049B306FF008021A617B6804221A777B681B682F
S31508049B40DB6903F00303002B03D0786800F01AFBE3
S31508049B5005E0786800F00CFB786800F01DFB7B686C
S31508049B6000221A77BB6803F01003002B20D0FB6889
S31508049B7003F01003002B1BD07B681B686FF01002E0
S31508049B801A617B6808221A777B681B68DB6903F409
S31508049B904073002B03D0786800F0F4FA05E078687F
S31508049BA000F0E6FA786800F0F7FA7B6800221A777C
S31508049BB0BB6803F00103002B0CD0FB6803F0010318
S31508049BC0002B07D07B681B686FF001021A6178685E
S31508049BD000F0C4FABB6803F08003002B04D1BB6809
S31508049BE003F40053002B0CD0FB6803F08003002B0E
S31508049BF007D07B681B686FF402521A61786801F013
S31508049C00CCFABB6803F48073002B0CD0FB6803F012
S31508049C108003002B07D07B681B686FF480721A6177
S31508049C20786801F0C4FABB6803F04003002B0CD033
S31508049C30FB6803F04003002B07D07B681B686FF0B2
S31508049C4040021A61786800F0BBFABB6803F0200387
S31508049C50002B0CD0FB6803F02003002B07D07B688D
S31508049C601B686FF020021A61786801F08CFABB68E9
S31508049C7003F48013002B0CD0FB6803F48013002B29
S31508049C8007D07B681B686FF480121A61786801F044
S31508049C9098FABB6803F40013002B0CD0FB6803F492
S31508049CA00013002B07D07B681B686FF400121A6137
S31508049CB0786801F090FABB6803F48003002B0CD093
S31508049CC0FB6803F48003002B07D07B681B686FF4DA
S31508049CD080021A61786801F088FABB6803F4000305
S31508049CE0002B0CD0FB6803F40003002B07D07B6819
S31508049CF01B686FF400021A61786801F080FA00BFE5
S31508049D001037BD4680BD000080B586B000AFF86048
S31508049D10B9607A600023FB75FB6893F83C30012B25
S31508049D2001D10223FFE0FB68012283F83C207B680B
S31508049D30142B00F2F08001A252F823F0919D040836
S31508049D40179F0408179F0408179F0408D19D040841
S31508049D50179F0408179F0408179F0408139E0408EE
S31508049D60179F0408179F0408179F0408539E04089E
S31508049D70179F0408179F0408179F0408959E04084C
S31508049D80179F0408179F0408179F0408D59E0408FC
S31508049D90FB681B68B968184600F0ACFBFB681B68CF
S31508049DA09A69FB681B6842F008029A61FB681B689B
S31508049DB09A69FB681B6822F004029A61FB681B68AF
S31508049DC09969BB681A69FB681B680A439A61A5E026
S31508049DD0FB681B68B968184600F026FCFB681B6814
S31508049DE09A69FB681B6842F400629A61FB681B68FF
S31508049DF09A69FB681B6822F480629A61FB681B688F
S31508049E009969BB681B691A02FB681B680A439A614D
S31508049E1084E0FB681B68B968184600F099FCFB687F
S31508049E201B68DA69FB681B6842F00802DA61FB689A
S31508049E301B68DA69FB681B6822F00402DA61FB68AE
S31508049E401B68D969BB681A69FB681B680A43DA6127
S31508049E5064E0FB681B68B968184600F00BFDFB68EC
S31508049E601B68DA69FB681B6842F40062DA61FB68FE
S31508049E701B68DA69FB681B6822F48062DA61FB688E
S31508049E801B68D969BB681B691A02FB681B680A4305
S31508049E90DA6143E0FB681B68B968184600F07EFD82
S31508049EA0FB681B681A6DFB681B6842F008021A6592
S31508049EB0FB681B681A6DFB681B6822F004021A65A6
S31508049EC0FB681B68196DBB681A69FB681B680A433B
S31508049ED01A6523E0FB681B68B968184600F0C8FDD4
S31508049EE0FB681B681A6DFB681B6842F400621A65F6
S31508049EF0FB681B681A6DFB681B6822F480621A6586
S31508049F00FB681B68196DBB681B691A02FB681B682A
S31508049F100A431A6502E00123FB7500BFFB680022A9
S31508049F2083F83C20FB7D18461837BD4680BD00BF24
S31508049F3080B584B000AF786039600023FB737B6812
S31508049F4093F83C30012B01D10223F6E07B68012209
S31508049F5083F83C207B68022283F83D207B681B68D3
S31508049F609B68BB60BB6823F4441323F07703BB6088
S31508049F70BB6823F47F43BB607B681B68BA689A6036
S31508049F803B681B686F4A934200F0C1806D4A93424E
S31508049F9000F2C6806C4A934200F0B9806A4A93423A
S31508049FA000F2BE80694A934200F0B180674A934240
S31508049FB000F2B680664A934200F0A980644A934246
S31508049FC000F2AE80634A934200F0A180614A93424C
S31508049FD000F2A680604A934200F099805E4A934252
S31508049FE000F29E80B3F1101F00F09180B3F1101FA8
S31508049FF000F29680B3F5801F00F08980B3F5801FC0
S3150804A00000F28E80B3F5005F3ED0B3F5005F00F230
S3150804A0108780B3F5805F00F08680B3F5805F7FD8CC
S3150804A020702B1AD0702B7BD8602B50D0602B77D826
S3150804A030502B3CD0502B73D8402B58D0402B6FD87C
S3150804A040302B64D0302B6BD8202B60D0202B67D8CC
S3150804A050002B5CD0102B5AD062E07B6818683B68EA
S3150804A06099683B685A683B68DB6800F0E9FD7B68D9
S3150804A0701B689B68BB60BB6843F07703BB607B685F
S3150804A0801B68BA689A604FE07B6818683B689968E9
S3150804A0903B685A683B68DB6800F0D2FD7B681B683E
S3150804A0A09A687B681B6842F480429A603CE07B6845
S3150804A0B018683B6859683B68DB681A4600F044FD33
S3150804A0C07B681B685021184600F09DFD2CE07B68D0
S3150804A0D018683B6859683B68DB681A4600F063FDF4
S3150804A0E07B681B686021184600F08DFD1CE07B68C0
S3150804A0F018683B6859683B68DB681A4600F024FD13
S3150804A1007B681B684021184600F07DFD0CE07B68DF
S3150804A1101A683B681B681946104600F074FD03E08C
S3150804A1200123FB7300E000BF7B68012283F83D200E
S3150804A1307B68002283F83C20FB7B18461037BD4613
S3150804A14080BD00BF700010006000100050001000B1
S3150804A15040001000300010002000100080B483B0C6
S3150804A16000AF786000BF0C37BD465DF8047B7047C6
S3150804A17080B483B000AF786000BF0C37BD465DF885
S3150804A180047B704780B483B000AF786000BF0C3797
S3150804A190BD465DF8047B704780B483B000AF786031
S3150804A1A000BF0C37BD465DF8047B704780B483B0A6
S3150804A1B000AF786000BF0C37BD465DF8047B704776
S3150804A1C080B483B000AF786000BF0C37BD465DF835
S3150804A1D0047B704780B483B000AF786000BF0C3747
S3150804A1E0BD465DF8047B704780B584B000AF7860DF
S3150804A1F07B689B6AFB60FB685B6A7A689A4207D14C
S3150804A200FB6801221A77FB68012283F83E202AE0BC
S3150804A210FB689B6A7A689A4207D1FB6802221A7716
S3150804A220FB68012283F83F201DE0FB68DB6A7A6835
S3150804A2309A4207D1FB6804221A77FB68012283F83D
S3150804A240402010E0FB681B6B7A689A4207D1FB68CA
S3150804A25008221A77FB68012283F8412003E0FB6889
S3150804A260012283F83D20F868FFF7B4FFFB68002253
S3150804A2701A7700BF1037BD4680BD80B584B000AFDD
S3150804A28078607B689B6AFB60FB685B6A7A689A42BB
S3150804A2900BD1FB6801221A777B68DB69002B36D160
S3150804A2A0FB68012283F83E2031E0FB689B6A7A68E2
S3150804A2B09A420BD1FB6802221A777B68DB69002B6A
S3150804A2C025D1FB68012283F83F2020E0FB68DB6A7E
S3150804A2D07A689A420BD1FB6804221A777B68DB6991
S3150804A2E0002B14D1FB68012283F840200FE0FB6899
S3150804A2F01B6B7A689A420AD1FB6808221A777B682C
S3150804A300DB69002B03D1FB68012283F84120F86836
S3150804A310FFF742FFFB6800221A7700BF1037BD46D5
S3150804A32080BD80B584B000AF78607B689B6AFB60AB
S3150804A330FB685B6A7A689A4203D1FB6801221A773A
S3150804A34019E0FB689B6A7A689A4203D1FB68022281
S3150804A3501A7710E0FB68DB6A7A689A4203D1FB68CD
S3150804A36004221A7707E0FB681B6B7A689A4202D1C3
S3150804A370FB6808221A77F868FFF718FFFB680022BB
S3150804A3801A7700BF1037BD4680BD000080B485B07B
S3150804A39000AF786039607B681B68FB607B684C4A51
S3150804A3A0934217D07B68B3F1804F13D07B68494A30
S3150804A3B093420FD07B68484A93420BD07B68474A3E
S3150804A3C0934207D07B68464A934203D07B68454A42
S3150804A3D0934208D1FB6823F07003FB603B685B6813
S3150804A3E0FA681343FB607B68394A934223D07B6837
S3150804A3F0B3F1804F1FD07B68364A93421BD07B68E3
S3150804A400354A934217D07B68344A934213D07B6803
S3150804A410334A93420FD07B68334A93420BD07B6806
S3150804A420324A934207D07B68314A934203D07B6809
S3150804A4302C4A934208D1FB6823F44073FB603B68BB
S3150804A440DB68FA681343FB60FB6823F080023B6809
S3150804A4505B691343FB607B68FA681A603B689A6811
S3150804A4607B68DA623B681A687B689A627B68184A72
S3150804A470934213D07B681A4A93420FD07B681A4AD0
S3150804A48093420BD07B68194A934207D07B68184AD3
S3150804A490934203D07B68134A934203D13B681A69F3
S3150804A4A07B681A637B6801225A617B681B6903F01F
S3150804A4B00103012B05D17B681B6923F001027B6824
S3150804A4C01A6100BF1437BD465DF8047B704700BFA8
S3150804A4D0002C01400004004000080040000C004025
S3150804A4E0003401400050014000400140004401404E
S3150804A4F00048014080B487B000AF786039607B6853
S3150804A5001B6A7B617B681B6A23F001027B681A62FB
S3150804A5107B685B683B617B689B69FB60FB6823F42B
S3150804A520803323F07003FB60FB6823F00303FB60AE
S3150804A5303B681B68FA681343FB607B6923F00203D4
S3150804A5407B613B689B687A6913437B617B68304A05
S3150804A550934213D07B682F4A93420FD07B682E4AC6
S3150804A56093420BD07B682D4A934207D07B682C4ACA
S3150804A570934203D07B682B4A93420CD17B6923F020
S3150804A58008037B613B68DB687A6913437B617B69F3
S3150804A59023F004037B617B681D4A934213D07B68CE
S3150804A5A01C4A93420FD07B681B4A93420BD07B68A4
S3150804A5B01A4A934207D07B68194A934203D07B68A8
S3150804A5C0184A934211D13B6923F480733B613B6972
S3150804A5D023F400733B613B685B693A6913433B6147
S3150804A5E03B689B693A6913433B617B683A695A60DD
S3150804A5F07B68FA689A613B685A687B685A637B6821
S3150804A6007A691A6200BF1C37BD465DF8047B704739
S3150804A610002C014000340140004001400044014040
S3150804A620004801400050014080B487B000AF78600C
S3150804A63039607B681B6A7B617B681B6A23F010029E
S3150804A6407B681A627B685B683B617B689B69FB6015
S3150804A650FB6823F0807323F4E043FB60FB6823F470
S3150804A6604073FB603B681B681B02FA681343FB6074
S3150804A6707B6923F020037B613B689B681B017A692D
S3150804A68013437B617B682C4A934207D07B682B4A29
S3150804A690934203D07B682A4A93420DD17B6923F0FF
S3150804A6A080037B613B68DB681B017A6913437B6122
S3150804A6B07B6923F040037B617B681F4A934213D06E
S3150804A6C07B681E4A93420FD07B681E4A93420BD07E
S3150804A6D07B681D4A934207D07B681C4A934203D081
S3150804A6E07B68174A934213D13B6923F480633B6121
S3150804A6F03B6923F400633B613B685B699B003A69E9
S3150804A70013433B613B689B699B003A6913433B616E
S3150804A7107B683A695A607B68FA689A613B685A6842
S3150804A7207B689A637B687A691A6200BF1C37BD46E0
S3150804A7305DF8047B704700BF002C014000340140DB
S3150804A74000500140004001400044014000480140D7
S3150804A75080B487B000AF786039607B681B6A7B6118
S3150804A7607B681B6A23F480727B681A627B685B6861
S3150804A7703B617B68DB69FB60FB6823F4803323F069
S3150804A7807003FB60FB6823F00303FB603B681B68EC
S3150804A790FA681343FB607B6923F400737B613B68A7
S3150804A7A09B681B027A6913437B617B682B4A934235
S3150804A7B007D07B682A4A934203D07B68294A934286
S3150804A7C00DD17B6923F400637B613B68DB681B025C
S3150804A7D07A6913437B617B6923F480637B617B68B5
S3150804A7E01E4A934213D07B681D4A93420FD07B6856
S3150804A7F01D4A93420BD07B681C4A934207D07B6858
S3150804A8001B4A934203D07B68164A934213D13B6989
S3150804A81023F480533B613B6923F400533B613B6853
S3150804A8205B691B013A6913433B613B689B691B01DE
S3150804A8303A6913433B617B683A695A607B68FA68EC
S3150804A840DA613B685A687B68DA637B687A691A62F4
S3150804A85000BF1C37BD465DF8047B7047002C0140D9
S3150804A86000340140005001400040014000440140CA
S3150804A8700048014080B487B000AF786039607B68CF
S3150804A8801B6A7B617B681B6A23F480527B681A62A5
S3150804A8907B685B683B617B68DB69FB60FB6823F06C
S3150804A8A0807323F4E043FB60FB6823F44073FB6086
S3150804A8B03B681B681B02FA681343FB607B6923F435
S3150804A8C000537B613B689B681B037A6913437B616E
S3150804A8D07B682C4A934207D07B682B4A934203D061
S3150804A8E07B682A4A93420DD17B6923F400437B6132
S3150804A8F03B68DB681B037A6913437B617B6923F432
S3150804A90080437B617B681F4A934213D07B681E4A47
S3150804A91093420FD07B681E4A93420BD07B681D4A2C
S3150804A920934207D07B681C4A934203D07B68174A34
S3150804A930934213D13B6923F480433B613B6923F477
S3150804A94000433B613B685B699B013A6913433B617E
S3150804A9503B689B699B013A6913433B617B683A6987
S3150804A9605A607B68FA68DA613B685A687B681A64D5
S3150804A9707B687A691A6200BF1C37BD465DF8047B9A
S3150804A980704700BF002C01400034014000500140CC
S3150804A99000400140004401400048014080B487B0AB
S3150804A9A000AF786039607B681B6A3B617B681B6A09
S3150804A9B023F480327B681A627B685B687B617B68F8
S3150804A9C01B6DFB60FB6823F4803323F07003FB6084
S3150804A9D03B681B68FA681343FB603B6923F400333E
S3150804A9E03B613B689B681B043A6913433B617B687C
S3150804A9F0194A934213D07B68184A93420FD07B684E
S3150804AA00174A93420BD07B68164A934207D07B6851
S3150804AA10154A934203D07B68144A934209D17B6949
S3150804AA2023F480337B613B685B691B027A691343B1
S3150804AA307B617B687A695A607B68FA681A653B6841
S3150804AA405A687B689A647B683A691A6200BF1C373D
S3150804AA50BD465DF8047B7047002C01400034014074
S3150804AA6000400140004401400048014000500140B4
S3150804AA7080B487B000AF786039607B681B6A3B6135
S3150804AA807B681B6A23F480127B681A627B685B689E
S3150804AA907B617B681B6DFB60FB6823F0807323F482
S3150804AAA0E043FB603B681B681B02FA681343FB60C0
S3150804AAB03B6923F400133B613B689B681B053A69B1
S3150804AAC013433B617B681A4A934213D07B68194A3D
S3150804AAD093420FD07B68184A93420BD07B68174A77
S3150804AAE0934207D07B68164A934203D07B68154A7B
S3150804AAF0934209D17B6923F480237B613B685B69B4
S3150804AB009B027A6913437B617B687A695A607B681E
S3150804AB10FA681A653B685A687B68DA647B683A6936
S3150804AB201A6200BF1C37BD465DF8047B704700BF38
S3150804AB30002C01400034014000400140004401401B
S3150804AB40004801400050014080B487B000AFF86067
S3150804AB50B9607A60FB681B6A7B61FB681B6A23F031
S3150804AB600102FB681A62FB689B693B613B6923F037
S3150804AB70F0033B617B681B013A6913433B617B69BC
S3150804AB8023F00A037B617A69BB6813437B61FB681C
S3150804AB903A699A61FB687A691A6200BF1C37BD462E
S3150804ABA05DF8047B704780B487B000AFF860B9607D
S3150804ABB07A60FB681B6A7B61FB681B6A23F01002D8
S3150804ABC0FB681A62FB689B693B613B6923F4704323
S3150804ABD03B617B681B033A6913433B617B6923F03A
S3150804ABE0A0037B61BB681B017A6913437B61FB681D
S3150804ABF03A699A61FB687A691A6200BF1C37BD46CE
S3150804AC005DF8047B704780B485B000AF786039601E
S3150804AC107B689B68FB60FB6823F4401323F070038E
S3150804AC20FB603A68FB68134343F00703FB607B68E1
S3150804AC30FA689A6000BF1437BD465DF8047B70470E
S3150804AC4080B487B000AFF860B9607A603B60FB688F
S3150804AC509B687B617B6923F47F437B613B681A02AB
S3150804AC607B681A43BB6813437A6913437B61FB68A1
S3150804AC707A699A6000BF1C37BD465DF8047B704745
S3150804AC8080B487B000AFF860B9607A60BB6803F037
S3150804AC901F03012202FA03F37B61FB681A6A7B69C4
S3150804ACA0DB431A40FB681A62FB681A6ABB6803F03E
S3150804ACB01F03796801FA03F31A43FB681A6200BF93
S3150804ACC01C37BD465DF8047B7047000080B584B028
S3150804ACD000AF786039603B68002B09D17B6893F82C
S3150804ACE04430DBB2012B14BF01230023DBB222E07C
S3150804ACF03B68042B09D17B6893F84530DBB2012BFA
S3150804AD0014BF01230023DBB215E03B68082B09D1E5
S3150804AD107B6893F84630DBB2012B14BF012300236A
S3150804AD20DBB208E07B6893F84730DBB2012B14BF2B
S3150804AD3001230023DBB2002B01D0012373E03B6817
S3150804AD40002B04D17B68022283F8442013E03B6875
S3150804AD50042B04D17B68022283F845200BE03B6868
S3150804AD60082B04D17B68022283F8462003E07B681B
S3150804AD70022283F847207B681B6804223968184630
S3150804AD8000F047FA7B681B685A6C7B681B6842F4B8
S3150804AD9000425A647B681B68254A934222D07B6822
S3150804ADA01B68B3F1804F1DD07B681B68214A934208
S3150804ADB018D07B681B68204A934213D07B681B68AB
S3150804ADC01E4A93420ED07B681B681D4A934209D0DB
S3150804ADD07B681B681B4A934204D07B681B681A4A23
S3150804ADE0934215D17B681B689A68184B1340FB601D
S3150804ADF0FB68062B15D0FB68B3F5803F11D07B683A
S3150804AE001B681A687B681B6842F001021A6008E02E
S3150804AE107B681B681A687B681B6842F001021A6023
S3150804AE2000E000BF002318461037BD4680BD00BFAA
S3150804AE30002C01400004004000080040000C0040BB
S3150804AE400034014000400140005001400700010061
S3150804AE5080B582B000AF786039607B681B680022D1
S3150804AE603968184600F0D5F97B681B681A6A41F2F6
S3150804AE7011131340002B0FD17B681B681A6A44F21E
S3150804AE8044431340002B07D17B681B685A6C7B68C4
S3150804AE901B6822F400425A647B681B681A6A41F2EA
S3150804AEA011131340002B0FD17B681B681A6A44F2EE
S3150804AEB044431340002B07D17B681B681A687B68D8
S3150804AEC01B6822F001021A603B68002B04D17B68D8
S3150804AED0012283F8442013E03B68042B04D17B68E1
S3150804AEE0012283F845200BE03B68082B04D17B68D4
S3150804AEF0012283F8462003E07B68012283F8472071
S3150804AF00002318460837BD4680BD000080B485B0C6
S3150804AF1000AF786039607B6893F83C30012B01D127
S3150804AF20022374E07B68012283F83C207B680222B2
S3150804AF3083F83D207B681B685B68FB607B681B683D
S3150804AF409B68BB607B681B68344A934209D07B685C
S3150804AF501B68334A934204D07B681B68314A934280
S3150804AF6008D1FB6823F47003FB603B685B68FA68E6
S3150804AF701343FB60FB6823F0007323F07003FB6044
S3150804AF803B681B68FA681343FB607B681B68FA68AE
S3150804AF905A607B681B68214A934222D07B681B68E7
S3150804AFA0B3F1804F1DD07B681B681F4A934218D0A3
S3150804AFB07B681B681D4A934213D07B681B681C4A2E
S3150804AFC093420ED07B681B68154A934209D07B6866
S3150804AFD01B68184A934204D07B681B68114A93423B
S3150804AFE00CD1BB6823F08003BB603B689B68BA68D6
S3150804AFF01343BB607B681B68BA689A607B68012246
S3150804B00083F83D207B68002283F83C2000231846F9
S3150804B0101437BD465DF8047B704700BF002C014019
S3150804B020003401400050014000040040000800407C
S3150804B030000C00400040014080B485B000AF786041
S3150804B04039600023FB607B6893F83C30012B01D1FF
S3150804B050022378E07B68012283F83C20FB6823F00E
S3150804B060FF023B68DB681343FB60FB6823F440720A
S3150804B0703B689B681343FB60FB6823F480623B6868
S3150804B0805B681343FB60FB6823F400623B681B6838
S3150804B0901343FB60FB6823F480523B681B69134324
S3150804B0A0FB60FB6823F400523B685B691343FB604F
S3150804B0B0FB6823F480423B681B6B1343FB60FB6805
S3150804B0C023F470223B689B691B041343FB60FB68EB
S3150804B0D023F080523B68DB691343FB607B681B687B
S3150804B0E01C4A934209D07B681B681B4A934204D0C6
S3150804B0F07B681B68194A93421CD1FB6823F47002C7
S3150804B1003B689B6A1B051343FB60FB6823F080724C
S3150804B1103B681B6A1343FB60FB6823F000723B68B9
S3150804B1205B6A1343FB60FB6823F000523B68DB6AE7
S3150804B1301343FB607B681B68FA685A647B680022C1
S3150804B14083F83C20002318461437BD465DF8047B73
S3150804B150704700BF002C01400034014000500140F4
S3150804B16080B483B000AF78607B681B685A6D7B68CF
S3150804B1701B6842F400325A65002318460C37BD464C
S3150804B1805DF8047B704780B483B000AF786000BF75
S3150804B1900C37BD465DF8047B704780B483B000AFB6
S3150804B1A0786000BF0C37BD465DF8047B704780B4F1
S3150804B1B083B000AF786000BF0C37BD465DF8047BEA
S3150804B1C0704780B483B000AF786000BF0C37BD46C3
S3150804B1D05DF8047B704780B483B000AF786000BF25
S3150804B1E00C37BD465DF8047B704780B483B000AF66
S3150804B1F0786000BF0C37BD465DF8047B704780B4A1
S3150804B20083B000AF786000BF0C37BD465DF8047B99
S3150804B210704780B487B000AFF860B9607A60BB68DD
S3150804B22003F00F03042202FA03F37B61FB681A6A2C
S3150804B2307B69DB431A40FB681A62FB681A6ABB68B7
S3150804B24003F00F03796801FA03F31A43FB681A62D9
S3150804B25000BF1C37BD465DF8047B704780B582B0D5
S3150804B26000AF78607B68002B01D1012342E07B683C
S3150804B270D3F88830002B06D17B68002283F8842013
S3150804B2807868F7F731FF7B682422C3F888207B683F
S3150804B2901B681A687B681B6822F001021A607B68BF
S3150804B2A09B6A002B02D0786801F096F8786800F05B
S3150804B2B097FD0346012B01D101231BE07B681B681C
S3150804B2C05A687B681B6822F490425A607B681B683C
S3150804B2D09A687B681B6822F02A029A607B681B6856
S3150804B2E01A687B681B6842F001021A60786801F0E4
S3150804B2F015F9034618460837BD4680BD80B58AB099
S3150804B30002AFF860B9603B601346FB80FB68D3F86C
S3150804B3108830202B7BD1BB68002B02D0FB88002BFE
S3150804B32001D1012374E0FB680022C3F89020FB686E
S3150804B3302122C3F88820F8F7BBF87861FB68FA88F5
S3150804B340A3F85420FB68FA88A3F85620FB689B6880
S3150804B350B3F5805F08D1FB681B69002B04D1002371
S3150804B360FB61BB68BB6103E0BB68FB610023BB618F
S3150804B37030E03B6800937B6900228021F86801F07D
S3150804B38077F90346002B05D0FB682022C3F88820EA
S3150804B39003233DE0FB69002B0BD1BB691B881A46C6
S3150804B3A0FB681B68C2F308029A62BB690233BB6175
S3150804B3B007E0FB691A78FB681B689A62FB69013324
S3150804B3C0FB61FB68B3F856309BB2013B9AB2FB6843
S3150804B3D0A3F85620FB68B3F856309BB2002BC8D1A5
S3150804B3E03B6800937B6900224021F86801F040F924
S3150804B3F00346002B05D0FB682022C3F888200323C4
S3150804B40006E0FB682022C3F88820002300E0022314
S3150804B41018462037BD4680BD80B58AB000AFF860AF
S3150804B420B9601346FB80FB68D3F88830202B67D1B4
S3150804B430BB68002B02D0FB88002B01D1012360E0F6
S3150804B440FB68BA681A65FB68FA88A3F85420FB688F
S3150804B450FA88A3F85620FB680022C3F89020FB68F4
S3150804B4602122C3F88820FB68DB6F002B28D0FB68F1
S3150804B470DB6F264ADA62FB68DB6F254A1A63FB68C8
S3150804B480DB6F244A5A63FB68DB6F00229A63FB6806
S3150804B490D86FFB681B6D1946FB681B6828331A4668
S3150804B4A0FB88FAF71FF90346002B09D0FB6810221C
S3150804B4B0C3F89020FB682022C3F88820012320E0E3
S3150804B4C0FB681B6840221A62FB681B6808337B61A9
S3150804B4D07B6953E8003F3B613B6943F080037B6229
S3150804B4E0FB681B6808337A6A3A62FB61F9693A6A47
S3150804B4F041E80023BB61BB69002BE5D1002300E0CA
S3150804B500022318462837BD4680BD00BFE7C904088C
S3150804B51081CA040807CC040880B58AB000AFF8606D
S3150804B520B9601346FB80FB68D3F88C30202B37D1DF
S3150804B530BB68002B02D0FB88002B01D1012330E025
S3150804B540FB680022DA66FB681B68184A93421FD018
S3150804B550FB681B685B6803F40003002B18D0FB68C0
S3150804B5601B687B617B6953E8003F3B613B6943F099
S3150804B57080637B62FB681B681A467B6A3B62FA61D6
S3150804B580F9693A6A41E80023BB61BB69002BE6D135
S3150804B590FB881A46B968F86801F0D8F8034600E04B
S3150804B5A0022318462837BD4680BD00BF00800040E8
S3150804B5B080B590B000AF78607B68D3F88830FB63B9
S3150804B5C07B68D3F88C30BB637B681B689B6803F085
S3150804B5D08003802B39D1FB6B212B36D17B681B6802
S3150804B5E008333B623B6A53E8003FFB61FB6923F07F
S3150804B5F080037B637B681B6808337A6BFA62BB62D9
S3150804B600B96AFA6A41E800237B627B6A002BE5D1B2
S3150804B6107B68DB6F002B15D07B68DB6F1846FAF75F
S3150804B620DCF80346002B0DD07B68DB6F1846FAF767
S3150804B63043FA0346202B05D17B681022C3F89020D1
S3150804B640032347E0786801F027F97B681B689B6841
S3150804B65003F04003402B3CD1BB6B222B39D17B68CA
S3150804B6601B680833FB60FB6853E8003FBB60BB6894
S3150804B67023F040033B637B681B6808333A6BBA6163
S3150804B6807B617969BA6941E800233B613B69002B10
S3150804B690E5D17B68D3F88030002B17D07B68D3F8C4
S3150804B6A080301846FAF799F80346002B0ED07B68C3
S3150804B6B0D3F880301846FAF7FFF90346202B05D14C
S3150804B6C07B681022C3F89020032303E0786801F00E
S3150804B6D024F9002318464037BD4680BD80B5BAB064
S3150804B6E000AF78607B681B68DB69C7F8E4307B6861
S3150804B6F01B681B68C7F8E0307B681B689B68C7F83B
S3150804B700DC30D7F8E42040F60F031340C7F8D830E6
S3150804B710D7F8D830002B1BD1D7F8E43003F0200330
S3150804B720002B15D0D7F8E03003F02003002B05D101
S3150804B730D7F8DC3003F08053002B09D07B685B6FA5
S3150804B740002B00F000837B685B6F78689847FAE201
S3150804B750D7F8D830002B00F02381D7F8DC208D4B9E
S3150804B7601340002B06D1D7F8E0208B4B1340002B4F
S3150804B77000F01681D7F8E43003F00103002B11D04A
S3150804B780D7F8E03003F48073002B0BD07B681B6872
S3150804B79001221A627B68D3F8903043F001027B6871
S3150804B7A0C3F89020D7F8E43003F00203002B11D035
S3150804B7B0D7F8DC3003F00103002B0BD07B681B6839
S3150804B7C002221A627B68D3F8903043F004027B683D
S3150804B7D0C3F89020D7F8E43003F00403002B11D003
S3150804B7E0D7F8DC3003F00103002B0BD07B681B6809
S3150804B7F004221A627B68D3F8903043F002027B680D
S3150804B800C3F89020D7F8E43003F00803002B17D0C8
S3150804B810D7F8E03003F02003002B05D1D7F8DC2055
S3150804B8205C4B1340002B0BD07B681B6808221A62FA
S3150804B8307B68D3F8903043F008027B68C3F89020FD
S3150804B840D7F8E43003F40063002B12D0D7F8E030BD
S3150804B85003F08063002B0CD07B681B684FF40062EE
S3150804B8601A627B68D3F8903043F020027B68C3F8E9
S3150804B87090207B68D3F89030002B00F06682D7F8C6
S3150804B880E43003F02003002B13D0D7F8E03003F09C
S3150804B8902003002B05D1D7F8DC3003F08053002BA6
S3150804B8A007D07B685B6F002B03D07B685B6F786877
S3150804B8B098477B68D3F89030C7F8D4307B681B6800
S3150804B8C09B6803F04003402B05D0D7F8D43003F027
S3150804B8D02803002B54D0786801F01FF87B681B688E
S3150804B8E09B6803F04003402B46D17B681B680833EA
S3150804B8F0C7F89C30D7F89C3053E8003FC7F898300F
S3150804B900D7F8983023F04003C7F8D0307B681B6813
S3150804B9100833D7F8D020C7F8A820C7F8A430D7F832
S3150804B920A410D7F8A82041E80023C7F8A030D7F810
S3150804B930A030002BD9D17B68D3F88030002B17D0E0
S3150804B9407B68D3F88030154A9A637B68D3F88030CD
S3150804B9501846F9F79BFF0346002B19D07B68D3F8E2
S3150804B96080309B6B7A68D2F88020104698470FE09F
S3150804B970786800F009FA0BE0786800F005FA07E041
S3150804B980786800F001FA7B680022C3F89020DCE1AD
S3150804B99000BFDAE1010000102001000487CC040886
S3150804B9A07B68DB6E012B40F07081D7F8E43003F036
S3150804B9B01003002B00F06981D7F8E03003F0100378
S3150804B9C0002B00F062817B681B6810221A627B6870
S3150804B9D01B689B6803F04003402B40F0D8807B68C3
S3150804B9E0D3F880301B685B68A7F8BE30B7F8BE305A
S3150804B9F0002B00F0AF807B68B3F85C30B7F8BE2044
S3150804BA009A4280F0A7807B68B7F8BE20A3F85E2028
S3150804BA107B68D3F880301B681B6803F02003002B6F
S3150804BA2040F087807B681B68C7F88830D7F8883069
S3150804BA3053E8003FC7F88430D7F8843023F480737A
S3150804BA40C7F8B8307B681B681A46D7F8B830C7F801
S3150804BA509430C7F89020D7F89010D7F8942041E886
S3150804BA600023C7F88C30D7F88C30002BDAD17B68E2
S3150804BA701B6808337B677B6F53E8003F3B673B6F64
S3150804BA8023F00103C7F8B4307B681B680833D7F87A
S3150804BA90B420C7F88020FB67F96FD7F8802041E8FF
S3150804BAA00023BB67BB6F002BE1D17B681B68083397
S3150804BAB03B663B6E53E8003FFB65FB6D23F0400392
S3150804BAC0C7F8B0307B681B680833D7F8B020FA6625
S3150804BAD0BB66B96EFA6E41E800237B667B6E002B63
S3150804BAE0E3D17B682022C3F88C207B680022DA66BF
S3150804BAF07B681B68FB64FB6C53E8003FBB64BB6C48
S3150804BB0023F01003C7F8AC307B681B681A46D7F8CD
S3150804BB10AC30BB657A65796DBA6D41E800233B653F
S3150804BB203B6D002BE4D17B68D3F880301846F9F7CF
S3150804BB3054FE7B6802221A677B68B3F85C207B682C
S3150804BB40B3F85E309BB2D31A9BB21946786800F0F4
S3150804BB5025F9FCE07B68B3F85C30B7F8BE209A4256
S3150804BB6040F0F5807B68D3F880301B681B6803F0C7
S3150804BB702003202B40F0EB807B6802221A677B683F
S3150804BB80B3F85C301946786800F008F9DFE07B689A
S3150804BB90B3F85C207B68B3F85E309BB2D31AA7F877
S3150804BBA0CE307B68B3F85E309BB2002B00F0D180B0
S3150804BBB0B7F8CE30002B00F0CC807B681B68BB63DB
S3150804BBC0BB6B53E8003F7B637B6B23F49073C7F826
S3150804BBD0C8307B681B681A46D7F8C8307B643A6451
S3150804BBE0396C7A6C41E80023FB63FB6B002BE4D1C8
S3150804BBF07B681B6808337B627B6A53E8003F3B62B9
S3150804BC003B6A23F0805323F00103C7F8C4307B68EA
S3150804BC101B680833D7F8C4203A63FB62F96A3A6B9F
S3150804BC2041E80023BB62BB6A002BE1D17B68202272
S3150804BC30C3F88C207B680022DA667B6800225A6780
S3150804BC407B681B683B613B6953E8003FFB60FB6804
S3150804BC5023F01003C7F8C0307B681B681A46D7F868
S3150804BC60C030FB61BA61B969FA6941E800237B61AE
S3150804BC707B69002BE4D17B6802221A67B7F8CE30B9
S3150804BC801946786800F08AF863E0D7F8E43003F4D4
S3150804BC908013002B0ED0D7F8DC3003F48003002B76
S3150804BCA008D07B681B684FF480121A62786801F022
S3150804BCB090F851E0D7F8E43003F08003002B14D051
S3150804BCC0D7F8E03003F08003002B05D1D7F8DC3031
S3150804BCD003F40003002B08D07B689B6F002B3AD033
S3150804BCE07B689B6F7868984735E0D7F8E43003F0AB
S3150804BCF04003002B09D0D7F8E03003F04003002BAB
S3150804BD0003D0786800F0D1FF26E0D7F8E43003F4CE
S3150804BD100003002B09D0D7F8E03003F08043002B4A
S3150804BD2003D0786801F069F816E0D7F8E43003F030
S3150804BD308073002B10D0D7F8E030002B0CDA786823
S3150804BD4001F051F808E000BF06E000BF04E000BFB8
S3150804BD5002E000BF00E000BFE837BD4680BD00BF73
S3150804BD6080B483B000AF786000BF0C37BD465DF879
S3150804BD70047B704780B483B000AF786000BF0C378B
S3150804BD80BD465DF8047B704780B483B000AF786025
S3150804BD9000BF0C37BD465DF8047B704780B483B09A
S3150804BDA000AF78600B467B8000BF0C37BD465DF854
S3150804BDB0047B704780B485B000AF78607B68D3F89D
S3150804BDC08830FB607B68D3F88C30BB60FA68BB6844
S3150804BDD0134318461437BD465DF8047B70470000C4
S3150804BDE02DE9B04F8CB000AF7861002387F82A306C
S3150804BDF07B699A687B691B691A437B695B691A4381
S3150804BE007B69DB691343FB627B691B681A68AA4B67
S3150804BE1013407A691268F96A0B4313607B691B68D5
S3150804BE205B6823F440517B69DA687B691B680A43BB
S3150804BE305A607B699B69FB627B691B689F4A9342CC
S3150804BE4004D07B691B6AFA6A1343FB627B691B6825
S3150804BE509B6823F06E4323F430637A691268F96A9F
S3150804BE600B4393607B691B68DB6A23F00F017B69CC
S3150804BE705A6A7B691B680A43DA627B691B68904ABB
S3150804BE80934225D18F4BD3F8883003F00303032B51
S3150804BE901AD801A252F823F0A9BE0408B9BE0408A8
S3150804BEA0B1BE0408C1BE0408012387F82B3016E185
S3150804BEB0022387F82B3012E1042387F82B300EE18E
S3150804BEC0082387F82B300AE1102387F82B3006E17C
S3150804BED07B691B687C4A934238D17A4BD3F88830FD
S3150804BEE003F00C030C2B2DD801A252F823F000BF43
S3150804BEF025BF040845BF040845BF040845BF040810
S3150804BF0035BF040845BF040845BF040845BF0408EF
S3150804BF102DBF040845BF040845BF040845BF0408E7
S3150804BF203DBF0408002387F82B30D8E0022387F89E
S3150804BF302B30D4E0042387F82B30D0E0082387F885
S3150804BF402B30CCE0102387F82B30C8E07B691B68BC
S3150804BF505E4A934225D15B4BD3F8883003F030030D
S3150804BF60302B16D0302B18D8202B0AD0202B14D8D7
S3150804BF70002B02D0102B08D00FE0002387F82B30B3
S3150804BF80ADE0022387F82B30A9E0042387F82B3089
S3150804BF90A5E0082387F82B30A1E0102387F82B3077
S3150804BFA09DE07B691B684A4A934225D1454BD3F8E1
S3150804BFB0883003F0C003C02B16D0C02B18D8802BAA
S3150804BFC00AD0802B14D8002B02D0402B08D00FE0BF
S3150804BFD0002387F82B3082E0022387F82B307EE093
S3150804BFE0042387F82B307AE0082387F82B3076E089
S3150804BFF0102387F82B3072E07B691B68354A934215
S3150804C0002AD1304BD3F8883003F44073B3F5407F14
S3150804C0101AD0B3F5407F1BD8B3F5007F0CD0B3F51F
S3150804C020007F15D8002B03D0B3F5807F08D00FE026
S3150804C030002387F82B3052E0022387F82B304EE092
S3150804C040042387F82B304AE0082387F82B3046E088
S3150804C050102387F82B3042E07B691B68174A934202
S3150804C0603AD1184BD3F8883003F44063B3F5406FDC
S3150804C0701AD0B3F5406F1BD8B3F5006F0CD0B3F5DF
S3150804C080006F15D8002B03D0B3F5806F08D00FE0E6
S3150804C090002387F82B3022E0022387F82B301EE092
S3150804C0A0042387F82B301AE0082387F82B3016E088
S3150804C0B0102387F82B3012E0F369FFCF0080004085
S3150804C0C00038014000100240004400400048004087
S3150804C0D0004C004000500040102387F82B307B6941
S3150804C0E01B68AE4A934240F0978097F82B30082B8A
S3150804C0F023D801A252F823F01DC104083BC1040841
S3150804C10025C104083BC104082BC104083BC1040823
S3150804C1103BC104083BC1040833C10408FBF71AFBF6
S3150804C120786210E09E4B7B620DE0FBF7A5FA786215
S3150804C13009E04FF400437B6205E000237B62012398
S3150804C14087F82A3000BF7B6A002B00F030817B69B0
S3150804C1505B6A944A32F813301A467B6AB3FBF2F3E5
S3150804C160BB617B695A6813465B001344BA699A42F1
S3150804C17005D37B695B681B03BA699A4203D9012311
S3150804C18087F82A3013E17B6A0022BB60FA607B6970
S3150804C1905B6A844A32F813309BB200223B607A60A9
S3150804C1A0D7E90023D7E90201F4F7D6FD02460B4680
S3150804C1B0104619464FF000024FF000030B0243EAFB
S3150804C1C01063020279694968490800200C46054645
S3150804C1D012EB040843EB05097B695B6800229A465F
S3150804C1E0934652465B4640464946F4F7B5FD024631
S3150804C1F00B4613463B623B6AB3F5407F08D33B6A5A
S3150804C200B3F5801F04D27B691B683A6ADA60CEE00C
S3150804C210012387F82A30CAE07B69DB69B3F5004F46
S3150804C22066D197F82B30082B27D801A252F823F0A9
S3150804C23055C204085DC2040865C204087BC2040822
S3150804C2406BC204087BC204087BC204087BC20408C8
S3150804C25073C20408FBF77EFA786214E0FBF790FAD7
S3150804C260786210E04E4B7B620DE0FBF705FA7862C4
S3150804C27009E04FF400437B6205E000237B62012357
S3150804C28087F82A3000BF7B6A002B00F090807B6910
S3150804C2905B6A444A32F813301A467B6AB3FBF2F3F4
S3150804C2A05A007B695B685B081A447B695B68B2FB66
S3150804C2B0F3F33B623B6A0F2B16D93B6AB3F5803F0F
S3150804C2C012D23B6A9BB223F00F03FB833B6A5B08DB
S3150804C2D09BB203F007039AB2FB8B1343FB837B6978
S3150804C2E01B68FA8BDA6062E0012387F82A305EE07D
S3150804C2F097F82B30082B28D801A252F823F000BF50
S3150804C30025C304082DC3040835C304084BC304080D
S3150804C3103BC304084BC304084BC304084BC30408B3
S3150804C32043C30408FBF716FA786214E0FBF728FA05
S3150804C330786210E01A4B7B620DE0FBF79DF9786290
S3150804C34009E04FF400437B6205E000237B62012386
S3150804C35087F82A3000BF7B6A002B28D07B695B6A82
S3150804C360104A32F813301A467B6AB3FBF2F27B6939
S3150804C3705B685B081A447B695B68B2FBF3F33B6250
S3150804C3803B6A0F2B10D93B6AB3F5803F0CD23B6A44
S3150804C3909AB27B691B68DA6009E000BF0080004036
S3150804C3A00024F400FCF10608012387F82A307B6987
S3150804C3B00122A3F86A207B690122A3F868207B6915
S3150804C3C000225A677B6900229A6797F82A3018462A
S3150804C3D03037BD46BDE8B08F80B483B000AF78600F
S3150804C3E07B689B6A03F00803002B0AD07B681B68EA
S3150804C3F05B6823F400417B689A6B7B681B680A4375
S3150804C4005A607B689B6A03F00103002B0AD07B6899
S3150804C4101B685B6823F400317B68DA6A7B681B68EF
S3150804C4200A435A607B689B6A03F00203002B0AD00E
S3150804C4307B681B685B6823F480317B681A6B7B68AE
S3150804C4401B680A435A607B689B6A03F00403002B43
S3150804C4500AD07B681B685B6823F480217B685A6B67
S3150804C4607B681B680A435A607B689B6A03F010035F
S3150804C470002B0AD07B681B689B6823F480517B6871
S3150804C480DA6B7B681B680A439A607B689B6A03F0CD
S3150804C4902003002B0AD07B681B689B6823F4005191
S3150804C4A07B681A6C7B681B680A439A607B689B6A7C
S3150804C4B003F04003002B1AD07B681B685B6823F4DF
S3150804C4C080117B685A6C7B681B680A435A607B68D0
S3150804C4D05B6CB3F5801F0AD17B681B685B6823F421
S3150804C4E0C0017B689A6C7B681B680A435A607B6840
S3150804C4F09B6A03F08003002B0AD07B681B685B6881
S3150804C50023F400217B68DA6C7B681B680A435A604B
S3150804C51000BF0C37BD465DF8047B704780B598B0FC
S3150804C52002AF78607B680022C3F89020F6F7C0FF54
S3150804C53078657B681B681B6803F00803082B2FD1F2
S3150804C5406FF07E4300937B6D00224FF400117868E8
S3150804C55000F08EF80346002B22D07B681B68BB6369
S3150804C560BB6B53E8003F7B637B6B23F080033B651F
S3150804C5707B681B681A463B6D7B643A64396C7A6C33
S3150804C58041E80023FB63FB6B002BE6D17B68202282
S3150804C590C3F888207B68002283F88420032363E099
S3150804C5A07B681B681B6803F00403042B49D16FF0EE
S3150804C5B07E4300937B6D00224FF48001786800F077
S3150804C5C057F80346002B3CD07B681B687B627B6A62
S3150804C5D053E8003F3B623B6A23F49073FB647B6831
S3150804C5E01B681A46FB6C3B63FA62F96A3A6B41E8C4
S3150804C5F00023BB62BB6A002BE6D17B681B68083341
S3150804C6003B613B6953E8003FFB60FB6823F0010389
S3150804C610BB647B681B680833BA6CFA61BB61B96989
S3150804C620FA6941E800237B617B69002BE5D17B68C5
S3150804C6302022C3F88C207B68002283F884200323F5
S3150804C64012E07B682022C3F888207B682022C3F87E
S3150804C6508C207B680022DA667B6800221A677B686E
S3150804C660002283F88420002318465837BD4680BD27
S3150804C67080B584B000AFF860B9603B601346FB71BF
S3150804C6804FE0BB69B3F1FF3F4BD0F6F711FF024603
S3150804C6903B68D31ABA699A4202D3BB69002B01D103
S3150804C6A003234EE0FB681B681B6803F00403002B96
S3150804C6B037D0BB68802B34D0BB68402B31D0FB689D
S3150804C6C01B68DB6903F00803082B10D1FB681B6899
S3150804C6D008221A62F86800F020F9FB680822C3F8F1
S3150804C6E09020FB68002283F88420012329E0FB6854
S3150804C6F01B68DB6903F40063B3F5006F11D1FB68AB
S3150804C7001B684FF400621A62F86800F006F9FB68C1
S3150804C7102022C3F89020FB68002283F88420032390
S3150804C7200FE0FB681B68DA69BB681340BA689A426B
S3150804C7300CBF01230023DBB21A46FB799A42A0D028
S3150804C740002318461037BD4680BD000080B596B054
S3150804C75000AFF860B9601346FB80FB68BA689A654F
S3150804C760FB68FA88A3F85C20FB680022C3F89020CB
S3150804C770FB682222C3F88C20FB68D3F88030002B90
S3150804C7802DD0FB68D3F88030404ADA62FB68D3F8C8
S3150804C79080303F4A1A63FB68D3F880303D4A5A63AF
S3150804C7A0FB68D3F8803000229A63FB68D3F88000CC
S3150804C7B0FB681B6824331946FB689B6D1A46FB887D
S3150804C7C0F8F790FF0346002B09D0FB681022C3F83C
S3150804C7D09020FB682022C3F88C20012351E0FB68D3
S3150804C7E01B69002B18D0FB681B68FB63FB6B53E8BB
S3150804C7F0003FBB63BB6B43F480737B65FB681B68B4
S3150804C8001A467B6DBB647A64796CBA6C41E800237A
S3150804C8103B643B6C002BE6D1FB681B680833BB62A0
S3150804C820BB6A53E8003F7B627B6A43F001033B65BE
S3150804C830FB681B6808333A6D7A633B63396B7A6B1A
S3150804C84041E80023FB62FB6A002BE5D1FB681B6801
S3150804C85008337B617B6953E8003F3B613B6943F0DE
S3150804C8604003FB64FB681B680833FA6C3A62FB6195
S3150804C870F9693A6A41E80023BB61BB69002BE5D133
S3150804C880002318465837BD4680BD00BF9DCA040814
S3150804C890C9CB040807CC040880B48FB000AF78600D
S3150804C8A07B681B683B623B6A53E8003FFB61FB6994
S3150804C8B023F0C0037B637B681B681A467B6BFB62A9
S3150804C8C0BA62B96AFA6A41E800237B627B6A002B7A
S3150804C8D0E6D17B681B680833FB60FB6853E8003FB6
S3150804C8E0BB60BB6823F400033B637B681B6808339F
S3150804C8F03A6BBA617B617969BA6941E800233B619D
S3150804C9003B69002BE5D17B682022C3F8882000BF49
S3150804C9103C37BD465DF8047B704780B495B000AFDC
S3150804C92078607B681B687B637B6B53E8003F3B63DB
S3150804C9303B6B23F49073FB647B681B681A46FB6C99
S3150804C9403B64FA63F96B3A6C41E80023BB63BB6B3F
S3150804C950002BE6D17B681B6808333B623B6A53E8C5
S3150804C960003FFB61FB6923F0805323F00103BB649A
S3150804C9707B681B680833BA6CFA62BB62B96AFA6ADE
S3150804C98041E800237B627B6A002BE3D17B68DB6E7C
S3150804C990012B18D17B681B68FB60FB6853E8003FD2
S3150804C9A0BB60BB6823F010037B647B681B681A466C
S3150804C9B07B6CBB617A617969BA6941E800233B619A
S3150804C9C03B69002BE6D17B682022C3F88C207B6860
S3150804C9D00022DA667B6800225A6700BF5437BD46D0
S3150804C9E05DF8047B704780B590B000AF78607B68CB
S3150804C9F09B6AFB637B681B681B6803F02003002B98
S3150804CA0037D1FB6B0022A3F85620FB6B1B6808334F
S3150804CA107B627B6A53E8003F3B623B6A23F08003F0
S3150804CA20BB63FB6B1B680833BA6B3A63FB62F96A30
S3150804CA303A6B41E80023BB62BB6A002BE5D1FB6B6A
S3150804CA401B683B613B6953E8003FFB60FB6843F0A6
S3150804CA5040037B63FB6B1B681A467B6BFB61BA61FD
S3150804CA60B969FA6941E800237B617B69002BE6D141
S3150804CA7002E0F86B13F09AFD00BF4037BD4680BD4F
S3150804CA8080B584B000AF78607B689B6AFB60F86801
S3150804CA90FFF766F900BF1037BD4680BD80B59CB068
S3150804CAA000AF78607B689B6AFB667B681B681B68BB
S3150804CAB003F02003002B71D1FB6E0022A3F85E203D
S3150804CAC0FB6E1B68FB64FB6C53E8003FBB64BB6CE2
S3150804CAD023F48073BB66FB6E1B681A46BB6EBB6584
S3150804CAE07A65796DBA6D41E800233B653B6D002B89
S3150804CAF0E6D1FB6E1B680833BB63BB6B53E8003F88
S3150804CB007B637B6B23F001037B66FB6E1B68083330
S3150804CB107A6E7A643B64396C7A6C41E80023FB6369
S3150804CB20FB6B002BE5D1FB6E1B6808337B627B6AC3
S3150804CB3053E8003F3B623B6A23F040033B66FB6EC7
S3150804CB401B6808333A6E3A63FB62F96A3A6B41E842
S3150804CB500023BB62BB6A002BE5D1FB6E2022C3F817
S3150804CB608C20FB6EDB6E012B18D1FB6E1B683B61B8
S3150804CB703B6953E8003FFB60FB6823F01003FB6541
S3150804CB80FB6E1B681A46FB6DFB61BA61B969FA69E3
S3150804CB9041E800237B617B69002BE6D1FB6E00220A
S3150804CBA01A67FB6EDB6E012B07D1FB6EB3F85C309C
S3150804CBB01946F86EFFF7F2F802E0F86E13F0DEFC99
S3150804CBC000BF7037BD4680BD80B584B000AF7860BD
S3150804CBD07B689B6AFB60FB6801221A67FB68DB6E4D
S3150804CBE0012B09D1FB68B3F85C305B089BB2194684
S3150804CBF0F868FFF7D3F802E0F868FFF7BBF800BF58
S3150804CC001037BD4680BD80B586B000AF78607B68B6
S3150804CC109B6A7B617B69D3F888303B617B69D3F86F
S3150804CC208C30FB607B691B689B6803F08003802B50
S3150804CC3009D13B69212B06D17B690022A3F856202A
S3150804CC407869FFF729FE7B691B689B6803F0400334
S3150804CC50402B09D1FB68222B06D17B690022A3F855
S3150804CC605E207869FFF759FE7B69D3F8903043F064
S3150804CC7010027B69C3F890207869FFF785F800BF2E
S3150804CC801837BD4680BD80B584B000AF78607B6830
S3150804CC909B6AFB60FB680022A3F85E20F868FFF72E
S3150804CCA073F800BF1037BD4680BD80B588B000AFA5
S3150804CCB078607B681B68FB60FB6853E8003FBB60D1
S3150804CCC0BB6823F04003FB617B681B681A46FB6953
S3150804CCD0BB617A617969BA6941E800233B613B69BA
S3150804CCE0002BE6D17B682022C3F888207B680022C3
S3150804CCF09A67786813F05AFC00BF2037BD4680BD92
S3150804CD0080B586B000AFF860B9607A603B60FB68AE
S3150804CD10002B01D1012358E0FB68D3F88830002B97
S3150804CD2006D1FB68002283F88420F868F6F7DCF954
S3150804CD30FB682422C3F88820FB681B681A68FB680A
S3150804CD401B6822F001021A60FB689B6A002B02D05A
S3150804CD50F868FFF741FBF868FFF742F80346012B2A
S3150804CD6001D1012331E0FB681B689A68FB681B68DC
S3150804CD7042F480429A60FB681B689B6823F400416E
S3150804CD80FB681B68BA680A439A607B685B057B6123
S3150804CD903B681B047A6913437B61FB681B681B6841
S3150804CDA023F07F7323F44033FA68126879690B43D6
S3150804CDB01360FB681B681A68FB681B6842F001026B
S3150804CDC01A60F868FFF7AAFB034618461837BD46E3
S3150804CDD080BD80B483B000AF786000BF0C37BD4611
S3150804CDE05DF8047B704780B483B000AF786000BFF9
S3150804CDF00C37BD465DF8047B704780B483B000AF3A
S3150804CE00786000BF0C37BD465DF8047B704780B474
S3150804CE1085B000AF78607B6893F88430012B01D124
S3150804CE20022327E07B68012283F884207B68242276
S3150804CE30C3F888207B681B681B68FB607B681B68D3
S3150804CE401A687B681B6822F001021A60FB6823F0E3
S3150804CE500053FB607B6800225A667B681B68FA6885
S3150804CE601A607B682022C3F888207B68002283F82E
S3150804CE708420002318461437BD465DF8047B7047A2
S3150804CE8080B584B000AF786039607B6893F88430E5
S3150804CE90012B01D102232DE07B68012283F884202B
S3150804CEA07B682422C3F888207B681B681B68FB60A0
S3150804CEB07B681B681A687B681B6822F001021A6083
S3150804CEC07B681B689B6823F060417B681B683A682B
S3150804CED00A439A60786800F04FF87B681B68FA681A
S3150804CEE01A607B682022C3F888207B68002283F8AE
S3150804CEF08420002318461037BD4680BD80B584B00B
S3150804CF0000AF786039607B6893F88430012B01D1CF
S3150804CF1002232DE07B68012283F884207B6824227F
S3150804CF20C3F888207B681B681B68FB607B681B68E2
S3150804CF301A687B681B6822F001021A607B681B6802
S3150804CF409B6823F060617B681B683A680A439A60A9
S3150804CF50786800F011F87B681B68FA681A607B68C1
S3150804CF602022C3F888207B68002283F884200023C3
S3150804CF7018461037BD4680BD80B485B000AF7860CA
S3150804CF807B685B6E002B08D17B680122A3F86A20B4
S3150804CF907B680122A3F8682031E00823FB73082381
S3150804CFA0BB737B681B689B685B0EDBB203F00703E5
S3150804CFB07B737B681B689B685B0FDBB203F0070314
S3150804CFC03B73BB7B3A7B11498A5C02FB03F33A7BCE
S3150804CFD00F498A5C93FBF2F39AB27B68A3F86A203A
S3150804CFE0FB7B7A7B09498A5C02FB03F37A7B084953
S3150804CFF08A5C93FBF2F39AB27B68A3F8682000BFB5
S3150804D0001437BD465DF8047B704700BF14F2060862
S3150804D0101CF2060880B500AF0749084806F0C6FAA8
S3150804D0200346002B02D04FF0FF3303E0044B0122E2
S3150804D0301A700023184680BDD84900201400002021
S3150804D040DC49002080B586B000AF3B46002219466D
S3150804D0501048FAF79DFF07F11403002219460D48F4
S3150804D060FBF779F8FB7D14335A067B7D5B051A4377
S3150804D070BB7D1B041A433B78DB021A437B785B01AE
S3150804D0801343BA785208D2B2134318461837BD4622
S3150804D09080BD00BF3044002080B582B000AF03468F
S3150804D0A0FB71FB79184600F0EBF903461A46044B64
S3150804D0B01A70034B1B78DBB218460837BD4680BD89
S3150804D0C01000002080B582B000AF0346FB71FB79DF
S3150804D0D0184600F0C1FA03461A46044B1A70034B65
S3150804D0E01B78DBB218460837BD4680BD1000002001
S3150804D0F080B584B000AFB9607A603B600346FB73C1
S3150804D100F87B3B687A68B96800F0BCFA03461846A7
S3150804D1101037BD4680BD80B584B000AFB9607A606B
S3150804D1203B600346FB73F87B3B687A68B96800F092
S3150804D1300FFB034618461037BD4680BD80B584B03C
S3150804D14000AF03463A60FB710B46BB71B979FB79AC
S3150804D1503A68184600F078FB0346FB73FB7B1846CF
S3150804D1601037BD4680BD000080B582B000AF786038
S3150804D170F6F79EF90346044A1360044A7B6813606B
S3150804D18000BF0837BD4680BDE0490020E4490020B9
S3150804D19080B500AFF6F78CF90246064B1B68D21A1F
S3150804D1A0054B1B689A4234BF01230023DBB2184699
S3150804D1B080BD00BFE0490020E449002080B586B060
S3150804D1C002AF0346FB7107F10E02F91D32230093E1
S3150804D1D001230548FBF735FB0346FB73BB7B18465F
S3150804D1E01037BD4680BD00BFBC44002090B585B04D
S3150804D1F000AF786039600023FB600AE07A68FB6850
S3150804D200D418FF20FFF7DAFF03462370FB680133BF
S3150804D210FB60FA683B689A42F0D300BF00BF143734
S3150804D220BD4690BD80B582B000AF786039603B6872
S3150804D2309AB24FF0FF3379680348FBF78CF900BFBD
S3150804D2400837BD4680BD00BFBC44002080B586B003
S3150804D25000AF7860F6F72CF978617B683B61FF20AC
S3150804D260FFF7ACFF0346FB73FB7BFF2B07D0F6F7F0
S3150804D2701FF902467B69D31A3A699A42EFD8FB7BAF
S3150804D280FF2B0CBF01230023DBB218461837BD4613
S3150804D29080BD000080B500AF01224FF40061044848
S3150804D2A0F8F750FEFF20FFF789FF00BF80BD00BFD7
S3150804D2B00010004880B500AF00224FF400610A4808
S3150804D2C0F8F740FEFF20FFF779FF4FF4FA70FFF7EF
S3150804D2D0BDFF0346002B01D0012302E0FFF7DAFF66
S3150804D2E00023184680BD00BF0010004880B584B0EE
S3150804D2F000AF78603960C820FFF736FFFF20FFF7D4
S3150804D3005DFF0346FB73FB7BFF2B04D1FFF740FF4E
S3150804D3100346002BF2D1FB7BFE2B01D000230AE047
S3150804D32039687868FFF762FFFF20FFF747FFFF2099
S3150804D330FFF744FF012318461037BD4680BD80B564
S3150804D34084B000AF78600B46FB704FF4FA70FFF7B1
S3150804D3507DFF0346002B01D100231EE0FB78184607
S3150804D360FFF72CFFFB78FD2B16D04FF40071786875
S3150804D370FFF758FFFF20FFF721FFFF20FFF71EFFE7
S3150804D380FF20FFF71BFF0346FB73FB7B03F01F031A
S3150804D390052B01D0002300E0012318461037BD46AB
S3150804D3A080BD80B584B000AF03463960FB7197F938
S3150804D3B00730002B0EDAFB7903F07F03FB7100219B
S3150804D3C03720FFF7EEFF0346BB73BB7B012B01D95E
S3150804D3D0BB7B51E0FB790C2B08D0FFF75BFFFFF70B
S3150804D3E069FF0346002B01D1FF2345E0FB7943F08F
S3150804D3F04003DBB21846FFF7E1FE3B681B0EDBB2BF
S3150804D4001846FFF7DBFE3B681B0CDBB21846FFF732
S3150804D410D5FE3B681B0ADBB21846FFF7CFFE3B680E
S3150804D420DBB21846FFF7CAFE0123FB73FB79002B10
S3150804D43001D19523FB73FB79082B01D18723FB7351
S3150804D440FB7B1846FFF7BAFEFB790C2B02D1FF20AB
S3150804D450FFF7B4FE0A23FB73FF20FFF7AFFE03466C
S3150804D460BB7397F90E30002B05DAFB7B013BFB7384
S3150804D470FB7B002BF0D1BB7B18461037BD4680BD1D
S3150804D48090B585B000AF0346FB71FB79002B01D03C
S3150804D4900123D6E06D4B1B78DBB203F00203002BA5
S3150804D4A003D06A4B1B78DBB2CBE0694B1B681B685D
S3150804D4B023F03802664B1B6842F030021A600A23CE
S3150804D4C0FB7305E0FF20FFF779FEFB7B013BFB734B
S3150804D4D0FB7B002BF6D100237B7300210020FFF78A
S3150804D4E060FF0346012B40F08B804FF47A70FFF7F8
S3150804D4F03BFE4FF4D5710820FFF753FF0346012B73
S3150804D50051D10023FB730DE0FC7BFF20FFF756FE89
S3150804D51003461A4604F110033B4403F8082CFB7B24
S3150804D5200133FB73FB7B032BEED9BB7A012B67D143
S3150804D530FB7AAA2B64D100BFFFF72AFE0346002B09
S3150804D54007D04FF08041A920FFF72BFF0346002B95
S3150804D550F2D1FFF71DFE0346002B51D000213A20D5
S3150804D560FFF71FFF0346002B4AD10023FB730DE088
S3150804D570FC7BFF20FFF722FE03461A4604F110033C
S3150804D5803B4403F8082CFB7B0133FB73FB7B032B1F
S3150804D590EED93B7A03F04003002B01D00C2300E0BC
S3150804D5A004237B732CE00021A920FFF7FAFE034627
S3150804D5B0012B04D802237B73A923BB7303E001233D
S3150804D5C07B730123BB7300BFFFF7E2FD0346002B01
S3150804D5D007D0BB7B00211846FFF7E3FE0346002B62
S3150804D5E0F2D1FFF7D5FD0346002B07D04FF400719F
S3150804D5F01020FFF7D6FE0346002B01D000237B73C9
S3150804D600144A7B7B1370FFF745FE7B7B002B12D0F5
S3150804D6100F4B1B681B6823F038020D4B1B6842F03E
S3150804D62010021A60094B1B78DBB223F00103DAB245
S3150804D630064B1A7002E0054B01221A70034B1B783D
S3150804D640DBB218461437BD4690BD00BF280000203B
S3150804D650BC440020DD49002080B483B000AF0346F3
S3150804D660FB71FB79002B01D0012302E0044B1B78E4
S3150804D670DBB218460C37BD465DF8047B704700BF1D
S3150804D6802800002080B584B000AFB9607A603B609A
S3150804D6900346FB73FB7B002B02D13B68002B01D1AD
S3150804D6A004234DE0284B1B78DBB203F00103002B5F
S3150804D6B001D0032344E0254B1B7803F00803002B11
S3150804D6C002D17B685B027B603B68012B11D17968C8
S3150804D6D01120FFF766FE0346002B29D14FF400718B
S3150804D6E0B868FFF703FE0346002B21D000233B60EE
S3150804D6F01EE079681220FFF754FE0346002B17D163
S3150804D7004FF40071B868FFF7F1FD0346002B0AD001
S3150804D710BB6803F50073BB603B68013B3B603B6831
S3150804D720002BEDD100E000BF00210C20FFF739FEE5
S3150804D730FFF7B0FD3B68002B14BF01230023DBB2BF
S3150804D74018461037BD4680BD28000020DD49002054
S3150804D75080B584B000AFB9607A603B600346FB735A
S3150804D760FB7B002B02D13B68002B01D1042363E029
S3150804D770334B1B78DBB203F00103002B01D00323E0
S3150804D7805AE02F4B1B78DBB203F00403002B01D0BD
S3150804D790022351E02B4B1B7803F00803002B02D11C
S3150804D7A07B685B027B603B68012B10D17968182083
S3150804D7B0FFF7F7FD0346002B36D1FE21B868FFF7BD
S3150804D7C0BEFD0346002B2FD000233B602CE01D4BE7
S3150804D7D01B7803F00603002B03D039689720FFF75C
S3150804D7E0E0FD79681920FFF7DCFD0346002B1BD101
S3150804D7F0FC21B868FFF7A3FD0346002B0AD0BB68D3
S3150804D80003F50073BB603B68013B3B603B68002B38
S3150804D810EED100E000BFFD210020FFF790FD03468E
S3150804D820002B01D101233B60FFF734FD3B68002B35
S3150804D83014BF01230023DBB218461037BD4680BD4A
S3150804D84028000020DD49002080B58CB000AF0346CF
S3150804D8503A60FB710B46BB71FB79002B01D004239C
S3150804D8605AE1AF4B1B78DBB203F00103002B01D05E
S3150804D870032351E1012387F82F30BB79042B00F2E7
S3150804D880368101A252F823F09DD80408B1D80408B9
S3150804D890EFDA04085DD9040853DA0408FFF70AFD29
S3150804D8A00346002B00F02781002387F82F3022E156
S3150804D8B000210920FFF775FD0346002B40F01D8162
S3150804D8C007F10C0310211846FFF710FD0346002B39
S3150804D8D000F013813B7B9B09DBB2012B11D17B7DC5
S3150804D8E01A463B7D1B0213441A46FB7C1B0403F4AD
S3150804D8F07C1313440133FB61FB699A023B681A6083
S3150804D90028E07B7C03F00F03DAB2BB7DDB09DBB2CC
S3150804D9101344DAB27B7D5B00DBB203F00603DBB2A9
S3150804D9201344DBB2023387F82E303B7D9B09DBB206
S3150804D9301A46FB7C9B001A44BB7C9B0203F4406397
S3150804D94013440133FB6197F82E30093BFA699A4070
S3150804D9503B681A60002387F82F30CEE0714B1B789A
S3150804D96003F00403002B31D000218D20FFF719FDA5
S3150804D9700346002B40F0C380FF20FFF71FFC07F186
S3150804D9800C0310211846FFF7B1FC0346002B00F0E0
S3150804D990B680302387F82E3007E0FF20FFF70EFC09
S3150804D9A097F82E30013B87F82E3097F82E30002B47
S3150804D9B0F3D1BB7D1B09DBB21A46102303FA02F224
S3150804D9C03B681A60002387F82F3098E00021092065
S3150804D9D0FFF7E7FC0346002B40F0918007F10C03A0
S3150804D9E010211846FFF782FC0346002B00F08780B7
S3150804D9F04C4B1B7803F00203002B12D0BB7D5B0053
S3150804DA0003F07E03FA7DD209D2B213445A1C7B7EF4
S3150804DA109B09DBB2013B02FA03F31A463B681A6018
S3150804DA2013E0BB7D9B109BB203F01F030133FA7D01
S3150804DA30D20002F01802F97D4909C9B20A44013232
S3150804DA4002FB03F31A463B681A60002387F82F3053
S3150804DA5055E0344B1B7803F00603002B51D007F12D
S3150804DA600C02FB790B211846FFF7EEFE0346002B42
S3150804DA7049D13B7B9B09DBB2002B04D1BB7D03F068
S3150804DA804003002B41D03B683B623B6A1B68BB6280
S3150804DA903B6A5B687B62234B1B7803F00803002B05
S3150804DAA005D1BB6A5B02BB627B6A5B027B62B96AAD
S3150804DAB02020FFF776FC0346002B28D1796A21201B
S3150804DAC0FFF76FFC0346002B21D100212620FFF720
S3150804DAD068FC0346002B1AD147F23050FFF7B6FB11
S3150804DAE00346002B13D0002387F82F300FE00423B6
S3150804DAF087F82F300CE000BF0AE000BF08E000BF3B
S3150804DB0006E000BF04E000BF02E000BF00E000BF7B
S3150804DB10FFF7C0FB97F82F3018463037BD4680BD4F
S3150804DB2028000020DD49002080B400AF00BFBD46B0
S3150804DB305DF8047B7047000080B582B000AF78605A
S3150804DB407B6893F86A31052B1CD17B6893F8693195
S3150804DB5019462C4A0B465B000B449B0013440433BA
S3150804DB601B68002B49D07B6893F869311946254A06
S3150804DB700B465B000B449B00134404331B6878680C
S3150804DB8098473AE07B6893F86931032B1BD87B687E
S3150804DB9093F8693119461B4A0B465B000B449B00F4
S3150804DBA0134408331B68002B0DD07B6893F869313E
S3150804DBB01946144A0B465B000B449B00134408336E
S3150804DBC01B68786898477B6893F86A3119460D4A42
S3150804DBD00B465B000B449B0013441B68002B0CD0BC
S3150804DBE07B6893F86A311946064A0B465B000B4470
S3150804DBF09B0013441B687868984700BF0837BD46DE
S3150804DC0080BD00BF24F2060880B582B000AF7860F4
S3150804DC1002201AF087FA0346002B13D01AF018FAD2
S3150804DC20124913481AF0DCF97B6893F869311946E6
S3150804DC307B6893F86A311A460E481AF0D1F90E48E9
S3150804DC401AF0CEF97B6893F869217B6883F8682112
S3150804DC507B6893F86A217B6883F869217B680522C7
S3150804DC6083F86A2100BF0837BD4680BDD8D10608A7
S3150804DC70DCD10608E4D10608FCD1060890B587B0BD
S3150804DC8004AF78607B68264918461BF04FF97B6811
S3150804DC9003F12000234BB3F8E03D1C46214BB3F8AF
S3150804DCA0E23D1A461F4BB3F8E43D19461D4BB3F83B
S3150804DCB0E63D02930191009223461B4A20211BF05C
S3150804DCC001F97B68032283F840207B68052283F8E0
S3150804DCD042207B68032283F844207B680022A3F849
S3150804DCE046207B680022A3F848207B68F022A3F824
S3150804DCF04A207B684FF4A072A3F84C207B68002264
S3150804DD00A3F850207B684FF6FF72A3F84E207B6871
S3150804DD10903318460DF0CEFC00BF0C37BD4690BDB7
S3150804DD2000D20608344C002010D2060880B58EB0FE
S3150804DD3000AF786007F108032E22002118461BF06D
S3150804DD407BF97B68423318460AF04CFE7A6807F179
S3150804DD5008030833114618461BF0E8F803233B72F8
S3150804DD600323BB727B68B3F84C305B089BB2BB8158
S3150804DD707B68B3F84A309B089BB2FB814FF6FF7366
S3150804DD80BB8600237B86022387F8303007F1080315
S3150804DD9018460BF02DF97B6803F1200207F10803F6
S3150804DDA00833114618461BF0C1F87B68B3F8763079
S3150804DDB09B089BB21A46520013449BB2FB8107F197
S3150804DDC0080318460BF014F900BF3837BD4680BD62
S3150804DDD080B483B000AF78607B68B3F846207B686C
S3150804DDE0A3F878207B68B3F848207B68A3F87A20E0
S3150804DDF07B68B3F84C305B089AB27B68A3F87C203E
S3150804DE007B68B3F84A207B68A3F87E207B68B3F85E
S3150804DE1046207B68B3F84C305B089BB213449AB22D
S3150804DE207B68A3F880207B68B3F848207B68A3F84E
S3150804DE3082207B68B3F84C305B089AB27B68A3F8F7
S3150804DE4084207B68B3F84A207B68A3F886207B681D
S3150804DE50B3F846207B68A3F888207B68B3F8482083
S3150804DE607B68A3F88A207B68B3F84C207B68A3F800
S3150804DE708C207B68B3F84A207B68A3F88E207B68DD
S3150804DE807A68C3F86C217B68974AC3F8EC2A7B68DE
S3150804DE90012283F8F02A7B68D3F8EC3A202283F827
S3150804DEA01C247B68D3F8EC3A082283F83C247B6864
S3150804DEB0D3F8EC3A0122C3F840247B68D3F8EC3A49
S3150804DEC0002283F84A247B68D3F8EC3A45F2584290
S3150804DED0A3F846247B68D3F8EC3A45F25842A3F8EB
S3150804DEE048247B68D3F8EC3A222283F844247B68D6
S3150804DEF0D3F8EC3A002283F84A247B68D3F8EC3A40
S3150804DF0045F25842A3F846247B68D3F8EC3A45F21E
S3150804DF105842A3F848247B68D3F8EC3A222283F8BB
S3150804DF2044247B687A68C3F8A02B7B6803F580537E
S3150804DF301A466E4BC2F820357B6803F580530222D5
S3150804DF4083F824257B6803F58053D3F820352022EB
S3150804DF5083F81C247B6803F58053D3F820350822FC
S3150804DF6083F83C247B6803F58053D3F820350122D3
S3150804DF70C3F840247B6803F58053D3F82035002280
S3150804DF8083F84A247B6803F58053D3F8203545F291
S3150804DF905842A3F846247B6803F58053D3F8203502
S3150804DFA045F25842A3F848247B6803F58053D3F80E
S3150804DFB02035222283F844247B6803F58053D3F85A
S3150804DFC02035002283F84A247B6803F58053D3F866
S3150804DFD0203545F25842A3F846247B6803F5805356
S3150804DFE0D3F8203545F25842A3F848247B6803F54C
S3150804DFF08053D3F82035222283F844247B6803F51A
S3150804E00080531A467B68C2F8D4357B6803F5805377
S3150804E0101A46374BC2F8543F7B6803F580530322EC
S3150804E02083F8582F7B6803F58053D3F8543F20228E
S3150804E03083F81C247B6803F58053D3F8543F0822DD
S3150804E04083F83C247B6803F58053D3F8543F0122B4
S3150804E050C3F840247B6803F58053D3F8543F002261
S3150804E06083F84A247B6803F58053D3F8543F45F272
S3150804E0705842A3F846247B6803F58053D3F8543FE3
S3150804E08045F25842A3F848247B6803F58053D3F82D
S3150804E090543F222283F844247B6803F58053D3F83B
S3150804E0A0543F002283F84A247B6803F58053D3F847
S3150804E0B0543F45F25842A3F846247B6803F5805337
S3150804E0C0D3F8543F45F25842A3F848247B6803F52D
S3150804E0D08053D3F8543F222283F8442400BF0C37D4
S3150804E0E0BD465DF8047B7047404C0020CC500020A8
S3150804E0F05855002080B582B000AF786001F0F6FA72
S3150804E1007B6893F84030184601F0F6F87868FFF70C
S3150804E1107BFD7868FFF7B2FD7868FFF707FE786835
S3150804E120FFF756FE00BF0837BD4680BD80B483B0EE
S3150804E13000AF78607B68012283F86A2100BF0C3738
S3150804E140BD465DF8047B704780B483B000AF786041
S3150804E15000BF0C37BD465DF8047B704780B582B0B6
S3150804E16000AF78607868FFF74FFD00BF0837BD46F3
S3150804E17080BD80B582B000AF78607B6803F5B6735E
S3150804E180184611F019F97B6803F53A63184611F035
S3150804E19013F97B6893F87131082B00BF0837BD461D
S3150804E1A080BD80B483B000AF786000BF0C37BD462D
S3150804E1B05DF8047B704780B582B000AF78607868F4
S3150804E1C0FFF722FD00BF0837BD4680BD80B582B083
S3150804E1D000AF78607B6803F5AE531433184611F024
S3150804E1E0EBF800BF0837BD4680BD80B483B000AFE6
S3150804E1F0786000BF0C37BD465DF8047B704780B570
S3150804E20082B000AF78607868FFF7FEFC00BF083775
S3150804E210BD4680BD80B483B000AF786000BF0C37BC
S3150804E220BD465DF8047B704780B483B000AF786060
S3150804E23000BF0C37BD465DF8047B704790B589B0BE
S3150804E24000AF0446084611461A462346FB80034691
S3150804E250BB800B467B8013467B707B88FB6100235F
S3150804E260BB6101237B6101233B617B885B007A697F
S3150804E270D31AFB60B4E097F90130002B0DDAFB6979
S3150804E2809AB2FB88134498B2BB699AB2BB88134402
S3150804E2909BB23A8E194601F0EBF87B7803F04003FB
S3150804E2A0002B0DD0BB699AB2FB88134498B2FB695C
S3150804E2B09AB2BB8813449BB23A8E194601F0D8F831
S3150804E2C07B7803F02003002B0DD0BB699BB2FA8838
S3150804E2D0D31A98B2FB699AB2BB8813449BB23A8E96
S3150804E2E0194601F0C5F87B7803F01003002B0DD00E
S3150804E2F0FB699BB2FA88D31A98B2BB699AB2BB88EF
S3150804E30013449BB23A8E194601F0B2F87B7803F0AF
S3150804E3100803002B0DD0FB699BB2FA88D31A98B26E
S3150804E320BB699BB2BA88D31A9BB23A8E194601F0D6
S3150804E3309FF87B7803F00403002B0DD0BB699BB2CE
S3150804E340FA88D31A98B2FB699BB2BA88D31A9BB2D5
S3150804E3503A8E194601F08CF87B7803F00203002BF9
S3150804E3600DD0BB699AB2FB88134498B2FB699BB279
S3150804E370BA88D31A9BB23A8E194601F079F87B7893
S3150804E38003F00103002B0DD0FB699AB2FB881344F2
S3150804E39098B2BB699BB2BA88D31A9BB23A8E19460D
S3150804E3A001F066F8FB68002B09DCBB690133BB6125
S3150804E3B0FA683B691344FB603B6902333B61FB68BB
S3150804E3C0002B0DDDFB69013BFB617B6902337B6135
S3150804E3D07B885B425A007B691344FA681344FB60E2
S3150804E3E0FA69BB699A42BFF646AF00BF00BF243735
S3150804E3F0BD4690BD2DE9F04395B002AF06460846E2
S3150804E40011461A463346FB810346BB810B467B817C
S3150804E41013467B727B897B6400233B647B6CC3F164
S3150804E4200103FB637B895B000133BB627B89013390
S3150804E4307B62BE6A731E3B62324600239046994647
S3150804E4404FF000024FF000034FEA091343EA18732A
S3150804E4504FEA0812BB6A324652001146184619F0AA
S3150804E460B3FE0346FB61796A79604B1EBB610A46B3
S3150804E470002314461D464FF000024FF000032B01FB
S3150804E48043EA147322017B6A0A4652001146184667
S3150804E49019F09AFE03467B610023BB6318E0002348
S3150804E4A07B630EE03246BB6B02FB03F35B00FA693F
S3150804E4B013447A6BB7F86C1023F812107B6B01338C
S3150804E4C07B637A6BBB6A9A42ECDBBB6B0133BB6337
S3150804E4D0BA6BBB6A9A42E2DBABE0FA897B6CD31A65
S3150804E4E03B633EE07A893B6B1A44FB89D31ABB63C8
S3150804E4F0BB6B002B12DA102019F014FE0346002B0E
S3150804E5000CD019F0A5FDA449A44819F069FDB96B06
S3150804E510A34819F065FDA34819F062FD7B893A6C96
S3150804E52013447B633246BB6B02FB03F35B00FA6955
S3150804E53013447A6BB7F8681023F812107A893B6C7F
S3150804E540D31A7B633246BB6B02FB03F35B00FA699F
S3150804E55013447A6BB7F8681023F812103B6B01332F
S3150804E5603B63FA897B6C13443A6B9A42BADDFA899F
S3150804E5703B6CD31AFB623EE07A89FB6A1A44FB8930
S3150804E580D31ABB63BB6B002B12DA102019F0CAFD31
S3150804E5900346002B0CD019F05BFD7F497F4819F020
S3150804E5A01FFDB96B7E4819F01BFD7E4819F018FD4E
S3150804E5B07B897A6C13447B633246BB6B02FB03F399
S3150804E5C05B00FA6913447A6BB7F8681023F81210DB
S3150804E5D07A897B6CD31A7B633246BB6B02FB03F3E3
S3150804E5E05B00FA6913447A6BB7F8681023F81210BB
S3150804E5F0FB6A0133FB62FA893B6C1344FA6A9A4252
S3150804E600BADD3B6C01333B64FB6B002B06DC3B6CCD
S3150804E6105B000133FA6B1344FB630AE07B6C013B32
S3150804E6207B643A6C7B6CD31A5B000133FA6B134434
S3150804E630FB637A6C3B6C9A42BFF64FAF7B7A032B2B
S3150804E64000F23F8101A252F823F000BF5DE60408F8
S3150804E650F3E604088BE7040831E804080023BB63DF
S3150804E66022E000237B6318E03246BB6B02FB03F30C
S3150804E6705B00FA691A4479897B6B19447868BB6B21
S3150804E68000FB03F35B007869034432F811107A6BD4
S3150804E69023F812107B6B01337B637B897A6B9A426E
S3150804E6A0E2DDBB6B0133BB637B89BA6B9A42D8DD67
S3150804E6B0BA897B89D31A9CB27B6A9DB27B6A9EB25D
S3150804E6C07B697A6A91B27A6A92B211FB02F292B2C1
S3150804E6D0F8890192009333462A46214600F0AEFF94
S3150804E6E07A89B989F889002300930323FFF7A6FDDD
S3150804E6F0E7E00023BB6320E000237B6316E0324691
S3150804E700BB6B02FB03F35B00FA691A447968BB6BBB
S3150804E71001FB03F35B0079690B44796B32F811103A
S3150804E7207A6B23F812107B6B01337B637A6B7B6AF3
S3150804E7309A42E4DBBB6B0133BB63BA6B7B6A9A42CE
S3150804E740DADBFA897B89D31A98B2BA897B89D31A10
S3150804E7509CB27B6A9DB27B6A9EB27B697A6A91B2E5
S3150804E7607A6A92B211FB02F292B20192009333468C
S3150804E7702A46214600F062FF7A89B989F889002376
S3150804E78000930C23FFF75AFD9BE00023BB632BE0A1
S3150804E79000237B6321E000BF28D206082CD2060892
S3150804E7A034D206083CD206087A89BB6B134432462F
S3150804E7B002FB03F35B00FA691A447968BB6B01FB35
S3150804E7C003F35B0079690B44796B32F811107A6BA1
S3150804E7D023F812107B6B01337B637B897A6B9A422D
S3150804E7E0E2DDBB6B0133BB637B89BA6B9A42CFDD2F
S3150804E7F0FA897B89D31A98B27B6A9CB27B6A9DB2E2
S3150804E8007B697A6A91B27A6A92B211FB02F292B27F
S3150804E810B989019200932B46224600F00FFF7A89A4
S3150804E820B989F889002300933023FFF707FD48E0E8
S3150804E8300023BB6324E000237B631AE07A89BB6B5D
S3150804E8401344324602FB03F35B00FA691A447989D6
S3150804E8507B6B19447868BB6B00FB03F35B00786930
S3150804E860034432F811107A6B23F812107B6B0133C8
S3150804E8707B637B897A6B9A42E0DDBB6B0133BB63AE
S3150804E8807B89BA6B9A42D6DD7B6A9CB27B6A9DB257
S3150804E8907B697A6A91B27A6A92B211FB02F292B2EF
S3150804E8A0B989F889019200932B46224600F0C6FEE0
S3150804E8B07A89B989F88900230093C023FFF7BEFC37
S3150804E8C000BFF86919F0A6FC786919F0A3FC00BF23
S3150804E8D04C37BD46BDE8F08390B587B000AF044613
S3150804E8E0084611461A462346FB800346BB800B4658
S3150804E8F07B8013463B800023FB820023BB820023D4
S3150804E900FB740023BB744FF00003FB607A88FB8812
S3150804E910D31A07EE903AF8EEE77AC7ED037AD7EDFD
S3150804E920037AF5EEC07AF1EE10FA01D50123FB74E9
S3150804E9304FF00003FB603A88BB88D31A07EE903A77
S3150804E940F8EEE77AC7ED037AD7ED037AF5EEC07ADF
S3150804E950F1EE10FA01D50123BB74FB7C002B04D11C
S3150804E9607A88FB88D31AFB8203E0FA887B88D31A51
S3150804E970FB823B8DFA8AB988F88800F0CAFF3B8D7A
S3150804E980FA8A3988F88800F0C4FFBB7C002B04D1C6
S3150804E9903A88BB88D31ABB8203E0BA883B88D31A61
S3150804E9A0BB823B8DBA8AB988F88801F010F83B8D8A
S3150804E9B0BA8AB988788801F00AF8FB8A002B02D14A
S3150804E9C0BB8A002B05D03A8D39887B88184600F017
S3150804E9D04FFD00BF1C37BD4690BD90B589B002AF48
S3150804E9E00446084611461A462346FB800346BB805E
S3150804E9F00B467B8013463B800023FB820023BB82A5
S3150804EA000023FB740023BB740023BB6000233B82F2
S3150804EA100023FB817A88FB88D31ABB60BB68002B6A
S3150804EA2001DA0123FB740023BB603A88BB88D31A36
S3150804EA30BB60BB68002B01DA0123BB74FB7C002B8B
S3150804EA4006D17A88FB88D31AFB82FB883B8205E0C9
S3150804EA50FA887B88D31AFB827B883B82BB7C002B93
S3150804EA6006D13A88BB88D31ABB82BB88FB8105E0EA
S3150804EA70BA883B88D31ABB823B88FB81BC8AFA8A4C
S3150804EA80F989388A3B8D0093234600F07BFD00BF45
S3150804EA901C37BD4690BD0000F0B5ADF5057D02AF47
S3150804EAA084460E461046194607F50273A3F2012357
S3150804EAB062461A7007F50273A3F5017332461A8083
S3150804EAC007F50273A3F2062302461A8007F50273B2
S3150804EAD0A3F502730A461A80B7F8202213465B0088
S3150804EAE013445B001E46731EC7F8FC3132460023E6
S3150804EAF014461D464FF000024FF000032B0143EA6B
S3150804EB0014732201B7F82032DB001A4633465B0039
S3150804EB101946104619F058FB0346C7F8F83107F5A5
S3150804EB20CA736022002118461AF086FA07F502739A
S3150804EB30A3F5FA7318464FF4C0731A4600211AF05F
S3150804EB407BFA07F50273A3F201231B7887F8F731DA
S3150804EB5097F8F7311F2B05D807F50273A3F201239B
S3150804EB6000221A70002387F8033217E097F8F72172
S3150804EB7097F8030297F80312AB4C13465B00134449
S3150804EB805B00234403441A7807F50273A3F5FE735E
S3150804EB905A5497F80332013387F8033297F8033245
S3150804EBA0052BE3D9002387F8063218E2002387F8F1
S3150804EBB007320AE297F8063207F50272A2F5FE72E0
S3150804EBC0D35C1A4697F8073242FA03F303F00103B3
S3150804EBD0002B00F0FC80B7F82032012B12D197F8ED
S3150804EBE00732324602FB03F35B00D7F8F8211344D5
S3150804EBF097F8062207F50271A1F50271098823F828
S3150804EC001210DDE1002387F8053234E0002387F883
S3150804EC10043224E097F80732B7F8202203FB02F2FD
S3150804EC2097F805321344324602FB03F35B00D7F820
S3150804EC30F821134497F80622B7F8201202FB01F1CB
S3150804EC4097F804220A4407F50271A1F502710988A6
S3150804EC5023F8121097F80432013387F8043297F828
S3150804EC6004329BB2B7F820229A42D3D897F80532D1
S3150804EC70013387F8053297F805329BB2B7F8202294
S3150804EC809A42C3D8B7F82032022B74D197F80732C0
S3150804EC90B7F8202203FB02F297F80632B7F82012D7
S3150804ECA001FB03F007F50273A3F5FA7113465B003B
S3150804ECB013449B00034407F50272A2F502721288F4
S3150804ECC021F8132097F80732B7F8202202FB03F33A
S3150804ECD05A1C97F80632B7F8201201FB03F007F519
S3150804ECE00273A3F5FA7113465B0013449B000344AD
S3150804ECF007F50272A2F50272128821F8132097F812
S3150804ED000732B7F8202203FB02F297F80632B7F85F
S3150804ED10201201FB03F3581C07F50273A3F5FA71D5
S3150804ED2013465B0013449B00034407F50272A2F5DD
S3150804ED300272128821F8132097F80732B7F82022AE
S3150804ED4002FB03F35A1C97F80632B7F8201201FBA4
S3150804ED5003F3581C07F50273A3F5FA7113465B000F
S3150804ED6013449B00034407F50272A2F50272128843
S3150804ED7021F8132024E197F806329BB2B7F820222B
S3150804ED8012FB03F39AB207F50273A3F501731B8802
S3150804ED90134498B297F807329BB2B7F8202212FBAD
S3150804EDA003F39AB207F50273A3F206231B881344E6
S3150804EDB099B2B7F82042B7F8202207F50273A3F5EB
S3150804EDC002731B880093234600F0DCFBF8E0B7F8CF
S3150804EDD02032012B20D197F8072297F806121346FA
S3150804EDE05B0013445B000B445B0003F502733B446E
S3150804EDF0B7F8242223F8742C97F80732324602FB14
S3150804EE0003F35B00D7F8F821134497F80622B7F8FA
S3150804EE10241223F81210D3E0002387F8053233E0CE
S3150804EE20002387F8043223E03420002097F80732B9
S3150804EE30B7F8202203FB02F297F805321344324648
S3150804EE4002FB03F35B00D7F8F821134497F806226C
S3150804EE50B7F8201202FB01F197F804220A44B7F81E
S3150804EE60241223F8121097F80432013387F804326F
S3150804EE7097F804329BB2B7F820229A42D6D897F864
S3150804EE800532013387F8053297F805329BB2B7F88D
S3150804EE9020229A42C4D8B7F82032022B68D197F8B0
S3150804EEA00732B7F8202203FB02F297F80632B7F8BE
S3150804EEB0201201FB03F007F50273A3F5FA71134652
S3150804EEC05B0013449B000344B7F8242221F813205B
S3150804EED097F80732B7F8202202FB03F35A1C97F86F
S3150804EEE00632B7F8201201FB03F007F50273A3F5FF
S3150804EEF0FA7113465B0013449B000344B7F82422B3
S3150804EF0021F8132097F80732B7F8202203FB02F2F8
S3150804EF1097F80632B7F8201201FB03F3581C07F5D5
S3150804EF200273A3F5FA7113465B0013449B0003446A
S3150804EF30B7F8242221F8132097F80732B7F82022C5
S3150804EF4002FB03F35A1C97F80632B7F8201201FBA2
S3150804EF5003F3581C07F50273A3F5FA7113465B000D
S3150804EF6013449B000344B7F8242221F8132027E00E
S3150804EF7097F806329BB2B7F8202212FB03F39AB22B
S3150804EF8007F50273A3F501731B88134498B297F81F
S3150804EF9007329BB2B7F8202212FB03F39AB207F59D
S3150804EFA00273A3F206231B88134499B2B7F82042C6
S3150804EFB0B7F82022B7F824320093234600F0E2FA81
S3150804EFC097F80732013387F8073297F80732072B81
S3150804EFD07FF6F0AD97F80632013387F8063297F8CC
S3150804EFE00632052B7FF6E2ADB7F820321A465200F0
S3150804EFF013445B009DB2B7F82032DB009EB2D7F803
S3150804F000F821B7F8203213FB03F39BB219464900DB
S3150804F0100B441B019BB207F50271A1F206210C8869
S3150804F02007F50271A1F50171088801930092334628
S3150804F0302A46214600F002FBD7F8F80119F0EAF847
S3150804F04000BF07F50377BD46F0BD00BF90B587B08E
S3150804F05002AFBA601A460346FB810B46BB811346C8
S3150804F060FB8016E0BB685A1CBA6018783C8CBA89CF
S3150804F070F989BB8C0193FB8800932346FFF70CFDA3
S3150804F080FB881A46520013445B009AB2FB89134460
S3150804F090FB81BB681B78002BE4D100BF00BF143783
S3150804F0A0BD4690BD90B585B002AF044608461146E4
S3150804F0B01A462346FB800346BB800B467B801346D1
S3150804F0C03B80FA887B8813449AB23B8BD31A9BB24B
S3150804F0D0013B98B2BA883B8B134499B23A8B3B8C62
S3150804F0E00193BB8B00930023FFF784F9FA883B8BC3
S3150804F0F0134498B2BA883B8B134499B23A8B3B8C27
S3150804F1000193BB8B00930123FFF774F9FA883B8BB1
S3150804F110134498B2BA883B8813449AB23B8BD31AE1
S3150804F1209BB2013B99B23A8B3B8C0193BB8B009300
S3150804F1300223FFF75FF9FA887B8813449AB23B8B5C
S3150804F140D31A9BB2013B98B2BA883B8813449AB245
S3150804F1503B8BD31A9BB2013B99B23A8B3B8C0193F6
S3150804F160BB8B00930323FFF745F9FA883B8B1344BB
S3150804F17098B23B8B5B009BB27A88D31A9AB23C88C6
S3150804F180B988BB8B0093234600F0FCF9FA883B8BBD
S3150804F190134498B23B8B5B009BB27A88D31A9AB213
S3150804F1A0B988002300F0B5FBFA883B8B134498B260
S3150804F1B0BA883B8813449BB2013B99B23B8B5B00EC
S3150804F1C09BB27A88D31A9AB2002300F0A2FBBA88B3
S3150804F1D03B8B134499B23B8B5B009BB23A88D31A98
S3150804F1E09CB27A88F888BB8B0093234600F0CAF948
S3150804F1F0BA883B8B134499B23B8B5B009BB23A8823
S3150804F200D31A9AB2F888002300F0E1FBFA887B88BF
S3150804F21013449BB2013B98B2BA883B8B134499B208
S3150804F2203B8B5B009BB23A88D31A9AB2002300F050
S3150804F230CEFB00BF0C37BD4690BD000080B500AFBD
S3150804F24001224FF400410248F6F77CFE00BF80BD58
S3150804F2500010004880B500AF00224FF4004108486A
S3150804F260F6F770FE0A20F4F72FF901224FF400414D
S3150804F2700348F6F767FEC820F4F726F900BF80BDF1
S3150804F2800010004880B582B000AF0346FB71F91D33
S3150804F290012301220348F9F75EF900BF0837BD4682
S3150804F2A080BD00BF5844002080B582B000AF034635
S3150804F2B0FB71002204210548F6F744FEFB7918463B
S3150804F2C0FFF7E0FF00BF0837BD4680BD000C0048C5
S3150804F2D080B582B000AF0346FB71012204210548BC
S3150804F2E0F6F730FEFB791846FFF7CCFF00BF083760
S3150804F2F0BD4680BD000C004880B582B000AF034609
S3150804F300FB713620FFF7D0FFFB79032B1AD801A22D
S3150804F31052F823F025F304082DF3040835F30408FA
S3150804F3203DF30408C020FFF7D3FF0CE0A020FFF745
S3150804F330CFFF08E00020FFF7CBFF04E06020FFF7CB
S3150804F340C7FF00E000BF00BF0837BD4680BD00BF49
S3150804F3502DE9F0438DB000AF03463960FB806B4658
S3150804F3601E460023FB623B685B00B3F5FA7F02D2B4
S3150804F3703B68FB6202E04FF4FA73FB620122042144
S3150804F3803948F6F7DFFDFB881B0A9BB287F823305A
S3150804F390F96A0B46013BFB610023884699464FF000
S3150804F3A000024FF000034FEAC90343EA58734FEAD1
S3150804F3B0C80200230C461D464FF000024FF0000316
S3150804F3C0EB0043EA5473E200CB1DDB08DB00ADEB2C
S3150804F3D0030D6B460033BB610023BB620EE0BA69BA
S3150804F3E0BB6A134497F823201A70BB6A0133FA8858
S3150804F3F0D1B2BA69D154BB6A0233BB62BA6AFB6A30
S3150804F4009A42ECD33B685B007B617A69FB6AB2FB80
S3150804F410F3F33B617B69FA6AB3FBF2F2F96A01FB1F
S3150804F42002F29B1AFB603B69002B10D000237B6217
S3150804F43009E0FB6A9AB26423B9690C48F9F78BF8B0
S3150804F4407B6A01337B627A6A3B699A42F1D3FB6829
S3150804F4509AB26423B9690548F9F77DF8B54600BF39
S3150804F4603437BD46BDE8F083000C004858440020F4
S3150804F47080B586B000AF0346FB800B46BB801346B7
S3150804F4807B803C4B1B889BB2FA889A426ED23A4BD5
S3150804F4901B889BB2BA889A4268D20022042137484C
S3150804F4A0F6F750FD2A20FFF7EDFE01220421334822
S3150804F4B0F6F748FDFB881B0A9BB2DBB23B75FB8853
S3150804F4C0DBB27B75FB8801331B12DBB2BB75FB8889
S3150804F4D0DBB20133DBB2FB7507F114010123042205
S3150804F4E02748F9F738F8002204212448F6F72AFDB4
S3150804F4F02B20FFF7C7FE012204212048F6F722FD38
S3150804F500BB881B0A9BB2DBB23B74BB88DBB27B7439
S3150804F510BB8801331B12DBB2BB74BB88DBB2013375
S3150804F520DBB2FB7407F11001012304221448F9F72E
S3150804F53012F8002204211148F6F704FD2C20FFF7DF
S3150804F540A1FE012204210D48F6F7FCFC7B881B0A60
S3150804F5509BB2DBB23B737B88DBB27B7307F10C018E
S3150804F560012302220648F8F7F6FF00E000BF183721
S3150804F570BD4680BD3626002034260020000C0048EF
S3150804F5805844002090B583B000AF04460846114697
S3150804F5901A462346FB800346BB800B467B801346EC
S3150804F5A03B80244B1B889BB2FA889A423DD2224B55
S3150804F5B01B889BB2BA889A4237D2FA887B88134446
S3150804F5C01C4A128892B2934205DD1A4B1B889AB2DA
S3150804F5D0FB88D31A7B80BA883B881344164A128858
S3150804F5E092B2934205DD144B1B889AB2BB88D31A90
S3150804F5F03B80FA887B8813449BB2013B9CB2BA8849
S3150804F6003B8813449BB2013B9BB2B988F8882246CF
S3150804F61000F033F93B887A8802FB03F31A463B8BDE
S3150804F62011461846FFF794FE00E000BF0C37BD46A6
S3150804F63090BD00BF362600203426002090B585B03C
S3150804F64000AF0446084611461A462346FB8003467D
S3150804F650BB800B467B8013463B80FA887B88134421
S3150804F6609BB2013B9CB2BA883B8813449BB2013BCC
S3150804F6709BB2B988F888224600F0FFF801220421D3
S3150804F6801848F6F75FFC0023FB811BE0FB895B0047
S3150804F6903A6A13441B88BB81FB895B003A6A1344A4
S3150804F6A01B881B021AB2BB891B0A9BB21BB21343E3
S3150804F6B019B2FB895B003A6A13448AB21A80FB8939
S3150804F6C00133FB81FA89BB8C9A42DFD3BB8C5B007E
S3150804F6D09AB26423396A0448F8F73DFF00BF143721
S3150804F6E0BD4690BD000C00485844002080B500AFC4
S3150804F6F0FFF7A4FD0120F3F7E7FEFFF7ABFD0A20A9
S3150804F700F3F7E2FEFFF79AFD7820F3F7DDFE3A20D9
S3150804F710FFF7CAFD5520FFF7DBFDB220FFF7C4FD4E
S3150804F7200C20FFF7D5FD0C20FFF7D2FD0020FFF7CC
S3150804F730CFFD3320FFF7CCFD3320FFF7C9FDB720F3
S3150804F740FFF7B2FD3520FFF7C3FDBB20FFF7ACFD7D
S3150804F7501920FFF7BDFDC020FFF7A6FD2C20FFF7F3
S3150804F760B7FDC220FFF7A0FD0120FFF7B1FDC320B6
S3150804F770FFF79AFD1220FFF7ABFDC420FFF794FDAF
S3150804F7802020FFF7A5FDC620FFF78EFD0F20FFF703
S3150804F7909FFDD020FFF788FDA420FFF799FDA1203F
S3150804F7A0FFF796FDE020FFF77FFDD020FFF790FDD9
S3150804F7B00420FFF78DFD0D20FFF78AFD1120FFF7C2
S3150804F7C087FD1320FFF784FD2B20FFF781FD3F20DB
S3150804F7D0FFF77EFD5420FFF77BFD4C20FFF778FDED
S3150804F7E01820FFF775FD0D20FFF772FD0B20FFF7B4
S3150804F7F06FFD1F20FFF76CFD2320FFF769FDE1204D
S3150804F800FFF752FDF020FFF763FD0720FFF760FDC1
S3150804F8100A20FFF75DFD0D20FFF75AFD0B20FFF7C1
S3150804F82057FD0720FFF754FD2820FFF751FD332025
S3150804F830FFF74EFD3E20FFF74BFD3620FFF748FD48
S3150804F8401420FFF745FD1420FFF742FD2920FFF792
S3150804F8503FFD3220FFF73CFD2120FFF725FD11204F
S3150804F860FFF722FD7820F3F72FFE1320FFF71CFD80
S3150804F8702920FFF719FD00BF80BD90B583B000AFFE
S3150804F8800446084611461A462346FB800346BB80AF
S3150804F8900B467B8013463B802A20FFF705FDFB8831
S3150804F8A01B0A9BB2DBB21846FFF712FDFB88DBB2D4
S3150804F8B01846FFF70DFD7B881B0A9BB2DBB2184678
S3150804F8C0FFF706FD7B88DBB21846FFF701FD2B2000
S3150804F8D0FFF7EAFCBB881B0A9BB2DBB21846FFF7A4
S3150804F8E0F7FCBB88DBB21846FFF7F2FC3B881B0A19
S3150804F8F09BB2DBB21846FFF7EBFC3B88DBB2184633
S3150804F900FFF7E6FC2C20FFF7CFFC00BF0C37BD46FB
S3150804F91090BDB0B5ADF5267D02AF05460C4610463A
S3150804F920194607F52473A3F28A232A461A8007F58B
S3150804F9302473A3F5237322461A8007F52473A3F2C6
S3150804F9408E2302461A8007F52473A3F524730A4600
S3150804F9501A800023A7F88E320023A7F88E3211E006
S3150804F960B7F88E2207F52473A3F5217307F52471D6
S3150804F970A1F52471098823F81210B7F88E320133D9
S3150804F980A7F88E32B7F88E32B3F5A07FE8D307F519
S3150804F9902473A3F28E231A8807F52473A3F5237315
S3150804F9A0198807F52473A3F28A23188807F524739C
S3150804F9B0A3F28E231B88019307F10C0300930123FA
S3150804F9C0FFF73CFE00BF07F52477BD46B0BDB0B5CA
S3150804F9D0ADF5267D02AF05460C461046194607F5D1
S3150804F9E02473A3F28A232A461A8007F52473A3F5F7
S3150804F9F0237322461A8007F52473A3F28E2302463C
S3150804FA001A8007F52473A3F524730A461A8000237B
S3150804FA10A7F88E320023A7F88E3211E0B7F88E22A3
S3150804FA2007F52473A3F5217307F52471A1F5247149
S3150804FA30098823F81210B7F88E320133A7F88E32E4
S3150804FA4007F52473A3F28E23B7F88E221B889A42ED
S3150804FA50E4D307F52473A3F28E231A8807F52473CF
S3150804FA60A3F52373198807F52473A3F28A23188840
S3150804FA7007F52473A3F28E231B88019307F10C035D
S3150804FA80009313460122FFF7D9FD00BF07F5247733
S3150804FA90BD46B0BD80B584B000AF0346FB71FB79A3
S3150804FAA0084A9B0013445B685B68FA7905490A446B
S3150804FAB0127A104698470346FB73FB7B18461037A1
S3150804FAC0BD4680BD104C002080B584B000AF034607
S3150804FAD0FB710023FB73FB790D4AD35C002B11D110
S3150804FAE0FB790B4A0121D154FB79094A9B0013443B
S3150804FAF05B681B68FA7906490A44127A10469847DD
S3150804FB000346FB73FB7B18461037BD4680BD00BF12
S3150804FB10104C002090B587B000AFB9607A603B609E
S3150804FB200346FB73FB7B0A4A9B0013445B689C6889
S3150804FB30FB7B074A1344187A3B687A68B968A04776
S3150804FB400346FB75FB7D18461C37BD4690BD00BFB2
S3150804FB50104C002090B587B000AFB9607A603B605E
S3150804FB600346FB73FB7B0A4A9B0013445B68DC6809
S3150804FB70FB7B074A1344187A3B687A68B968A04736
S3150804FB800346FB75FB7D18461C37BD4690BD00BF72
S3150804FB90104C002080B584B000AF03463A60FB7170
S3150804FBA00B46BB71FB79094A9B0013445B681B69C6
S3150804FBB0FA7906490A44107AB9793A68984703469D
S3150804FBC0FB73FB7B18461037BD4680BD104C0020DE
S3150804FBD080B485B000AF78607B6801331B78FB81FD
S3150804FBE0FB891B021AB27B681B781BB213431BB230
S3150804FBF0FB81FB8918461437BD465DF8047B7047BC
S3150804FC0080B485B000AF78607B6803331B78FB60EB
S3150804FC10FB681B027A68023212781343FB60FB689E
S3150804FC201B027A68013212781343FB60FB681B02D5
S3150804FC307A6812781343FB60FB6818461437BD4686
S3150804FC405DF8047B704780B483B000AF78600B46D8
S3150804FC507B807B685A1C7A607A88D2B21A707B8851
S3150804FC601B0A7B807B685A1C7A607A88D2B21A701F
S3150804FC7000BF0C37BD465DF8047B704780B483B07B
S3150804FC8000AF786039607B685A1C7A603A68D2B2E9
S3150804FC901A703B681B0A3B607B685A1C7A603A6890
S3150804FCA0D2B21A703B681B0A3B607B685A1C7A609E
S3150804FCB03A68D2B21A703B681B0A3B607B685A1CC6
S3150804FCC07A603A68D2B21A7000BF0C37BD465DF83E
S3150804FCD0047B704780B487B000AFF860B9607A6077
S3150804FCE0FB687B61BB683B617B68002B0DD03A6976
S3150804FCF0531C3B617B69591C796112781A707B68BD
S3150804FD00013B7B607B68002BF1D100BF1C37BD46E5
S3150804FD105DF8047B704780B487B000AFF860B960BB
S3150804FD207A60FB687B617B695A1C7A61BA68D2B2CD
S3150804FD301A707B68013B7B607B68002BF3D100BF9C
S3150804FD4000BF1C37BD465DF8047B704780B489B094
S3150804FD5000AFF860B9607A60FB68FB61BB68BB6199
S3150804FD6000237B61FB695A1CFA611B781946BB6937
S3150804FD705A1CBA611B78CB1A7B617B68013B7B6092
S3150804FD807B68002B02D07B69002BEBD07B69184675
S3150804FD902437BD465DF8047B704780B483B000AF52
S3150804FDA07860396002E07B6801337B607B681B7886
S3150804FDB0002B05D07B681B781A463B689342F2D120
S3150804FDC07B681B7818460C37BD465DF8047B70477C
S3150804FDD080B485B000AF786039600023BB60BB6827
S3150804FDE0FB6029E0274AFB681B0113441B68002BA8
S3150804FDF01DD0244AFB681B0113441A687B681B68D8
S3150804FE009A4216D11F4AFB681B01134404331A6825
S3150804FE107B689B689A420CD11A4AFB681B011344F7
S3150804FE2008331A687B685B699A4202D107E00123A2
S3150804FE30BB60FB680133FB60FB68012BD2D9FB6806
S3150804FE40022B09D1BB68002B02D13B68022B01D1D6
S3150804FE50002310E012230EE03B68002B08D1094A60
S3150804FE60FB681B0113440C331B88B3F5807F01D14F
S3150804FE70102300E0002318461437BD465DF8047BBA
S3150804FE80704700BFF049002080B483B000AF002358
S3150804FE907B6002E07B6801337B607B68012B06D8B4
S3150804FEA0094A7B681B0113441B68002BF2D17B6843
S3150804FEB0022B14BF01230023DBB218460C37BD46B8
S3150804FEC05DF8047B704700BFF049002080B485B014
S3150804FED000AF786039600023FB601FE0414AFB6885
S3150804FEE01B0113441A687B681B689A4213D13D4A5E
S3150804FEF0FB681B01134404331A687B689B689A429F
S3150804FF0009D1384AFB681B01134408331A687B680D
S3150804FF105B699A4206D0FB680133FB60FB68012BD8
S3150804FF20DCD900E000BFFB68022B32D10023FB605A
S3150804FF3002E0FB680133FB60FB68012B06D8294AFB
S3150804FF40FB681B0113441B68002BF2D1FB68022BC8
S3150804FF5001D1002340E07B681A682249FB681B012B
S3150804FF600B441A607B689A681E49FB681B010B449C
S3150804FF7004331A607B685A691A49FB681B010B44E7
S3150804FF8008331A60174AFB681B0113440C33002212
S3150804FF901A803B68002B09D0124AFB681B011344DC
S3150804FFA00C331B88002B01D0002315E03B68002B7B
S3150804FFB008D10C4AFB681B0113440C331B88013314
S3150804FFC09AB201E04FF480720649FB681B010B44A0
S3150804FFD00C331A80FB68013318461437BD465DF89E
S3150804FFE0047B7047F049002080B485B000AF786080
S3150804FFF07B68013B7B607B68012B25D8174A7B68A5
S315080500001B0113440C331B88FB81FB89B3F5807FE1
S3150805001001D10023FB81FB89002B02D0FB89013B1B
S31508050020FB810E4A7B681B0113440C33FA891A8037
S31508050030FB89002B05D1094A7B681B01134400225D
S315080500401A6000237B7301E002237B737B7B1846CA
S315080500501437BD465DF8047B704700BFF04900209C
S3150805006080B485B000AF78600023FB6010E00D4AC8
S31508050070FB681B0113441B687A689A4205D1094A2D
S31508050080FB681B01134400221A60FB680133FB60F9
S31508050090FB68012BEBD900BF00BF1437BD465DF8D9
S315080500A0047B7047F049002080B586B000AF7860BC
S315080500B00023FB737B68DB78002B34D07B681B6BCE
S315080500C07B617B6858787B6803F1340101237A697B
S315080500D0FFF740FD0346002B02D00123FB7322E000
S315080500E07B680022DA707B685B6A7A69D21A7B6854
S315080500F0DB699A4217D27B689B783B6110E07B687F
S31508050100DB697A6913447B617B6858787B6803F1F8
S31508050110340101237A69FFF71DFD3B69013B3B6104
S315080501203B69012BEBD8FB7B18461837BD4680BDC6
S3150805013080B584B000AF786039600023FB737B68AF
S315080501401B6B3A689A421BD07868FFF7ADFF0346E2
S31508050150FB73FB7B002B13D17B6858787B6803F10F
S31508050160340101233A68FFF7D5FC0346002B04D072
S315080501704FF0FF333B600123FB737B683A681A63CC
S31508050180FB7B18461037BD4680BD000080B584B098
S3150805019000AF78607868FFF787FF0346FB73FB7B3C
S315080501A0002B58D17B681B78032B48D17B681B79B4
S315080501B0012B44D17B6834334FF40072002118466D
S315080501C0FFF7A9FD7B68343303F5FF734AF6552116
S315080501D01846FFF738FD7B68343321491846FFF77B
S315080501E04DFD7B68343303F5F2731E491846FFF750
S315080501F045FD7B68343303F5F4727B685B691946FC
S315080502001046FFF73BFD7B68343303F5F6727B68CA
S315080502101B6919461046FFF731FD7B681B6A5A1C90
S315080502207B681A637B6858787B6803F134017B68B9
S315080502301A6B0123FFF78EFC7B6800221A717B680F
S315080502405B78002200211846FFF7A4FC0346002B1D
S3150805025001D00123FB73FB7B18461037BD4680BDCD
S31508050260525261417272416180B483B000AF7860C1
S3150805027039603B68023B3B607B689B69023B3A6891
S315080502809A4201D3002308E07B685B891A463B68D6
S3150805029003FB02F27B68DB6A134418460C37BD4636
S315080502A05DF8047B704780B586B000AF7860396025
S315080502B07B681B683B613B68012B04D93B699B69D5
S315080502C03A689A4202D301237B618FE04FF0FF33E8
S315080502D07B613B691B78032B62D0032B7CDC012BE6
S315080502E002D0022B42D077E03B68FB60FB685B08CF
S315080502F0FA681344FB603B695A6AFB685B0A134450
S3150805030019463869FFF714FF0346002B67D1FB68C2
S315080503105A1CFA60C3F308033A69134493F8343050
S31508050320BB603B695A6AFB685B0A13441946386918
S31508050330FFF7FEFE0346002B53D1FB68C3F30803FC
S315080503403A69134493F834301B021A46BB681343BB
S31508050350BB603B6803F00103002B02D0BB681B0991
S3150805036002E0BB68C3F30B037B613FE03B695A6A4E
S315080503703B681B0A134419463869FFF7D9FE034635
S31508050380002B30D13B6903F134023B685B0003F46B
S31508050390FF7313441846FFF71BFC03467B6125E0EC
S315080503A03B695A6A3B68DB09134419463869FFF7FE
S315080503B0BFFE0346002B18D13B6903F134023B689F
S315080503C09B0003F4FE7313441846FFF719FC03460E
S315080503D023F070437B6109E001237B6106E000BFDA
S315080503E004E000BF02E000BF00E000BF7B691846D5
S315080503F01837BD4680BD90B589B000AFF860B960BD
S315080504007A600223FB77BB68012B40F2D980FB682B
S315080504109B69BA689A4280F0D380FB681B78032BE0
S3150805042000F09680032B00F3CB80012B02D0022B1C
S315080504306ED0C5E0BB68BB61BB695B08BA69134486
S31508050440BB61FB685A6ABB695B0A13441946F868B7
S31508050450FFF76EFE0346FB77FB7F002B40F0A9806E
S31508050460FB6803F13402BB69591CB961C3F3080378
S3150805047013447B61BB6803F00103002B0DD07B6930
S315080504801B785BB203F00F035AB27B68DBB21B011C
S315080504905BB213435BB2DBB201E07B68DBB27A6918
S315080504A01370FB680122DA70FB685A6ABB695B0A36
S315080504B013441946F868FFF73BFE0346FB77FB7FAF
S315080504C0002B78D1FB6803F13402BB69C3F3080333
S315080504D013447B61BB6803F00103002B03D07B68DB
S315080504E01B09DBB20EE07B691B785BB223F00F03B1
S315080504F05AB27B681B0A5BB203F00F035BB2134360
S315080505005BB2DBB27A691370FB680122DA7057E0D1
S31508050510FB685A6ABB681B0A13441946F868FFF74D
S3150805052007FE0346FB77FB7F002B46D1FB6803F1E5
S315080505303402BB685B0003F4FF7313447A6892B20E
S3150805054011461846FFF77FFBFB680122DA7037E08C
S31508050550FB685A6ABB68DB0913441946F868FFF74E
S31508050560E7FD0346FB77FB7F002B28D17B6823F045
S315080505707044FB6803F13402BB689B0003F4FE7301
S3150805058013441846FFF73CFB034603F07043234321
S315080505907B60FB6803F13402BB689B0003F4FE73BA
S315080505A0134479681846FFF769FBFB680122DA7078
S315080505B006E000BF04E000BF02E000BF00E000BFA0
S315080505C0FB7F18462437BD4690BD80B588B000AF79
S315080505D0F860B9607A600023FB77FB681B68BB6126
S315080505E0BB68012B04D9BB699B69BA689A4201D3D2
S315080505F002234BE07B68002B0CD04FF0FF3279685D
S31508050600B869FFF7F8FE0346FB77FB7F002B01D099
S31508050610FB7F3BE0B968F868FFF745FE78617B69BB
S31508050620002B31D07B69012B01D102232EE07B6992
S31508050630B3F1FF3F01D1012328E00022B968B86963
S31508050640FFF7D9FE0346FB77FB7F002B01D0FB7F1F
S315080506501CE0BB695A69BB699B69023B9A420BD286
S31508050660BB695B695A1CBB695A61BB691B7943F04F
S315080506700103DAB2BB691A717B69BB60BB699B6901
S31508050680BA689A42C6D300E000BF00231846203749
S31508050690BD4680BD80B588B000AF786039607B6897
S315080506A01B683B613B68002B0DD13B691B69BB6128
S315080506B0BB69002B04D03B699B69BA699A421BD36F
S315080506C00123BB6118E039687868FFF7ECFDF86027
S315080506D0FB68012B01D8012370E0FB68B3F1FF3FE6
S315080506E001D1FB686AE03B699B69FA689A4201D2BF
S315080506F0FB6863E03B68BB61BB69FB61FB6901336A
S31508050700FB613B699B69FA699A4207D30223FB6138
S31508050710FA69BB699A4201D900234FE0F9697868F5
S31508050720FFF7C1FDF860FB68002B0ED0FB68012BAF
S3150805073003D0FB68B3F1FF3F01D1FB683EE0FA69D8
S31508050740BB699A42DAD1002338E000BF4FF0FF3281
S31508050750F9693869FFF74FFE0346FB75FB7D002BE4
S3150805076009D13B68002B06D0FA6939683869FFF75D
S3150805077042FE0346FB75FB7D002B16D13B69FA69DC
S315080507801A613B695A693B699B69023B9A4204D8D7
S315080507903B695B695A1E3B695A613B691B7943F09C
S315080507A00103DAB23B691A7107E0FB7D012B02D119
S315080507B04FF0FF3300E00123FB61FB69184620373C
S315080507C0BD4680BD80B487B000AF786039607B6868
S315080507D01B68FB607B68DB6A04333B613B685B0A25
S315080507E0FA685289B3FBF2F37B613B691A1D3A61D4
S315080507F01B68BB60BB68002B01D1002310E07A6932
S31508050800BB689A4207D37A69BB68D31A7B613B6989
S3150805081004333B61E9E700BF3B691A687B69134402
S3150805082018461C37BD465DF8047B704780B586B00B
S3150805083000AF786039607B681B683B613B68B3F538
S31508050840001F04D23B6803F01F03002B01D00223C7
S3150805085063E07B683A685A617B689B687B617B695C
S31508050860002B06D13B691B78022B02D93B699B6A8B
S315080508707B617B69002B0CD13B685B093A69128958
S31508050880934201D3022348E03B699A6A7B68DA6199
S3150805089029E03B695B895B02FB6019E07B6879693E
S315080508A01846FFF700FD78617B69B3F1FF3F01D173
S315080508B0012332E07B69012B04D93B699B697A6977
S315080508C09A4201D3022328E03A68FB68D31A3B60AB
S315080508D03A68FB689A42E1D279693869FFF7C4FC38
S315080508E002467B68DA617B687A699A617B68DB69A7
S315080508F0002B01D1022310E07B68DA693B685B0AA5
S315080509001A447B68DA613B6903F134023B68C3F331
S3150805091008031A447B681A62002318461837BD4629
S3150805092080BD80B586B000AF786039607B681B6886
S31508050930FB607B685B692033BB607B68DB69002BE2
S3150805094003D0BB68B3F5001F01D30423AAE0BB682F
S31508050950C3F30803002B40F098807B68DB695A1CB3
S315080509607B68DA617B689B69002B0BD1BB685B09E1
S31508050970FA6812899342C0F088807B680022DA619A
S3150805098004238FE0BB685B0AFA685289013A13406B
S31508050990002B7AD17A687B689B6919461046FFF75A
S315080509A082FC78617B69012B01D802237AE07B6991
S315080509B0B3F1FF3F01D1012374E0FB689B697A69AE
S315080509C09A4258D33B68002B04D17B680022DA612A
S315080509D0042367E07A687B689B6919461046FFF722
S315080509E059FE78617B69002B01D107235AE07B699B
S315080509F0012B01D1022355E07B69B3F1FF3F01D1F4
S31508050A0001234FE0F868FFF74FFB0346002B01D09B
S31508050A10012347E0FB6834334FF40072002118467A
S31508050A20FFF779F900233B617969F868FFF71CFC3C
S31508050A300246FB681A6312E0FB680122DA70F86859
S31508050A40FFF732FB0346002B01D001232AE03B6959
S31508050A5001333B61FB681B6B5A1CFB681A63FB6811
S31508050A605B891A463B699342E6D3FB681A6B3B6971
S31508050A70D21AFB681A637B687A699A617969F86894
S31508050A80FFF7F2FB02467B68DA617B68BA685A614A
S31508050A90FB6803F13402BB68C3F308031A447B6891
S31508050AA01A62002318461837BD4680BD80B586B03C
S31508050AB000AF786039607B681B68FB600021786841
S31508050AC0FFF7B4FE0346FB75FB7D002B2BD10023F0
S31508050AD03B617B68DB691946F868FFF729FB03461E
S31508050AE0FB75FB7D002B1DD17B681B6A1B78E52BE7
S31508050AF004D07B681B6A1B78002B07D13B69013339
S31508050B003B613A693B689A4202D10CE000233B6196
S31508050B1001217868FFF705FF0346FB75FB7D002B6A
S31508050B20D7D000E000BFFB7D042B01D10723FB7559
S31508050B30FB7D18461837BD4680BD80B584B000AF25
S31508050B40786039603B681A331846FFF741F803465B
S31508050B50FB607B681B78032B09D13B681433184661
S31508050B60FFF736F803461B04FA681343FB60FB6870
S31508050B7018461037BD4680BD80B584B000AFF8600D
S31508050B80B9607A60BB681A337A6892B21146184614
S31508050B90FFF759F8FB681B78032B09D1BB6803F1E6
S31508050BA014027B681B0C9BB219461046FFF74BF8D7
S31508050BB000BF1037BD4680BD90B587B000AF7860D9
S31508050BC039603B681A331846FFF702F80346002BC7
S31508050BD001D0002359E03B681B7803F03F035A1EF2
S31508050BE013465B0013449B0013447B610123FB8179
S31508050BF000233B6133E0274A3B6913441B781A46B1
S31508050C003B6813441846FEF7E3FF0346BB81FB8999
S31508050C10002B1AD07B69FE2B12D8BB89184602F021
S31508050C2011FD03461C467B695A1C7A615B007A6886
S31508050C3013441B88184602F005FD03469C4201D05D
S31508050C40002322E0BB89FB8106E0BB894FF6FF72CC
S31508050C50934201D0002318E03B6901333B613B69A8
S31508050C600C2BC8D93B681B7803F04003002B0BD027
S31508050C70FB89002B08D07B695B007A6813441B88BF
S31508050C80002B01D0002300E0012318461C37BD467A
S31508050C9090BD00BFD4F2060880B586B000AF78606F
S31508050CA039603B681A331846FEF792FF0346002B50
S31508050CB001D000234DE03B681B7823F040035A1EFC
S31508050CC013465B0013449B0013447B610123FB8198
S31508050CD000233B6128E0214A3B6913441B781A46E1
S31508050CE03B6813441846FEF773FF0346BB81FB8929
S31508050CF0002B0FD07B69FE2B01D9002329E0BB8980
S31508050D00FB817B695A1C7A615B007A681344FA8908
S31508050D101A8006E0BB894FF6FF72934201D000237D
S31508050D2017E03B6901333B613B690C2BD3D93B681B
S31508050D301B7803F04003002B0AD07B69FE2B01D9EB
S31508050D40002306E07B695B007A68134400221A8053
S31508050D50012318461837BD4680BD00BFD4F20608DC
S31508050D6080B588B000AFF860B96011461A460B46DB
S31508050D70FB711346BB71BB680D33BA791A70BB682C
S31508050D800B330F221A70BB680C3300221A70BB6826
S31508050D901A3300211846FEF756FFFB795A1E1346E5
S31508050DA05B0013449B001344FB610023FB8200236D
S31508050DB0BB61FB8A4FF6FF72934207D0FB695A1C43
S31508050DC0FA615B00FA6813441B88FB82174ABB69FC
S31508050DD013441B781A46BB681344FA8A1146184603
S31508050DE0FEF731FFFB8A002B02D14FF6FF73FB8214
S31508050DF0BB690133BB61BB690C2BDAD9FB8A4FF694
S31508050E00FF72934206D0FB695B00FA6813441B8898
S31508050E10002B03D1FB7943F04003FB71BB68FA79D4
S31508050E201A7000BF2037BD4680BD00BFD4F206083C
S31508050E3080B58CB000AFF860B9607A603B600B226C
S31508050E40B968F868FEF746FF3B68052B2BD93B685A
S31508050E50FB6122E07B689A1C7A601B887B840023E9
S31508050E60BB6217E0FB695A007B8C03F00103134448
S31508050E70FB617B8C5B087B84FB6903F48033002B61
S31508050E8005D0FB6983F4883383F02103FB61BB6ACC
S31508050E900133BB62BB6A0F2BE4D97B681B88002B21
S31508050EA0D8D1FB693B600723BB623B68DBB203F01D
S31508050EB00F03DBB2303387F82F3097F82F30392BED
S31508050EC004D997F82F30073387F82F30BB6A5A1E8F
S31508050ED0BA6230333B4497F82F2003F81C2C3B683D
S31508050EE01B093B603B68002BDFD107F11402BB6A7F
S31508050EF013447E221A7000237B6202E07B6A013363
S31508050F007B627A6ABB6A9A4205D2FA687B6A134497
S31508050F101B78202BF2D1BB6A072B07D8BB6A5A1C4C
S31508050F20BA6230333B4413F81C1C00E020217B6A67
S31508050F305A1C7A62FA6813440A461A707B6A072BA2
S31508050F40E9D900BF00BF3037BD4680BD80B485B03E
S31508050F5000AF78600023FB730B23BB60FB7BDAB21B
S31508050F605208DB011343DAB27B68591C79601B7892
S31508050F701344FB73BB68013BBB60BB68002BEDD113
S31508050F80FB7B18461437BD465DF8047B704780B56C
S31508050F9086B000AF786039600423FB757B681B68EB
S31508050FA03B61FF237B75FF233B7581E07B68DB6926
S31508050FB019463869FFF7BCF80346FB75FB7D002B18
S31508050FC07CD17B681B6A1B78BB75BB7D002B02D160
S31508050FD00423FB7577E07B681B6A0B331B7803F0E4
S31508050FE03F03FB737B68FA7B9A71BB7DE52B0ED0B5
S31508050FF0BB7D2E2B0BD0FB7B23F02003082B0CBFC8
S3150805100001230023DBB21A463B68934202D0FF232D
S315080510107B7544E0FB7B0F2B2FD1BB7D03F040038B
S31508051020002B0DD07B681B6A5B7B3B75BB7D23F06C
S315080510304003BB75BB7D7B757B685A697B681A63FC
S31508051040BA7D7B7D9A4215D17B681B6A0D331B7861
S315080510503A7D9A420ED13B69DA687B681B6A19465E
S315080510601046FFF719FE0346002B03D07B7D013B8F
S31508051070DBB200E0FF237B7511E07B7D002B09D1F0
S315080510807B681B6A1846FFF761FF03461A463B7DD0
S31508051090934215D07B684FF0FF321A6310E00021A2
S315080510A07868FFF73EFC0346FB75FB7D002B09D1E7
S315080510B07B68DB69002B7FF479AF04E000BF02E0AB
S315080510C000BF00E000BFFB7D002B02D07B68002235
S315080510D0DA61FB7D18461837BD4680BD80B586B0F2
S315080510E000AF78607B681B683B6100217868FFF76D
S315080510F09DFB0346FB75FB7D002B01D0FB7DA9E017
S31508051100FF233B753B7D7B757B684FF0FF321A6382
S315080511107B68DB6919463869FFF70AF80346FB75E4
S31508051120FB7D002B40F090807B681B6A1B78BB759E
S31508051130BB7D002B02D10423FB758AE07B681B6AFD
S315080511400B331B7803F03F03FB737B68FA7B9A71B5
S31508051150BB7DE52B07D0FB7B03F00803002B09D0E5
S31508051160FB7B0F2B06D0FF237B757B684FF0FF3281
S315080511701A635EE0FB7B0F2B36D17B6893F82F301D
S3150805118003F04003002B54D1BB7D03F04003002B2D
S315080511900DD07B681B6A5B7B3B75BB7D23F04003E3
S315080511A0BB75BB7D7B757B685A697B681A63BA7D97
S315080511B07B7D9A4215D17B681B6A0D331B783A7D70
S315080511C09A420ED13B69DA687B681B6A194610464E
S315080511D0FFF7F2FC0346002B03D07B7D013BDBB210
S315080511E000E0FF237B7524E07B7D002B09D17B6816
S315080511F01B6A1846FFF7AAFE03461A463B7D934225
S3150805120024D07B6893F82F3003F00103002B0AD10D
S315080512107B68186A7B6824330B221946FEF796FD08
S315080512200346002B14D0FF237B757B684FF0FF32EE
S315080512301A6300217868FFF774FB0346FB75FB7D87
S31508051240002B3FF465AF04E000BF02E000BF00E0F5
S3150805125000BFFB7D18461837BD4680BD80B58CB0E6
S3150805126000AF78607B681B68FB617B6893F82F3055
S3150805127003F0A003002B01D00623E0E000237B62E0
S3150805128002E07B6A01337B62FB69DA687B6A5B008D
S3150805129013441B88002BF4D17B6803F1240107F15D
S315080512A00C030C221846FEF715FDFB7D03F001031A
S315080512B0002B32D07B68402283F82F200123BB629E
S315080512C016E07B6803F12400FB69DA6807F10C016F
S315080512D0BB6AFFF7ADFD7868FFF700FF034687F899
S315080512E02F3097F82F30002B06D1BB6A0133BB6226
S315080512F0BB6A632BE5D900E000BFBB6A642B01D145
S3150805130007239CE097F82F30042B02D097F82F3047
S3150805131095E0FA7D7B6883F82F20FB7D03F00203B1
S31508051320002B07D07B6A0C33474AA2FB03239B088D
S31508051330013300E001233B62396A7868FFF7B6FB9B
S31508051340034687F82F3097F82F30002B48D13B6A8C
S31508051350013B3B623B6A002B42D07B685A693B6A74
S315080513605B01D31A19467868FFF760FA034687F8CA
S315080513702F3097F82F30002B32D17B682433184647
S31508051380FFF7E4FD0346FB767B68DB691946F869D2
S31508051390FEF7CEFE034687F82F3097F82F30002B39
S315080513A01DD1FB69D8687B68196A3B6ADAB2FB7E88
S315080513B0FFF7D6FCFB690122DA7000217868FFF78A
S315080513C0B0FA034687F82F3097F82F30002B07D148
S315080513D03B6A013B3B623B6A002BD5D100E000BF67
S315080513E097F82F30002B28D17B68DB691946F869F1
S315080513F0FEF79EFE034687F82F3097F82F30002B09
S315080514001BD17B681B6A202200211846FEF783FC40
S315080514107B68186A7B6824330B221946FEF75AFC43
S315080514207B6893F82F207B681B6A0C3302F0180239
S31508051430D2B21A70FB690122DA7097F82F3018466E
S315080514403037BD4680BD00BF4FECC44E80B586B06B
S3150805145000AF78607B681B683B617B685B69FB60EE
S315080514607B681B6BB3F1FF3F07D07B681B6B19467F
S315080514707868FFF7DBF9034600E00023FB75FB7D7B
S31508051480002B28D17B68DB6919463869FEF750FEBB
S315080514900346FB75FB7D002B15D17B681B6AE52288
S315080514A01A703B690122DA707B685B69FA689A42A9
S315080514B00BD900217868FFF734FA0346FB75FB7DDF
S315080514C0002BDFD002E000BF00E000BFFB7D042B48
S315080514D001D10223FB75FB7D18461837BD4680BD2D
S315080514E080B588B000AF786039607B681B683B615A
S315080514F03B6800229A757B68DB69002B00F0C9807A
S315080515007B681B6BB3F1FF3F32D00023BB61BB6918
S31508051510FB611BE0FB890021184602F057F80346D4
S31508051520FB81FB89002B02D10023FB611AE0FB69CD
S31508051530FE2B02D90023FB6114E0FB695A1CFA61EC
S31508051540FA89D1B23A6813440A469A753B69DA6844
S31508051550BB69591CB9615B0013441B88FB81FB8970
S31508051560002BD7D13A68FB691344163300221A7043
S315080515700023BB61BB69FB613A68FB6913441633F3
S315080515801B78BB814CE07B681A6AFB69591CF961B3
S3150805159013441B78FB75FB7D202B00D140E0FB7DB2
S315080515A0052B01D1E523FB75FB69092B0FD1BB89F2
S315080515B0002B05D13A68BB69134416332E221A70D7
S315080515C0BB695A1CBA613A6813442E225A723A689C
S315080515D0BB6913440933FA7D1A70BB89002B1CD1E4
S315080515E0FB7D402B13D9FB7D5A2B10D87B681B6ACC
S315080515F00C331B781A46FB69082B01D9102300E022
S3150805160008231340002B02D0FB7D2033FB753A686F
S31508051610BB6913441633FA7D1A70BB690133BB617E
S31508051620FB690A2BAFD9BB89002B0DD13A68BB6973
S315080516301344163300221A707B681B6A0C331B7811
S31508051640002B01D10023BB613A68BB6913440933F2
S3150805165000221A707B681B6ADA7A3B681A727B68FD
S315080516601B6A1C331846FEF7CBFA02463B681A6016
S315080516707B681B6A16331846FEF7C2FAB860BB685C
S315080516809AB23B68DA80BB681B0C9AB23B689A80AB
S3150805169000E000BF2037BD4680BD000080B58AB092
S315080516A000AF786039603B681B683B617B681B68DF
S315080516B0DB68FB6000237B617B69BB61BB695A1CE0
S315080516C0BA613A6913441B78BB84BB8C1F2B40D976
S315080516D0BB8C2F2B06D0BB8C5C2B10D102E0BB69CB
S315080516E00133BB613A69BB6913441B782F2BF6D0C6
S315080516F03A69BB6913441B785C2BF0D02AE07B69F1
S31508051700FE2B01D906237DE1BB8CDBB2BB84BB8CE2
S315080517100121184601F05AFF0346BB84BB8C002BF2
S3150805172001D106236EE1BB8C7F2B09D8BB8C1946E4
S315080517308D48FEF732FB0346002B01D0062361E1EF
S315080517407B695A1C7A615B00FA681344BA8C1A805D
S31508051750B4E700BF3A69BB691A443B681A60BB8C93
S315080517601F2B01D8042300E0002387F8273011E052
S315080517707B6903F10043013B5B00FA6813441B8848
S31508051780BB84BB8C202B02D0BB8C2E2B06D17B6948
S31508051790013B7B617B69002BEAD100E000BF7B69D1
S315080517A05B00FA68134400221A807B69002B01D175
S315080517B0062327E17B6824330B2220211846FEF7EA
S315080517C0AAFA0023BB6102E0BB690133BB61BB69A9
S315080517D05B00FA6813441B88202BF5D0BB695B00B0
S315080517E0FA6813441B882E2BEED0BB69002B09D04B
S315080517F097F8273043F0030387F8273002E07B691B
S31508051800013B7B617B69002B09D07B6903F10043AA
S31508051810013B5B00FA6813441B882E2BEFD1002386
S3150805182087F8263000233B620823FB61BB695A1CEF
S31508051830BA615B00FA6813441B88BB84BB8C002B12
S3150805184000F09080BB8C202B06D0BB8C2E2B0AD1A2
S31508051850BA697B699A4206D097F8273043F003039D
S3150805186087F827307DE03A6AFB699A4203D2BA6956
S315080518707B699A4223D1FB690B2B06D197F827304A
S3150805188043F0030387F8273075E0BA697B699A42FE
S3150805189005D097F8273043F0030387F82730BA6948
S315080518A07B699A4266D87B69BB6108233B620B2331
S315080518B0FB6197F826309B0087F8263051E0BB8CEC
S315080518C07F2B14D9BB8C0021184601F07FFE0346F1
S315080518D0BB84BB8C002B04D0BB8C803B234AD35CD2
S315080518E0BB8497F8273043F0020387F82730BB8C6B
S315080518F0002B07D0BB8C19461D48FEF74EFA034642
S31508051900002B08D05F23BB8497F8273043F00303E1
S3150805191087F827301BE0BB8C402B09D9BB8C5A2B83
S3150805192006D897F8263043F0020387F826300EE0E6
S31508051930BB8C602B0BD9BB8C7A2B08D897F826302D
S3150805194043F0010387F82630BB8C203BBB843B6AF2
S315080519505A1C3A62BA8CD1B27A6813440A4683F895
S31508051960242063E700BF06E04CD2060854F20608B1
S3150805197058D2060800BF7B6893F82430E52B03D1B7
S315080519807B68052283F82420FB69082B04D197F880
S3150805199026309B0087F8263097F8263003F00C0387
S315080519A00C2B05D097F8263003F00303032B05D136
S315080519B097F8273043F0020387F8273097F827303A
S315080519C003F00203002B17D197F8263003F003031B
S315080519D0012B05D197F8273043F0100387F82730F0
S315080519E097F8263003F00C03042B05D197F8273012
S315080519F043F0080387F827307B6897F8272083F88C
S31508051A002F20002318462837BD4680BD80B586B0E9
S31508051A1000AF786039607B683B613B691B68FB6092
S31508051A2002E03B6801333B603B681B782F2BF8D0F7
S31508051A303B681B785C2BF4D03B6900229A603B68AF
S31508051A401B781F2B0AD87B68802283F82F20002154
S31508051A507868FEF7EBFE0346FB7543E03B461946F9
S31508051A607868FFF71BFE0346FB75FB7D002B34D113
S31508051A707868FFF733FB0346FB757B6893F82F30C9
S31508051A80FB72FB7D002B0AD0FB7D042B27D1FB7A45
S31508051A9003F00403002B22D10523FB751FE0FB7A0F
S31508051AA003F00403002B1CD13B699B7903F0100353
S31508051AB0002B02D10523FB7514E0FB6803F13402FC
S31508051AC07B685B69C3F3080313441946F868FFF78F
S31508051AD034F802463B699A60C0E700BF02E000BFDA
S31508051AE000E000BFFB7D18461837BD4680BD80B4AB
S31508051AF087B000AF78604FF0FF333B617B681B68A2
S31508051B00002B31D07B681B687B6102E07B6901335A
S31508051B107B617B691B781F2B03D97B691B783A2B5D
S31508051B20F4D17B691B783A2B1CD17B681B68FB6053
S31508051B30FB685A1CFA601B78303BBB60BB68092BEF
S31508051B400ED8FA687B699A420AD1BB68002B07D179
S31508051B50BB683B617B6901337B617B687A691A607F
S31508051B603B6902E000233B613B6918461C37BD46C5
S31508051B705DF8047B7047000080B582B000AF7860D9
S31508051B8039607B680022DA707B684FF0FF321A638A
S31508051B9039687868FEF7CCFA0346002B01D004238A
S31508051BA038E07B68343303F5FF731846FEF710F8FB
S31508051BB003461A464AF655239A4201D0032329E0D5
S31508051BC07B6893F83430E92B09D07B6893F8343071
S31508051BD0EB2B1ED17B6893F83630902B19D17B6891
S31508051BE0343336331846FEF70BF8034623F07F439E
S31508051BF00A4A934201D100230CE07B6834335233F9
S31508051C001846FDF7FDFF0346054A934201D1002311
S31508051C1000E0022318460837BD4680BD46415400F4
S31508051C204641543380B596B000AFF860B96013469F
S31508051C30FB71BB6800221A60F868FFF758FFF8635E
S31508051C40FB6B002B01DA0B2330E2A14AFB6B52F83A
S31508051C502330BB63BB6B002B01D10C2326E2BB6883
S31508051C60BA6B1A60FB7923F00103FB71BB6B1B7812
S31508051C70002B1AD0BB6B5B781846FDF70BFF03469E
S31508051C8087F8373097F8373003F00103002B0CD166
S31508051C90FB79002B07D097F8373003F00403002BA0
S31508051CA001D00A2302E2002300E2BB6B00221A7068
S31508051CB0FB6BDAB2BB6B5A70BB6B5B781846FDF7E4
S31508051CC003FF034687F8373097F8373003F00103E3
S31508051CD0002B01D00323E9E1FB79002B07D097F800
S31508051CE0373003F00403002B01D00A23DEE1002375
S31508051CF03B65396DB86BFFF73FFF034687F85730E5
S31508051D0097F85730022B49D100233B641EE0BB6B7D
S31508051D1003F134023B6C1B0103F5DF7313443B6384
S31508051D203B6B04331B78002B06D03B6B08331846F0
S31508051D30FDF766FF024600E000223B6C9B00583320
S31508051D403B4443F8442C3B6C01333B643B6C032B07
S31508051D50DDD900233B643B6C002B02D03B6C013B71
S31508051D603B643B6C9B0058333B4453F8443C3B650A
S31508051D703B6D002B05D0396DB86BFFF7FDFE0346A5
S31508051D8000E0032387F8573097F85730012B05D914
S31508051D903B6C01333B643B6C032BE2D997F8573010
S31508051DA0042B01D1012381E197F85730012B01D97D
S31508051DB00D237BE1BB6B34330B331846FDF708FF60
S31508051DC00346B3F5007F01D00D236FE1BB6B3433B2
S31508051DD016331846FDF7FCFE0346FB64FB6C002B21
S31508051DE006D1BB6B343324331846FDF709FFF8646F
S31508051DF0BB6BFA6CDA61BB6B93F84420BB6B9A70C4
S31508051E00BB6B9B78012B05D0BB6B9B78022B01D04E
S31508051E100D234BE1BB6B9B781A46FB6C02FB03F360
S31508051E20FB64BB6B93F841309AB2BB6B5A81BB6BAB
S31508051E305B89002B08D0BB6B5B891A46BB6B5B8934
S31508051E40013B1340002B01D00D232FE1BB6B343327
S31508051E5011331846FDF7BCFE03461A46BB6B1A81B5
S31508051E60BB6B1B8903F00F039BB2002B01D00D2317
S31508051E701CE1BB6B343313331846FDF7A9FE03463D
S31508051E80BB64BB6C002B06D1BB6B343320331846B9
S31508051E90FDF7B6FEB864BB6B34330E331846FDF74B
S31508051EA097FE0346FB85FB8D002B01D10D23FDE02F
S31508051EB0FA8DFB6C1344BA6B1289120992B2134454
S31508051EC0BB62BA6CBB6A9A4204D20D23EEE000BF28
S31508051ED0E8490020BA6CBB6AD31ABA6B5289B3FBB8
S31508051EE0F2F37B627B6A002B01D10D23DEE0032327
S31508051EF087F857307B6A4FF6F572934202D8022364
S31508051F0087F857307B6A40F6F572934202D8012363
S31508051F1087F857307B6A9A1CBB6B9A61BB6B3A6D1F
S31508051F201A62FA8D3B6D1A44BB6B5A623A6DBB6AE7
S31508051F301A44BB6BDA6297F85730032B1ED1BB6B75
S31508051F4034332A331846FDF743FE0346002B01D0E2
S31508051F500D23ABE0BB6B1B89002B01D00D23A5E038
S31508051F60BB6B34332C331846FDF74AFE0246BB6B6A
S31508051F709A62BB6B9B699B007B641FE0BB6B1B89E5
S31508051F80002B01D10D2391E0BB6B5A6AFB6C1A44F1
S31508051F90BB6B9A6297F85730022B03D1BB6B9B69CB
S31508051FA05B000AE0BB6B9A6913465B0013445A0843
S31508051FB0BB6B9B6903F0010313447B64BB6BDA694E
S31508051FC07B6C03F2FF135B0A9A4201D20D236DE07F
S31508051FD0BB6B4FF0FF325A61BB6B5A69BB6B1A6113
S31508051FE0BB6B80221A7197F85730032B49D1BB6B07
S31508051FF0343330331846FDF7EBFD0346012B40D144
S315080520003B6D01331946B86BFEF792F80346002B6C
S3150805201037D1BB6B00221A71BB6B343303F5FF73DB
S315080520201846FDF7D5FD03461A464AF655239A423C
S3150805203027D1BB6B34331846FDF7E2FD03461D4A27
S3150805204093421ED1BB6B343303F5F2731846FDF77D
S31508052050D7FD0346184A934213D1BB6B343303F5B0
S31508052060F4731846FDF7CCFD0246BB6B5A61BB6B8C
S31508052070343303F5F6731846FDF7C2FD0246BB6B06
S315080520801A61BB6B97F857201A700C4B1B880133DE
S315080520909AB20A4B1A80094B1A88BB6BDA80BB6B56
S315080520A0074ADA60B86BFDF7DBFF00231846583791
S315080520B0BD4680BD5252614172724161EC490020AC
S315080520C0104A002080B584B000AF786039600923CE
S315080520D0FB737B68002B1CD07B681B68002B18D00C
S315080520E07B681B681B78002B13D07B689A887B68EE
S315080520F01B68DB889A420CD17B681B685B78184697
S31508052100FDF7C8FC034603F00103002B01D10023A4
S31508052110FB73FB7B002B02D17B681B6800E0002361
S315080521203A681360FB7B18461037BD4680BD00002C
S3150805213080B588B000AFF860B9601346FB71BB6817
S315080521403B6107F110031846FFF7D1FCF861FB69F7
S31508052150002B01DA0B232BE0174AFB6952F82330CB
S31508052160BB61BB69002B05D0B869FDF779FFBB696B
S3150805217000221A70FB68002B02D0FB6800221A7031
S31508052180FA680D49FB6941F82320FB68002B02D044
S31508052190FB79012B01D000230AE007F10C0107F1B1
S315080521A0080300221846FFF73DFD0346FB75FB7D30
S315080521B018462037BD4680BDE849002080B59AB047
S315080521C000AFF860B9601346FB71FB68002B01D1B7
S315080521D00923ADE1FB7903F03F03FB71FA7907F1B2
S315080521E0140107F108031846FFF71CFD034687F88F
S315080521F0673097F86730002B40F091817B69BB61A2
S31508052200BA6807F1180311461846FFF7FFFB034698
S3150805221087F8673097F86730002B1AD197F8473053
S315080522205BB2002B03DA062387F8673011E0FB79E2
S3150805223023F00103002B14BF01230023DBB21A4642
S3150805224007F1180311461846FDF7C2FD034687F838
S315080522506730FB7903F01C03002B7FD097F86730AE
S31508052260002B17D097F86730042B0ED1FDF70CFE17
S315080522700346002B06D007F118031846FEF7EEFFAE
S31508052280034600E0122387F86730FB7943F0080315
S31508052290FB7110E0BB7F03F01103002B03D0072366
S315080522A087F8673007E0FB7903F00403002B02D0B3
S315080522B0082387F8673097F86730002B68D1FB79CC
S315080522C003F00803002B63D0FAF7BCFEB865BB6BB1
S315080522D00E33B96D1846FDF7D1FCBB6B1633B96DD0
S315080522E01846FDF7CBFCBB6B0B3320221A707B69AE
S315080522F0BA6B11461846FEF720FC78657B69B96BFB
S3150805230000221846FEF738FCBB6B1C33002118461D
S31508052310FDF7B4FC7B690122DA707B6D002B37D09B
S315080523207B691B6BBB6507F118030022796D184697
S31508052330FEF74BF9034687F8673097F86730002BA1
S3150805234026D17B69B96D1846FDF7F2FE034687F86F
S3150805235067307B697A6D013A1A6119E097F8673033
S31508052360002B15D1BB7F03F01003002B03D00423E4
S3150805237087F867300CE0FB7903F00203002B07D0DA
S31508052380BB7F03F00103002B02D0072387F86730CC
S3150805239097F86730002B28D1FB7903F00803002B43
S315080523A003D0FB7943F04003FB717B691A6BFB6825
S315080523B05A62BA6BFB689A62FB7923F00103002B14
S315080523C014BF01230023DBB21A4607F11803114689
S315080523D01846FDF77BFD0246FB681A61FB681B6913
S315080523E0002B02D1022387F8673097F86730002B50
S315080523F040F095807B69BA6B11461846FEF79DFB3A
S315080524000246FB689A60BB6B1C331846FDF7F8FB5A
S315080524100246FB68DA60FB680022DA627A69FB68BD
S315080524201A607B69DA88FB689A80FB68FA791A75F7
S31508052430FB6800225A75FB6800221A62FB680022AF
S315080524409A61FB6830334FF4007200211846FDF790
S3150805245062FCFB7903F02003002B60D0FB68DB6880
S31508052460002B5CD0FB68DA68FB689A617B695B8937
S315080524705B023B65FB689B683B66FB68DB68FB653F
S3150805248016E0FB68396E1846FDF70DFF38663B6E94
S31508052490012B02D8022387F867303B6EB3F1FF3F5D
S315080524A002D1012387F86730FA6D3B6DD31AFB65B0
S315080524B097F86730002B03D1FA6D3B6D9A42E0D841
S315080524C0FB683A6EDA6197F86730002B27D1FB6D02
S315080524D0C3F30803002B22D07B69396E1846FDF72E
S315080524E0C3FEF864FB6C002B03D1022387F867301B
S315080524F015E0FB6D5A0AFB6C1A44FB681A627B6980
S315080525005878FB6803F13001FB681A6A0123FDF761
S3150805251001FB0346002B02D0012387F8673097F89D
S315080525206730002B02D0FB6800221A6097F86730DF
S3150805253018466837BD4680BD80B58EB000AFF860D1
S31508052540B9607A603B60BB687B623B6800221A60AB
S31508052550FB6807F1140211461846FFF7B3FD034653
S3150805256087F8373097F83730002B07D1FB685B7D3E
S3150805257087F8373097F83730002B02D097F8373079
S3150805258015E1FB681B7D03F00103002B01D1072329
S315080525900DE1FB68DA68FB689B69D31A3B627A68C2
S315080525A03B6A9A4240F2FE803B6A7B60FAE0FB682A
S315080525B09B69C3F30803002B40F0C680FB689B693B
S315080525C05B0A7A695289013A1340FB61FB69002B5C
S315080525D02FD1FB689B69002B03D1FB689B683B637E
S315080525E013E0FB68DB6A002B07D0FB689B69194675
S315080525F0F868FEF7E7F8386307E0FA68FB68DB6909
S3150805260019461046FDF74FFE38633B6B012B04D878
S31508052610FB6802225A750223C9E03B6BB3F1FF3FFB
S3150805262004D1FB6801225A750123C0E0FB683A6BA1
S31508052630DA617A69FB68DB6919461046FDF714FE07
S31508052640B861BB69002B04D1FB6802225A750223BF
S31508052650ADE0BA69FB691344BB617B685B0ABB627B
S31508052660BB6A002B39D0FA69BB6A13447A69528961
S31508052670934205D97B695B891A46FB69D31ABB62FE
S315080526807B695878BB6ABA69796AFDF743FA0346DE
S31508052690002B04D0FB6801225A75012387E0FB68E5
S315080526A01B7D5BB2002B14DAFB681A6ABB69D31A61
S315080526B0BA6A9A420DD9FB681A6ABB69D31A5B02CC
S315080526C07A6AD018FB6830334FF400721946FDF75D
S315080526D001FBBB6A5B02FB6250E0FB681B6ABA69D1
S315080526E09A422ED0FB681B7D5BB2002B18DA7B69F4
S315080526F05878FB6803F13001FB681A6A0123FDF770
S3150805270029FA0346002B04D0FB6801225A750123D2
S315080527104DE0FB681B7D03F07F03DAB2FB681A758B
S315080527207B695878FB6803F130010123BA69FDF71F
S31508052730F1F90346002B04D0FB6801225A750123DB
S3150805274035E0FB68BA691A62FB689B69C3F3080337
S31508052750C3F50073FB62FA6A7B689A4201D97B68FE
S31508052760FB62FB6803F13002FB689B69C3F3080348
S315080527701344FA6A1946786AFDF7ACFA7A6AFB6A67
S3150805278013447B62FB689A69FB6A1A44FB689A617B
S315080527903B681A68FB6A1A443B681A607A68FB6ADA
S315080527A0D31A7B607B68002B7FF401AF002318469C
S315080527B03837BD4680BD80B58CB000AFF860B960C6
S315080527C07A603B60BB68FB613B6800221A60FB6860
S315080527D007F1100211461846FFF774FC034687F8F9
S315080527E02F3097F82F30002B07D1FB685B7D87F8CC
S315080527F02F3097F82F30002B02D097F82F304BE162
S31508052800FB681B7D03F00203002B01D1072343E177
S31508052810FB689A697B681A44FB689B699A4280F04B
S315080528202D81FB689B69DB437B6027E1FB689B6918
S31508052830C3F30803002B40F0E380FB689B695B0A3A
S315080528403A695289013A1340BB61BB69002B43D1EA
S31508052850FB689B69002B0CD1FB689B68BB62BB6A4E
S31508052860002B1AD1FB6800211846FDF713FFB8623D
S3150805287013E0FB68DB6A002B07D0FB689B691946E2
S31508052880F868FDF79FFFB86207E0FA68FB68DB6939
S3150805289019461046FDF7FEFEB862BB6A002B00F026
S315080528A0F280BB6A012B04D1FB6802225A75022302
S315080528B0F2E0BB6AB3F1FF3F04D1FB6801225A7502
S315080528C00123E9E0FB68BA6ADA61FB689B68002BB5
S315080528D002D1FB68BA6A9A60FB681B7D5BB2002B5E
S315080528E018DA3B695878FB6803F13001FB681A6A00
S315080528F00123FDF72FF90346002B04D0FB680122B7
S315080529005A750123C8E0FB681B7D03F07F03DAB21D
S31508052910FB681A753A69FB68DB6919461046FDF7BF
S31508052920A3FC78617B69002B04D1FB6802225A75E2
S315080529300223B1E07A69BB6913447B617B685B0A4C
S315080529403B623B6A002B3CD0BA693B6A13443A6939
S315080529505289934205D93B695B891A46BB69D31ADD
S315080529603B623B6958783B6A7A69F969FDF7F2F87B
S315080529700346002B04D0FB6801225A7501238BE018
S31508052980FB681A6A7B69D31A3A6A9A4215D9FB68AB
S3150805299003F13000FB681A6A7B69D31A5B02FA6988
S315080529A013444FF400721946FDF794F9FB681B7D2D
S315080529B003F07F03DAB2FB681A753B6A5B027B6232
S315080529C03FE0FB681B6A7A699A4216D0FB689A69E2
S315080529D0FB68DB689A4210D23B695878FB6803F1B5
S315080529E0300101237A69FDF795F80346002B04D0D3
S315080529F0FB6801225A7501234EE0FB687A691A625B
S31508052A00FB689B69C3F30803C3F500737B627A6A9F
S31508052A107B689A4201D97B687B62FB6803F13002C1
S31508052A20FB689B69C3F3080313447A6AF969184670
S31508052A30FDF750F9FB681B7D63F07F03DAB2FB6887
S31508052A401A75FA697B6A1344FB61FB689A697B6A9E
S31508052A501A44FB689A61FB68DA68FB689B699A42BF
S31508052A6038BF1A46FB68DA603B681A687B6A1A44F7
S31508052A703B681A607A687B6AD31A7B607B68002B89
S31508052A807FF4D4AE00E000BFFB681B7D43F040032E
S31508052A90DAB2FB681A75002318463037BD4680BD7D
S31508052AA080B586B000AF78607B6807F108021146E5
S31508052AB01846FFF707FB0346FB75FB7D002B68D118
S31508052AC07B681B7D03F04003002B62D07B681B7D6A
S31508052AD05BB2002B15DABB6858787B6803F13001C1
S31508052AE07B681A6A0123FDF735F80346002B01D0E2
S31508052AF001234FE07B681B7D03F07F03DAB27B6811
S31508052B001A75FAF79FFA3861BA687B685B6A1946D7
S31508052B101046FDF70DFB0346FB75FB7D002B38D1EB
S31508052B207B689B6AFB60FB680B331A78FB680B337B
S31508052B3042F02002D2B21A707B6818687B689B68D7
S31508052B401A46F968FEF718F8FB6803F11C027B6854
S31508052B50DB6819461046FDF791F8FB68163339699F
S31508052B601846FDF78BF8FB68123300211846FDF762
S31508052B706AF8BB680122DA70BB681846FDF706FBDA
S31508052B800346FB757B681B7D23F04003DAB27B6839
S31508052B901A75FB7D18461837BD4680BD80B584B0C5
S31508052BA000AF78607868FFF77BFF0346FB73FB7B0E
S31508052BB0002B18D17B6807F1080211461846FFF75E
S31508052BC081FA0346FB73FB7B002B0CD17B681B69DB
S31508052BD01846FDF709FA0346FB73FB7B002B02D162
S31508052BE07B6800221A60FB7B18461037BD4680BDF8
S31508052BF080B590B000AF786039607B6807F1080248
S31508052C0011461846FFF75EFA034687F83F3097F8E8
S31508052C103F30002B03D17B685B7D87F83F3097F8FB
S31508052C203F30002B02D097F83F30E6E17B68DB6A38
S31508052C30002B00F0D1803B68B3F1FF3F5AD17B6882
S31508052C40DB6A7B627B6A1A1D7A621B687B610223D3
S31508052C50BB627B689B683B633B6B002B3AD03B6B3F
S31508052C603B610023FB62BB6A0233BB623B6BFB60BD
S31508052C70FB6A0133FB627B68396B1846FDF713FB64
S31508052C8038633B6B012B04D87B6802225A750223ED
S31508052C90B3E13B6BB3F1FF3F04D17B6801225A755B
S31508052CA00123AAE1FB6801333A6B9A42DED0BA6A78
S31508052CB07B699A4209D87B6A1A1D7A62FA6A1A608A
S31508052CC07B6A1A1D7A623A691A60BB689B693A6B10
S31508052CD09A42C4D37B68DB6ABA6A1A60BA6A7B69A0
S31508052CE09A4203D87B6A00221A6084E1112387F881
S31508052CF03F3080E17B68DB683A689A4202D97B688F
S31508052D00DB683B607B683A689A613B68002B00F094
S31508052D1072813B68013B19467868FDF753FD024603
S31508052D207B68DA61BA687B68DB6919461046FDF780
S31508052D309BFAB861BB69002B04D17B6802225A75D8
S31508052D4002235AE13B68013B5B0ABA685289013A94
S31508052D501340BA691344BB617B689B69C3F30803CF
S31508052D60002B00F048817B681B6ABA699A4200F015
S31508052D7042817B681B7D5BB2002B18DABB685878E5
S31508052D807B6803F130017B681A6A0123FCF7E2FECA
S31508052D900346002B04D07B6801225A7501232CE1D2
S31508052DA07B681B7D03F07F03DAB27B681A75BB68FF
S31508052DB058787B6803F130010123BA69FCF7AAFE46
S31508052DC00346002B04D07B6801225A75012314E1BA
S31508052DD07B68BA691A620EE17B68DB683A689A42CB
S31508052DE008D97B681B7D03F00203002B02D17B689B
S31508052DF0DB683B607B689B693B6200237B637B687A
S31508052E007A6B9A613B68002B00F0A780BB685B89E3
S31508052E105B02FB613B6A002B1BD03B685A1EFB69AC
S31508052E20B2FBF3F23B6A591EFB69B1FBF3F39A420F
S31508052E300FD33B6A5A1EFB695B421A407B689A6147
S31508052E407B689B693A68D31A3B607B68DB69BB6319
S31508052E5022E07B689B68BB63BB6B002B19D17B683B
S31508052E6000211846FDF716FCB863BB6B012B04D188
S31508052E707B6802225A750223BFE0BB6BB3F1FF3F9D
S31508052E8004D17B6801225A750123B6E07B68BA6BC3
S31508052E909A607B68BA6BDA61BB6B002B5DD03AE04A
S31508052EA03A68FB69D31A3B607B689A69FB691A44D9
S31508052EB07B689A617B681B7D03F00203002B0BD0A8
S31508052EC07B68B96B1846FDF7E5FBB863BB6B002B4A
S31508052ED008D100233B6022E07B68B96B1846FDF7ED
S31508052EE0E2F9B863BB6BB3F1FF3F04D17B680122F6
S31508052EF05A75012381E0BB6B012B04D9BB689B6915
S31508052F00BA6B9A4204D37B6802225A75022374E087
S31508052F107B68BA6BDA613A68FB699A42C0D87B68FE
S31508052F209A693B681A447B689A613B68C3F3080348
S31508052F30002B12D0BB68B96B1846FDF795F978636F
S31508052F407B6B002B04D17B6802225A75022354E059
S31508052F503B685B0A7A6B13447B637B689A697B6873
S31508052F60DB689A420AD97B689A697B68DA607B6866
S31508052F701B7D43F04003DAB27B681A757B689B694B
S31508052F80C3F30803002B36D07B681B6A7A6B9A4213
S31508052F9031D07B681B7D5BB2002B18DABB68587885
S31508052FA07B6803F130017B681A6A0123FCF7D2FDB9
S31508052FB00346002B04D07B6801225A7501231CE0C1
S31508052FC07B681B7D03F07F03DAB27B681A75BB68DD
S31508052FD058787B6803F1300101237A6BFCF79AFD73
S31508052FE00346002B04D07B6801225A75012304E0A9
S31508052FF07B687A6B1A6297F83F3018464037BD46A4
S3150805300080BD80B586B000AF786039607B68002BD7
S3150805301001D1092364E07B683B6107F10C013B4656
S3150805302000221846FEF7FEFD0346FB75FB7D002BC1
S315080530304FD1FA683B691A603B6819467868FEF706
S31508053040E5FC0346FB75FB7D002B3DD17B6893F8B4
S315080530502F305BB2002B12DB3B699B7903F010031B
S31508053060002B0AD0FA687B681B6A19461046FDF7D5
S3150805307064FD02463B699A6001E00523FB75FB7D05
S31508053080002B21D1FB68DA883B699A80002178688C
S31508053090FDF7CCFB0346FB75FB7D002B14D13B697D
S315080530A09B68002B0DD000217868FCF70FFF0246B8
S315080530B03B691A613B691B69002B05D11223FB7510
S315080530C002E03B6900221A61FB7D042B01D1052329
S315080530D0FB75FB7D002B02D03B6900221A60FB7D40
S315080530E018461837BD4680BD80B584B000AF7860F0
S315080530F07B6807F1080211461846FEF7E3FF034603
S31508053100FB73FB7B002B10D17B681B69002B06D054
S315080531107B681B691846FCF767FF0346FB73FB7B51
S31508053120002B02D17B6800221A60FB7B18461037F4
S31508053130BD4680BD80B584B000AF786039607B68D0
S3150805314007F1080211461846FEF7BCFF0346FB734E
S31508053150FB7B002B26D13B68002B06D1002178681E
S31508053160FDF764FB0346FB731CE000217868FDF751
S315080531700EFF0346FB73FB7B042B01D10023FB7370
S31508053180FB7B002B0ED139687868FEF7A9F9002173
S315080531907868FDF7C6FB0346FB73FB7B042B01D159
S315080531A00023FB73FB7B18461037BD4680BD80B5EB
S315080531B0A0B000AF78600023BB6707F10C013B1D83
S315080531C002221846FEF72EFD034687F87F30FB6870
S315080531D07B6497F87F30002B40F08E807A6807F17C
S315080531E0440311461846FEF711FC034687F87F3057
S315080531F097F87F30002B08D107F1440302211846BA
S31508053200FCF7E6FD034687F87F3097F87F30002BF5
S3150805321072D197F873305BB2002B03DA062387F869
S315080532207F3008E097F84A3003F00103002B02D0F7
S31508053230072387F87F3097F87F30002B34D1FB6852
S315080532407A6E11461846FDF778FCB86797F84A303E
S3150805325003F01003002B27D0FB683B61BB6FBB61EE
S3150805326007F1100300211846FDF7E0FA034687F82B
S315080532707F3097F87F30002B16D107F11003002110
S315080532801846FDF784FE034687F87F3097F87F30A2
S31508053290002B02D1072387F87F3097F87F30042B58
S315080532A002D1002387F87F3097F87F30002B23D18A
S315080532B007F144031846FEF7C9F8034687F87F3031
S315080532C097F87F30002B0CD1BB6F002B09D007F17F
S315080532D044030022B96F1846FDF777F9034687F8C0
S315080532E07F3097F87F30002B06D1FB681846FCF728
S315080532F04DFF034687F87F3097F87F3018468037A5
S31508053300BD4680BD80B598B000AF786007F10C0161
S315080533103B1D02221846FEF785FC034687F85F30F3
S31508053320FB683B6197F85F30002B40F0EC807A68C4
S3150805333007F1100311461846FEF768FB034687F89A
S315080533405F3097F85F30002B02D1082387F85F3086
S3150805335097F85F30042B40F0D68007F1100300215B
S315080533601846FDF797F9F864FB685B895B02FB610C
S31508053370002387F85F30FB6C002B02D1072387F8FB
S315080533805F30FB6C012B02D1022387F85F30FB6C9B
S31508053390B3F1FF3F02D1012387F85F3097F85F3015
S315080533A0002B06D1FB681846FCF77EFE034687F810
S315080533B05F30F9F747FEB86497F85F30002B6AD196
S315080533C0FB68F96C1846FCF74FFF7865FB683433DC
S315080533D07B644FF400720021786CFCF79CFC0B2289
S315080533E02021786CFCF797FC7B6C2E221A707B6C77
S315080533F00B3310221A707B6C1633B96C1846FCF71A
S315080534003DFCFB68FA6C796C1846FDF7B5FB7B6CD9
S3150805341020332022796C1846FCF75CFC7B6C21333B
S315080534202E221A70BB693B65FB681B78032B06D1F0
S31508053430FB689B6A3A6D9A4201D100233B65F86899
S315080534407B6C20333A6D1946FDF796FBFB685B895D
S31508053450BB651BE07B6D5A1C7A65FA681363FB68C6
S315080534600122DA70FB681846FCF71EFE034687F844
S315080534705F3097F85F30002B0CD14FF400720021AE
S31508053480786CFCF748FCBB6D013BBB65BB6D002B37
S31508053490E0D100E000BF97F85F30002B07D107F1B0
S315080534A010031846FDF7DAFE034687F85F3097F8E6
S315080534B05F30002B20D13B6B7B647B6C1633B96C74
S315080534C01846FCF7DBFBFB68FA6C796C1846FDF7C2
S315080534D053FB7B6C0B3310221A70FB680122DA70DA
S315080534E097F85F30002B0ED1FB681846FCF74EFEA1
S315080534F0034687F85F3006E007F110030022F96CEA
S315080535001846FDF762F897F85F3018466037BD46E6
S3150805351080BD000080B487B000AFF860B960134677
S31508053520FB710123FB750023BB751F4B5B7ADBB269
S31508053530002B31D11C4B5B7ADBB21A461A4B00219C
S315080535409954194B5B7ADBB2174A9B001344FA6800
S315080535505A60154B5B7ADBB21A46134B1344FA7954
S315080535601A72114B5B7ADBB25A1CD1B20E4A5172EA
S31508053570BB75BB7D3033DAB2BB681A70BB680133DD
S315080535803A221A70BB6802332F221A70BB680333B6
S3150805359000221A700023FB75FB7D18461C37BD46AD
S315080535A05DF8047B704700BF104C002080B582B0DB
S315080535B000AF78603960002239687868FFF7AAFF96
S315080535C0034618460837BD4680BD000080B485B059
S315080535D000AF03463960FB80FB887F2B02D8FB8842
S315080535E0FB8125E03B68002B0BD0FB88FF2B05D814
S315080535F0FB88803B124A32F8133000E00023FB8132
S3150805360016E00023FB8109E0FB890D4A32F81330E1
S31508053610FA889A4206D0FB890133FB81FB897F2B01
S31508053620F2D900E000BFFB8980339BB2DBB2FB8190
S31508053630FB8918461437BD465DF8047B704700BFFD
S31508053640E4F2060880B487B000AF0346FB80FB8822
S31508053650B3F5805F01D23E4B00E03E4B7B617B694B
S315080536609A1C7A611B887B827B8A002B68D0FA882C
S315080536707B8A9A4264D37B699A1C7A611B883B824A
S315080536803B8A1B0AFB813B8ADBB23B82FA88798A2D
S315080536903B8A0B449A4249DAFB89082B4FD801A283
S315080536A052F823F0C9360508DB360508F13605084C
S315080536B0F9360508013705080937050811370508D4
S315080536C01937050821370508FA887B8AD31A5B0056
S315080536D07A6913441B88FB8027E0FA887B8AD31A04
S315080536E09BB203F001039BB2FA88D31AFB801CE050
S315080536F0FB88103BFB8018E0FB88203BFB8014E029
S31508053700FB88303BFB8010E0FB881A3BFB800CE00E
S31508053710FB880833FB8008E0FB88503BFB8004E008
S31508053720FB88A3F5E353FB8000BF08E0FB89002B64
S3150805373095D13B8A5B007A6913447B618FE700BFA5
S31508053740FB8818461C37BD465DF8047B704700BFE5
S31508053750E4F30608D8F5060880B48FB000AF78609C
S315080537607B681A897B681B681B8A9A4201D30023E2
S3150805377056E17B681B681A687B685B899B0013445E
S315080537801B68FB62FB6A1B0ADAB27B689A75FB6AD9
S3150805379003F00303022B5AD0022B00F29480002B68
S315080537A002D0012B1FD08EE07B6801229A82FB6A24
S315080537B09B089BB203F03F039AB27B681A82FB6AA1
S315080537C01B0E5BB203F00F0387F83330FB6A1B0C3D
S315080537D0DBB27B63FB6A1B0F9BB203F00F039AB23E
S315080537E07B685A82B4E07B681B681A687B685B89C4
S315080537F001339B0013441B68FB61FB6A1B0C9BB2D8
S31508053800C3F30B039AB27B689A82FB6A9B089BB241
S3150805381003F03F039AB2FB691B0F9BB29B019BB250
S3150805382013439AB27B681A82FB6A1B0F5BB203F0D5
S315080538300F0387F83330FB699BB27B63FB691B0C67
S315080538409BB2C3F30B039AB27B685A8280E07B6806
S315080538501B681A687B685B8901339B0013441B68E0
S31508053860BB627B681B681A687B685B8902339B00A9
S3150805387013441B687B627B681B681A687B685B89CF
S3150805388003339B0013441B683B62FB6A1B0C9AB205
S315080538907B689A82FB6A9B089BB203F03F039AB240
S315080538A0BB6A1B0A9BB29B019BB213439AB27B6800
S315080538B01A82BB6A87F833307B6A7B633B6A9AB29E
S315080538C07B685A8244E07B681B681A687B685B8953
S315080538D001339B0013441B68BB617B681B681A6828
S315080538E07B685B8902339B0013441B687B617B6895
S315080538F01B681A687B685B8903339B0013441B683E
S315080539003B617B681B681A687B685B8904339B0087
S3150805391013441B68FB60FB689AB27B689A82FB6A4C
S315080539209B089BB203F03F039AB2BB691B0A9BB27D
S315080539309B019BB213439AB27B681A82BB6987F8C7
S3150805394033307B697B633B699AB27B685A8200BFD1
S315080539507B685B68002B06D17B6800229A617B68C9
S3150805396000221A6241E07B685A687B6B1A447B68B9
S315080539709A6197F93330002B08D07B689A6997F9CD
S3150805398033305B421A447B681A621AE07B689B7D72
S3150805399003F03003202B11D17B689B7D03F0C00310
S315080539A0002B05D07B689B7D03F0C003802B05D1D2
S315080539B07B6803F114027B681A6202E07B680022C1
S315080539C01A627B689B7D03F0C003802B09D17B684F
S315080539D09B69002B05D07B689B691A687B68DA6149
S315080539E003E07B689A697B68DA617B689B7D03F0EF
S315080539F00F03082B05D07B689B7D03F00F03092B66
S31508053A000AD17B681B685A687B68DB899B00134467
S31508053A101A687B685A6202E07B6800225A620123AB
S31508053A2018463C37BD465DF8047B704780B485B0BB
S31508053A3000AF78607B681B8901339AB27B681A8167
S31508053A407B681A897B681B681B8A9A420CD37B6834
S31508053A5000221A817B6800225A817B680022DA8156
S31508053A607B6800229A813CE07B681B681A687B683C
S31508053A705B899B0013441B68FB60FB681B0AFB728A
S31508053A80FB6803F00303012202FA03F33B817B6813
S31508053A905A893B8913449AB27B685A817B689A8905
S31508053AA0FB7A03F03003002B0CBF01230023DBB29E
S31508053AB09BB213449AB27B689A817B68DA89FB7A4A
S31508053AC003F00F03082B04D0FB7A03F00F03092B29
S31508053AD001D1012300E000239BB213449AB27B6807
S31508053AE0DA8100BF1437BD465DF8047B704780B59B
S31508053AF084B000AFF860B9607A6028220021F868BA
S31508053B0015F09AFAFB68BA681A60FB687A685A600B
S31508053B10F868FFF721FE034618461037BD4680BDEF
S31508053B2080B586B000AF786039603B681B689B68CE
S31508053B303B613B691B681B68FB60FB681B0A03F056
S31508053B40C003802B09D13B6804331A46396978685E
S31508053B50FFF7CDFF0346FB7508E03B685B681A4629
S31508053B6039697868FFF7C3FF0346FB753B6803F1B8
S31508053B700C027B681A62FB7D18461837BD4680BD60
S31508053B8080B582B000AF78607868FFF74FFF786830
S31508053B90FFF7E2FD7B681B89002B14BF0123002371
S31508053BA0DBB218460837BD4680BD80B584B000AF80
S31508053BB0786039607B681B8A1A463B68934201D14F
S31508053BC0012344E07B681B689B8A1A463B68934237
S31508053BD001D900233BE07B681B89FB817B681B8A2F
S31508053BE01A463B68934204D27B681B681A8A7B6827
S31508053BF01A817868FFF71AFF7B681B681A687B685D
S31508053C005B899B0013441B68BB60BB689A083B68C5
S31508053C10534003F03F03002B10D17868FFF79CFD4E
S31508053C207B681B8A1A463B68934207D17B689B7D4E
S31508053C3003F00F030A2B01D0012308E07B681B89D3
S31508053C40FA899A42D5D17868FFF786FD0023184682
S31508053C501037BD4680BD80B584B000AF78607B68F7
S31508053C609B7D03F00F030A2B01D1012322E07B6814
S31508053C701B89FB817868FFF7D9FE7B681B681A687C
S31508053C807B685B899B0013441B68BB60BB681B0A82
S31508053C9003F00F030A2B04D17868FFF75DFD034689
S31508053CA008E07B681B89FA899A42E3D17868FFF7A9
S31508053CB053FD002318461037BD4680BD80B485B030
S31508053CC000AF78607B68FB60FB6818461437BD460D
S31508053CD05DF8047B704780B584B000AFF860B960BD
S31508053CE07A607868FFF7EAFF03461A46B968F868FE
S31508053CF0FFF7FDFE034618461037BD4680BD80B55D
S31508053D0082B000AF786039603868FFF7D7FF034699
S31508053D1019467868FFF704FF034618460837BD466F
S31508053D2080BD80B586B000AFF860B9607A607B68FB
S31508053D305B8A082B25D17B68DB697B617B69002B50
S31508053D401FD0FB68002B0CD07B691B68002B08D09D
S31508053D507B691B687A6904327968F8689847034667
S31508053D6010E0BB68002B0CD07B691B68002B08D0BC
S31508053D707B691B687A6904327968B8689847034687
S31508053D8000E0012318461837BD4680BD80B586B0C4
S31508053D9000AFF860B9607A60FB685B687B61FB68B1
S31508053DA05A687B681A44FB685A60BB68002B04D0BE
S31508053DB07A687969B86816F031FA0123184618370A
S31508053DC0BD4680BD80B588B000AFF860B9607A6039
S31508053DD07B68002B01D101235FE0BB68002B23D14B
S31508053DE0FB681B682F4A93421ED011E007F11003A2
S31508053DF010221946F868FFF7E5FF034683F0010325
S31508053E00DBB2002B01D0002347E07B68103B7B60C3
S31508053E107B68102BEAD807F110037A681946F86803
S31508053E20FFF7D0FF034638E0FB689B687A689A4235
S31508053E300BD9FB68DB68002B02D0FB68DB6800E062
S31508053E40194BFA68D360002327E0FB681B687A6874
S31508053E50B968F8689847034683F00103DBB2002B77
S31508053E600BD0FB68DB68002B02D0FB68DB6800E03B
S31508053E700E4BFA68D36000230FE0FB689B687A68E7
S31508053E809A4203D9FB6800229A6005E0FB689A689E
S31508053E907B68D21AFB689A60012318462037BD4607
S31508053EA080BD00BF8D3D050894D20608A4D2060834
S31508053EB080B582B000AF786039607B689B68002B57
S31508053EC00BD17B68DB68002B02D07B68DB6800E0DA
S31508053ED0134B7A68D36000231DE07B681B680122B3
S31508053EE0396878689847034683F00103DBB2002BE7
S31508053EF00BD07B68DB68002B02D07B68DB6800E0AB
S31508053F00084B7A68D360002305E07B689B685A1ED0
S31508053F107B689A60012318460837BD4680BD00BFF1
S31508053F2094D20608A4D2060890B48AB000AFF86001
S31508053F30B9607A600A4BBB61BB687B617B69FB61CB
S31508053F407B683B6200237B62FB681C4607F1180306
S31508053F500FCB84E80F00F8682837BD4690BC704734
S31508053F608D3D050880B588B000AFF860B9607A6000
S31508053F7007F115031946F868FFF79AFF034683F014
S31508053F800103DBB2002B0BD0FB689B68002B05D120
S31508053F907B68002B02D07B6801221A70002384E017
S31508053FA07B7D5BB2002B02DB7B7DFB6179E007231A
S31508053FB0BB617B7D03F07F03FB6107F1150319469A
S31508053FC0F868FFF775FF034683F00103DBB2002B9C
S31508053FD001D0002369E0BB691F2B2FD9BB693E2B8E
S31508053FE001D8FF2300E00123FB757B7D03F07F03E2
S31508053FF0002B06D0FB69002B05DA7B7DFA7D9A42F4
S3150805400001D1012300E00023BB75BB7D03F0010345
S31508054010BB75BB693F2B05D8BB7D83F00103DBB2B6
S31508054020002B37D0FB68DB68002B02D0FB68DB6802
S3150805403000E0204BFA68D360002336E0BB691C2BE9
S315080540401FD17B7D03F07003002B10D07B7D03F019
S315080540507803782B0BD0FB68DB68002B02D0FB684E
S31508054060DB6800E0134BFA68D36000231DE07B7D0F
S3150805407003F00F02BB6902FA03F3FA691343FB61FE
S3150805408008E07B7D03F07F02BB6902FA03F3FA6950
S315080540901343FB61BB690733BB617B7D5BB2002BB1
S315080540A08BDBBB68FA691A60012318462037BD46BB
S315080540B080BD00BFB0D2060880B582B000AF786073
S315080540C03960002239687868FFF74CFF03461846B9
S315080540D00837BD4680BD00002DE9B04F8AB000AF50
S315080540E0F860B96000237B624FF000024FF00003C9
S315080540F0C7E9062307F117031946F868FFF7D8FE37
S31508054100034683F00103DBB2002B01D0002341E00F
S315080541107B6A3E2B10D9FB7D03F0FE03002B0BD0E3
S31508054120FB68DB68002B02D0FB68DB6800E01C4BEC
S31508054130FA68D36000232DE0FB7DDBB200223B60E5
S315080541407A603B6803F07F084FF000097B6AA3F1A4
S315080541502001C3F1200209FA03F508FA01F10D4316
S3150805416028FA02F2154308FA03F4D7E9062342EAC0
S31508054170040A43EA050BC7E906AB7B6A07337B6284
S31508054180FB7D5BB2002BB5DBB968D7E90623C1E928
S315080541900023012318462837BD46BDE8B08F00BF62
S315080541A0B0D2060880B584B000AF786007F10F0372
S315080541B0012219467868FFF705FE034683F00103D1
S315080541C0DBB2002B01D0002304E0FB7B5BB2002B9E
S315080541D0ECDB012318461037BD4680BD80B584B093
S315080541E000AF786007F10C0319467868FFF764FF96
S315080541F0034683F00103DBB2002B01D0002306E05A
S31508054200FB681A4600217868FFF7DCFD0346184661
S315080542101037BD4680BD80B586B000AFF860B96079
S315080542207A603B603B6800221A70BB6800221A70E8
S315080542307B6800221A6007F114033A681946F8687C
S31508054240FFF790FE034683F00103DBB2002B01D08E
S3150805425000230BE07B69DA087B681A607B69DBB2A9
S3150805426003F00703DAB2BB681A7001231846183734
S31508054270BD4680BD80B582B000AF78600B46FB7041
S31508054280FB78052B26D801A252F823F0A542050886
S31508054290AF420508BD420508D5420508D5420508B9
S315080542A0C74205087868FFF77DFF03461DE0082223
S315080542B000217868FFF786FD034616E07868FFF75C
S315080542C08DFF034611E0042200217868FFF77AFD81
S315080542D003460AE07B68DB68002B02D07B68DB684F
S315080542E000E0044B7A68D360002318460837BD46B4
S315080542F080BD00BFC0D2060880B586B000AFF8609D
S315080543007A603B600B46FB723B681B687B61FB7AF0
S31508054310052B3FD0052B47DC002B02D0012B2FD0D0
S3150805432042E03B6800221A603B681B685A1C3B68DA
S315080543301A603B681B687A699A420BD2FB68DB6888
S31508054340002B02D0FB68DB6800E01F4BFA68D360D8
S31508054350002334E001227968F868FFF733FD034640
S3150805436083F00103DBB2002B01D0002327E07B682D
S315080543705A1C7A601B785BB2002BD5DB01231EE03D
S315080543803B6808221A6008227968F868FFF71AFD5B
S31508054390034614E03B6804221A6004227968F86823
S315080543A0FFF710FD03460AE0FB68DB68002B02D021
S315080543B0FB68DB6800E0054BFA68D36000231846FE
S315080543C01837BD4680BD00BFB0D20608C0D206085C
S315080543D090B585B000AF7860396007F10C031946CA
S315080543E07868FFF769FE034683F00103DBB2002B05
S315080543F001D0002320E03A687B6814460FCB84E891
S315080544000F003B689A68FB689A420BD27B68DB68A3
S31508054410002B02D07B68DB6800E0094B7A68D3601D
S31508054420002309E0FA683B689A607B689A68FB6826
S31508054430D21A7B689A60012318461437BD4690BD83
S31508054440D4D2060880B582B000AF786039603B687B
S315080544509B68002B0ED03B689B681A460021386876
S31508054460FFF7B0FC034683F00103DBB2002B01D04E
S31508054470002308E03B685A687B685A603B68DA6837
S315080544807B68DA60012318460837BD4680BD0000FB
S3150805449080B584B000AFF8600B467A60FB727B681E
S315080544A09B7D03F00F030B2B00F2D48001A252F873
S315080544B023F000BFE5440508154505081545050813
S315080544C0154505084545050879450508AD45050811
S315080544D0D745050801460508014605085546050850
S315080544E02B460508FB7A002B0ED0FB7AFF2B0BD043
S315080544F0FB68DB68002B02D0FB68DB6800E05D4BD8
S31508054500FA68D3600023B0E07968F86800F0F6FE2B
S315080545100346AAE0FB7A002B0ED0FB7AFF2B0BD0BD
S31508054520FB68DB68002B02D0FB68DB6800E0514BB3
S31508054530FA68D360002398E07968F86800F0EEFE1B
S31508054540034692E0FB7A052B0ED0FB7AFF2B0BD0A0
S31508054550FB68DB68002B02D0FB68DB6800E0454B8F
S31508054560FA68D360002380E07B68DB691946F8683A
S3150805457000F08AFE034678E0FB7A012B0ED0FB7A1B
S31508054580FF2B0BD0FB68DB68002B02D0FB68DB68CA
S3150805459000E0384BFA68D360002366E07B68DB6980
S315080545A01946F86800F08CFE03465EE0FB7A022B96
S315080545B00BD0FB68DB68002B02D0FB68DB6800E0E4
S315080545C02C4BFA68D36000234FE07968F86800F049
S315080545D0D1FF034649E0FB7A022B0BD0FB68DB6863
S315080545E0002B02D0FB68DB6800E0224BFA68D36033
S315080545F000233AE07968F86801F030F8034634E0B4
S31508054600FB7A022B0BD0FB68DB68002B02D0FB6814
S31508054610DB6800E0174BFA68D360002325E0796864
S31508054620F86801F097F803461FE0FB7A022B0BD0D2
S31508054630FB68DB68002B02D0FB68DB6800E00D4BE6
S31508054640FA68D360002310E07968F86801F00CF978
S3150805465003460AE0FB68DB68002B02D0FB68DB68CB
S3150805466000E0054BFA68D360002318461037BD46A7
S3150805467080BD00BFECD20608FCD2060880B596B008
S3150805468000AFF8600B467A60FB727B689B7D03F08A
S315080546903003302B00F0C280302B00F21A81202B14
S315080546A01FD0202B00F21581002B02D0102B08D025
S315080546B00FE1FB7A7A681946F868FFF7E9FE0346BB
S315080546C012E17B681B6A002B03D07B681B6A0122F3
S315080546D01A70FB7A7A681946F868FFF7D9FE034611
S315080546E002E1FB7A022B6CD17B689B7D03F00F03F5
S315080546F0052B66D8012387F857307B681B6A3B6507
S315080547007B689B697A68528A11463A6D128801FB5D
S3150805471002F21A447B68DA6107F13C031946F86820
S31508054720FFF756FE034683F00103DBB2002B1FD0C5
S315080547300023D9E007F13C037A68FF211846FFF7FD
S31508054740A7FE034683F00103DBB2002B03D0002343
S3150805475087F8573015E03B6D1B8801339AB23B6DD8
S315080547601A807B68DB697A68528A1A447B68DA613B
S315080547707B6C002B05D03B6D1A887B689B8A9A4211
S31508054780D8D37B6C002B0BD0FB68DB68002B02D0DB
S31508054790FB68DB6800E0564BFA68D3600023A3E0A4
S315080547A007F13C031946F868FFF74CFE034683F004
S315080547B00103DBB2002B01D0002395E097F85730AB
S315080547C092E07B681B6AFB647B689B697A68528AF8
S315080547D01146FA6C128801FB02F21A447B68DA6103
S315080547E0FB6C1B885A1C91B2FA6C11807A68928AFE
S315080547F093420BD3FB68DB68002B02D0FB68DB68AA
S3150805480000E03B4BFA68D36000236DE0FB7A7A68D3
S315080548101946F868FFF73CFE034665E07B689B7D0D
S3150805482003F00F03082B05D07B689B7D03F00F0368
S31508054830092B41D17B681B6A1A887B681B8A9A42B1
S315080548403AD07B68D8697B685B8A1A46002114F0DA
S31508054850F3FB7B685B6A9B68002B0AD17B685B6AFE
S31508054860DB68002B05D17B685B6A5B681B68002BD8
S3150805487022D07B68596A7B68DA6907F114031846FA
S31508054880FFF735F90346002B16D007F1140318462A
S3150805489000F04DFA034683F00103DBB2002B0BD07B
S315080548A0FB68DB68002B02D0FB68DB6800E0114B70
S315080548B0FA68D360002317E07B681B6A7A68128A50
S315080548C01A80FB7A7A681946F868FFF7E1FD034608
S315080548D00AE0FB68DB68002B02D0FB68DB6800E0B2
S315080548E0054BFA68D360002318465837BD4680BD80
S315080548F010D3060820D30608FCD2060880B485B06E
S3150805490000AFF8600B467A60FB72FB68DB68002B24
S3150805491002D0FB68DB6800E0044BFA68D360002325
S3150805492018461437BD465DF8047B704738D3060824
S3150805493090B59BB000AFF8610B467A61FB767B694B
S315080549401B68DB68002B06D1FB7E1946F869FFF75D
S3150805495091FC034670E0FB7E022B45D107F1540313
S315080549601946F869FFF734FD034683F00103DBB200
S31508054970002B01D000235FE0FB6D7B667B691B6816
S31508054980DB6807F154007A6900219847034683F0E6
S315080549900103DBB2002B10D0FB69DB68002B02D0C4
S315080549A0FB69DB6805E03B6E002B01D03B6E00E03A
S315080549B0234BFA69D36000233EE0FB6D002B03D039
S315080549C0FB6D7A6E9A42D7D807F154031946F869EA
S315080549D0FFF738FD034683F00103DBB2002B01D050
S315080549E0002329E0012327E020233B6407F1400340
S315080549F007F12002F97EF869FFF77EFC034683F086
S31508054A000103DBB2002B01D0002315E03A6C3B46C7
S31508054A1007F120011846FFF787FA07F144043B46D4
S31508054A200FCB84E80F007B691B68DB6807F1440038
S31508054A307A6900219847034618466C37BD4690BDE6
S31508054A404CD3060880B584B000AFF8600B467A608B
S31508054A50FB727B689B7D03F0C003802B0ED0802BF1
S31508054A601CD8002B02D0402B10D017E0FB7A7A68A9
S31508054A701946F868FFF702FE03461AE0FB7A7A68D4
S31508054A801946F868FFF73AFF034612E0FB7A7A6893
S31508054A901946F868FFF74CFF03460AE0FB68DB682A
S31508054AA0002B02D0FB68DB6800E0044BFA68D3608C
S31508054AB0002318461037BD4680BD00BFFCD2060840
S31508054AC080B58EB000AFF860B9607A60FB7007F103
S31508054AD01003B9681846FFF723F8034683F0010360
S31508054AE0DBB2002B0BD0FB68DB68002B02D0FB681A
S31508054AF0DB6800E00E4BFA68D360002314E03B8CB4
S31508054B001A467B68934202D17B69002B01D10123A2
S31508054B100AE0BB6801221A7307F11002FB781946E9
S31508054B20F868FFF78FFF034618463837BD4680BD38
S31508054B305CD3060890B587B000AFF860B9603B60EE
S31508054B401346FB71FB689B683B6122E03B681B6863
S31508054B501B68002B0AD03B681B681C68FB79BA687A
S31508054B603968F868A0470346FB7507E0FB79BA6814
S31508054B703968F868FFF7A4FF0346FB75FB7D83F0E4
S31508054B800103DBB2002B01D000230BE03B689B68D1
S31508054B903B603B68002B04D0FB689B683A699A42E0
S31508054BA0D4D0012318461C37BD4690BD80B58EB0B6
S31508054BB000AF78607B689B7D87F8323097F832308E
S31508054BC003F00F030A2B24D17B68DB691B687B631B
S31508054BD01BE007F10803796B1846FEF7A1FF0346A4
S31508054BE0002B0FD07B6B00221A7307F108031846B2
S31508054BF000F09DF8034683F00103DBB2002B01D0D4
S31508054C00002390E07B6B9B687B637B6B002BE0D175
S31508054C1088E097F8323003F0C003002B66D10123EC
S31508054C2087F8333097F8323003F03003102B08D164
S31508054C307B681B6A002B04D07B681B6A00221A70E6
S31508054C4012E097F8323003F03003202B05D097F899
S31508054C50323003F03003302B06D17B681B6A0022FD
S31508054C601A80002387F8333097F83330002B59D04C
S31508054C707B689B7D03F00F03082B05D07B689B7D1E
S31508054C8003F00F03092B28D17B685B6A9B68002B09
S31508054C900AD17B685B6ADB68002B05D17B685B6A92
S31508054CA05B681B68002B18D07B68596A7B68DA69CC
S31508054CB007F108031846FEF71AFF0346002B30D0FE
S31508054CC007F10803184600F032F8034683F0010396
S31508054CD0DBB2002B25D0002325E07B68D8697B68E5
S31508054CE05B8A1A46002114F0A7F91BE097F83230BB
S31508054CF003F0C003802B15D17B689B6900221A60D7
S31508054D0097F8323003F03003202B05D097F8323068
S31508054D1003F03003302B05D17B681B6A00221A8005
S31508054D2000E000BF012318463837BD4680BD90B55B
S31508054D308DB000AF786107F1200300221A605A602A
S31508054D409A60DA600023FB610023FB767B691B68A2
S31508054D509B68002B20D07B691B6899683B464FF0FA
S31508054D60FF321846FFF7E0F807F120043B460FCB5C
S31508054D7084E80F0007F11A0307F11C0207F11B0166
S31508054D8007F12000FFF747FA034683F00103DBB274
S31508054D90002B01D0002343E07869FFF707FF034698
S31508054DA083F00103DBB2002B01D0002338E0FB6951
S31508054DB0002B2ED07B691B8A1A46FB699A4228D195
S31508054DC0F97E07F120037A691846FFF73BFE034685
S31508054DD083F00103DBB2002B01D0002320E007F1A5
S31508054DE01A0307F11C0207F11B0107F12000FFF75B
S31508054DF012FA034683F00103DBB2002B01D0002328
S31508054E000EE07B691B6A002B03D07B691B6A0022AF
S31508054E101A707869FEF7B4FE0346002BBCD1012348
S31508054E2018463437BD4690BD80B59AB000AFF860D0
S31508054E30B9607A603B6000237B6600233B664FF6C4
S31508054E40FF73A7F85E300023A7F84A300023A7F8B2
S31508054E505C3000233B6400237B644FF0FF337B659E
S31508054E6007F118037A68B9681846FEF740FE03463F
S31508054E70002B00F002813B6803F00103002B40F08C
S31508054E80FC8007F118031846FFF751FF034683F020
S31508054E900103DBB2002B00F0F080FB68DB68002B12
S31508054EA002D0FB68DB6800E0994BFA68D3600023FB
S31508054EB06DE107F1120307F1140207F11301F8680A
S31508054EC0FFF7A9F9034683F00103DBB2002B05D0EA
S31508054ED0BB7C002B40F0D780002358E17B69002B6B
S31508054EE011D13B6803F00403002B40F0CE80FB6824
S31508054EF0DB68002B02D0FB68DB6800E0854BFA68A7
S31508054F00D360002343E17A6907F118031146184669
S31508054F10FEF74BFE034683F00103DBB2002B05D1F2
S31508054F2097F82E3003F00F030A2B3CD17B6E002B26
S31508054F3012D107F118031846FEF78DFE0346002B16
S31508054F4004D07B6B1B683B663B8D7B663B6E002BF3
S31508054F5002D14FF0FF337B667B697A6E9A4215D884
S31508054F60FB689B68FB647969FA7C3B6EF868FFF712
S31508054F70E1FD034683F00103DBB2002B01D00023D4
S31508054F8005E1FB689B68FA6C9A4273D1FB7C194666
S31508054F90F868FFF76FF9034683F00103DBB2002BC8
S31508054FA06AD00023F3E097F82E3003F03003202B60
S31508054FB02ED1BA6B07F1180314339A4228D13B8CC4
S31508054FC0B7F85E209A4220D0B7F85E304FF6FF72E2
S31508054FD0934211D0B7F84A30B7F85C209A420BD0FD
S31508054FE0FB68DB68002B02D0FB68DB6800E04A4BF0
S31508054FF0FA68D3600023CAE03B8CA7F85E30002325
S31508055000A7F84A30BB8DA7F85C3007F14A03BB639E
S3150805501097F82E3003F03003002B1CD1BB8C3F2BA1
S3150805502019D8BB8C03F01F03012202FA03F33B656B
S31508055030BB8C5B099BB29B0068333B4453F8282C11
S31508055040BB8C5B099BB219463B6D1A438B006833CB
S315080550503B4443F8282CFB7C07F118021946F868E7
S31508055060FFF7F0FC034683F00103DBB2002B04D0FF
S3150805507000238CE000BF00E000BFFB689B68002B9F
S315080550807FF417AF02E000BF00E000BFB7F85E3057
S315080550904FF6FF72934211D0B7F84A30B7F85C203D
S315080550A09A420BD0FB68DB68002B02D0FB68DB68ED
S315080550B000E0194BFA68D360002368E0BB695B8A90
S315080550C0A7F85A30B7F85A30002B5FD0B7F85A30D8
S315080550D0402B02D94023A7F85A300023A7F85830A1
S315080550E023E0B7F858309B0068333B4453F8283C0F
S315080550F07A6D9A4214D0FB68DB68002B02D0FB68F0
S31508055100DB6800E0054BFA68D36000233FE000BF83
S3150805511020D3060870D306087CD30608A0D306084C
S31508055120B7F858300133A7F85830B7F85A305B093D
S315080551309BB2B7F858209A42D3D3B7F85A3003F03A
S315080551401F03002B22D0B7F85A305B099BB29B0088
S3150805515068333B4453F8282CB7F85A30DBB203F0CA
S315080551601F03DBB2C3F12003DBB219467B6DCB40C7
S315080551709A420BD0FB68DB68002B02D0FB68DB681C
S3150805518000E0054BFA68D360002300E001231846C2
S315080551906837BD4680BD00BFA0D3060880B586B072
S315080551A000AFF860B9607A6000237A68B968F8686C
S315080551B0FFF73AFE0346FB75FB7D18461837BD46CD
S315080551C080BD80B584B000AF7860396007F10C03FF
S315080551D019467868FEF770FF034683F00103DBB2CC
S315080551E0002B01D0002308E0FB68002B14BF012320
S315080551F00023DAB23B681A70012318461037BD46F4
S3150805520080BD2DE9B04384B000AF7860396007F1F9
S31508055210080319467868FEF75FFF034683F001031E
S31508055220DBB2002B01D0002329E0D7E9022302F0DF
S315080552300104002554EA050313D0D7E902014FF006
S3150805524000024FF00003420842EAC1724B086FEAB2
S3150805525002086FEA030942464B463968C1E9002345
S315080552600CE0D7E902014FF000024FF000034208AF
S3150805527042EAC1724B083968C1E900230123184679
S315080552801037BD46BDE8B08380B584B000AF7860F9
S31508055290396007F10C03042219467868FEF792FD72
S315080552A0034683F00103DBB2002B01D0002303E09C
S315080552B0FA683B681A60012318461037BD4680BD53
S315080552C080B584B000AF7860396007F10803082215
S315080552D019467868FEF776FD034683F00103DBB2C7
S315080552E0002B01D0002305E0D7E902233968C1E977
S315080552F00023012318461037BD4680BD80B582B008
S3150805530000AF786039603B68DB6919467868FFF74E
S3150805531058FF034618460837BD4680BD2DE9B04FE8
S3150805532094B000AF786239623B6A9B7D03F00F0340
S31508055330022B79D107F138031946786AFEF7CCFEB0
S31508055340034683F00103DBB2002B01D0002307E1F6
S315080553503B6A5B8A082B0AD13B6AD969D7E90E23CA
S31508055360C1E90023D1E90023C7E9122346E03B6AD0
S315080553705B8A042B0ED1D7E90E013B6ADB69024627
S315080553801A601B6800223B617A61D7E90434C7E9CC
S31508055390123433E03B6A5B8A022B0FD1D7E90E013B
S315080553A03B6ADB6982B21A801B889BB20022BB6006
S315080553B0FA60D7E90234C7E912341FE03B6A5B8A0B
S315080553C0012B0FD1D7E90E013B6ADB69C2B21A7008
S315080553D01B78DBB200223B607A60D7E90034C7E95F
S315080553E012340BE07B6ADB68002B02D07B6ADB682C
S315080553F000E05E4B7A6AD3600023B1E0D7E90E2355
S31508055400D7E91201994208BF90420BD07B6ADB683F
S31508055410002B02D07B6ADB6800E0554B7A6AD360BD
S3150805542000239DE001239BE03B6A9B7D03F00F0368
S31508055430032B0DD107F128031946786AFFF7E1FE14
S31508055440034683F00103DBB2002B22D0002387E055
S3150805545007F130031946786AFEF73EFE034683F0E0
S315080554600103DBB2002B01D0002379E03B6A5B8A96
S31508055470082B04D1D7E90C23C7E90A2309E0D7E99C
S315080554800C231346DA17BB61FA61D7E90623C7E980
S315080554900A233B6A5B8A082B0AD13B6AD969D7E98D
S315080554A00A23C1E90023D1E90023C7E9102342E00D
S315080554B03B6A5B8A042B0CD1D7E90A013B6ADB698F
S315080554C002461A601B68DA179A469346C7E910AB6F
S315080554D031E03B6A5B8A022B0ED1D7E90A013B6AA2
S315080554E0DB6902B21A80B3F900301BB2DA1798469F
S315080554F09146C7E910891EE03B6A5B8A012B0ED1E6
S31508055500D7E90A013B6ADB6942B21A7093F900309A
S315080555105BB2DA171C461546C7E910450BE07B6AE8
S31508055520DB68002B02D07B6ADB6800E00F4B7A6AE2
S31508055530D360002314E0D7E90A23D7E91001994275
S3150805554008BF90420BD07B6ADB68002B02D07B6ACA
S31508055550DB6800E0064B7A6AD360002300E0012386
S3150805556018465037BD46BDE8B08F00BFB8D3060804
S31508055570CCD3060880B586B000AF7860396007F1E8
S315080555800C0319467868FEF797FD034683F0010371
S31508055590DBB2002B01D0002355E0FB68B3F5803F4D
S315080555A00BD37B68DB68002B02D07B68DB6800E0E1
S315080555B0274B7A68D360002345E0FB6802337B6195
S315080555C0FB687A699A420BD27B68DB68002B02D0A6
S315080555D07B68DB6800E01F4B7A68D360002332E0FE
S315080555E03B689B7D03F0C003802B0BD17B68DB688A
S315080555F0002B02D07B68DB6800E0174B7A68D3601E
S31508055600002320E03B685B8A1A467B6993420BD9DF
S315080556107B68DB68002B02D07B68DB6800E00C4BF7
S315080556207A68D36000230EE03B68DB693B61FB685B
S315080556309AB23B691A803B690233FA681946786853
S31508055640FEF7C0FB034618461837BD4680BD00BFA2
S31508055650E0D30608F0D3060838D3060880B586B021
S3150805566000AF786039603B68DB697B6107F10C033D
S3150805567019467868FEF720FD034683F00103DBB279
S31508055680002B01D000235AE0FB68B3F1FF3F0BD18D
S315080556907B68DB68002B02D07B68DB6800E02A4B59
S315080556A07A68D36000234AE0FB6801333B61FB68EF
S315080556B03A699A420BD27B68DB68002B02D07B6875
S315080556C0DB6800E0204B7A68D360002337E03B6847
S315080556D09B7D03F0C003802B0BD17B68DB68002B11
S315080556E002D07B68DB6800E0184B7A68D360002334
S315080556F025E03B685B8A1A463B6993420BD97B686A
S31508055700DB68002B02D07B68DB6800E0104B7A6803
S31508055710D360002313E0FB687A69134400221A70E4
S31508055720FB681A4679697868FEF74CFB034683F0E9
S315080557300103DBB2002B01D0002300E00123184644
S315080557401837BD4680BD00BFF0D3060838D306080E
S3150805575000D4060880B58AB000AF786039600123A1
S3150805576087F82730002387F8263007F10C031946F2
S315080557707868FEF72DFE034683F00103DBB2002B9E
S3150805578001D0002369E03B685B6A002B0BD17B6877
S31508055790DB68002B02D07B68DB6800E0314B7A6852
S315080557A0D360002359E03B689B7D03F00F03092B63
S315080557B01CD13B681B6A002B18D03B681B6A083B43
S315080557C0FB61FB691B68002B10D0FB691B68FA692E
S315080557D0043207F10C0039689847034687F82730DD
S315080557E07B69002B02D1012387F8263097F82730E5
S315080557F0002B22D097F8263083F00103DBB2002B65
S315080558001BD000233B623B689B7D03F0C003002B3E
S3150805581007D13B689B7D03F03003202B01D001237C
S315080558203B623B68596A3B68DA6907F10C003B6AD3
S31508055830FFF7FAFA034687F8273007F10C031946E6
S315080558407868FEF7FFFD034683F00103DBB2002BFC
S3150805585001D0002301E097F8273018462837BD46BA
S3150805586080BD00BF10D4060880B584B000AF786047
S31508055870396007F10C0319467868FEF71DFC0346DF
S3150805588083F00103DBB2002B01D0002337E0FB6868
S31508055890B3F5803F0BD37B68DB68002B02D07B68AA
S315080558A0DB6800E0184B7A68D360002327E0FB68BD
S315080558B0002B09D13B68D8693B685B8A1A460021E3
S315080558C013F0BAFB01231AE03B685B8A1A46FB68A4
S315080558D09A420BD07B68DB68002B02D07B68DB68B5
S315080558E000E00A4B7A68D360002308E03B68D9696B
S315080558F03B685B8A1A467868FEF764FA03461846D3
S315080559001037BD4680BD00BFE0D306082CD406086F
S3150805591080B586B000AFF860B9607A60FB685B68E9
S315080559207B617A697B681A44FB685A607A68B96844
S31508055930786914F073FC012318461837BD4680BDEF
S31508055940B0B48BB000AFF860B9607A600B4B7B6179
S31508055950BB68BB617B68FB6100233B6200237B62F6
S31508055960FB681D4607F114040FCC0FC523682B6089
S31508055970F8682C37BD46B0BC704700BF11590508F5
S3150805598080B584B000AFF860B9607A607B68002B93
S3150805599037D0FB681B68002B33D0FB68DA687B6851
S315080559A01A44FB68DB689A4207D3FB68DA687B68A2
S315080559B01A44FB689B689A420BD9FB681B69002B3E
S315080559C002D0FB681B6900E0134BFA6813610023D4
S315080559D01EE0FB681B687A68B968F8689847034645
S315080559E083F00103DBB2002B0BD0FB681B69002B88
S315080559F002D0FB681B6900E0084BFA6813610023AF
S31508055A0006E0FB68DA687B681A44FB68DA600123F6
S31508055A1018461037BD4680BD50D406085CD406081E
S31508055A2080B485B000AF78607B68BB600023FB60F7
S31508055A300AE0BA68FB6813441B78002B01D00123DA
S31508055A4006E0FB680133FB60FB68002BF1D00023F9
S31508055A5018461437BD465DF8047B7047B0B58CB05B
S31508055A6000AF786039603B681B6A1B88BB84BB8CB2
S31508055A70002B01D101233DE13B689B7D03F0C00363
S31508055A80802B10D03B689B8ABA8C9A420BD97B68C7
S31508055A901B69002B02D07B681B6900E0974B7A6867
S31508055AA01361002326E13B689B7D03F00F03052B55
S31508055AB000F2B3803B681B8A1A460221786800F013
S31508055AC002FD034683F00103DBB2002B01D0002358
S31508055AD010E13B689B7D03F00F03042B03D1BB8CB8
S31508055AE09B00BB6247E03B689B7D03F00F03052BD4
S31508055AF003D1BB8CDB00BB623DE007F1080300223E
S31508055B001A605A609A60DA601A613B68DB69FB615C
S31508055B100023FB8526E007F108033968184600F0D7
S31508055B2013FE034683F00103DBB2002B10D07B6816
S31508055B301B69002B02D07B681B6905E0BB69002B36
S31508055B4001D0BB6900E06E4B7A6813610023D1E08A
S31508055B503B68DB693A68528A1A443B68DA61FB8D09
S31508055B600133FB85FA8DBB8C9A42D4D33B68FA6917
S31508055B70DA617B69BB62BB6A00221C46154622466A
S31508055B802B46786800F01CFC034683F00103DBB25C
S31508055B90002B01D00023ADE07B681B68002B06D1DE
S31508055BA0BA6A00217868FFF7EBFE0346A2E00023F0
S31508055BB0FB852DE03B689B7D03F00F03042B05D081
S31508055BC03B689B7D03F00F03052B0BD13968786875
S31508055BD000F07CFE034683F00103DBB2002B0DD0F3
S31508055BE0002387E03968786800F0AEFD034683F040
S31508055BF00103DBB2002B01D000237BE03B68DB69A0
S31508055C003A68528A1A443B68DA61FB8D0133FB858B
S31508055C10FA8DBB8C9A42CDD36BE00023FB8564E0F5
S31508055C203B689B7D03F0C003802B47D13B689B7D72
S31508055C3003F00F03072B05D03B689B7D03F00F0385
S31508055C40062B3BD13B68DB693B623B68DB691A6817
S31508055C503B68DA613B68DB69002B1CD139687868D3
S31508055C6000F05AFC0346002B0BD04FF000024FF00C
S31508055C700003786800F0A4FB0346002B01D0012336
S31508055C8000E0002387F8273097F8273003F001034B
S31508055C9087F8273006E03968786800F051F9034631
S31508055CA087F827303B683A6ADA6197F8273083F030
S31508055CB00103DBB2002B0DD000231BE03968786899
S31508055CC000F03EF9034683F00103DBB2002B02D050
S31508055CD000230FE000BF3B68DB693A68528A1A441D
S31508055CE03B68DA61FB8D0133FB85FA8DBB8C9A42DD
S31508055CF096D3012318463037BD46B0BD68D4060885
S31508055D0080D4060880B592B000AF78607B689B7D25
S31508055D1087F8453097F8453003F0C003002B40F067
S31508055D20C98097F8453003F03003002B01D10023CD
S31508055D3000E197F8453003F03003202B08D17B683E
S31508055D401B6A1B88002B0CBF01230023DBB2F1E07D
S31508055D5097F8453003F03003302B08D17B681B6A6A
S31508055D601B88002B0CBF01230023DBB2E2E097F862
S31508055D70453003F03003102B15D17B681B6A002BC1
S31508055D8011D07B681B6A1846FFF74AFE0346002BA7
S31508055D9014BF01230023DBB283F00103DBB203F052
S31508055DA00103DBB2C6E07B681B689B68002B01D044
S31508055DB00023BFE097F8453003F00F03052B1CD8E1
S31508055DC07B68DB697B630023A7F846300DE0B7F8E7
S31508055DD046307A6B13441B78002B01D00023A9E0C3
S31508055DE0B7F846300133A7F846307B685B8AB7F8BB
S31508055DF046209A42EBD301239CE097F8453003F0F9
S31508055E000F03062B0AD17B68DB69BB63BB6B1B8853
S31508055E10002B0CBF01230023DBB28BE097F8453036
S31508055E2003F00F03072B08D17B68DB691B78002B6A
S31508055E300CBF01230023DBB27CE097F8453003F05D
S31508055E400F030B2B07D17B685B8A002B0CBF01233D
S31508055E500023DBB26EE097F8453003F00F03082BF5
S31508055E6005D097F8453003F00F03092B61D17B68F8
S31508055E70596A7B68DA6907F10C031846FDF737FE98
S31508055E800346002B14D007F10C031846FFF73AFF13
S31508055E90034683F00103DBB2002B01D0002349E05A
S31508055EA007F10C031846FDF76BFE0346002BEAD1EE
S31508055EB001233FE097F8453003F0C003802B07D14F
S31508055EC07B68DB69002B0CBF01230023DBB231E0BD
S31508055ED097F8453003F0C003402B2AD197F845308B
S31508055EE003F00F030A2B0AD17B68DB691B68FB6382
S31508055EF0FB6B002B0CBF01230023DBB21AE07B6882
S31508055F001B68DB680D4A93420AD17B68DB693B64EB
S31508055F103B6C1B68002B0CBF01230023DBB209E091
S31508055F207B681B68DB68002B0CBF01230023DBB2EB
S31508055F3000E0002318464837BD4680BD233D0508C1
S31508055F4080B582B000AF786039603B68DB69002BA5
S31508055F5001D1012361E03968786800F0DDFA034666
S31508055F6083F00103DBB2002B01D0002355E03B6823
S31508055F709B7D03F00F030B2B44D801A252F823F09F
S31508055F80B15F0508BD5F0508BD5F0508BD5F050866
S31508055F90C95F0508C95F0508D55F0508E15F0508F6
S31508055FA0ED5F0508ED5F050805600508F95F050855
S31508055FB03968786800F0AEFB03462EE039687868DC
S31508055FC000F0C2FB034628E03968786800F07EFCD5
S31508055FD0034622E03968786800F0A6FC03461CE00B
S31508055FE03968786800F0DEFC034616E03968786893
S31508055FF000F036FD034610E03968786800F076FD4E
S3150805600003460AE07B681B69002B02D07B681B697F
S3150805601000E0044B7A681361002318460837BD4625
S3150805602080BD00BF88D4060880B582B000AF786009
S3150805603039603B681B68DB68002B18D03B681B6812
S31508056040DB683A68796800209847034683F00103B8
S31508056050DBB2002B0BD07B681B69002B02D07B6853
S315080560601B6900E0044B7A681361002300E00123ED
S3150805607018460837BD4680BD9CD4060880B582B04B
S3150805608000AF786039603B689B7D03F03003302BA1
S3150805609008D13B681B6A1A883B681B8A9A4226D030
S315080560A0012359E03B689B7D03F03003102B1ED175
S315080560B03B681B6A002B0CD03B681B6A1846FFF722
S315080560C0AFFC034683F00103DBB2002B0FD0012397
S315080560D042E03B689B7D03F0C003002B07D1386877
S315080560E0FFF710FE0346002B01D0012334E03B6879
S315080560F0DB69002B13D13B689B7D03F03003002B2E
S315080561000BD17B681B69002B02D07B681B6900E0F5
S31508056110134B7A68136100231EE001231CE03B68D4
S315080561209B7D03F0C003402B05D139687868FFF7D6
S315080561307BFF034610E03B689B7D03F03003202B6D
S3150805614005D139687868FFF789FC034604E039689C
S315080561507868FFF7F5FE034618460837BD4680BD3D
S31508056160ACD4060880B58CB000AF7860396007F105
S31508056170080339681846FDF7C2FD034683F001038F
S31508056180DBB2002B0BD07B681B69002B02D07B6822
S315080561901B6900E0074B7A681361002306E007F1DF
S315080561A0080319467868FFF769FF03461846303726
S315080561B0BD4680BDC4D4060880B584B000AF7860F6
S315080561C039603B68DB691B68FB601EE0FB681B687A
S315080561D05B68002B08D0FB681B685B68F9687868FC
S315080561E098470346FB7205E0F9687868FFF7BAFF32
S315080561F00346FB72FB7A83F00103DBB2002B01D061
S31508056200002306E0FB689B68FB60FB68002BDDD175
S31508056210012318461037BD4680BD80B58EB000AF40
S31508056220F860B9607A6007F110037A68B9681846A4
S31508056230FDF751FD034683F00103DBB2002B01D0C0
S3150805624001232AE097F8263003F00F030A2B0DD110
S3150805625007F110031946F868FFF7AEFF034683F002
S315080562600103DBB2002B0FD0002316E007F110035C
S315080562701946F868FFF702FF034683F00103DBB208
S31508056280002B01D0002308E007F110031846FDF797
S3150805629077FC0346002BD5D1012318463837BD466A
S315080562A080BD80B58AB000AFF860B9607A6007F13D
S315080562B0140300221A605A609A60DA601A6107F1B7
S315080562C014037A68B9681846FFF7A7FF034683F0EB
S315080562D00103DBB2002B01D0002303E03A6AFB6811
S315080562E01A60012318462837BD4680BD80B588B093
S315080562F000AFF860B9607A600023FB61BB68DBB262
S3150805630003F07F03FB76BB68DB09BB6013E0FB7E06
S3150805631063F07F03FB76FB695A1CFA6120333B441D
S31508056320FA7E03F8102CBB68DBB203F07F03FB7615
S31508056330BB68DB09BB60FB69032B05D8BB68002B6B
S31508056340E5D17B68002BE2D17B68002B24D07B68DE
S31508056350DBB21B01DBB203F07003DAB2FB7E134333
S31508056360FB767B68DB087B6013E0FB7E63F07F03C7
S31508056370FB76FB695A1CFA6120333B44FA7E03F81F
S31508056380102C7B68DBB203F07F03FB767B68DB09A1
S315080563907B607B68002BE8D1FB695A1CFA612033C0
S315080563A03B44FA7E03F8102C07F11003FA691946DF
S315080563B0F868FFF7E5FA034618462037BD4680BD57
S315080563C090B587B000AFF860C7E90023D7E9002381
S315080563D0802A73F100030AD23B78FB7507F1170388
S315080563E001221946F868FFF7CBFA03460FE03C6821
S315080563F0D7E900014FF000024FF000030A00002319
S3150805640013461A462146F868FFF770FF03461846ED
S315080564101C37BD4690BD2DE9B04F8AB000AF7861EF
S31508056420C7E902234FF0FF326FF00043C7E9062399
S31508056430D7E90223002B15DAD7E90201D7E906239E
S3150805644000EA020401EA030523193B6045EB050347
S315080564507B60D7E900236FEA020A6FEA030BC7E9EF
S3150805646008AB07E0D7E9022312EB020843EB030959
S31508056470C7E90889D7E908237869FFF7A1FF03461D
S3150805648018462837BD46BDE8B08F80B582B000AF3F
S3150805649078603960042239687868FFF771FA034627
S315080564A018460837BD4680BD80B582B000AF78600E
S315080564B03960082239687868FFF762FA034618468C
S315080564C00837BD4680BD2DE9B04F88B000AF786165
S315080564D00B46FA60FB74FB6800229A4693464FEA18
S315080564E05A754FEACA04FB7C00229846914644EA47
S315080564F008033B6045EA09037B60D7E90034C7E929
S315080565000634D7E906237869FFF75AFF034618467E
S315080565102037BD46BDE8B08F80B584B000AF78603A
S3150805652039603B689B7D03F00F030B2B26D801A228
S3150805653052F823F065650508656505086565050866
S31508056540656505086B6505087165050877650508B8
S315080565507765050877650508776505087D6505087E
S31508056560776505080023FB7314E00523FB7311E023
S315080565700123FB730EE00223FB730BE07B681B69A3
S31508056580002B02D07B681B6900E0094B7A6813610A
S31508056590002308E03B681B8A1A46FB7B1946786880
S315080565A0FFF791FF034618461037BD4680BD00BF65
S315080565B088D40608B0B584B000AFF860B9607A60CB
S315080565C07B6800221C46154622462B46F868FFF7C7
S315080565D0F7FE034683F00103DBB2002B01D0002347
S315080565E005E07A68B968F868FFF7CAF903461846F0
S315080565F01037BD46B0BD0000B0B58CB000AFF86029
S31508056600B9607A6007F1140300221A605A609A6025
S31508056610DA601A6107F114037A68B9681846FFF74C
S31508056620FCFD034683F00103DBB2002B04D07A6A2E
S31508056630FB681A61002365E03B6AFB62FB6A002278
S315080566401C46154622462B46F868FFF7B9FE03464B
S3150805665083F00103DBB2002B01D0002352E0FB686F
S315080566601B68002B06D1FA6A0021F868FFF788F936
S31508056670034647E0FB68DA68FB6A1A44FB689B68C9
S315080566809A420BD9FB681B69002B02D0FB681B696C
S3150805669000E01E4BFA681361002333E0FB681B68AC
S315080566A07B61FB685B68BB61FB6AFB6100233B6238
S315080566B000237B6207F114037A68B9681846FFF761
S315080566C0ACFD034687F82B30FB68DA683B6A1A4443
S315080566D0FB68DA60BA69FB685A607A6AFB681A6108
S315080566E03B6AFA6A9A420BD0FB681B69002B02D0F3
S315080566F0FB681B6900E0064BFA681361002301E095
S3150805670097F82B3018463037BD46B0BD50D4060825
S31508056710D8D40608B0B584B000AF786039603B6850
S31508056720DB691846FFF77CF90346FB60FB68002220
S315080567301C46154622462B467868FFF741FE034652
S3150805674018461037BD46B0BD2DE9B04F8CB000AF21
S31508056750F861B961BB699B7D03F00F03022B52D122
S315080567604FF000024FF00003C7E90A23BB695B8AAD
S31508056770012B0BD1BB69DB691B78DBB200223B61B8
S315080567807A61D7E90434C7E90A3435E0BB695B8A17
S31508056790022B0BD1BB69DB691B889BB20022BB6048
S315080567A0FA60D7E90234C7E90A3425E0BB695B8A8A
S315080567B0042B0AD1BB69DB691B6800223B607A603A
S315080567C0D7E90034C7E90A3416E0BB695B8A082BA2
S315080567D006D1BB69DB69D3E90023C7E90A230BE0C0
S315080567E0FB691B69002B02D0FB691B6900E0364B68
S315080567F0FA691361002361E0D7E90A23F869FFF707
S31508056800DFFD03465AE04FF000024FF00003C7E9E3
S315080568100823BB695B8A012B0AD1BB69DB6993F936
S3150805682000305BB2DA179A469346C7E908AB32E0F9
S31508056830BB695B8A022B0AD1BB69DB69B3F90030F0
S315080568401BB2DA1798469146C7E9088923E0BB695A
S315080568505B8A042B08D1BB69DB691B68DA171C46FA
S315080568601546C7E9084516E0BB695B8A082B06D1B4
S31508056870BB69DB69D3E90023C7E908230BE0FB6994
S315080568801B69002B02D0FB691B6900E00E4BFA69F0
S315080568901361002312E0BB699B7D03F00F03032BED
S315080568A006D1D7E90823F869FFF7B5FD034605E0DC
S315080568B0D7E90823F869FFF783FD034618463037F5
S315080568C0BD46BDE8B08F00BFECD4060880B582B0DA
S315080568D000AF786039603B685B8A042B07D13B6853
S315080568E0DB6919467868FFF7D0FD034616E03B686D
S315080568F05B8A082B07D13B68DB6919467868FFF779
S31508056900D3FD03460AE07B681B69002B02D07B682A
S315080569101B6900E0034B7A6813610023184608379C
S31508056920BD4680BDECD4060880B584B000AF786056
S3150805693039600023FB603B68DB69FB60FB68002B5D
S3150805694006D1002200217868FFF734FE034622E0C7
S315080569503B689B7D03F0C003002B13D1FB681B889E
S315080569601A463B685B8A023B9A420BD97B681B69C8
S31508056970002B02D07B681B6900E0094B7A68136116
S31508056980002308E0FB68991CFB681B881A4678688B
S31508056990FFF710FE034618461037BD4680BD00BFF3
S315080569A000D5060880B586B000AF78603960002343
S315080569B07B613B685B8A3B613B68DB69BB603B681F
S315080569C09B7D03F0C003802B03D14FF0FF333B615A
S315080569D011E03B69002B0BD17B681B69002B02D0A4
S315080569E07B681B6900E01C4B7A68136100232FE05E
S315080569F03B69013B3B61BB68002B02D100237B61E8
S31508056A0020E0BB68FB6005E07B6901337B61FB68B9
S31508056A100133FB607A693B699A4203D2FB681B78A6
S31508056A20002BF1D1FB681B78002B0BD07B681B6903
S31508056A30002B02D07B681B6900E0084B7A68136156
S31508056A40002305E07A69B9687868FFF7B3FD034658
S31508056A5018461837BD4680BD14D5060828D5060834
S31508056A6080B584B000AF786039603B685B6A002BF7
S31508056A700BD17B681B69002B02D07B681B6900E07C
S31508056A80194B7A681361002329E03B689B7D03F05F
S31508056A900F03092B1AD13B681B6A002B16D03B68D6
S31508056AA01B6A083BFB60FB681B68002B0ED0FB685E
S31508056AB01B68FA680432396878689847034683F08C
S31508056AC00103DBB2002B01D0002308E03B68596AB5
S31508056AD03B68DB691A467868FFF78EFD0346184654
S31508056AE01037BD4680BD00BF3CD5060880B582B0C7
S31508056AF000AF786039603B68D9693B685B8A1A4696
S31508056B007868FFF757FD034618460837BD4680BD22
S31508056B1080B584B000AF0346FB80FB88082B49D1B6
S31508056B20FB8819462B48EFF7F5F90346FB73FB7BFC
S31508056B30012B37D1284800F04BFB034603F07703B2
S31508056B40BB73BB7B03F04003002B02D0234B062205
S31508056B501A70BB7B03F02003002B02D0204B0622BC
S31508056B601A70BB7B03F01003002B02D01D4B0622BF
S31508056B701A70BB7B03F00403002B02D01A4B0622BE
S31508056B801A70BB7B03F00203002B02D0174B0622B3
S31508056B901A70BB7B03F00103002B0BD0144B06229E
S31508056BA01A7007E00C4B9B680B4A91890022184618
S31508056BB0EFF7C8F90A4B1B78012B07D10B4B1B7846
S31508056BC0012B03D10A210B480CF0DEF900BF10375B
S31508056BD0BD4680BD000800481C4C002054AB00206B
S31508056BE074AB002064AB00205CAB00207CAB0020B6
S31508056BF06CAB002084AB002080B584B000AF78600C
S31508056C0039600823FB737B683A681A607B684E22ED
S31508056C101A7107F10C031946786800F027F8034638
S31508056C20002B18D07B6848221A7108E07B681B7907
S31508056C300133DAB27B681A71FB7B013BFB73FB7B7D
S31508056C40002B08D007F10C031946786800F00EF8F2
S31508056C500346002BEAD1FB7B002B01D0002300E07D
S31508056C60012318461037BD4680BD000080B586B09D
S31508056C7002AF786039600023FB737B681B68002BBD
S31508056C8037D07B6818687B681B799BB25B0099B21D
S31508056C9007F10C0241F2883300930223EFF736FB1E
S31508056CA00346FB73FB7B002B0BD13B7B1B021AB2FE
S31508056CB07B7B1BB213431BB29AB23B681A8000232F
S31508056CC02AE0102011F02EFA0346002B0FD011F0FA
S31508056CD0BFF91349134811F083F9F97B7B681B79CA
S31508056CE01A46114811F07CF9104811F079F9012373
S31508056CF012E0102011F016FA0346002B0BD011F0FE
S31508056D00A7F90749074811F06BF9094811F068F919
S31508056D10064811F065F9032318461037BD4680BDA8
S31508056D2058D5060860D5060868D5060890D5060814
S31508056D3094D5060880B586B002AF78600B467B8089
S31508056D400023FB730023BB8107F10A0319467868FC
S31508056D5000F030F90346FB73FB7B002B01D0FB7B68
S31508056D609DE07B88B3F5805F01D3022397E07B8995
S31508056D707A889A4201D1002391E03B7A6FF387130B
S31508056D803B727B685B7903F00303DAB23B7A62F3FD
S31508056D9005133B727B88DBB27B737B681B7A0C2BEE
S31508056DA00AD17B881B0A9BB203F00F03DAB23B7A3A
S31508056DB062F303033B7211E07B681B7A0A2B0DD13C
S31508056DC07B889B099BB203F00F03DAB23B7A62F321
S31508056DD003033B727B889B00DBB27B733B7A3B7371
S31508056DE07B681B68002B45D07B6818687B681B7910
S31508056DF09BB25B0099B207F10C023223009302237A
S31508056E00EFF76CF90346002B14D00123FB7310200A
S31508056E1011F088F90346002B40D011F019F92249DB
S31508056E20224811F0DDF8224811F0DAF8214811F068
S31508056E30D7F833E007F10A031946786800F0BAF877
S31508056E407B897A889A4229D0102011F06BF9034676
S31508056E50002B23D011F0FCF81349144811F0C0F89B
S31508056E607B887A891946144811F0BAF8114811F041
S31508056E70B7F813E00123FB73102011F053F9034605
S31508056E80002B0BD011F0E4F80749084811F0A8F8CB
S31508056E900A4811F0A5F8074811F0A2F8FB7B184631
S31508056EA01037BD4680BD00BFA8D50608B0D506086B
S31508056EB0B8D50608CCD50608D0D50608F0D50608EF
S31508056EC080B586B002AF78600023FB7300233B7359
S31508056ED000233B723B7B032262F302033B737B6809
S31508056EE0DB7903F00303DAB23B7B62F3C4033B7336
S31508056EF07B685B7903F00303DAB23B7B62F34613DF
S31508056F003B737B689B7903F00103DAB23B7B62F33B
S31508056F10C7133B733B7B3B727B681B68002B25D0ED
S31508056F207B6818687B681B799BB25B0099B207F189
S31508056F300802322300930123EFF7D0F80346002B06
S31508056F4028D00123FB73102011F0ECF80346002B1B
S31508056F5020D011F07DF81249124811F041F812486F
S31508056F6011F03EF8114811F03BF813E00123FB73C5
S31508056F70102011F0D7F80346002B0BD011F068F84E
S31508056F800749084811F02CF8094811F029F8074867
S31508056F9011F026F8FB7B18461037BD4680BD00BFA5
S31508056FA0A8D50608B0D50608B8D50608CCD5060866
S31508056FB0F0D506082DE9F04389B002AF7860396047
S31508056FC06B461E460023FB757B681B7A082B01D189
S31508056FD0022100E003214B1E3B610A460023904629
S31508056FE099464FF000024FF000034FEAC90343EAFA
S31508056FF058734FEAC8020A46002314461D464FF041
S3150805700000024FF00003EB0043EA5473E2000B4617
S315080570100733DB08DB00ADEB030D02AB0033FB6082
S315080570207B681B68002B4DD07B6818687B681B79C5
S315080570309BB25B009CB28BB232220092FA6821465B
S31508057040EFF764F90346002B14D00123FB751020CE
S3150805705011F068F80346002B48D010F0F9FF2749C8
S31508057060274810F0BDFF274810F0BAFF264810F04C
S31508057070B7FF3BE07B681B7A082B05D1FB685B7875
S315080570809AB23B681A8031E07B681B7A0A2B0AD1CB
S31508057090FB685B781B02FA68927813439B119AB2D0
S315080570A03B681A8022E07B681B7A0C2B1ED1FB688D
S315080570B05B781B02FA68927813431B119AB23B68F0
S315080570C01A8013E00123FB75102011F02BF80346EF
S315080570D0002B0BD010F0BCFF0849094810F080FFBB
S315080570E00A4810F07DFF084810F07AFFFB7DB54683
S315080570F018461C37BD46BDE8F08300BFA8D5060867
S31508057100B0D5060804D60608CCD50608F0D506086F
S3150805711080B584B000AF786039600823FB737B6857
S315080571203A681A607B6861221A7107F10C031946D9
S315080571307868FFF73FFF0346002B18D07B68602267
S315080571401A7108E07B681B790133DAB27B681A7114
S31508057150FB7B013BFB73FB7B002B08D007F10C037C
S3150805716019467868FFF726FF0346002BEAD1FB7B0D
S31508057170002B04D07868FFF7A3FE034600E0012339
S3150805718018461037BD4680BD80B483B000AF786019
S315080571907B680C4A9A607B684FF480729A817B6893
S315080571A0094A1A607B6880229A807B68074A1A61B1
S315080571B07B6810229A8200BF0C37BD465DF8047BB2
S315080571C0704700BF00080048001000480004004842
S315080571D080B586B000AF78600023FB757B68986834
S315080571E07B689B8900221946EEF7ACFE7B68186911
S315080571F07B689B8A01221946EEF7A4FE0120ECF767
S3150805720063F97B6818697B689B8A00221946EEF73D
S3150805721099FE0220ECF758F97B6898687B689B8984
S3150805722001221946EEF78EFE00233B612DE001206B
S31508057230ECF74AF97B6818697B689B8A0122194627
S31508057240EEF780FE0120ECF73FF97B681A687B6844
S315080572509B8819461046EEF75DFE0346FB73FB7BD6
S31508057260002B07D101223B6902FA03F3DAB2FB7D4B
S315080572701343FB757B6818697B689B8A0022194648
S31508057280EEF760FE3B6901333B613B69072BCEDDB3
S31508057290FB7D18461837BD4680BD000080B584B00D
S315080572A000AF786039600023FB733B68002B02D07A
S315080572B07B68002B02D10423FB7302E07B683A68DE
S315080572C01A607B6853221A71FB7B002B08D17B68F1
S315080572D005331A461021786800F0CCF80346FB7387
S315080572E0FB7B002B1ED17B685B7923F07F03DBB222
S315080572F0002B17D07A6853796FF3C71353717A68D9
S31508057300537943F0400353717A6853796FF34513FC
S3150805731053717B685B791A461021786800F032F953
S315080573200346FB73FB7B002B66D17B685B7923F0F1
S315080573307F03DBB2002B4DD17B6808331A46002143
S31508057340786800F097F803461A46FB7B1343FB73E8
S315080573507B6809331A460121786800F08BF80346DD
S315080573601A46FB7B1343FB737A68537943F080030C
S3150805737053717B685B791A461021786800F002F923
S3150805738003461A46FB7B1343FB737B6805331A468C
S315080573901021786800F06EF803461A46FB7B1343FE
S315080573A0FB737B6806331A460021786800F062F895
S315080573B003461A46FB7B1343FB737B6806331A465B
S315080573C00121786800F056F803461A46FB7B1343F5
S315080573D0FB7311E0082010F0A5FE0346002B0BD021
S315080573E010F036FE1F49204810F0FAFD1F4810F028
S315080573F0F7FD1F4810F0F4FDFB7B002B05D1FF2197
S31508057400786800F023FA0346FB73FB7B002B05D14E
S31508057410FF21786800F035FA0346FB73FB7B002BE2
S3150805742005D1FE21786800F075F90346FB73FB7BE9
S31508057430002B05D1FE21786800F087F90346FB7312
S31508057440FB7B002B08D17B6805331A461021786823
S3150805745000F010F80346FB73FB7B18461037BD464C
S3150805746080BD00BF18D6060820D6060828D6060801
S3150805747040D6060880B588B002AFF8600B467A6034
S31508057480FB720023BB75FB7A7B750023FB75FB68CE
S315080574901B68002B51D0FB681868FB681B799BB2E3
S315080574A05B0099B207F11502322300930123EEF723
S315080574B015FE0346002B2BD1FB681868FB681B795C
S315080574C09BB25B0099B207F116023223009301239A
S315080574D0EEF71CFF0346002B05D1BA7D7B681A70AB
S315080574E00023FB753DE0102010F01CFE0346002B1B
S315080574F00BD010F0ADFD1D491D4810F071FD1D4856
S3150805750010F06EFD1C4810F06BFD0123FB7528E095
S31508057510102010F007FE0346002B0BD010F098FD3F
S315080575201249134810F05CFD144810F059FD12482D
S3150805753010F056FD0123FB7513E0102010F0F2FD3F
S315080575400346002B0BD010F083FD0849084810F0B8
S3150805755047FD0B4810F044FD074810F041FD04238C
S31508057560FB75FB7D18461837BD4680BD18D6060837
S3150805757020D6060844D6060840D6060854D6060870
S3150805758064D6060880B586B002AF78600B46FB70F0
S315080575901346BB70FB783B73BB787B730023FB7381
S315080575A07B681B68002B28D07B6818687B681B7965
S315080575B09BB25B0099B207F10C02322300930223B2
S315080575C0EEF78CFD0346002B02D10023FB7328E05A
S315080575D0102010F0A7FD0346002B0BD010F038FD40
S315080575E01249134810F0FCFC124810F0F9FC124831
S315080575F010F0F6FC0123FB7313E0102010F092FD42
S315080576000346002B0BD010F023FD0849084810F057
S31508057610E7FC0A4810F0E4FC074810F0E1FC0423EF
S31508057620FB73FB7B18461037BD4680BD18D6060882
S3150805763020D6060854D6060840D6060864D606088F
S3150805764080B584B000AF78600B46FB701346BB70F7
S315080576500023FB730023BB73FB78002B02D00023A2
S31508057660BB7301E00123BB737B6805331A461021FA
S315080576707868FFF7FFFE0346FB73FB7B002B3CD1BF
S315080576807B685B7923F07F03DBB2002B12D17A681E
S31508057690537943F0800353717B685B791A46102149
S315080576A07868FFF76FFF7B6805331A4610217868F7
S315080576B0FFF7E0FE7B685B7923F07F03DBB2002BDF
S315080576C013D1102010F02EFD0346002B0BD010F019
S315080576D0BFFC0C490C4810F083FC0C4810F080FCE4
S315080576E00B4810F07DFC082308E0BA78BB7B1946E1
S315080576F07868FFF747FF0346FB73FB7B1846103789
S31508057700BD4680BD18D6060820D6060878D60608CA
S3150805771040D6060880B584B000AF78600B46FB7086
S315080577200023FB73FB781A4601217868FFF788FF63
S315080577300346FB73FB7B002B02D17B68FA789A71AB
S31508057740FB7B18461037BD4680BD80B584B000AFB3
S3150805775078600B46FB700023FB73FB781A460021FD
S315080577607868FFF76DFF0346FB73FB7B002B02D199
S315080577707B68FA78DA71FB7B18461037BD4680BDFB
S3150805778080B584B000AF78600B46FB701346BB70B6
S315080577900023FB730023BB7300237B73FB78002B45
S315080577A002D00023BB7301E00123BB737B68053355
S315080577B01A4610217868FFF75DFE0346FB73FB7BC7
S315080577C0002B26D17B685B7923F07F03DBB2002B80
S315080577D016D07A6853796FF3C71353717B685B794B
S315080577E01A4610217868FFF7CDFE0346FB737B68BA
S315080577F005331A4610217868FFF73CFE0346FB73E6
S315080578007B685B7923F07F03DBB2002B01D0082365
S3150805781018E007F10D02BB7B19467868FFF72AFEC3
S315080578200346FB737B7BBA789A420AD0BA78BB7B48
S3150805783019467868FFF7A6FE0346FB731420EBF78F
S3150805784043FEFB7B18461037BD4680BD80B584B020
S3150805785000AF78600B46FB700023FB73FB781A466E
S3150805786001217868FFF78CFF0346FB73FB7B002B2A
S3150805787002D17B68FA781A72FB7B18461037BD4623
S3150805788080BD80B584B000AF78600B46FB700023D9
S31508057890FB73FB781A4600217868FFF771FF0346E4
S315080578A0FB73FB7B002B02D17B68FA785A72FB7B4C
S315080578B018461037BD4680BD80B400AFBFF34F8F5D
S315080578C000BF064BDB6803F4E0620449044B134327
S315080578D0CB60BFF34F8F00BF00BFFDE700ED00E0AB
S315080578E00400FA0580B58CB000AF78603960396850
S315080578F000200A460346C7E9082307F12003184668
S3150805790011F09EFDF862012010F00CFC0346002BD1
S315080579100FD010F09DFB3C493C4810F061FB10F078
S31508057920F5FA034619463A4810F05AFB394810F055
S3150805793057FBFB6A002B01D1002360E0FB6A5B69F4
S31508057940DBB2643BDBB2FB77FB6A1B69DBB201334F
S31508057950DBB27B77FB6ADB68DBB2BB77FB6A9B69C5
S31508057960002B03D0FB6A9B69DBB200E007233B7754
S31508057970FB6A9B68DBB23B72FB6A5B68DBB27B72B0
S31508057980FB6A1B68DBB2BB7200237B610023BB6104
S3150805799007F11C03002219461F48F0F755FB034655
S315080579A087F82B3097F82B30002B01D0002326E0DB
S315080579B007F10803002219461748F0F74CFA03465B
S315080579C087F82B3097F82B30002B01D0002316E0CB
S315080579D0012010F0A7FB0346002B0FD010F038FB4B
S315080579E00E490A4810F0FCFA10F090FA03461946B3
S315080579F0074810F0F5FA074810F0F2FA0123184679
S31508057A003037BD4680BD00BF90D606089CD6060809
S31508057A10A4D60608B0D6060830440020B4D606080B
S31508057A2080B582B000AF78600B46FB70FB7883F0B3
S31508057A300103DBB2002B17D000224FF480711A48D8
S31508057A40EEF780FA042010F06DFB0346002B0BD0E9
S31508057A5010F0FEFA1549164810F0C2FA154810F046
S31508057A60BFFA154810F0BCFAFB78002B17D001228F
S31508057A704FF480710C48EEF765FA042010F052FBB6
S31508057A800346002B0BD010F0E3FA0849084810F016
S31508057A90A7FA0A4810F0A4FA074810F0A1FA00BF99
S31508057AA00837BD4680BD00BF000C0048C0D606088D
S31508057AB09CD606080CD70608B0D6060824D70608A5
S31508057AC080B582B000AF7860022010F02BFB034624
S31508057AD0002B11D010F0BCFA1149124810F080FAA3
S31508057AE07B685B7919467B689B791A460E4810F0C0
S31508057AF077FA0E4810F074FA7B685A797B681A711A
S31508057B007B689A797B685A717B6804229A71EBF7C8
S31508057B10CFFC02467B689A6000BF0837BD4680BD24
S31508057B20C0D606089CD606083CD70608B0D6060869
S31508057B3080B582B000AF78607868FFF7C1FF7B68CB
S31508057B400022A3F8E02D7B680022A3F8E22D7B68C6
S31508057B500222A3F8E42D7B680022A3F8E62D7B68AC
S31508057B604FF00042C3F8B82D7B6803F6B453314A83
S31508057B703149324807F00EFD034683F00103DBB2AF
S31508057B80002B07D07B6803F6B4532A4A2A492B48A3
S31508057B9007F06EFD7B680C33194629480FF0E6FB9E
S31508057BA07B6803F59363194626480FF0DFFB7B6868
S31508057BB003F62413194624480FF0D8FB7B680022E0
S31508057BC083F8C0207B68012283F84C257B6802224E
S31508057BD083F8D8297B6893F8DC3D002B03D01B4B2B
S31508057BE001229A7002E0194B03229A707B68D3F832
S31508057BF0B83D002B16D1102010F094FA0346002B39
S31508057C000BD010F025FA1249124810F0E9F9124876
S31508057C1010F0E6F9114810F0E3F97B684FF00042D9
S31508057C20C3F8B82D7B68002283F8B12D00BF083745
S31508057C30BD4680BD44FF060854D7060864D706081E
S31508057C40242D0020FC2E0020D430002084AB0020F3
S31508057C50C0D606089CD6060870D70608B0D6060804
S31508057C6080B582B000AF78600121786800F05CF9CC
S31508057C7000BF0837BD4680BD80B582B000AF7860C5
S31508057C800E480DF0B9FC022010F04CFA0346002BFD
S31508057C900FD010F0DDF90A490A4810F0A1F910F0DD
S31508057CA035F903461946084810F09AF9074810F0B9
S31508057CB097F900BF0837BD4680BD00BF1C290020BF
S31508057CC0C0D606089CD60608A4D70608B0D6060860
S31508057CD080B582B000AF78607868FFF7F1FE044B8F
S31508057CE0012283F86A2100BF0837BD4680BD00BF5B
S31508057CF02C00002080B582B000AF78607B681B7BBE
S31508057D00002B05D17B680C3318460AF091FB11E068
S31508057D10102010F007FA0346002B0BD010F098F93F
S31508057D201549164810F05CF9154810F059F9154823
S31508057D3010F056F97B6893F89834002B06D17B68C2
S31508057D4003F5936318460AF073FB11E0102010F04B
S31508057D50E9F90346002B0BD010F07AF906490748CE
S31508057D6010F03EF9084810F03BF9064810F038F9C6
S31508057D7000BF0837BD4680BDC0D606089CD606088E
S31508057D80BCD70608B0D60608DCD7060880B483B083
S31508057D9000AF786000BF0C37BD465DF8047B7047B9
S31508057DA080B582B000AF78607868FFF789FE0D4B1D
S31508057DB0022283F86A21042010F0B4F90346002B41
S31508057DC00BD010F045F90849084810F009F9084894
S31508057DD010F006F9074810F003F900BF0837BD4645
S31508057DE080BD00BF2C000020C0D606089CD6060814
S31508057DF0FCD70608B0D6060880B582B000AF78600D
S31508057E007B6893F82439012B06D17B6803F624137E
S31508057E1018460AF00DFB11E0102010F083F9034609
S31508057E20002B0BD010F014F90649074810F0D8F8BE
S31508057E30064810F0D5F8064810F0D2F800BF0837FE
S31508057E40BD4680BDC0D606089CD606084CD8060889
S31508057E50B0D6060880B483B000AF786000BF0C378B
S31508057E60BD465DF8047B704780B582B000AF786083
S31508057E707B689B79042B1AD17B685B791946294A55
S31508057E800B465B000B449B00134404331B68002B0D
S31508057E9043D07B685B791946224A0B465B000B443F
S31508057EA09B00134404331B687868984735E07B685C
S31508057EB05B79022B19D87B685B791946194A0B46F3
S31508057EC05B000B449B00134408331B68002B0CD03E
S31508057ED07B685B791946134A0B465B000B449B0086
S31508057EE0134408331B68786898477B689B79194655
S31508057EF00C4A0B465B000B449B0013441B68002B7E
S31508057F000BD07B689B791946064A0B465B000B44E2
S31508057F109B0013441B687868984700BF0837BD4619
S31508057F2080BD00BF0800070880B584B000AF78603B
S31508057F300B46FB700023FB73FB78022B03D87B6883
S31508057F40FA789A7115E00123FB73082010F0EAF810
S31508057F500346002B0DD010F07BF81449144810F091
S31508057F603FF8FB781946134810F03AF8124810F00E
S31508057F7037F8012010F0D6F80346002B10D010F07C
S31508057F8067F80A490A4810F02BF87B6803F6BC53CC
S31508057F90FA781946094810F023F8074810F020F82A
S31508057FA0FB7B18461037BD4680BD00BFC0D6060800
S31508057FB09CD6060868D80608B0D6060884D80608E2
S31508057FC080B582B000AF786039607B685A797B687E
S31508057FD083F8F02D38687B6803F6B4532C221946C6
S31508057FE012F01CF93B6803F12C007B6803F55E6308
S31508057FF01822194612F012F900BF0837BD4680BD8A
S31508058000B0B582B000AF786039603B681B78072B3E
S3150805801000F2F48001A252F823F000BF3D8005085E
S31508058020A38005086D800508938005082581050840
S3150805803089810508C1810508C5810508012010F053
S3150805804071F80346002B00F0EF8010F001F882491D
S3150805805082480FF0C5FF7B6803F6BC53194680486E
S315080580600FF0BEFF7F480FF0BBFFDDE03B685B689E
S31508058070DAB27B6883F8DC2D7B6893F8DC3D002B48
S3150805808003D0794B01229A70D9E0774B03229A706F
S31508058090D5E03B685B68DBB219467868FFF744FFAD
S315080580A0CDE03B685B68012202FA03F31A467B6852
S315080580B0C3F8B82D7B68D3F8B83D002B1AD108202C
S315080580C010F030F80346002B0FD00FF0C1FF6249B8
S315080580D062480FF085FF7B68D3F8B83D19466348B3
S315080580E00FF07EFF5F480FF07BFF7B684FF000427D
S315080580F0C3F8B82D042010F015F80346002B00F038
S3150805810095800FF0A5FF544954480FF069FF7B6821
S31508058110D3F8B83D194656480FF062FF51480FF097
S315080581205FFF83E07B6803F6BC543B6803F10805EB
S315080581303B6808331846E8F7D3F803461F2B06D8D5
S315080581403B6808331846E8F7CBF8034600E01F23D3
S315080581501A462946204612F061F801200FF0E2FF7B
S315080581600346002B64D00FF073FF3B493B480FF0DD
S3150805817037FF7B6803F6BC5319463E480FF030FFB8
S3150805818038480FF02DFF53E03B685B681946786859
S31508058190FFF7A8FB01200FF0C5FF0346002B49D0C2
S315080581A00FF056FF2C492D480FF01AFF3B685B6800
S315080581B0194631480FF014FF2A480FF011FF39E028
S315080581C0FFF77AFB3B685A687B68C3F8B42D042029
S315080581D00FF0A8FF0346002B2ED00FF039FF1E49D6
S315080581E01E480FF0FDFE7B68D3F8B43D19462348B3
S315080581F00FF0F6FE1B480FF0F3FE1DE008200FF002
S3150805820091FF0346002B19D00FF022FF1249134898
S315080582100FF0E6FE3B681B78194619480FF0E0FE95
S3150805822010480FF0DDFE09E000BF08E000BF06E0D4
S3150805823000BF04E000BF02E000BF00E000BF7B68A6
S3150805824003F6B4530F4A1049104807F011FA00BF50
S315080582500837BD46B0BD00BFC0D606089CD6060879
S31508058260A4D80608B0D6060884AB0020B4D80608F4
S31508058270C8D80608E4D80608FCD8060814D9060896
S3150805828028D9060844FF060854D7060864D70608F9
S3150805829080B582B000AF78607B685B78052B7B6814
S315080582A05A787B681A707B689A787B685A707B68F7
S315080582B007229A70EBF7FCF803461A467B685A605C
S315080582C000BF0837BD4680BD80B582B000AF78606F
S315080582D07868FFF7DDFF00BF0837BD4680BD80B566
S315080582E082B000AF7860EBF7E3F802467B685B6817
S315080582F0D31AB3F57A7F02D97B6803229A7000BF31
S315080583000837BD4680BD80B483B000AF786000BF2E
S315080583100C37BD465DF8047B704780B582B000AF63
S3150805832078607868FFF7B4FF7B680833184607F066
S3150805833071FA7B686033184607F06CFA7B68002289
S315080583401A657B689B681B68DA6A7B685A657B6869
S3150805835003F108027B689B681B68DB6A5B0819469C
S31508058360104607F069FB7B689B681B68DA6A7B68B9
S31508058370C3F8A8207B689B681B68DA6A7B68C3F81C
S31508058380AC207B6860330021184607F055FB7B68EF
S315080583900833184607F06EFA0320EBF795F87B685D
S315080583A06033184607F066FA00BF0837BD4680BD34
S315080583B080B483B000AF786000BF0C37BD465DF862
S315080583C0047B704780B582B000AF786000224FF411
S315080583D080710A48EDF7B6FD7B680833184607F03D
S315080583E019FA0120EBF770F87B686033184607F031
S315080583F011FA00BF0837BD4680BD00BF001000480A
S3150805840080B582B000AF78607868FFF741FF7B6872
S315080584100833184607F0FEF97B686033184607F0F7
S31508058420F9F97B6808330021184607F005FB7B68D0
S3150805843003F160027B681B6E1B68DB6A5B081946DD
S31508058440104607F0F9FA7B686033184607F012FA02
S315080584500A20EBF739F87B680833184607F00AFA55
S3150805846000BF0837BD4680BD80B483B000AF7860CD
S3150805847000BF0C37BD465DF8047B704780B483B0F2
S3150805848000AF786000BF0C37BD465DF8047B7047C2
S3150805849080B582B000AF78607868FFF7F9FE7B682B
S315080584A09B681B68DA6A13469B0013445B001A46E9
S315080584B0464BA3FB02235A097B681A657B689B68AA
S315080584C01B68DA6A13465B0013445B019B1A3F4A2D
S315080584D0A2FB03235A097B685A657B681B6E1B68D2
S315080584E0DA6A13469B001344384AA2FB03235A0942
S315080584F07B68C3F8A8207B681B6E1B68DB6A5A2253
S3150805850002FB03F3314AA2FB03235A097B68C3F826
S31508058510AC207B680833184607F07CF97B6860331E
S31508058520184607F077F97B689B681B68DA6A13466D
S315080585301B019B1A254AA2FB03235A097B68DA65A0
S315080585407B681B6E1B68DA6A13469B0013445B003F
S315080585501A461E4BA3FB02235A097B68C3F8B420A7
S315080585607B6803F108007B689B681B68DA6A134613
S315080585701B019B1A154AA2FB03235B09194607F03B
S315080585805BFA7B6803F160007B681B6E1B68DA6A19
S3150805859013469B0013445B001A460C4BA3FB0223A8
S315080585A05B09194607F048FA7B686033184607F0F1
S315080585B061F90A20EAF788FF7B680833184607F049
S315080585C059F900BF0837BD4680BD00BF1F85EB5169
S315080585D080B582B000AF7860EAF76AFF02467B6825
S315080585E0D3F8C030D31A642B27D9EAF761FF0246B8
S315080585F07B68C3F8C0207B689A6D7B68DB6D9A42F9
S3150805860009D07B6803F108027B68DB6D19461046BD
S3150805861007F012FA11E07B68D3F8B0207B68D3F827
S31508058620B4309A4209D07B6803F160027B68D3F8B7
S31508058630B4301946104607F0FFF900BF0837BD469E
S3150805864080BD80B483B000AF786000BF0C37BD46E7
S315080586505DF8047B7047000080B586B000AF78608A
S315080586607B689B6D642203FB02F27B689B681B682B
S31508058670DB6AB2FBF3F37B617B68D3F8B03064221F
S3150805868003FB02F27B681B6E1B68DB6AB2FBF3F31E
S315080586903B617B68D3F8BC301B6842F227329342AC
S315080586A019DC10200FF03EFD0346002B10D00FF005
S315080586B0CFFC484948480FF093FC7B68D3F8BC3093
S315080586C01B68194645480FF08BFC45480FF088FC92
S315080586D04FF4005379E07B68D3F8BC301B681A461B
S315080586E07B6903FB02F23B69C3F16403B2FBF3F34F
S315080586F0FB60FB683B4A934215D910200FF012FD23
S315080587000346002B0CD00FF0A3FC324932480FF074
S3150805871067FCF96834480FF063FC31480FF060FCD4
S315080587204FF4004351E0FB68002B19D03B6905332C
S315080587307A699A4214D210200FF0F4FC0346002BEE
S315080587400BD00FF085FC234923480FF049FC274831
S315080587500FF046FC22480FF043FC4FF4803334E013
S315080587603B69052B07D97B68D3F8B0305A1E7B6859
S31508058770C3F8B4201DE07B690A2B05D97B689B6D78
S315080587805A1E7B68DA6514E010200FF0CBFC034609
S31508058790002B0BD00FF05CFC0E490F480FF020FCA0
S315080587A013480FF01DFC0E480FF01AFC4FF4003362
S315080587B00BE07B68D3F8B4207B68D3F8AC309A42D3
S315080587C002D27B68D3F8B430002318461837BD465D
S315080587D080BD00BF84D906088CD9060894D9060831
S315080587E0B8D90608D0010100BCD90608D8D90608A3
S315080587F0F0D9060880B586B000AF78600B46FB70E1
S315080588007B689B6D642203FB02F27B689B681B6889
S31508058810DB6AB2FBF3F37B617B68D3F8B03064227D
S3150805882003FB02F27B681B6E1B68DB6AB2FBF3F37C
S315080588303B617B68D3F8BC301B6842F2273293420A
S3150805884019DC10200FF06EFC0346002B10D00FF034
S31508058850FFFB394939480FF0C3FB7B68D3F8BC30B1
S315080588601B68194636480FF0BBFB36480FF0B8FBB0
S315080588704FF400535BE07B68D3F8BC301B681A4697
S315080588807B6903FB02F23B69C3F16403B2FBF3F3AD
S31508058890FB60FB682C4A934215D910200FF042FC61
S315080588A00346002B0CD00FF0D3FB234923480FF0C2
S315080588B097FBF96825480FF093FB22480FF090FBC4
S315080588C04FF4004333E0FB78C3F15F031A467B692F
S315080588D0934206D27B689A6DFB781A447B68DA65FB
S315080588E024E0FB78C3F15A031A463B69934208D23A
S315080588F07B68D3F8B020FB781A447B68C3F8B420A4
S3150805890014E010200FF00EFC0346002B0BD00FF0D9
S315080589109FFB094909480FF063FB0D480FF060FBFB
S3150805892008480FF05DFB4FF4003300E000231846B6
S315080589301837BD4680BD00BF84D906088CD90608F8
S3150805894094D90608B8D90608D0010100BCD9060885
S31508058950F0D9060880B582B000AF78607B689B7849
S31508058960072B12D17B685B781D4A1B011344043318
S315080589701B68002B2FD07B685B78194A1B011344AB
S3150805898004331B687868984725E07B685B78052B70
S3150805899011D87B685B78124A1B01134408331B6898
S315080589A0002B08D07B685B780D4A1B0113440833F6
S315080589B01B68786898477B689B78094A1B011344A6
S315080589C01B68002B07D07B689B78054A1B01134457
S315080589D01B687868984700BF0837BD4680BD00BF45
S315080589E02C00070890B585B002AF78607B681B78C0
S315080589F0052B13D008200FF095FB0346002B0BD04B
S31508058A000FF026FB2B492C480FF0EAFA2B480FF0F6
S31508058A10E7FA2B480FF0E4FA012346E07B689B78D2
S31508058A2003F00103002B01D100233EE07B689A88F9
S31508058A30244B1A807B68DA88234B1A80214B1888C1
S31508058A40214B19887B685A891E4B1B8813449BB290
S31508058A50013B9CB27B681A891B4B1B8813449BB246
S31508058A60013B9AB27B689B89009313462246F5F724
S31508058A70B4FF144B1888144B19887B685A89114B0F
S31508058A801B8813449BB2013B9CB27B681A890E4B23
S31508058A901B8813449BB2013B9AB27B68DB8900931A
S31508058AA013462246F5F718FF002318460C37BD4628
S31508058AB090BD00BF0CDA060814DA06081CDA0608A3
S31508058AC02CDA06082C5A00202E5A0020B0B592B08A
S31508058AD002AF78600023FB870023BB8707F10C03E9
S31508058AE02E220021184610F0A7FA05233B737B684A
S31508058AF09B78BB737B681B78002B01D00123CCE0E0
S31508058B007B689B7803F00103002B01D10023C4E0A1
S31508058B107B689C887B6808331846E7F7E1FB0246BD
S31508058B207B689B7C03FB02F213465B0013445B00E0
S31508058B305B089BB2E31AFB877B68DA887B689B7CB4
S31508058B409BB2DB009BB2D31ABB87FB8F033B9BB259
S31508058B503B82BB8F033B9BB27B827B689B7C9BB22C
S31508058B60DB009BB206339BB2BB827B68083318468B
S31508058B70E7F7B6FB02467B689B7C02FB03F30133EA
S31508058B809BB21A46520013445B009BB2FB824FF612
S31508058B90FF737B837B68DB8A3B837B689B7803F063
S31508058BA02103212B1DD17B689B8A3B8307F10C0387
S31508058BB01846FFF717FF7B6803F108047B689B7C5B
S31508058BC09DB27B68DB8A7A68928AB98FF88F01929B
S31508058BD000932B462246F6F739FA7B6804225A7023
S31508058BE05AE07B689B7803F00503052B3AD17B6829
S31508058BF05B78022B20D07B68DB8A3B837B68DB8A24
S31508058C007B8307F10C031846FFF7ECFE7B6803F137
S31508058C1008047B689B7C9DB27B689B8A7A68D28AA6
S31508058C20B98FF88F019200932B462246F6F70EFA6E
S31508058C307B6802225A702FE07B6803F108047B687B
S31508058C409B7C9DB27B68DB8A7A68928AB98FF88F96
S31508058C50019200932B462246F6F7F8F97B6803221C
S31508058C605A7019E007F10C031846FFF7BBFE7B6837
S31508058C7003F108047B689B7C9DB27B689B8A7A68AE
S31508058C80D28AB98FF88F019200932B462246F6F7BA
S31508058C90DDF97B6801225A70002318464037BD4620
S31508058CA0B0BD90B591B000AF78600023FB8700236F
S31508058CB0BB8707F10C032E220021184610F0BCF9D4
S31508058CC005233B730123BB737B681B78002B01D0F7
S31508058CD001234DE07B689C887B6808331846E7F7CF
S31508058CE0FFFA02467B689B7C03FB02F213465B0090
S31508058CF013445B005B089BB2E31AFB877B68DA883B
S31508058D007B689B7C9BB2DB009BB2D31ABB87FB8F28
S31508058D10033B9BB23B82BB8F033B9BB27B827B6843
S31508058D209B7C9BB2DB009BB206339BB2BB827B68FE
S31508058D3008331846E7F7D4FA02467B689B7C02FB9C
S31508058D4003F301339BB21A46520013445B009BB2E8
S31508058D50FB824FF6FF737B834FF6FF733B8307F161
S31508058D600C031846FFF73EFE7B6800225A7000235F
S31508058D7018464437BD4690BD90B589B004AF7860AE
S31508058D807B689B887B817B68DB883B817B681B7856
S31508058D90042B01D001235EE07B689B7803F0010371
S31508058DA0002B01D1002356E07B689B7803F0050369
S31508058DB0052B17D17B685B78032B09D17B689B8BC1
S31508058DC0FB817B689B8BBB817B6802225A700FE00F
S31508058DD07B68DB8AFB817B689B8BBB817B6803226F
S31508058DE05A7005E07B68DB8AFB817B689B8BBB81B8
S31508058DF07B89203B98B23B890A3B99B2BB8902938A
S31508058E00FB8901930523009314234022F6F74AF9B3
S31508058E103B89043B3B817B680A331846E7F760FACA
S31508058E20024613465B0013445B005B089BB27A89CE
S31508058E30D31A9BB2013B7B817B6803F10A047B68E5
S31508058E405B8B39897889FA89019200930123224631
S31508058E50F6F7FCF8002318461437BD4690BDB0B59D
S31508058E6086B002AF78607B689B88FB817B68DB8868
S31508058E70BB817B681B78032B01D001238BE07B68BC
S31508058E809B7803F00103002B01D1002383E07B685F
S31508058E909B7803F00503052B31D17B685B78032B9B
S31508058EA016D17B6803F108047B6893F828309DB2D0
S31508058EB07B689B8D7A68928DB989F88901920093AA
S31508058EC02B462246F6F7C2F87B6802225A7061E0FD
S31508058ED07B6803F108047B6893F828309DB27B68A4
S31508058EE05B8D7A68928DB989F889019200932B462C
S31508058EF02246F6F7ABF87B6803225A704AE07B6888
S31508058F009B7803F02103212B2ED17B685B78042BF4
S31508058F1016D07B6803F108047B6893F828309DB260
S31508058F207B689B8D7A68528DB989F8890192009379
S31508058F302B462246F6F78AF87B6804225A7029E0FA
S31508058F407B6803F108047B6893F828309DB27B6833
S31508058F509B8D7A68528DB989F889019200932B46BB
S31508058F602246F6F773F815E07B6803F108047B6873
S31508058F7093F828309DB27B685B8D7A68928DB9899E
S31508058F80F889019200932B462246F6F75FF87B6827
S31508058F9001225A70002318461037BD46B0BD90B554
S31508058FA087B002AF78607B689B88FB817B68DB8826
S31508058FB0BB817B681B78032B01D0012314E07B68F2
S31508058FC003F108027B6893F828309BB2B989F889BA
S31508058FD04FF6FF7401944FF6FF740094F6F736F8CA
S31508058FE07B6800225A70002318461437BD4690BD83
S31508058FF090B585B000AF78607B689B88FB817B68F8
S31508059000DB88BB817B689C887B6808331846E7F74D
S3150805901067F902467B6893F8283003FB02F2134684
S315080590205B0013445B005B089BB2E31A9AB27B6844
S315080590309A807868FFF713FF7B68FA899A807B68B8
S31508059040BA89DA80002318461437BD4690BD000054
S3150805905080B582B000AF78607B685B79082B29D824
S315080590607B685B79082B25D802200FF05BF8034649
S31508059070002B3CD00EF0ECFF244925480EF0B0FF36
S315080590807B68D3F880395B6A1B7818467B685B79F9
S315080590901A46204B53F822207B689B7919461D4BA7
S315080590A053F8213001461C480EF09AFF1B480EF06E
S315080590B097FF1CE002200FF035F80346002B16D063
S315080590C00EF0C6FF114912480EF08AFF7B68D3F8E1
S315080590D080395B6A1B7819467B685B791A467B6813
S315080590E09B790F480EF07CFF0C480EF079FF7B68DC
S315080590F05A797B681A717B689A797B685A717B6895
S315080591000A229A7100BF0837BD4680BD7CDA060873
S3150805911084DA0608382600208CDA0608B0DA060846
S31508059120B4DA060880B582B000AF786039603B6866
S3150805913093F83E32212B08D13B68012283F83E225B
S315080591403B68212283F8102230E03B6893F81032F9
S31508059150212B1AD13B68012283F810227B6893F8E4
S315080591602C34012B08D13B68012283F83E223B6843
S31508059170212283F86C2219E03B68212283F83E22D6
S315080591803B68002283F86C2210E03B6893F86C3242
S31508059190212B0BD13B68012283F86C223B680122FF
S315080591A083F810223B68212283F83E22202178681D
S315080591B000F0B0FE00BF0837BD4680BD80B483B059
S315080591C000AF78607B681B781A464FF4616303FB2A
S315080591D002F27B685B7819460B461B015B1A9B00F6
S315080591E013447A689278134418460C37BD465DF8D9
S315080591F0047B704780B58EB000AF786039607B68B0
S315080592005B6A9B6DFB62FB6A03F5E073BB6207F15C
S315080592100803002219465448EEF7BAFE07F11C035F
S31508059220002219465048EEF796FFBB6A032283F8D3
S315080592308C20FB6AD3F880392C331846FFF7BEFF16
S31508059240786207F108031846FFF7B8FF38623A6AE5
S315080592507B6A9A4204D33A6A7B6AD31A7B6307E028
S315080592603A6A7B6AD31A03F5A83303F5C0737B6399
S315080592707B6B3E4AA2FB0323DA0AFB6AD3F88039DD
S31508059280D2B283F860207A6B384BA3FB0213DB0A4C
S315080592904FF4616101FB03F3D31A354AA2FB032395
S315080592A05A09FB6AD3F88039D2B283F86120796BFB
S315080592B02F4BA3FB01235A0913461B019B1A9B0037
S315080592C0CA1AFB6AD3F88039D2B283F862207B685A
S315080592D05B7A032B03D07B685B7A022B2BD1FB6A5F
S315080592E0D3F880399B6D7A6B13447B637B6B1F4A76
S315080592F0A2FB0323DB0A87F833307A6B1B4BA3FBE8
S315080593000213DB0A4FF4616101FB03F3D31A184A0A
S31508059310A2FB03235B0987F83230796B144BA3FB51
S3150805932001235A0913461B019B1A9B00CA1A1346A1
S3150805933087F8313008E0002387F83330002387F8AB
S315080593403230002387F831303B6897F833201A7096
S315080593503B6897F832205A703B6897F831209A701F
S3150805936000BF3837BD4680BD30440020C5B3A2913D
S315080593708988888890B52DED028B8FB002AF786005
S3150805938039604FF00003FB620023BB6007F10C034D
S3150805939000221A605A609A60DA601A611A753B6883
S315080593A09B6DD3F880397B627B6803F108023B68BD
S315080593B0093319461046E6F733FF0346002B35D021
S315080593C03B681B78032B14D0032B19DC012B02D021
S315080593D0022B07D014E07B680833B54918460FF009
S315080593E0A5FD13E07B680833B24918460FF09EFDC4
S315080593F00CE07B680833B04918460FF097FD05E081
S315080594007B680833AD4918460FF090FD3B689B6DA0
S3150805941093F88439032B05D17B680833A649184682
S315080594200FF084FD3B68012283F85C203B685B7D71
S31508059430052B65D801A252F823F000BF55940508F7
S315080594409194050877940508B3940508CD940508FD
S31508059450E79405087B68032283F830207B684FF676
S31508059460FF72A3F844207B683833954A9549184610
S315080594700FF05CFD59E07B6840F27D52A3F8442065
S315080594807B683833904A8F4918460FF04FFD4CE0F4
S315080594907B68032283F830207B684FF6FF72A3F8B2
S315080594A044207B683833894A864918460FF03EFDBD
S315080594B03BE07B6849F26A62A3F844207B68383347
S315080594C0834A804918460FF031FD2EE07B6849F23C
S315080594D06A62A3F844207B6838337E4A7949184678
S315080594E00FF024FD21E07B684FF6E712A3F8442028
S315080594F07B683833784A734918460FF017FD14E028
S3150805950008200EF00FFE0346002B0ED00EF0A0FD28
S31508059510724973480EF064FD3B685B7D19467148D0
S315080595200EF05EFD70480EF05BFD3B685A7D3B68A4
S3150805953083F85D207B68002283F824213B681B7825
S31508059540032B0FD169480AF002FA044668480AF05F
S31508059550FEF90346234407EE903AF8EE677AC7ED17
S315080595600B7A08E038680AF0F2F907EE900AF8EE81
S31508059570677AC7ED0B7A7B68D3ED457A97ED0B7A53
S31508059580B4EE677AF1EE10FA47D0D7ED0B7A9FED70
S31508059590597AF4EEC77AF1EE10FA14DB97ED0B7AE1
S315080595A0DFED556AC7EE267AC7ED0B7AF86AE7F74F
S315080595B003F802460B4607F1080050490091504941
S315080595C00FF0B4FC0BE0F86AE6F7F6FF02460B4621
S315080595D007F108004B4900914B490FF0A7FC7B683A
S315080595E0032283F85E207B6803F1640407F1080308
S315080595F01846E6F775FE024607F108030093134673
S31508059600424A0C2120460FF05DFC7B68FA6AC3F8CE
S3150805961014217B68012283F824217B68002283F8BC
S3150805962025213B681B78032B0FD130480AF03AFAF7
S3150805963004462F480AF036FA0346234407EE903ABD
S31508059640F8EEE77AC7ED0B7A08E038680AF02AFAE1
S3150805965007EE900AF8EEE77AC7ED0B7AD7ED0B7A9F
S31508059660FDEEE77A17EE903A002BB8BF5B4207EE98
S31508059670903AF8EEE77A9FED207AF4EEC77AF1EE9E
S3150805968010FA47DB97ED0B7ADFED1B6AC7EE267AEC
S31508059690C7ED0B7AF86AE6F78FFF02460B4607F120
S315080596A008001B49009118490FF040FC3EE000BF31
S315080596B0D8DA0608E0DA0608E8DA0608F0DA060867
S315080596C0F8DA060804DB06080CDB060818DB0608C4
S315080596D024DB060830DB06083CDB06087CDA0608C8
S315080596E084DA060840DB0608B0DA060894AB0020DB
S315080596F018AC002000C0794400007A4468DB0608E7
S315080597005CDB060878DB06086CDB06087CDB0608E6
S3150805971084DB0608F86AE6F74FFF02460B4607F1AB
S3150805972008006B4900916B490FF000FC7B68032222
S3150805973083F88C207B6803F1920407F10803184621
S31508059740E6F7CEFD024607F10803634920460FF002
S31508059750EDFB7B68FA6AC3F818217B68012283F852
S3150805976025217B68002283F826213B681B78032B75
S315080597700ED15A480AF012FAB0EE408A58480AF04D
S315080597800DFAF0EE407A78EE277AC7ED0B7A04E003
S3150805979038680AF003FA87ED0B0AD7ED0B7AFDEE62
S315080597A0E77A17EE903A002BB8BF5B42B3F57A7F96
S315080597B014DB97ED0B7ADFED4B6AC7EE267AC7ED14
S315080597C00B7AF86AE6F7F8FE02460B4607F1080033
S315080597D04549009145490FF0A9FB0BE0F86AE6F7FC
S315080597E0EBFE02460B4607F1080041490091394947
S315080597F00FF09CFB7B68032283F8BA207B6803F18C
S31508059800C00407F108031846E6F76AFD024607F19C
S315080598100803314920460FF089FB7B68FA6AC3F8C5
S315080598201C217B68012283F826217B68002283F8A0
S3150805983027213B681B78032B0ED128480AF0AEF87A
S31508059840B0EE408A26480AF0A9F8F0EE407A78EE96
S31508059850277AC7ED0A7A04E038680AF09FF887ED93
S315080598600A0A7B68D3ED487A97ED0A7AB4EE677AE1
S31508059870F1EE10FA26D0B86AE6F79EFE02460B46C2
S3150805988007F108001B4900911B490FF04FFB7B6840
S31508059890032283F8E8207B6803F1EE0407F1080341
S315080598A01846E6F71DFD024607F108030A4920464C
S315080598B00FF03CFB7B68BA6AC3F820217B68012256
S315080598C083F8272100BF3437BD46BDEC028B90BD12
S315080598D088DB06086CDB06087CDB060894AB0020EB
S315080598E018AC002000007A4498DB06088CDB0608CD
S315080598F09CDB0608ACDB0608A0DB060880B5B4B019
S3150805990000AF78600B46FB707B68D3F8803903F2A5
S315080599101C43C7F8C4307B6803F5A873C7F8C0307D
S315080599207B6893F88439032B07D17B68D3F880398C
S315080599305B6A1B78012B40F0E8827B6893F88439CB
S31508059940032B0ED0032B10DC012B02D0022B04D0DF
S315080599500BE0444BC7F8CC301CE0434BC7F8CC307A
S3150805996018E0424BC7F8CC3014E008200EF0DAFBB5
S315080599700346002B0BD00EF06BFB3D493D480EF018
S315080599802FFB3D480EF02CFB3C480EF029FB374BC8
S31508059990C7F8CC30D7F8CC307A689A657B683C33FB
S315080599A0D7F8CC101846FFF7E5FCD7F8C4305A6A3D
S315080599B0D7F8CC305B689A4214D0D7F8CC305B68B8
S315080599C0002B09D07B6803F5B670D7F8CC305B68F1
S315080599D01A462B490FF0AAFAD7F8CC305A68D7F8A1
S315080599E0C4305A62FB7803F00103002B04D07B6868
S315080599F00C331846FEF7F6FFFB7803F00203002B37
S31508059A0021D0D7F8CC3093F85C30002B09D07B6889
S31508059A103C331846FFF723FAD7F8CC30002283F8EB
S31508059A205C207B6803F5FB73D7F8C42011461846F6
S31508059A30E6F7F6FB0346002B05D07B6803F5F773B7
S31508059A401846FFF7D5FAFB7803F00C030C2B04D15F
S31508059A507B686A331846FFF78FF90023C7F8C830BD
S31508059A6048E000BF94AB002018AC00209CAC002051
S31508059A707CDA060884DA0608B0DB0608B0DA0608D2
S31508059A80D4DB0608D7F8C8302E2202FB03F3D033F9
S31508059A903B44C83B03221A70D7F8C8302E2202FB6E
S31508059AA003F3D0333B44C63B03221A70D7F8C830B4
S31508059AB02E2202FB03F3D0333B44A03B01221A7046
S31508059AC0D7F8C8302E2202FB03F3D0333B449C3B20
S31508059AD04FF6FF721A80D7F8C8302E2202FB03F319
S31508059AE0D0333B449E3B1F221A80D7F8C830013332
S31508059AF0C7F8C830D7F8C830032BC3DDFB7803F0A1
S31508059B001003002B00F08581D7F8C0301B7C002B8D
S31508059B1067D00023C7F8C8307B68B3F89C10D7F818
S31508059B20C8302E2202FB03F3D0333B44C43B0A4616
S31508059B301A807B68B3F89E30023B99B2D7F8C830CD
S31508059B402E2202FB03F3D0333B44C23B0A461A8056
S31508059B5007F10802D7F8C8302E2101FB03F30833AD
S31508059B601344D14918460FF0E1F907F10802D7F869
S31508059B70C8302E2101FB03F313441846FFF76FF986
S31508059B8007F10802D7F8C8302E2101FB03F308337D
S31508059B901344C64918460FF0C9F907F10802D7F85C
S31508059BA0C8302E2101FB03F313441846FFF757F96E
S31508059BB07B68B3F89E3008339AB27B68A3F89E2073
S31508059BC07B6898331846FFF74AF97B68B3F89E30E1
S31508059BD0083B9AB27B68A3F89E20D7F8C0300022C6
S31508059BE01A74D7F8C0305B7C002B4FD00123C7F811
S31508059BF0C8307B68B3F8CA10D7F8C8302E2202FBDE
S31508059C0003F3D0333B44C43B0A461A807B68B3F852
S31508059C10CC30063399B2D7F8C8302E2202FB03F3A7
S31508059C20D0333B44C23B0A461A8007F10802D7F8E7
S31508059C30C8302E2101FB03F3083313449C49184603
S31508059C400FF074F907F10802D7F8C8302E2101FB81
S31508059C5003F313441846FFF702F97B68B3F8CC30CB
S31508059C6010339AB27B68A3F8CC207B68C6331846AE
S31508059C70FFF7F5F87B68B3F8CC30103B9AB27B68EA
S31508059C80A3F8CC20D7F8C03000225A74D7F8C030CC
S31508059C909B7C002B4FD00223C7F8C8307B68B3F8E6
S31508059CA0F810D7F8C8302E2202FB03F3D0333B440D
S31508059CB0C43B0A461A807B68B3F8FA300E3399B264
S31508059CC0D7F8C8302E2202FB03F3D0333B44C23BF8
S31508059CD00A461A8007F10802D7F8C8302E2101FB73
S31508059CE003F308331344734918460FF01FF907F1B0
S31508059CF00802D7F8C8302E2101FB03F3134418468A
S31508059D00FFF7ADF87B68B3F8FA3018339AB27B6873
S31508059D10A3F8FA207B68F4331846FFF7A0F87B68A2
S31508059D20B3F8FA30183B9AB27B68A3F8FA20D7F845
S31508059D30C03000229A74D7F8C030DB7C002B68D077
S31508059D400323C7F8C8307B68B3F82611D7F8C83097
S31508059D502E2202FB03F3D0333B44C43B0A461A8042
S31508059D607B68B3F82831163399B2D7F8C8302E224E
S31508059D7002FB03F3D0333B44C23B0A461A8007F17C
S31508059D800802D7F8C8302E2101FB03F3083313441C
S31508059D90454918460FF0CAF807F10802D7F8C8303A
S31508059DA02E2101FB03F313441846FFF758F807F16C
S31508059DB00802D7F8C8302E2101FB03F308331344EC
S31508059DC03D4918460FF0B2F807F10802D7F8C8302A
S31508059DD02E2101FB03F313441846FFF740F87B6869
S31508059DE0B3F8283120339AB27B68A3F828217B6813
S31508059DF003F591731846FFF732F87B68B3F82831EF
S31508059E00203B9AB27B68A3F82821D7F8C0300022F0
S31508059E10DA74FB7803F04003002B15D0D7F8C43065
S31508059E205A6A7B68D3F880395B689A420CD07B6896
S31508059E3003F5B2731846FFF7DBF87B68D3F8803964
S31508059E405A68D7F8C4305A62FB7803F02003002B0A
S31508059E505CD0D7F8C43003F152027B6803F5CD739D
S31508059E6019461046E6F7DCF90346002B26D1D7F83E
S31508059E70C430B3F850207B68B3F8A8319A421DD18F
S31508059E80D7F8C430B3F84E207B68B3F8A6319A42A2
S31508059E9014D1D7F8C43093F84C207B6893F89431DD
S31508059EA09A4233D00AE000BFE0DB0608F0DB060875
S31508059EB0FCDB060808DC060814DC06087B6803F5DF
S31508059EC0C9731846FEF702FED7F8C43003F15202E5
S31508059ED07B6803F5CD731946104610F097F97B682C
S31508059EE0B3F8A821D7F8C430A3F850207B68B3F88F
S31508059EF0A621D7F8C430A3F84E207B6893F8942199
S31508059F00D7F8C43083F84C2000E000BFD037BD46EB
S31508059F1080BD00BF80B5D0B002AF07F59C73A3F529
S31508059F209A7318600A4607F59C73A3F235131A70D7
S31508059F3007F59C73A3F59A731B6803F5E073C7F8D1
S31508059F40283107F59C73A3F59A731B68D3F88039EE
S31508059F5003F21C43C7F82431D7F8283103F5E6730D
S31508059F60C7F8203107F59C73A3F59A731B68D3F8D0
S31508059F7080395B6AC7F81C31002387F82F3107F546
S31508059F809C73A3F59A731B6893F88439032B0BD135
S31508059F9007F59C73A3F59A731B68D3F880395B6A32
S31508059FA01B78012B41F04D80D7F81C3107F59C72BB
S31508059FB0A2F59A7212689A6507F59C73A3F59A73C2
S31508059FC01B6803F51E73D7F81C111846FFF7D2F957
S31508059FD0D7F8283103229A7007F59C73A3F59A7367
S31508059FE01B68D3F88039002B4CD007F59C73A3F56D
S31508059FF09A731B68D3F88039C7F8183107F59C7327
S3150805A000A3F59A731B68D3F8803907F10802114638
S3150805A010184608F0D9FD07F108031B78002B2BD045
S3150805A020D7F82831363307F1080211461846E6F7F8
S3150805A030F7F80346002B59D0D7F82831363307F1F8
S3150805A0400802CE4918460EF071FFD7F828310122C5
S3150805A05083F85620D7F82831032283F830200123C0
S3150805A06087F82F31D7F82401D7F8283136331A4619
S3150805A070C2490EF05BFF39E0D7F82831002283F88C
S3150805A080302033E007F59C73A3F59A731B68D3F85C
S3150805A090803901225A60D7F824315A6A07F59C7324
S3150805A0A0A3F59A731B68D3F880395B689A4200F062
S3150805A0B0CA8708200EF036F80346002B00F0C3873A
S3150805A0C00DF0C6FFAE49AF480DF08AFF07F59C733C
S3150805A0D0A3F59A731B6893F884391946AA480DF0AF
S3150805A0E07FFFAA480DF07CFF00F0ADBF07F59C730E
S3150805A0F0A3F59A731B68D3F8803907F1E40211466C
S3150805A1001846FFF777F8D7F8283103F1920097F83C
S3150805A110E430194697F8E53097F8E620019200935A
S3150805A1200B469B4A09210EF0CDFE07F59C73A3F550
S3150805A1309A731B68D3F880395B7A062B22D1D7F830
S3150805A140283103F5F4731B78002B40F08581D7F881
S3150805A15028314FF6FF72A3F80C22D7F828314FF4A9
S3150805A160FC62A3F80A22D7F82831032283F8E221EC
S3150805A170D7F8283103F5F473864A202118460EF0D8
S3150805A180A1FE69E107F59C73A3F59A731B68D3F8D5
S3150805A19080395B7A052B1AD1D7F828314FF6FF7225
S3150805A1A0A3F80C22D7F828314FF47842A3F80A22E7
S3150805A1B0D7F82831032283F8E221D7F8283103F5A1
S3150805A1C0F473754A202118460EF07CFE44E107F51E
S3150805A1D09C73A3F59A731B68D3F880395B6803F0FB
S3150805A1E00053002B1AD0D7F828314FF6FF72A3F87B
S3150805A1F00C22D7F828314FF4FC62A3F80A22D7F8BF
S3150805A2002831032283F8E221D7F8283103F5F473B8
S3150805A210624A202118460EF055FE1DE1002387F8EF
S3150805A2202E3107F59C73A3F59A731B68D3F8803905
S3150805A2305B6A07F128021146184609F09CF807F5E6
S3150805A2409C73A3F59A731B6893F88439012B07D178
S3150805A25007F59C73A3F588731B7887F82E3129E0D3
S3150805A26007F59C73A3F59A731B6893F88439022B33
S3150805A27007D107F59C73A3F588731B7887F82E31E4
S3150805A28018E007F59C73A3F588731B78002B06D190
S3150805A29007F59C73A3F588735B78002B01D001231A
S3150805A2A000E0002387F82E3197F82E3103F00103D5
S3150805A2B087F82E3197F82E3183F00103DBB2002B90
S3150805A2C00AD007F59C73A3F59A731B68D3F88039EA
S3150805A2D04FF480125A6011E007F59C73A3F59A733B
S3150805A2E01B68D3F880395A6807F59C73A3F59A73E2
S3150805A2F01B68D3F8803922F480125A6007F59C73D7
S3150805A300A3F59A731B68D3F880395B6803F4801341
S3150805A310002B15D0D7F828314FF6FF72A3F80C2273
S3150805A320D7F828314FF47842A3F80A22D7F8283106
S3150805A33003F5F4731A4A202118460EF0C3FD8BE07F
S3150805A3400023C7F8343113E007F59C73A3F59A7310
S3150805A3501B68D3F88029D7F83431134403F581638C
S3150805A3601B78202B1ED1D7F834310133C7F8343181
S3150805A370D7F83431132BE7DD15E000BF24DC0608D2
S3150805A3807CDA060884DA060828DC0608B0DA060840
S3150805A3904CDC06085CDC060868DC060874DC06087E
S3150805A3A084DC060800BFD7F83431132B23DCD7F82D
S3150805A3B028314FF6FF72A3F80C22D7F82831002268
S3150805A3C0A3F80A22D7F8283103F5F4731B78002B6E
S3150805A3D042D1D7F8283103F5F47007F59C73A3F530
S3150805A3E09A731B68D3F8803903F581631A462021C9
S3150805A3F00EF068FD30E00023C7F834310EE0D7F8D3
S3150805A4002821D7F83431134403F5F4731B78202B28
S3150805A41009D1D7F834310133C7F83431D7F834318F
S3150805A420132BECDD00E000BFD7F83431122B13DC13
S3150805A430D7F8283103F5F473AC491846E5F7F0FE65
S3150805A4400346002B08D1D7F8283103F5F4731422EF
S3150805A450202118460EF0F0FD07F59C73A3F59A73AF
S3150805A4601B68A34A93424BD107F59C73A3F59A73C8
S3150805A4701B68D3F880395B68002B41D007F59C73B8
S3150805A480A3F59A731B6893F885391946994A4FF4C3
S3150805A490EC7301FB03F313441B78012B30D107F545
S3150805A4A09C73A3F59A731B68D3F88039DB685A1C25
S3150805A4B0914B03F58053D3F82035DB6801331946EC
S3150805A4C01046E5F7ADFE0346002B19D1D7F8283116
S3150805A4D0B3F80C22884BA3F86C2FD7F82831B3F8B4
S3150805A4E00A22854BA3F86A2F834B032283F8422F4A
S3150805A4F0D7F8283103F5F473194680480EF016FD8A
S3150805A50007F59C73A3F59A731B68D3F880395B7AAC
S3150805A510062B63D801A252F823F000BFADA505089E
S3150805A520ADA5050839A50508C5A50508C5A50508E0
S3150805A5305FA50508ADA50508D7F82831F033704994
S3150805A54018460EF0F3FCD7F828314FF6E072A3F853
S3150805A550FC20D7F81C31002283F85D203FE0D7F8A8
S3150805A5602831032283F8E82007F59C73A3F59A7327
S3150805A5701B68D3F880395B6803F00053002B07D0B6
S3150805A580D7F82831F0335F4918460EF0CFFC06E0B8
S3150805A590D7F82831F0335C4918460EF0C7FCD7F8CA
S3150805A5A028314FF47842A3F8FC2018E0D7F828316B
S3150805A5B0032283F8E820D7F828314FF6FF72A3F867
S3150805A5C0FC200CE0D7F82831032283F8E820D7F8D1
S3150805A5D0283149F26A62A3F8FC2000E000BFD7F8E3
S3150805A5E0180107F02FFC0346002B16D0D7F828319B
S3150805A5F0032283F85E20D7F8283103F16400D7F8DB
S3150805A6001831DB691B785A1CD7F8183193F82030AE
S3150805A61001333E490EF08AFC04E0D7F828310022BA
S3150805A62083F85E2007F59C73A3F59A731B68D3F820
S3150805A6308039184607F027FC0346002B6ED0D7F855
S3150805A640283103F51173324918460EF06FFCD7F811
S3150805A650283103F216232F4918460EF067FCD7F85A
S3150805A660283103F272232C4918460EF05FFCD7F8F9
S3150805A670283193F86C32002B04D1D7F828310122FA
S3150805A68083F86C2207F59C73A3F59A731B68D3F8B0
S3150805A6907C39002B00F0C58007F59C73A3F59A73E2
S3150805A6A01B68D3F88039002B00F0BB8007F59C732F
S3150805A6B0A3F59A731B68D3F88039DB691A78D7F836
S3150805A6C0183193F820309A4240F0AB8007F59C7311
S3150805A6D0A3F59A731B6803F5E073C7F81031D7F825
S3150805A6E01031002283F86C229BE000BF84DC060843
S3150805A6F098010020242D00202C000020740F00202E
S3150805A7009CDC0608A4DC0608ACDC0608B4DC0608EE
S3150805A710C0DC0608C8DC0608D0DC060807F59C7305
S3150805A720A3F59A731B68D3F88039184607F08AFB90
S3150805A7300346002B58D0D7F8283103F511737C4901
S3150805A74018460EF0F3FBD7F8283103F21623794994
S3150805A75018460EF0EBFBD7F8283103F27223764933
S3150805A76018460EF0E3FBD7F8283193F81032212B5B
S3150805A7700AD0D7F8283193F86C32002B04D1D7F8CC
S3150805A7802831012283F86C2207F59C73A3F59A7381
S3150805A7901B68D3F87C39002B43D007F59C73A3F5C2
S3150805A7A09A731B68D3F88039002B3AD007F59C7342
S3150805A7B0A3F59A731B68D3F88039DB691A78D7F835
S3150805A7C0183193F820309A422BD107F59C73A3F5D7
S3150805A7D09A731B6803F5E073C7F81431D7F8143173
S3150805A7E0002283F86C221CE0D7F8283103F511738B
S3150805A7F0524918460EF09AFBD7F8283103F2162364
S3150805A8004F4918460EF092FBD7F82831002283F8EF
S3150805A8106C22D7F8283103F272234A4918460EF0F6
S3150805A82085FBD7F828314FF6FF72A3F82422D7F807
S3150805A83028314FF6FF72A3F85222D7F828314FF67A
S3150805A840FF72A3F8802207F59C73A3F235131B78CC
S3150805A85003F00103002B18D0D7F828311846FEF760
S3150805A860C1F8012387F82F31D7F81C31012283F85F
S3150805A8705C20D7F8203101221A74D7F82031012235
S3150805A8805A74D7F8203101229A7407F59C73A3F2F6
S3150805A89035131B7803F00203002B22D0D7F81C3199
S3150805A8A093F85C30002B03D1274B1B78002B0AD075
S3150805A8B0D7F82831B8331846FEF7D1FAD7F81C3138
S3150805A8C0002283F85C2097F82F31002B03D11E4B05
S3150805A8D01B78002B05D0D7F828312E331846FEF7F6
S3150805A8E087FB07F59C73A3F235131B7803F00C0356
S3150805A8F00C2B18D1D7F82831E6331846FEF73CFA5B
S3150805A900D7F8283193F85E30002B06D0D7F82831CA
S3150805A9105C331846FEF7A3FA05E0D7F828315C3309
S3150805A9201846FEF73CFB0023C7F8303154E000BF54
S3150805A9309CDC0608C8DC0608D0DC0608D8DC060850
S3150805A940E0DC0608E8DC0608305A002007F59C73A3
S3150805A950A3F58672D7F830312E2101FB03F313448C
S3150805A96003221A7007F59C73A3F58672D7F830315A
S3150805A9702E2101FB03F31344023303221A7007F54C
S3150805A9809C73A3F58672D7F830312E2101FB03F3A4
S3150805A9901344283301221A7007F59C73A3F58672AA
S3150805A9A0D7F830312E2101FB03F313442C334FF628
S3150805A9B0FF721A8007F59C73A3F58672D7F83031AE
S3150805A9C02E2101FB03F313442A331F221A80D7F8D5
S3150805A9D030310133C7F83031D7F83031032BB5DDBF
S3150805A9E007F59C73A3F235131B7803F01003002BA8
S3150805A9F000F0E081D7F828318A331846FEF7F8FAC9
S3150805AA00D7F820311B7C002B03D1DF4B1B78002B95
S3150805AA105DD00023C7F83031D7F82831B3F81801C7
S3150805AA2007F59C73A3F58672D7F830312E2101FBFD
S3150805AA3003F31344043302461A80D7F82831B3F8CA
S3150805AA401A31023B98B207F59C73A3F58672D7F8B7
S3150805AA5030312E2101FB03F31344063302461A80CF
S3150805AA6007F12C02D7F830312E2101FB03F3083301
S3150805AA701344C64918460EF059FA07F12C02D7F8B9
S3150805AA8030312E2101FB03F313441846FEF7E7F987
S3150805AA90D7F82831B3F81A3108339AB2D7F82831D6
S3150805AAA0A3F81A21D7F8283103F58A731846FEF74D
S3150805AAB0D6F9D7F82831B3F81A31083B9AB2D7F838
S3150805AAC02831A3F81A21D7F8203100221A74D7F8A5
S3150805AAD020315B7C002B03D1AB4B1B78002B76D042
S3150805AAE00123C7F83031D7F82831B3F8460107F5F9
S3150805AAF09C73A3F58672D7F830312E2101FB03F333
S3150805AB001344043302461A80D7F82831B3F8483176
S3150805AB10063398B207F59C73A3F58672D7F83031D4
S3150805AB202E2101FB03F31344063302461A8007F167
S3150805AB302C02D7F830312E2101FB03F308331344D1
S3150805AB40934918460EF0F2F907F12C02D7F8303179
S3150805AB502E2101FB03F313441846FEF780F9D7F8AF
S3150805AB602831B3F8483110339AB2D7F82831A3F803
S3150805AB70482107F59C73A3F59A731B6893F82A2A47
S3150805AB8007F59C73A3F59A731B6893F884399A425B
S3150805AB9008D007F59C73A3F59A731B6893F884394F
S3150805ABA0032B06D1D7F8283103F5A1731846FEF706
S3150805ABB056F9D7F82831B3F84831103B9AB2D7F881
S3150805ABC02831A3F84821D7F8203100225A74D7F836
S3150805ABD020319B7C002B03D16B4B1B78002B76D041
S3150805ABE00223C7F83031D7F82831B3F8740107F5C9
S3150805ABF09C73A3F58672D7F830312E2101FB03F332
S3150805AC001344043302461A80D7F82831B3F8763147
S3150805AC100E3398B207F59C73A3F58672D7F83031CB
S3150805AC202E2101FB03F31344063302461A8007F166
S3150805AC302C02D7F830312E2101FB03F308331344D0
S3150805AC40544918460EF072F907F12C02D7F8303137
S3150805AC502E2101FB03F313441846FEF700F9D7F82E
S3150805AC602831B3F8763118339AB2D7F82831A3F8CC
S3150805AC70762107F59C73A3F59A731B6893F82A2A18
S3150805AC8007F59C73A3F59A731B6893F884399A425A
S3150805AC9008D007F59C73A3F59A731B6893F884394E
S3150805ACA0032B06D1D7F8283103F5B8731846FEF7EE
S3150805ACB0D6F8D7F82831B3F87631183B9AB2D7F8CB
S3150805ACC02831A3F87621D7F8203100229A74D7F8C7
S3150805ACD02031DB7C002B03D12B4B1B78002B69D04D
S3150805ACE00323C7F83031D7F82831B3F8A20107F599
S3150805ACF09C73A3F58672D7F830312E2101FB03F331
S3150805AD001344043302461A80D7F82831B3F8A43118
S3150805AD10163398B207F59C73A3F58672D7F83031C2
S3150805AD202E2101FB03F31344063302461A8007F165
S3150805AD302C02D7F830312E2101FB03F308331344CF
S3150805AD40154918460EF0F2F807F12C02D7F83031F6
S3150805AD502E2101FB03F313441846FEF780F8D7F8AE
S3150805AD602831B3F8A43120339AB2D7F82831A3F895
S3150805AD70A421D7F8283103F5CF731846FEF76FF8DF
S3150805AD80D7F828310AE000BF305A0020F0DB06085C
S3150805AD90FCDB060808DC060814DC0608B3F8A4314B
S3150805ADA0203B9AB2D7F82831A3F8A421D7F8203141
S3150805ADB00022DA7407F59C73A3F235131B7803F0A2
S3150805ADC04003002B0DD0D7F8283103F5F4731B780B
S3150805ADD0002B06D0D7F8283103F5F0731846FEF789
S3150805ADE03EF807F59C73A3F235131B7803F0200389
S3150805ADF0002B00F01A81D7F8243103F12E02D7F873
S3150805AE00283103F2162319461046E5F709FA0346CB
S3150805AE10002B1FD1D7F824319A8DD7F82831B3F8E6
S3150805AE2024329A4216D1D7F824315A8DD7F82831C3
S3150805AE30B3F822329A420DD1D7F8243193F828204F
S3150805AE40D7F8283193F810329A4203D1804B1B78EC
S3150805AE50002B28D0D7F8283103F20E231846FDF71C
S3150805AE6035FED7F8243103F12E02D7F8283103F237
S3150805AE701623194610460FF0C9F9D7F82831B3F83D
S3150805AE802422D7F824319A85D7F82831B3F822220F
S3150805AE90D7F824315A85D7F8283193F81022D7F8E8
S3150805AEA0243183F82820D7F8243103F14002D7F84E
S3150805AEB0283103F5117319461046E5F7B1F9034626
S3150805AEC0002B1FD1D7F82431DA8FD7F82831B3F8F4
S3150805AED052329A4216D1D7F824319A8FD7F82831A3
S3150805AEE0B3F850329A420DD1D7F8243193F83A205F
S3150805AEF0D7F8283193F83E329A4203D1544B1B783A
S3150805AF00002B28D0D7F8283103F50F731846FDF717
S3150805AF10DDFDD7F8243103F14002D7F8283103F5CA
S3150805AF201173194610460FF071F9D7F82831B3F899
S3150805AF305222D7F82431DA87D7F82831B3F85022C0
S3150805AF40D7F824319A87D7F8283193F83E22D7F8C7
S3150805AF50243183F83A20D7F8243103F16402D7F867
S3150805AF60283103F2722319461046E5F759F90346BF
S3150805AF70002B21D1D7F82431B3F86220D7F8283128
S3150805AF80B3F880329A4217D1D7F82431B3F860203E
S3150805AF90D7F82831B3F87E329A420DD1D7F824313D
S3150805AFA093F85E20D7F8283193F86C329A4203D184
S3150805AFB0274B1B78002B38D0D7F8283193F86C32F5
S3150805AFC0002B07D0D7F8283103F26A231846FDF770
S3150805AFD07DFD06E0D7F8283103F26A231846FDF702
S3150805AFE060FED7F8243103F16402D7F8283103F255
S3150805AFF07223194610460FF009F9D7F82831B3F820
S3150805B0008022D7F82431A3F86220D7F82831B3F877
S3150805B0107E22D7F82431A3F86020D7F8283193F88B
S3150805B0206C22D7F8243183F85E2007F59C73A3F5BF
S3150805B0309A731B68D3F880395A68D7F824315A6247
S3150805B04002E000BF00E000BF07F59C77BD4680BD5E
S3150805B050305A002080B582B000AF78607B6893F8D7
S3150805B0608439012B04D1FF210F48FEF753FF16E05B
S3150805B0707B6893F88439022B04D1FF210B48FEF728
S3150805B08049FF0CE07B6893F88439032B07D1FF2128
S3150805B0900548FEF73FFFFF210448FEF73BFF00BFC3
S3150805B0A00837BD4680BD00BF98010020CC0B00209F
S3150805B0B080B485B000AF78607B68D3F88039FB60CB
S3150805B0C07B68D3F87C39002B24D07B68D3F8803984
S3150805B0D0002B1FD07B68D3F88039DB691B780133D1
S3150805B0E0FA6892F82020934214D17B6803F5E07339
S3150805B0F0BB60BB6893F86C32212B0BD1BB68212248
S3150805B10083F83E22BB68012283F81022BB68002219
S3150805B11083F86C22012318461437BD465DF8047B6F
S3150805B1207047000080B584B000AF78607B6893F8F7
S3150805B130853919469F4A4FF4EC7301FB03F313440B
S3150805B1401B78012B0CBF01230023FB737B6893F83F
S3150805B150FD33042B40F098807B68D3F88039184670
S3150805B16006F091FE0346002B10D0FB7B002B06D07C
S3150805B170914BD3F8EC3A184607F05AF879E07B680C
S3150805B180D3F88039184607F053F872E07B68D3F888
S3150805B1908039184606F056FE0346002B06D07B680E
S3150805B1A0D3F88039184607F003F962E0FB7B002BD4
S3150805B1B03CD0814BD3F8E83A7F4AC2F8983B7E4B98
S3150805B1C093F8F12A7C4B83F89C2B7B4BD3F8EC3A06
S3150805B1D000229A657B68D3F87C39774AC2F8E83A3B
S3150805B1E07B6893F88529744B83F8F12A724B93F893
S3150805B1F0F13A1A464FF4EC7302FB03F36D4A13440E
S3150805B2006D4AD2F8EC2A114618460CF0AFF86A4B87
S3150805B210D3F8EC3A684A92F8F12A83F8B420664BD3
S3150805B220D3F8EC3A184607F003F80AE07B68D3F832
S3150805B230803900229A657B68D3F88039184606F066
S3150805B240F7FF7B68D3F880392833002219465B480F
S3150805B250ECF781FF7B68D3F880392C330022194631
S3150805B2605648ECF795FE7B68D3F88039012283F8B2
S3150805B2700222FB7B002B03D05148FFF719FF90E00C
S3150805B2807868FFF715FF8CE07B6893F8CF33042BB6
S3150805B2904CD17B68D3F88039184606F0D3FD0346AA
S3150805B2A0002B41D0FB7B002B2ED0434BD3F8983B84
S3150805B2B0414AC2F8E83A404B93F89C2B3E4B83F833
S3150805B2C0F12A3D4B93F8F13A1A464FF4EC7302FB13
S3150805B2D003F3384A1344384AD2F8EC2A1146184675
S3150805B2E00CF044F8344BD3F8EC3A334A92F8F12A81
S3150805B2F083F8B420304BD3F8EC3A184606F0DAFD55
S3150805B3002F48FFF7D5FE08E07B68D3F8803918463D
S3150805B31006F0D0FD7868FFF7CBFE7B68D3F8803951
S3150805B3205B6A01225A753CE001233FE07B6893F886
S3150805B3302B34042B35D17B68D3F88039184606F0AB
S3150805B34081FD0346002B16D0FB7B002B09D01A4B33
S3150805B350D3F8EC3A184606F053FF1948FFF7A8FE46
S3150805B3601FE07B68D3F88039184606F049FF7868E8
S3150805B370FFF79EFE15E07B68D3F88039184606F078
S3150805B38082FD0346002B0AD0FB7B002B03D00C4815
S3150805B390FFF78EFE05E07868FFF78AFE01E00123D0
S3150805B3A004E02C217868FEF7B5FD0023184610370A
S3150805B3B0BD4680BD242D00202C00002030440020E9
S3150805B3C09801002080B590B000AF78600B46FB70F9
S3150805B3D00023FB637B6803229A70FB7803F001035D
S3150805B3E0002B03D07B681846FDF7FCFAFB7803F0BB
S3150805B3F00203002B04D07B682E331846FDF7F8FDAB
S3150805B40003233B730323BB73012387F834304FF6B5
S3150805B410FF733B870023FB86FB7803F02003002B8D
S3150805B4207BD000237B870023FB636DE07A68FB6B83
S3150805B4302E2101FB03F3134460331B883B827A688C
S3150805B440FB6B2E2101FB03F3134462331B8811336F
S3150805B4509BB27B8207F10C030833324918460DF077
S3150805B46065FD07F10C031846FDF7F9FC7A68FB6BD1
S3150805B4702E2101FB03F3134462331A887B8F134489
S3150805B48098B27A68FB6B2E2101FB03F313446233EA
S3150805B49002461A80FB6B2E2202FB03F358337A68A1
S3150805B4A0134404331846FDF7DAFC7A68FB6B2E213C
S3150805B4B001FB03F3134462331A887B8FD31A98B2B8
S3150805B4C07A68FB6B2E2101FB03F3134462330246AC
S3150805B4D01A80FB6B052B14DC7B6893F9CE311A466B
S3150805B4E0FB6B93420DD107F10C0308330E49184639
S3150805B4F00DF01CFD07F10C031846FDF7B0FC0C23EF
S3150805B5007B87FB6B0133FB63FB6B062B8EDD7B6849
S3150805B51003F5CF731846FDF7D9FA00BF4037BD4680
S3150805B52080BD00BFE0DB06081CDD060880B582B0D5
S3150805B53000AF78607868FDF78BFD7B6893F88439EA
S3150805B540032B20D0032B37DC012B02D0022B0DD081
S3150805B55032E07B68394AC3F864297B68384AC3F8F8
S3150805B56068297B68374AC3F86C293BE07B68364A05
S3150805B570C3F864297B68354AC3F868297B68344A61
S3150805B580C3F86C292EE07B682C4AC3F864297B68C6
S3150805B5902B4AC3F868297B682A4AC3F86C297B684D
S3150805B5A0294AC3F870297B68284AC3F874297B6831
S3150805B5B0274AC3F8782915E008200CF0B3FD034699
S3150805B5C0002B0FD00CF044FD224923480CF008FD4A
S3150805B5D07B6893F88439194620480CF001FD204804
S3150805B5E00CF0FEFC7B68002283F824267B68002283
S3150805B5F083F825267B680A2283F826267B68032294
S3150805B60083F8F8257B68002283F885297B6893F8F3
S3150805B61085391A464FF4EC7302FB03F3114A1A44AB
S3150805B6207B68C3F87C297B6893F884297B6883F84B
S3150805B6302A2A00BF0837BD4680BD00BF54AB002087
S3150805B64064AB002074AB00205CAB00206CAB00201B
S3150805B6507CAB00207CDA060884DA060828DC0608AE
S3150805B660B0DA0608242D002080B582B000AF7860D0
S3150805B6707B68D3F88039184606F0C4FE0346002BC6
S3150805B68003D07B6802229A7102E07B6801229A71CF
S3150805B6907B68012283F8872900BF0837BD4680BD28
S3150805B6A080B483B000AF786000BF0C37BD465DF83F
S3150805B6B0047B704780B582B000AF78607B6803224B
S3150805B6C01A707B684FF6FF725A807B6803221A71D7
S3150805B6D07B6803225A717B684FF6FF72DA807B68AE
S3150805B6E000221A817B6815229A727B6803221A73CF
S3150805B6F07B6803225A737B6800221A827B684FF699
S3150805B700FF72DA817B6803229A747B680222DA74EF
S3150805B7107B680022DA827B684FF6FF729A827B681D
S3150805B72003221A767B6802225A767B6800229A8358
S3150805B7307B684FF6FF725A837B6803229A777B6884
S3150805B7400222DA777B6800225A847B684FF6FF72F5
S3150805B7501A847B68212283F824207B68022283F8D1
S3150805B76025207B684FF6FF72DA847B6800221A85E6
S3150805B7707B682A33084A094918460DF0D7FB7B68C2
S3150805B780032283F834207B68012283F8352000BF1D
S3150805B7900837BD4680BD00BF38DD060824DC060827
S3150805B7A080B588B000AF78607B681B68FB61FB696C
S3150805B7B09033BB617B6893F88439FB75FB7D013B48
S3150805B7C00F33DB00FA6913443B610723FB6078688E
S3150805B7D0FDF73EFC7B6805221A733B691A887B6868
S3150805B7E01A823B695A887B685A827B6803229A7350
S3150805B7F03B699A887B68DA823B69DA887B689A822C
S3150805B8007B684FF6FF721A837B6800225A837B682A
S3150805B810032283F83C203B691B8805339AB27B686B
S3150805B820A3F840207B680522A3F842207B680322FB
S3150805B83083F83E207B68032283F864207B684FF6ED
S3150805B840FF72A3F868207B680022A3F866207B6848
S3150805B850042283F86A203B6919883B699B88A3F10A
S3150805B8600A0213465B0013449B001344002B00DAB7
S3150805B8700F331B119BB20B449AB27B68A3F86E2053
S3150805B8807B680F22A3F870207B68152283F86C2045
S3150805B8907B684FF6FF72A3F886207B68032283F838
S3150805B8A098203B691B8805339AB27B68A3F89C20C8
S3150805B8B0FB689BB2C3F155039AB27B68A3F89E2031
S3150805B8C07B68032283F89A207B68022283F8C020C6
S3150805B8D07B680022A3F8C2207B684FF6FF72A3F89F
S3150805B8E0C4207B68032283F8C6203B691B88053379
S3150805B8F09AB27B68A3F8CA20FB689BB2C3F16903B1
S3150805B9009AB27B68A3F8CC207B68032283F8C82003
S3150805B9107B68022283F8EE207B68022283F8EE20F4
S3150805B9207B680022A3F8F0207B684FF6FF72A3F820
S3150805B930F2207B68032283F8F4203B691B880533CC
S3150805B9409AB27B68A3F8F820FB689BB2C3F17D031E
S3150805B9509AB27B68A3F8FA207B68032283F8F62057
S3150805B9607B68022283F81C217B680022A3F81E2126
S3150805B9707B684FF6FF72A3F820217B68032283F8BC
S3150805B98022213B691B8805339AB27B68A3F82621D1
S3150805B990FB689BB2C3F191039AB27B68A3F8282189
S3150805B9A07B68032283F824217B68022283F84A21CF
S3150805B9B07B680022A3F84C217B684FF6FF72A3F833
S3150805B9C04E217B68002283F892213B691A883B69D8
S3150805B9D09B8813449BB2283B9AB27B68A3F89621A9
S3150805B9E07B68E922A3F89821BB6993F824207B682C
S3150805B9F083F89421BB6993F825207B6883F8A421ED
S3150805BA00BB69DA8C7B68A3F8A821BB691A8D7B68A4
S3150805BA10A3F8A6217B6803F5CD72BB692A331946B7
S3150805BA2010460DF083FA7B68032283F864213B6987
S3150805BA301B880D339AB27B68A3F868217B68BB22FD
S3150805BA40A3F86A217B68032283F866217B680122AD
S3150805BA5083F88C217B68314AC3F850217B682F4AC5
S3150805BA60C3F854217B682D4AC3F858217B682B4AAD
S3150805BA70C3F85C217B68D3F88039002283F81C2437
S3150805BA807B68D3F88039082283F83C247B68D3F889
S3150805BA9080390122C3F840247B68D3F8803900220F
S3150805BAA083F86E247B68D3F8803945F25842A3F8A3
S3150805BAB06A247B68D3F8803945F25842A3F86C2482
S3150805BAC07B68D3F88039222283F868247B68D3F803
S3150805BAD08039002283F85C247B68D3F8803945F2DF
S3150805BAE05842A3F858247B68D3F8803945F258425A
S3150805BAF0A3F85A247B68D3F88039222283F856247A
S3150805BB00FF217868FDF7FAFEE7F7D2FC02467B685F
S3150805BB109A6000BF2037BD4680BD00BF000080BFC4
S3150805BB2080B584B000AF78607B6893F86C30152BC8
S3150805BB3002D14FF4967301E04FF47A73FB607B6884
S3150805BB40D3F86C39184607F0E4F80346002B08D1F4
S3150805BB507B68D3F87839184607F0DBF80346002BD7
S3150805BB6006D07B6803229A717B68002283F82C2409
S3150805BB70E7F79EFC02467B689B68D31AFA689A42E1
S3150805BB8008D8E7F795FC02467B689A607C217868B1
S3150805BB90FDF7B4FE00BF1037BD4680BD80B582B03F
S3150805BBA000AF78607B68D3F86439184607F0A0F8C3
S3150805BBB07B68D3F86839184607F09AF87B68D3F88E
S3150805BBC06C39184607F094F87B68D3F87039184627
S3150805BBD007F08EF87B68D3F87439184607F088F8A5
S3150805BBE07B68D3F87839184607F082F8064B0122A0
S3150805BBF01A707868FFF72EFA034B00221A7000BFF1
S3150805BC000837BD4680BD00BF305A002080B489B0CC
S3150805BC1000AF78607B681B68FB617B6893F884399D
S3150805BC20FB76FB7E013B0F33DB00FA6913447B6128
S3150805BC3007233B610023FB737B68B3F8C4217B6943
S3150805BC401B889A4206D07B691A887B68A3F8C421A3
S3150805BC500123FB737B68B3F8C6217B695B889A4227
S3150805BC6006D07B695A887B68A3F8C6210123FB732E
S3150805BC707B68B3F8CA217B699B889A4206D07B699B
S3150805BC809A887B68A3F8CA210123FB737B68B3F8F6
S3150805BC90C8217B69DB889A4206D07B69DA887B6886
S3150805BCA0A3F8C8210123FB730123FB737B691A8853
S3150805BCB07B699B880A3BD90F0B445B109BB21344DF
S3150805BCC09BB204339AB27B68A3F8F2217B691A887A
S3150805BCD07B699B880A3BD90F0B445B109BB21344BF
S3150805BCE09AB27B68A3F84E227B691B8805339AB2FC
S3150805BCF07B68A3F820227B691B8805339AB27B6883
S3150805BD00A3F87C227B6919887B699B88A3F10A02BB
S3150805BD1013465B0013449B001344002B00DA0F33CC
S3150805BD201B119BB20B449AB27B68A3F8AA227B69BE
S3150805BD301B8805339AB27B68A3F8D8227B691B88CA
S3150805BD4005339AB27B68A3F806237B691B880533F6
S3150805BD509AB27B68A3F834237B691B8805339AB2A4
S3150805BD607B68A3F862237B691B8823339AB27B68B1
S3150805BD70A3F8D2237B691A887B699B8813449BB2EF
S3150805BD80283B9AB27B68A3F800247B691A887B69E5
S3150805BD909B8813449BB2283B9AB27B68A3F82E244A
S3150805BDA07B691B880D339AB27B68A3F8A423FB7BB2
S3150805BDB018462437BD465DF8047B704780B586B0BE
S3150805BDC000AF78607B681B687B617B6893F884396C
S3150805BDD0FB74FB7C013B0F33DB007A691344FB607C
S3150805BDE00723BB607868FDF733F97B68052283F876
S3150805BDF0C021FB681A887B68A3F8C421FB685A88A2
S3150805BE007B68A3F8C6217B68032283F8C221FB68F1
S3150805BE109A887B68A3F8CA21FB68DA887B68A3F841
S3150805BE20C8217B684FF6FF72A3F8CC217B680022F0
S3150805BE30A3F8CE217B68032283F8EE21FB681A88CE
S3150805BE40FB689B880A3BD90F0B445B109BB21344CE
S3150805BE509BB204339AB27B68A3F8F2217B68272242
S3150805BE60A3F8F4217B68032283F8F0217B68002276
S3150805BE7083F8F6217B68022283F816227B684FF63B
S3150805BE80FF72A3F81A227B680022A3F818227B689A
S3150805BE90032283F84A22FB681A88FB689B880A3BB3
S3150805BEA0D90F0B445B109BB213449AB27B68A3F86F
S3150805BEB04E22BB689BB2C3F141039AB27B68A3F8CD
S3150805BEC050227B68032283F84C227B68022283F87A
S3150805BED072227B684FF6FF72A3F876227B680022EA
S3150805BEE0A3F874227B68032283F81C22FB681B8847
S3150805BEF005339AB27B68A3F820227B68C722A3F884
S3150805BF0022227B68032283F81E227B68012283F896
S3150805BF1044227B684FF6FF72A3F848227B68002205
S3150805BF20A3F846227B68032283F87822FB681B88D8
S3150805BF3005339AB27B68A3F87C227B680522A3F8A9
S3150805BF407E227B68032283F87A227B68032283F89C
S3150805BF50A0227B684FF6FF72A3F8A4227B6800220D
S3150805BF60A3F8A2227B68042283F8A622FB6819880F
S3150805BF70FB689B88A3F10A0213465B0013449B00E2
S3150805BF801344002B00DA0F331B119BB20B449AB2EC
S3150805BF907B68A3F8AA227B680F22A3F8AC227B68E4
S3150805BFA0152283F8A8227B684FF6FF72A3F8C222EA
S3150805BFB07B68032283F8D422FB681B8805339AB26B
S3150805BFC07B68A3F8D822BB689BB2C3F155039AB21E
S3150805BFD07B68A3F8DA227B68032283F8D6227B6876
S3150805BFE0022283F8FC227B680022A3F8FE227B68DE
S3150805BFF04FF6FF72A3F800237B68032283F8022312
S3150805C000FB681B8805339AB27B68A3F80623BB68C9
S3150805C0109BB2C3F169039AB27B68A3F808237B68C8
S3150805C020032283F804237B68022283F82A237B6884
S3150805C030022283F82A237B680022A3F82C237B682F
S3150805C0404FF6FF72A3F82E237B68032283F8302365
S3150805C050FB681B8805339AB27B68A3F83423BB684B
S3150805C0609BB2C3F17D039AB27B68A3F836237B6836
S3150805C070032283F832237B68022283F858237B68D8
S3150805C0800022A3F85A237B684FF6FF72A3F85C23B0
S3150805C0907B68032283F85E23FB681B8805339AB2FF
S3150805C0A07B68A3F86223BB689BB2C3F191039AB276
S3150805C0B07B68A3F864237B68032283F860237B687F
S3150805C0C0022283F886237B680022A3F888237B68E7
S3150805C0D04FF6FF72A3F88A237B68002283F8CE23DE
S3150805C0E0FB681B8823339AB27B68A3F8D2237B683F
S3150805C0F0E922A3F8D4237B68032283F8D0237B6837
S3150805C100022283F8E0237B68002283F8FC23FB6878
S3150805C1101A88FB689B8813449BB2283B9AB27B68AE
S3150805C120A3F800247B68E922A3F802247B68212268
S3150805C13083F8FE237B68022283F80E247B68002297
S3150805C14083F82A24FB681A88FB689B8813449BB2E4
S3150805C150283B9AB27B68A3F82E247B68D322A3F8DA
S3150805C16030247B68012283F82C247B68022283F815
S3150805C1703C247B68032283F8A023FB681B880D33C0
S3150805C1809AB27B68A3F8A4237B68BB22A3F8A623E7
S3150805C1907B68032283F8A2237B68012283F8C823D8
S3150805C1A0FF217868FDF7B6FE7B68D3F8643918462B
S3150805C1B006F09EFD7B68D3F86839184606F098FDA3
S3150805C1C07B68D3F86C39184606F092FD7B68D3F878
S3150805C1D07039184606F08CFD7B68D3F8743918460D
S3150805C1E006F086FD7B68D3F87839184606F080FD93
S3150805C1F07B68394AC3F88C237B68374AC3F890238A
S3150805C2007B68354AC3F894237B68334AC3F8982371
S3150805C2107B68D3F88039002283F81C247B68D3F819
S3150805C2208039082283F83C247B68D3F880390122B3
S3150805C230C3F840247B68D3F88039002283F84A245A
S3150805C2407B68D3F8803945F25842A3F846247B68BB
S3150805C250D3F8803945F25842A3F848247B68D3F8C1
S3150805C2608039222283F844247B68D3F88039002252
S3150805C27083F85C247B68D3F8803945F25842A3F8DD
S3150805C28058247B68D3F8803945F25842A3F85A24CE
S3150805C2907B68D3F88039222283F856247B68D3F83D
S3150805C2A08039002283F880247B68D3F8803945F2E3
S3150805C2B05842A3F87C247B68D3F8803945F258425E
S3150805C2C0A3F87E247B68D3F88039222283F87A245A
S3150805C2D000BF1837BD4680BD000080BF80B584B055
S3150805C2E000AF78600023FB607B6893F88439032BDD
S3150805C2F040F0A4807B68D3F880395B6A1B78022BEB
S3150805C30040F09C80A64BFB607B68D3F864391846D9
S3150805C31006F0FFFC0346002B1AD17B68D3F868396B
S3150805C320184606F0F6FC0346002B11D17B68D3F8B0
S3150805C3307039184606F0EDFC0346002B08D17B68D4
S3150805C340D3F87439184606F0E4FC0346002B3FD0AB
S3150805C350FB68D3F864097B68D3F86439082219465B
S3150805C3600DF05CFFFB68D3F870097B68D3F8703964
S3150805C370082219460DF052FFFB68D3F868097B6851
S3150805C380D3F86839082219460DF048FFFB68D3F833
S3150805C39074097B68D3F87439082219460DF03EFFEF
S3150805C3A07B68D3F86439184606F0A2FC7B68D3F88F
S3150805C3B07039184606F09CFC7B68D3F86839184628
S3150805C3C006F096FC7B68D3F87439184606F090FC97
S3150805C3D07B68D3F86C39184606F09BFC0346002B98
S3150805C3E008D17B68D3F87839184606F092FC0346D7
S3150805C3F0002B1FD0FB68D3F86C097B68D3F86C391A
S3150805C400082219460DF00AFFFB68D3F878097B68F8
S3150805C410D3F87839082219460DF000FF7B68D3F85A
S3150805C4206C39184606F064FC7B68D3F878391846E3
S3150805C43006F05EFCF868FFF751FFAEE07B6893F8F7
S3150805C440A832152B02D14FF4967301E04FF47A738F
S3150805C450BB607B68D3F86439184606F05AFC034670
S3150805C460002B1AD17B68D3F86839184606F051FCB3
S3150805C4700346002B11D17B68D3F87039184606F0A8
S3150805C48048FC0346002B08D17B68D3F8743918464F
S3150805C49006F03FFC0346002B1ED07B6803F5E073C8
S3150805C4A019467868FCF73EFE7B68D3F86439184662
S3150805C4B006F01EFC7B68D3F86839184606F018FCA2
S3150805C4C07B68D3F87039184606F012FC7B68D3F8F2
S3150805C4D07439184606F00CFC7B68D3F86C3918468F
S3150805C4E006F017FC0346002B08D17B68D3F8783984
S3150805C4F0184606F00EFC0346002B1DD07868FEF795
S3150805C50011FE0346002B07D07B6803229A717B68C8
S3150805C510002283F82C240FE07B68D3F86C3918467B
S3150805C52006F0E6FB7B68D3F87839184606F0E0FB93
S3150805C53020217868FDF7EEFC7B6893F82A2A7B6844
S3150805C54093F884399A4216D07868FFF75FFB034655
S3150805C550002B09D0134B01221A70FF217868FDF7C5
S3150805C560D9FC104B00221A707B6893F884297B68DE
S3150805C57083F82A2A11E0E6F79BFF02467B689B6843
S3150805C580D31ABA689A4208D8E6F792FF02467B6834
S3150805C5909A607C217868FDF7BDFC1037BD4680BDDD
S3150805C5A098010020305A002080B582B000AF786027
S3150805C5B07B68D3F86439184606F09AFB7B68D3F886
S3150805C5C06839184606F094FB7B68D3F86C39184623
S3150805C5D006F08EFB7B68D3F87039184606F088FB9B
S3150805C5E07B68D3F87439184606F082FB7B68D3F85E
S3150805C5F07839184606F07CFB7B68002283F82C24DC
S3150805C600064B01221A707868FEF724FD034B0022B3
S3150805C6101A7000BF0837BD4680BD00BF305A0020D6
S3150805C62080B588B000AF78607B681B68BB617B689E
S3150805C63093F88439FB75FB7D013B0F33DB00BA693B
S3150805C64013443B617868FCF703FD7B68052283F88C
S3150805C65058243B691A887B68A3F85C243B695A8881
S3150805C6607B68A3F85E247B68032283F85A243B6912
S3150805C6709A887B68A3F862243B69DA887B68A3F8FD
S3150805C68060247B684FF6FF72A3F864247B68002252
S3150805C690A3F866247B68032283F886243B699B886E
S3150805C6A05B089AB23B691B8813449AB27B68A3F860
S3150805C6B08A247B680F22A3F88C247B68032283F8D7
S3150805C6C088247B68022283F8AE247B684FF6FF72BE
S3150805C6D0A3F8B2247B680022A3F8B0247B6803F28A
S3150805C6E08E43694918460CF021FC7B68002283F8BD
S3150805C6F0F6253B691B8823339AB27B68A3F8FA2586
S3150805C7007B68E922A3F8FC257B68022283F80826BC
S3150805C7107B684FF6FF72A3F80C267B680022A3F800
S3150805C7200A267B6803F2FE53584918460CF0FEFBA9
S3150805C7300023FB6199E07A68FB692E2101FB03F367
S3150805C740134403F2B44303221A703B691B88053365
S3150805C75098B27A68FB692E2101FB03F3134403F5A6
S3150805C760976302461A80FB6902339BB21A46920002
S3150805C77013449B009BB2053398B27A68FB692E2150
S3150805C78001FB03F3134403F2BA4302461A807B6896
S3150805C79093F924361A46FB691A443D4B83FB021363
S3150805C7A09910D317C91A0B469B000B445B00D31A7D
S3150805C7B0FB60FB692E2202FB03F303F596637A6891
S3150805C7C0134403F10C00FB684FF4EC7202FB03F308
S3150805C7D0304A13440133FA682F490CF0A7FB7A68E7
S3150805C7E0FB692E2101FB03F3134403F59963002224
S3150805C7F01A707B6893F8F835212B0AD07B6893F96C
S3150805C80025361A46FB68934201D1212302E0032304
S3150805C81000E003237968FA692E2000FB02F20A4430
S3150805C82002F2B64213707A68FB692E2101FB03F3FF
S3150805C830134403F2DC4302221A707A68FB692E2137
S3150805C84001FB03F3134403F59C634FF6FF721A8045
S3150805C8507A68FB692E2101FB03F3134403F2DE43D1
S3150805C86000221A80FB690133FB61FB69062B7FF7FA
S3150805C87062AF7B6803F58B63FF211846FEF7A2FDB9
S3150805C88000BF2037BD4680BD40DD0608E0DC06084A
S3150805C89067666666242D00204CDD060880B586B0D9
S3150805C8A000AF78600023FB740023FB607B6893F870
S3150805C8B02536BB747B6893F824367B747B68D3F876
S3150805C8C06439184606F025FA0346002B08D17B6815
S3150805C8D0D3F87039184606F01CFA0346002B71D0B2
S3150805C8E07B68D3F86439184606F002FA7B68D3F8EC
S3150805C8F07039184606F0FCF997F91230002B09DC51
S3150805C9007B6893F8F835212B04D07B68212283F8B8
S3150805C910F82554E097F91230DBB2013BDBB2BB745C
S3150805C92097F9122097F911309A420DDD97F91220D9
S3150805C93097F91130D31A062B1BDD97F91130DBB29F
S3150805C940013BDBB27B7414E097F9112097F9123095
S3150805C9509A420EDD97F9112097F91230D31AC3F1C9
S3150805C9600A03062B05DD97F91130DBB2013BDBB26D
S3150805C9707B7497F9123003F10A02BE4B83FB021347
S3150805C9809910D317C91A0B469B000B445B00D11A9D
S3150805C9900B46BB7497F9113003F10A02B54B83FBB5
S3150805C9A002139910D317C91A0B469B000B445B0053
S3150805C9B0D11A0B467B747B68012283F8F825012377
S3150805C9C0FB74E0E07B68D3F86839184606F0A1F9E8
S3150805C9D00346002B08D17B68D3F87439184606F048
S3150805C9E098F90346002B71D07B68D3F86839184641
S3150805C9F006F07EF97B68D3F87439184606F078F997
S3150805CA0097F91230092B09D17B6893F8F835212B4C
S3150805CA1004D07B68212283F8F82554E097F912306B
S3150805CA20DBB20133DBB2BB7497F9122097F91130E3
S3150805CA309A420DDD97F9122097F91130D31A062B6C
S3150805CA401BDD97F91130DBB20133DBB27B7414E0D9
S3150805CA5097F9112097F912309A420EDD97F91120A8
S3150805CA6097F91230D31AC3F10A03062B05DD97F990
S3150805CA701130DBB20133DBB27B7497F9123003F15F
S3150805CA800A027C4B83FB02139910D317C91A0B4666
S3150805CA909B000B445B00D11A0B46BB7497F9113002
S3150805CAA003F10A02734B83FB02139910D317C91AAC
S3150805CAB00B469B000B445B00D11A0B467B747B68BF
S3150805CAC0012283F8F8250123FB745CE07B68D3F81B
S3150805CAD06C39184606F01DF90346002B08D17B6804
S3150805CAE0D3F87839184606F014F90346002B4AD0C8
S3150805CAF07B68D3F86C39184606F0FAF87B68D3F8DC
S3150805CB007839184606F0F4F87B6893F8F835212B3A
S3150805CB1027D17B68D3F88039184605F073FC034698
S3150805CB20002B03D07B6802229A712CE07B68D3F828
S3150805CB308039002B11D07B68D3F87C39002B0CD0B3
S3150805CB407B68D3F87C391B78002B14BF0123002397
S3150805CB50DAB27B68D3F880391A707B6801229A7134
S3150805CB6011E0BA7C7B6883F8852997F912304FF46A
S3150805CB70EC7202FB03F3404A1A447B68C3F87C2926
S3150805CB807B6804229A71FB7C002B67D097F91230D3
S3150805CB90092B5CDC7B680A2283F8262600237B6141
S3150805CBA052E097F911207B691A44324B83FB02132D
S3150805CBB09910D317C91A0B469B000B445B00D31A69
S3150805CBC0BB607B692E2202FB03F303F596637A683D
S3150805CBD0134403F10C00BB684FF4EC7202FB03F334
S3150805CBE0254A13440133BA6824490CF09FF97A6833
S3150805CBF07B692E2101FB03F3134403F59963002290
S3150805CC001A707B6893F8F835212B08D097F91230F6
S3150805CC10BA689A4201D1212302E0032300E00323DF
S3150805CC2079687A692E2000FB02F20A4402F2B642B6
S3150805CC301370BB68092B04D17B695AB27B6883F8E4
S3150805CC4026267B6901337B617B69062BA9DD7B6813
S3150805CC5003F58B63FF211846FEF7B4FB7B68BA7CA0
S3150805CC6083F825267B687A7C83F8242600BF18373F
S3150805CC70BD4680BD67666666242D002054DD060818
S3150805CC8080B582B000AF78607B68D3F864391846FA
S3150805CC9006F02EF87B68D3F87039184606F028F89A
S3150805CCA07B68D3F86839184606F022F87B68D3F806
S3150805CCB07439184606F01CF87B68D3F86C3918469B
S3150805CCC006F016F87B68D3F87839184606F010F892
S3150805CCD000BF0837BD4680BD80B584B000AF786013
S3150805CCE00B46FB70FB7803F00103002B03D07B682A
S3150805CCF01846FBF777FEFB7803F00203002B18D0DE
S3150805CD007B682E331846FCF773F90023FB600DE0A4
S3150805CD10FB682E2202FB03F358337A68134404335F
S3150805CD201846FCF79CF8FB680133FB60FB680B2B80
S3150805CD30EEDDFB7803F02003002B11D07B6803F2A8
S3150805CD40B2231846FBF7C2FE7B6803F53873184607
S3150805CD50FBF7BCFE7B6803F20E331846FBF7B6FEF7
S3150805CD6000BF1037BD4680BD80B588B000AF786076
S3150805CD707B681B68BB617B6893F88439FB75FB7D0B
S3150805CD80013B0F33DB00BA6913443B610023FB61A2
S3150805CD900023FB607868FCF75BF97B68052283F856
S3150805CDA028263B691A887B68A3F82C263B695A8886
S3150805CDB07B68A3F82E267B68032283F82A263B6917
S3150805CDC09A887B68A3F832263B69DA887B68A3F8D4
S3150805CDD030267B684FF6FF72A3F834267B68002257
S3150805CDE0A3F836267B68032283F856263B699B8873
S3150805CDF05B089AB23B691B8813449AB27B68A3F809
S3150805CE005A267B681322A3F85C267B68032283F8D7
S3150805CE1058267B68022283F87E267B684FF6FF72C2
S3150805CE20A3F882267B680022A3F880267B68012260
S3150805CE3083F87E267B68D3F87C39002B0AD07B6875
S3150805CE4003F25E607B68D3F87C3901331A462F49AD
S3150805CE500CF06CF80023FB617DE07A68FB692E21EE
S3150805CE6001FB03F3134403F2846303221A703B6937
S3150805CE7018887A68FB692E2101FB03F3134403F529
S3150805CE80D16302461A80FB6903F00103002B11D111
S3150805CE90FB69DA0F13445B101A4613465B00134405
S3150805CEA004339BB21A46920013445B009BB20533C2
S3150805CEB09BB210E0FB69DA0F13445B101A4613465A
S3150805CEC05B00134405339BB21A46920013445B0074
S3150805CED09BB205339BB27968FA692E2000FB02F2EC
S3150805CEE00A4402F28A6213807A68FB692E2101FBDD
S3150805CEF003F3134403F2866303221A70FB6903F0EE
S3150805CF000103002B04D1012003E000BF24DC060839
S3150805CF1002207A68FB692E2101FB03F3134403F209
S3150805CF20AC6302461A707A68FB692E2101FB03F386
S3150805CF30134403F5D6634FF6FF721A807A68FB69C0
S3150805CF402E2101FB03F3134403F2AE6300221A8074
S3150805CF50FB690133FB61FB690A2B7FF77EAF00236B
S3150805CF60FB600023FB617A68FB692E2101FB03F34D
S3150805CF70134403F2AC6301221A707A68FB692E2101
S3150805CF8001FB03F3134403F2AE631F221A80FB6900
S3150805CF902E2203FB02F2FB68134403F5D0637A6875
S3150805CFA013440C33A34918460BF0C0FFFB6901333C
S3150805CFB0FB617A68FB692E2101FB03F3134403F22F
S3150805CFC0AC6301221A707A68FB692E2101FB03F30B
S3150805CFD0134403F5D1631B880C3398B27A68FB6949
S3150805CFE02E2101FB03F3134403F5D16302461A8088
S3150805CFF07A68FB692E2101FB03F3134403F28A635E
S3150805D0001B88043398B27A68FB692E2101FB03F362
S3150805D010134403F28A6302461A80FB692E2203FB30
S3150805D02002F2FB68134403F5D0637A68134403F1E7
S3150805D0300C007B68D3F87C3945331A467E490BF0D4
S3150805D04075FFFB690133FB617A68FB692E2101FBD4
S3150805D05003F3134403F2AC6301221A707A68FB6979
S3150805D0602E2101FB03F3134403F2AE631F221A8034
S3150805D070FB692E2203FB02F2FB68134403F5D06312
S3150805D0807A6813440C336D4918460BF04FFFFB6954
S3150805D0900133FB617A68FB692E2101FB03F313440F
S3150805D0A003F2AC6301221A707A68FB692E2101FB2B
S3150805D0B003F3134403F5D1631B880C3398B27A68D6
S3150805D0C0FB692E2101FB03F3134403F5D1630246DD
S3150805D0D01A807A68FB692E2101FB03F3134403F2D0
S3150805D0E08A631B88043398B27A68FB692E2101FB8B
S3150805D0F003F3134403F28A6302461A80FB692E2258
S3150805D10003FB02F2FB68134403F5D0637A681344FC
S3150805D11003F10C007B68D3F87C3925331A46464952
S3150805D1200BF004FFFB690133FB617A68FB692E2165
S3150805D13001FB03F3134403F2AC6301221A707A6800
S3150805D140FB692E2101FB03F3134403F2AE631F2289
S3150805D1501A80FB692E2203FB02F2FB68134403F5CA
S3150805D160D0637A6813440C33354918460BF0DEFE4E
S3150805D170FB690133FB617A68FB692E2101FB03F321
S3150805D180134403F2AC6301221A707A68FB692E21EF
S3150805D19001FB03F3134403F5D1631B880C3398B2DB
S3150805D1A07A68FB692E2101FB03F3134403F5D16362
S3150805D1B002461A807A68FB692E2101FB03F313449C
S3150805D1C003F28A631B88043398B27A68FB692E21B1
S3150805D1D001FB03F3134403F28A6302461A807B684C
S3150805D1E0D3F87C3993F82430012B02D0022B10D0C2
S3150805D1F02CE0FB692E2203FB02F2FB68134403F5B8
S3150805D200D0637A6813440C330E4918460BF08EFE24
S3150805D2102CE0FB692E2203FB02F2FB68134403F597
S3150805D220D0637A6813440C33074918460BF07EFE1B
S3150805D2301CE000BF60DD060870DD060878DD060817
S3150805D24088DD06089CDD0608A8DD0608FB692E228A
S3150805D25003FB02F2FB68134403F5D0637A681344AB
S3150805D2600C33BA4918460BF061FE00BFFB6901335A
S3150805D270FB617A68FB692E2101FB03F3134403F26C
S3150805D280AC6301221A70FB692E2203FB02F2FB68C6
S3150805D290134403F5D0637A6813440C33AC4918462E
S3150805D2A00BF044FE7A68FB692E2101FB03F3134450
S3150805D2B003F2AE631F221A80FB690133FB617A68A4
S3150805D2C0FB692E2101FB03F3134403F2AC63022227
S3150805D2D01A70FB692E2203FB02F2FB68134403F559
S3150805D2E0D0637A68134403F10C007B68D3F87C395C
S3150805D2F093F865301A467B68D3F87C3993F8663017
S3150805D30094490BF013FEFB690133FB617A68FB69E7
S3150805D3102E2101FB03F3134403F2AC6301221A70B1
S3150805D3207A68FB692E2101FB03F3134403F2AE6306
S3150805D3301F221A80FB692E2203FB02F2FB6813449F
S3150805D34003F5D0637A6813440C33834918460BF002
S3150805D350EDFDFB690133FB617A68FB692E2101FB4B
S3150805D36003F3134403F2AC6302221A70FB692E22F7
S3150805D37003FB02F2FB68134403F5D0637A6813448A
S3150805D38003F10C007B68D3F87C3993F821301A46EB
S3150805D39072490BF0CBFDFB690133FB617A68FB69C2
S3150805D3A02E2101FB03F3134403F2AC6301221A7021
S3150805D3B0FB69033B7A682E2101FB03F3134403F546
S3150805D3C0D1631B88603398B27A68FB692E2101FB05
S3150805D3D003F3134403F5D16302461A80FB69033B3D
S3150805D3E07A682E2101FB03F3134403F28A631B882B
S3150805D3F0043398B27A68FB692E2101FB03F31344BB
S3150805D40003F28A6302461A80FB692E2203FB02F29F
S3150805D410FB68134403F5D0637A68134403F10C00DB
S3150805D4207B68D3F87C391B78002B01D14C4B00E07F
S3150805D4304C4B1A464C490BF079FD7B68002283F85C
S3150805D440DA283B691B8823339AB27B68A3F8DE285A
S3150805D4507B68E922A3F8E0287B68012283F8DC28A3
S3150805D4607B68022283F8EC287B684FF6FF72A3F8DF
S3150805D470F0287B680022A3F8EE287B6803F6E2030A
S3150805D4803A4918460BF052FD7B68002283F80829AD
S3150805D4903B691A883B699B8813449BB2283B9AB219
S3150805D4A07B68A3F80C297B68D322A3F80E297B6829
S3150805D4B0212283F80A297B68022283F81A297B68C0
S3150805D4C04FF6FF72A3F81E297B680022A3F81C29CC
S3150805D4D07B6803F51163264918460BF027FD7B681B
S3150805D4E0002283F836293B691A883B699B881344C9
S3150805D4F09BB2283B9AB27B68A3F83A297B68E9224E
S3150805D500A3F83C297B68012283F838297B6802221F
S3150805D51083F848297B684FF6FF72A3F84C297B6880
S3150805D5200022A3F84A297B6803F63E1311491846D3
S3150805D5300BF0FCFC7B6803F5C563FF211846FFF76E
S3150805D540CBFB00BF2037BD4680BD00BFB4DD06084E
S3150805D550C0DD0608D8DD0608E4DD0608F4DD06089C
S3150805D560FCDD060804DE060824DC0608E0DC0608F9
S3150805D5700CDE060838DD060880B582B000AF78608F
S3150805D5807B68D3F86439184605F0C3FB0346002BB8
S3150805D5901AD17B68D3F86839184605F0BAFB0346ED
S3150805D5A0002B11D17B68D3F87039184605F0B1FB05
S3150805D5B00346002B08D17B68D3F87439184605F05D
S3150805D5C0A8FB0346002B53D07B6893F8DC38212B40
S3150805D5D00CD17B68012283F8DC287B68212283F835
S3150805D5E00A297B68012283F8382922E07B6893F8A3
S3150805D5F00A39212B0CD17B68012283F8DC287B6844
S3150805D600012283F80A297B68212283F8382910E044
S3150805D6107B6893F83839212B0BD17B68212283F84F
S3150805D620DC287B68012283F80A297B68012283F8AE
S3150805D63038297B6803F5C56320211846FFF74CFB97
S3150805D6407B68D3F86439184605F052FB7B68D3F82E
S3150805D6506839184605F04CFB7B68D3F870391846C7
S3150805D66005F046FB7B68D3F87439184605F040FB88
S3150805D6707B68D3F86C39184605F04BFB0346002B37
S3150805D68008D17B68D3F87839184605F042FB034676
S3150805D690002B69D07B6893F8DC38212B07D17B688A
S3150805D6A003229A717B68002283F82C2449E07B685B
S3150805D6B093F80A39212B07D17B6805229A717B686D
S3150805D6C0002283F886293CE07B6893F83839212BB4
S3150805D6D037D17B6893F92536DAB27B6883F88529CD
S3150805D6E07B6893F885391A464FF4EC7302FB03F306
S3150805D6F01F4A1A447B68D3F880391946104609F03B
S3150805D70035FE0346002B11D010200AF00BFD034603
S3150805D710002B0BD00AF09CFC164917480AF060FC4A
S3150805D72016480AF05DFC16480AF05AFC7B68D3F8D9
S3150805D73080397A6892F8852983F8B4207B680222AD
S3150805D7409A717B68D3F86C39184605F0D1FA7B6867
S3150805D750D3F87839184605F0CBFA7B6803F5C5631F
S3150805D76020211846FFF7B8FA00BF0837BD4680BD21
S3150805D770242D00207CDA060884DA060814DE060855
S3150805D780B0DA060880B582B000AF78607B68D3F852
S3150805D7906439184605F0ACFA7B68D3F86839184633
S3150805D7A005F0A6FA7B68D3F86C39184605F0A0FA91
S3150805D7B07B68D3F87039184605F09AFA7B68D3F86A
S3150805D7C07439184605F094FA7B68D3F878391846FB
S3150805D7D005F08EFA00BF0837BD4680BD90B5E5B0A1
S3150805D7E000AF07F5C873A3F5C673186007F5C873C0
S3150805D7F0A3F5C6731B681B68C7F8843107F5C87394
S3150805D800A3F5C6731B6893F8843987F8833197F8A7
S3150805D8108331013B0F33DB00D7F884211344C7F85E
S3150805D8207C310023C7F88C310023C7F8783107F512
S3150805D830C873A3F5C6731868FBF70AFC07F5C8731A
S3150805D840A3F5C6731B68052283F82826D7F87C3105
S3150805D8501A8807F5C873A3F5C6731B68A3F82C269B
S3150805D860D7F87C315A8807F5C873A3F5C6731B68BC
S3150805D870A3F82E2607F5C873A3F5C6731B680322F6
S3150805D88083F82A26D7F87C319A8807F5C873A3F54D
S3150805D890C6731B68A3F83226D7F87C31DA8807F5EC
S3150805D8A0C873A3F5C6731B68A3F8302607F5C873AE
S3150805D8B0A3F5C6731B684FF6FF72A3F8342607F55A
S3150805D8C0C873A3F5C6731B680022A3F8362607F5A1
S3150805D8D0C873A3F5C6731B68032283F85626D7F8BB
S3150805D8E07C319B885B089AB2D7F87C311B88134430
S3150805D8F09AB207F5C873A3F5C6731B68A3F85A2623
S3150805D90007F5C873A3F5C6731B680F22A3F85C262B
S3150805D91007F5C873A3F5C6731B68032283F858264B
S3150805D92007F5C873A3F5C6731B68022283F87E2616
S3150805D93007F5C873A3F5C6731B684FF6FF72A3F8F8
S3150805D940822607F5C873A3F5C6731B680022A3F8D4
S3150805D950802607F5C873A3F5C6731B68D3F87C3903
S3150805D960002B5AD007F5C873A3F5C6731B68D3F8F9
S3150805D9707C2907F5C873A3F5C6731B6893F886391A
S3150805D98019460B46DB000B449B0013446C331B7886
S3150805D990002B0BD107F5C873A3F5C6731B6803F2ED
S3150805D9A05E63A14918460BF0C1FA36E007F5C87358
S3150805D9B0A3F5C6731B68D3F87C2907F5C873A3F5C1
S3150805D9C0C6731B6893F8863919460B46DB000B4464
S3150805D9D09B0013446C331B78012B0BD107F5C873D1
S3150805D9E0A3F5C6731B6803F25E63904918460BF0E8
S3150805D9F09DFA12E007F5C873A3F5C6731B6803F20B
S3150805DA005E6007F5C873A3F5C6731B6893F8863970
S3150805DA1001331A4686490BF089FA0023C7F8883177
S3150805DA2013E007F5C873A3F5C6731A68D7F88831DE
S3150805DA302E2101FB03F3134403F2866300221A70B1
S3150805DA40D7F888310133C7F88831D7F888310B2BD1
S3150805DA50E7DD0023C7F88C31B9E007F5C873A3F5E8
S3150805DA60C6731A68D7F88C312E2101FB03F31344C4
S3150805DA7003F2846303221A70D7F87C31188807F5F0
S3150805DA80C873A3F5C6731A68D7F88C312E2101FB1E
S3150805DA9003F3134403F5D16302461A80D7F88C318C
S3150805DAA003F00103002B12D1D7F88C31DA0F134492
S3150805DAB05B101A4613465B00134404339BB21A4699
S3150805DAC0920013445B009BB2013B9BB211E0D7F869
S3150805DAD08C31DA0F13445B101A4613465B00134460
S3150805DAE005339BB21A46920013445B009BB2013B71
S3150805DAF09BB207F5C872A2F5C6721168D7F88C21CC
S3150805DB002E2000FB02F20A4402F28A62138007F508
S3150805DB10C873A3F5C6731A68D7F88C312E2101FB8D
S3150805DB2003F3134403F2866303221A70D7F88C317C
S3150805DB3003F00103002B01D1012000E0022007F5BF
S3150805DB40C873A3F5C6731A68D7F88C312E2101FB5D
S3150805DB5003F3134403F2AC6302461A7007F5C87358
S3150805DB60A3F5C6731A68D7F88C312E2101FB03F382
S3150805DB70134403F5D6634FF6FF721A8007F5C87383
S3150805DB80A3F5C6731A68D7F88C312E2101FB03F362
S3150805DB90134403F2AE6300221A8007F5C873A3F58A
S3150805DBA0C672D7F88C312E2103FB01F1D7F87831E7
S3150805DBB00B4403F5D063126813440C331D49184604
S3150805DBC00BF0B4F9D7F88C310133C7F88C31D7F88F
S3150805DBD08C310B2B7FF741AF07F5C873A3F5C673D1
S3150805DBE01B6893F88639C7F8743107F5C873A3F522
S3150805DBF0C6731B68D3F87C19D7F874211346DB005E
S3150805DC0013449B000B446C331B78032B00F2DC860C
S3150805DC1001A252F823F000BF39DC05088DE2050894
S3150805DC20EDE70508E5E8050828DE060830DE0608F6
S3150805DC303CDE0608E0DB06080023C7F87831002332
S3150805DC40C7F88C3107F5C873A3F5C6731A68D7F8EC
S3150805DC508C312E2101FB03F3134403F2AC63012235
S3150805DC601A7007F5C873A3F5C6731A68D7F88C3101
S3150805DC702E2101FB03F3134403F2AE631F221A8018
S3150805DC8007F5C873A3F5C672D7F88C312E2103FBA1
S3150805DC9001F1D7F878310B4403F5D06312681344BC
S3150805DCA00C33DB4918460BF041F9D7F88C310133AB
S3150805DCB0C7F88C3107F5C873A3F5C6731A68D7F87C
S3150805DCC08C312E2101FB03F3134403F2AC630222C4
S3150805DCD01A7007F5C873A3F5C672D7F88C312E21C5
S3150805DCE003FB01F1D7F878310B4403F5D0631268C5
S3150805DCF0134403F10C0007F5C873A3F5C6731B682F
S3150805DD00D3F87C19D7F874211346DB0013449B0016
S3150805DD100B4474331B681A46BE490BF007F9D7F846
S3150805DD208C310133C7F88C3107F5C873A3F5C6736B
S3150805DD301A68D7F88C312E2101FB03F3134403F235
S3150805DD40AC6301221A7007F5C873A3F5C6731A687A
S3150805DD50D7F88C312E2101FB03F3134403F2AE6386
S3150805DD601F221A8007F5C873A3F5C672D7F88C3132
S3150805DD702E2103FB01F1D7F878310B4403F5D0635F
S3150805DD80126813440C33A44918460BF0CFF8D7F894
S3150805DD908C310133C7F88C3107F5C873A3F5C673FB
S3150805DDA01A68D7F88C312E2101FB03F3134403F2C5
S3150805DDB0AC6302221A7007F5C873A3F5C672D7F8BD
S3150805DDC08C312E2103FB01F1D7F878310B4403F585
S3150805DDD0D0631268134403F10C0407F5C873A3F559
S3150805DDE0C6731B68D3F87C19D7F874211346DB006C
S3150805DDF013449B000B4480331B681846E2F7DCFB8B
S3150805DE0002460B46854920460BF090F8D7F88C3123
S3150805DE100133C7F88C3107F5C873A3F5C6731A68B5
S3150805DE20D7F88C312E2101FB03F3134403F2AC63B7
S3150805DE3001221A7007F5C873A3F5C6731A68D7F8C9
S3150805DE408C312E2101FB03F3134403F2AE631F2223
S3150805DE501A8007F5C873A3F5C672D7F88C312E2133
S3150805DE6003FB01F1D7F878310B4403F5D063126843
S3150805DE7013440C336A4918460BF058F8D7F88C3111
S3150805DE800133C7F88C3107F5C873A3F5C6731A6845
S3150805DE90D7F88C312E2101FB03F3134403F2AC6347
S3150805DEA002221A7007F5C873A3F5C672D7F88C311E
S3150805DEB02E2103FB01F1D7F878310B4403F5D0631E
S3150805DEC01268134403F10C0007F5C873A3F5C67366
S3150805DED01B68D3F87C19D7F874211346DB0013445D
S3150805DEE09B000B4488331B681A464A490BF01EF8F3
S3150805DEF0D7F88C310133C7F88C3107F5C873A3F504
S3150805DF00C6731A68D7F88C312E2101FB03F313441F
S3150805DF1003F2AC6301221A7007F5C873A3F5C67335
S3150805DF201A68D7F88C312E2101FB03F3134403F243
S3150805DF30AE631F221A8007F5C873A3F5C672D7F80C
S3150805DF408C312E2103FB01F1D7F878310B4403F503
S3150805DF50D063126813440C33324918460AF0E6FFB3
S3150805DF60D7F88C310133C7F88C3107F5C873A3F593
S3150805DF70C6731A68D7F88C312E2101FB03F31344AF
S3150805DF8003F2AC6302221A7007F5C873A3F5C673C4
S3150805DF901B68D3F87C19D7F874211346DB0013449C
S3150805DFA09B000B448C33D3ED007A9FED1F7AF4EE74
S3150805DFB0C77AF1EE10FA3BD507F5C873A3F5C6720D
S3150805DFC0D7F88C312E2103FB01F1D7F878310B44AC
S3150805DFD003F5D0631268134403F10C0407F5C873F7
S3150805DFE0A3F5C6731B68D3F87C19D7F874211346AD
S3150805DFF0DB0013449B000B448C331B681846E2F779
S3150805E000DBFA02460B46094920460AF08FFF24E04B
S3150805E01044DE060858DE060860DE060874DE0608CD
S3150805E0207CDE060890DE06080000004DA4DE06081C
S3150805E03007F5C873A3F5C672D7F88C312E2103FBED
S3150805E04001F1D7F878310B4403F5D0631268134408
S3150805E0500C33884918460AF069FFD7F88C3101331D
S3150805E060C7F88C3107F5C873A3F5C6731A68D7F8C8
S3150805E0708C312E2101FB03F3134403F2AC63012211
S3150805E0801A7007F5C873A3F5C672D7F88C312E2111
S3150805E09003FB01F1D7F878310B4403F5D063126811
S3150805E0A013440C33744918460AF040FF07F5C8733C
S3150805E0B0A3F5C6731A68D7F88C312E2101FB03F32D
S3150805E0C0134403F2AE631F221A80D7F88C31013345
S3150805E0D0C7F88C3107F5C873A3F5C6731A68D7F858
S3150805E0E08C312E2101FB03F3134403F2AC630222A0
S3150805E0F01A7007F5C873A3F5C672D7F88C312E21A1
S3150805E10003FB01F1D7F878310B4403F5D0631268A0
S3150805E110134403F10C0407F5C873A3F5C6731B6806
S3150805E120D3F87C19D7F874211346DB0013449B00F2
S3150805E1300B4478331B6807EE903AF8EEE77A9FEDBD
S3150805E1404F7AC7EE876A16EE900AE2F735FA02465F
S3150805E1500B464B4920460AF0E9FED7F88C310133C0
S3150805E160C7F88C3107F5C873A3F5C6731A68D7F8C7
S3150805E1708C312E2101FB03F3134403F2AC63012210
S3150805E1801A7007F5C873A3F5C6731A68D7F88C31DC
S3150805E1902E2101FB03F3134403F2AE631F221A80F3
S3150805E1A007F5C873A3F5C672D7F88C312E2103FB7C
S3150805E1B001F1D7F878310B4403F5D0631268134497
S3150805E1C00C33304918460AF0B1FED7F88C310133BD
S3150805E1D0C7F88C3107F5C873A3F5C6731A68D7F857
S3150805E1E08C312E2101FB03F3134403F5D1631B88F8
S3150805E1F00C3398B207F5C873A3F5C6731A68D7F82A
S3150805E2008C312E2101FB03F3134403F5D163024632
S3150805E2101A8007F5C873A3F5C6731A68D7F88C313B
S3150805E2202E2101FB03F3134403F2AC6301221A7092
S3150805E23007F5C873A3F5C672D7F88C312E2103FBEB
S3150805E24001F1D7F878310B4403F5D0631268134406
S3150805E25003F10C00D7F874315A1C07F5C873A3F5F2
S3150805E260C6731B68D3F87C3993F8213006490AF03A
S3150805E2705DFEA9E3B0DE0608B8DE060800007A44A6
S3150805E280CCDE0608D8DE0608E4DE06080023C7F84D
S3150805E29078310023C7F88C3107F5C873A3F5C6731B
S3150805E2A01A68D7F88C312E2101FB03F3134403F2C0
S3150805E2B0AC6301221A7007F5C873A3F5C6731A6805
S3150805E2C0D7F88C312E2101FB03F3134403F2AE6311
S3150805E2D01F221A8007F5C873A3F5C672D7F88C31BD
S3150805E2E02E2103FB01F1D7F878310B4403F5D063EA
S3150805E2F0126813440C33E24918460AF017FED7F894
S3150805E3008C310133C7F88C3107F5C873A3F5C67385
S3150805E3101A68D7F88C312E2101FB03F3134403F24F
S3150805E320AC6302221A7007F5C873A3F5C672D7F847
S3150805E3308C312E2103FB01F1D7F878310B4403F50F
S3150805E340D0631268134403F10C0007F5C873A3F5E7
S3150805E350C6731B68D3F87C19D7F874211346DB00F6
S3150805E36013449B000B4478331B681A46C5490AF0C3
S3150805E370DDFDD7F88C310133C7F88C3107F5C8733D
S3150805E380A3F5C6731A68D7F88C312E2101FB03F35A
S3150805E390134403F2AC6301221A7007F5C873A3F593
S3150805E3A0C6731A68D7F88C312E2101FB03F313447B
S3150805E3B003F2AE631F221A8007F5C873A3F5C67262
S3150805E3C0D7F88C312E2103FB01F1D7F878310B44A8
S3150805E3D003F5D063126813440C33AB4918460AF0A3
S3150805E3E0A5FDD7F88C310133C7F88C3107F5C87305
S3150805E3F0A3F5C6731A68D7F88C312E2101FB03F3EA
S3150805E400134403F2AC6302221A7007F5C873A3F521
S3150805E410C672D7F88C312E2103FB01F1D7F878316E
S3150805E4200B4403F5D0631268134403F10C0407F58E
S3150805E430C873A3F5C6731B68D3F87C19D7F8742176
S3150805E4401346DB0013449B000B4480331B681846B0
S3150805E450E2F7B2F802460B468C4920460AF066FDF5
S3150805E460D7F88C310133C7F88C3107F5C873A3F58E
S3150805E470C6731A68D7F88C312E2101FB03F31344AA
S3150805E48003F2AC6301221A7007F5C873A3F5C673C0
S3150805E4901A68D7F88C312E2101FB03F3134403F2CE
S3150805E4A0AE631F221A8007F5C873A3F5C672D7F897
S3150805E4B08C312E2103FB01F1D7F878310B4403F58E
S3150805E4C0D063126813440C33714918460AF02EFDB9
S3150805E4D0D7F88C310133C7F88C3107F5C873A3F51E
S3150805E4E0C6731A68D7F88C312E2101FB03F313443A
S3150805E4F003F2AC6302221A7007F5C873A3F5C67250
S3150805E500D7F88C312E2103FB01F1D7F878310B4466
S3150805E51003F5D0631268134403F10C0407F5C873B1
S3150805E520A3F5C6731B68D3F87C19D7F87421134667
S3150805E530DB0013449B000B4488331B6807EE903AAF
S3150805E540F8EEE77A9FED537AC7EE876A16EE900AD4
S3150805E550E2F732F802460B464F4920460AF0E6FC32
S3150805E560D7F88C310133C7F88C3107F5C873A3F58D
S3150805E570C6731A68D7F88C312E2101FB03F31344A9
S3150805E58003F2AC6301221A7007F5C873A3F5C673BF
S3150805E5901A68D7F88C312E2101FB03F3134403F2CD
S3150805E5A0AE631F221A8007F5C873A3F5C672D7F896
S3150805E5B08C312E2103FB01F1D7F878310B4403F58D
S3150805E5C0D063126813440C33344918460AF0AEFC76
S3150805E5D0D7F88C310133C7F88C3107F5C873A3F51D
S3150805E5E0C6731A68D7F88C312E2101FB03F3134439
S3150805E5F003F2AC6302221A7007F5C873A3F5C6734E
S3150805E6001B68D3F87C19D7F874211346DB00134425
S3150805E6109B000B448C33D3ED007A9FED217AF4EEFB
S3150805E620C77AF1EE10FA3FD507F5C873A3F5C67292
S3150805E630D7F88C312E2103FB01F1D7F878310B4435
S3150805E64003F5D0631268134403F10C0407F5C87380
S3150805E650A3F5C6731B68D3F87C19D7F87421134636
S3150805E660DB0013449B000B448C331B681846E1F703
S3150805E670A3FF02460B460B4920460AF057FC28E03D
S3150805E680F0DE060808DF060860DE060874DE0608FA
S3150805E69014DF060800007A4428DF060834DF060872
S3150805E6A00000004DA4DE060807F5C873A3F5C67273
S3150805E6B0D7F88C312E2103FB01F1D7F878310B44B5
S3150805E6C003F5D063126813440C33814918460AF0DA
S3150805E6D02DFCD7F88C310133C7F88C3107F5C8738B
S3150805E6E0A3F5C6731A68D7F88C312E2101FB03F3F7
S3150805E6F0134403F2AC6301221A7007F5C873A3F530
S3150805E700C6731A68D7F88C312E2101FB03F3134417
S3150805E71003F2AE631F221A8007F5C873A3F5C672FE
S3150805E720D7F88C312E2103FB01F1D7F878310B4444
S3150805E73003F5D063126813440C33664918460AF084
S3150805E740F5FBD7F88C310133C7F88C3107F5C87353
S3150805E750A3F5C6731A68D7F88C312E2101FB03F386
S3150805E760134403F5D1631B880C3398B207F5C873B0
S3150805E770A3F5C6731A68D7F88C312E2101FB03F366
S3150805E780134403F5D16302461A8007F5C873A3F542
S3150805E790C6731A68D7F88C312E2101FB03F3134487
S3150805E7A003F2AC6301221A7007F5C873A3F5C6729E
S3150805E7B0D7F88C312E2103FB01F1D7F878310B44B4
S3150805E7C003F5D0631268134403F10C00D7F87431C6
S3150805E7D05A1C07F5C873A3F5C6731B68D3F87C39A5
S3150805E7E093F821303C490AF0A1FBEDE00023C7F870
S3150805E7F078310023C7F88C3107F5C873A3F5C673B6
S3150805E8001A68D7F88C312E2101FB03F3134403F25A
S3150805E810AC6301221A7007F5C873A3F5C6731A689F
S3150805E820D7F88C312E2101FB03F3134403F2AE63AB
S3150805E8301F221A8007F5C873A3F5C672D7F88C3157
S3150805E8402E2103FB01F1D7F878310B4403F5D06384
S3150805E850126813440C33214918460AF067FBD7F8A2
S3150805E8608C310133C7F88C3107F5C873A3F5C67320
S3150805E8701A68D7F88C312E2101FB03F3134403F2EA
S3150805E880AC6301221A7007F5C873A3F5C6731A682F
S3150805E890D7F88C312E2101FB03F3134403F2AE633B
S3150805E8A01F221A8007F5C873A3F5C672D7F88C31E7
S3150805E8B02E2103FB01F1D7F878310B4403F5D06314
S3150805E8C0126813440C33064918460AF02FFB7BE0F9
S3150805E8D0B0DE0608D8DE0608E4DE060848DF0608C0
S3150805E8E058DF06080023C7F878310023C7F88C31A6
S3150805E8F007F5C873A3F5C6731A68D7F88C312E21A0
S3150805E90001FB03F3134403F2AC6301221A7007F5FE
S3150805E910C873A3F5C6731A68D7F88C312E2101FB7F
S3150805E92003F3134403F2AE631F221A8007F5C8736F
S3150805E930A3F5C672D7F88C312E2103FB01F1D7F85A
S3150805E94078310B4403F5D063126813440C33A9498F
S3150805E95018460AF0EBFAD7F88C310133C7F88C312B
S3150805E96007F5C873A3F5C6731A68D7F88C312E212F
S3150805E97001FB03F3134403F2AC6301221A7007F58E
S3150805E980C873A3F5C6731A68D7F88C312E2101FB0F
S3150805E99003F3134403F2AE631F221A8007F5C873FF
S3150805E9A0A3F5C672D7F88C312E2103FB01F1D7F8EA
S3150805E9B078310B4403F5D063126813440C338E493A
S3150805E9C018460AF0B3FA00BF07F5C873A3F5C67368
S3150805E9D01B68002283F8DA28D7F87C311B8823338D
S3150805E9E09AB207F5C873A3F5C6731B68A3F8DE289C
S3150805E9F007F5C873A3F5C6731B68E922A3F8E028CB
S3150805EA0007F5C873A3F5C6731B68012283F8DC28C6
S3150805EA1007F5C873A3F5C6731B68022283F8EC28A5
S3150805EA2007F5C873A3F5C6731B684FF6FF72A3F8F7
S3150805EA30F02807F5C873A3F5C6731B680022A3F863
S3150805EA40EE2807F5C873A3F5C6731B6803F6E20334
S3150805EA506A4918460AF06AFA07F5C873A3F5C6732C
S3150805EA601B6893F88639013307F5C872A2F5C6728D
S3150805EA701268D2F87C2992F8212093424DDA07F5D7
S3150805EA80C873A3F5C6731B68002283F80829D7F847
S3150805EA907C311A88D7F87C319B8813449BB2283B6E
S3150805EAA09AB207F5C873A3F5C6731B68A3F80C29AC
S3150805EAB007F5C873A3F5C6731B68D322A3F80E29F1
S3150805EAC007F5C873A3F5C6731B68212283F80A29B7
S3150805EAD007F5C873A3F5C6731B68022283F81A29B6
S3150805EAE007F5C873A3F5C6731B684FF6FF72A3F837
S3150805EAF01E2907F5C873A3F5C6731B680022A3F874
S3150805EB001C2907F5C873A3F5C6731B6803F51163B6
S3150805EB103B4918460AF00AFA0FE007F5C873A3F544
S3150805EB20C6731B68002283F80A2907F5C873A3F577
S3150805EB30C6731B68212283F8DC2807F5C873A3F575
S3150805EB40C6731B68002283F83629D7F87C311A88DC
S3150805EB50D7F87C319B8813449BB2283B9AB207F5B4
S3150805EB60C873A3F5C6731B68A3F83A2907F5C873CE
S3150805EB70A3F5C6731B68E922A3F83C2907F5C873EC
S3150805EB80A3F5C6731B68012283F8382907F5C873E8
S3150805EB90A3F5C6731B68022283F8482907F5C873C7
S3150805EBA0A3F5C6731B684FF6FF72A3F84C2907F53C
S3150805EBB0C873A3F5C6731B680022A3F84A2907F587
S3150805EBC0C873A3F5C6731B6803F63E130D491846A5
S3150805EBD00AF0ACF907F5C873A3F5C6731B6803F500
S3150805EBE0C563FF211846FEF777F800BF07F5CA770C
S3150805EBF0BD4690BD74DF060884DF0608E0DC060816
S3150805EC000CDE060838DD060880B582B000AF7860E8
S3150805EC107B68D3F86439184604F07BF80346002B5D
S3150805EC201BD17B68D3F86839184604F072F8034691
S3150805EC30002B12D17B68D3F87039184604F069F8A9
S3150805EC400346002B09D17B68D3F87439184604F0B6
S3150805EC5060F80346002B00F083807B6893F88639B5
S3150805EC6001337A68D2F87C2992F82120934235DA5D
S3150805EC707B6893F8DC38212B0CD17B68012283F855
S3150805EC80DC287B68212283F80A297B68012283F818
S3150805EC90382946E07B6893F80A39212B0CD17B681D
S3150805ECA0012283F8DC287B68012283F80A297B6818
S3150805ECB0212283F8382934E07B6893F83839212BE3
S3150805ECC02FD17B68212283F8DC287B68012283F80B
S3150805ECD00A297B68012283F8382922E07B6893F89C
S3150805ECE0DC38212B0CD17B68012283F8DC287B686C
S3150805ECF0212283F838297B68002283F80A2910E03F
S3150805ED007B6893F83839212B0BD17B68212283F848
S3150805ED10DC287B68012283F838297B68002283F87A
S3150805ED200A297B68D3F86439184603F0E1FF7B683E
S3150805ED30D3F86839184603F0DBFF7B68D3F87039D2
S3150805ED40184603F0D5FF7B68D3F87439184603F0DF
S3150805ED50CFFF7B6803F5C56320211846FDF7BCFF81
S3150805ED607B68D3F86C39184603F0D3FF0346002BA6
S3150805ED7009D17B68D3F87839184603F0CAFF0346E4
S3150805ED80002B00F0EF807B68D3F87C39002B00F068
S3150805ED9089807B68D3F88039002B00F083807B68EF
S3150805EDA0D3F88039DB691B7801337A68D2F87C2970
S3150805EDB092F82120934275DA7B6893F80A39212B54
S3150805EDC023D17B6893F886390133DAB27B6883F8F1
S3150805EDD086297B6805229A717B6893F886390133FB
S3150805EDE07A68D2F87C2992F82120934240F0B980B6
S3150805EDF07B68212283F8DC287B68002283F80A29A8
S3150805EE007B68012283F83829ABE07B6893F8DC3800
S3150805EE10212B07D17B6804229A717B68002283F827
S3150805EE2086299EE07B6893F83839212B40F099802E
S3150805EE307B6893F885391A464FF4EC7302FB03F39E
S3150805EE404A4A1A447B68D3F880391946104608F0A9
S3150805EE508DFA0346002B11D0102009F063F90346F5
S3150805EE60002B0BD009F0F4F84149424809F0B8F8E7
S3150805EE70414809F0B5F8414809F0B2F87B68D3F876
S3150805EE8080397A6892F8852983F8B4207B68022246
S3150805EE909A717B680022C3F87C297B68002283F86F
S3150805EEA086295EE07B6893F8DC38212B07D17B68D9
S3150805EEB004229A717B68002283F886293DE07B68DF
S3150805EEC093F83839212B38D17B6893F885391A4652
S3150805EED04FF4EC7302FB03F3244A1A447B68D3F810
S3150805EEE080391946104608F041FA0346002B11D019
S3150805EEF0102009F017F90346002B0BD009F0A8F8DE
S3150805EF001B491C4809F06CF81B4809F069F81B48A9
S3150805EF1009F066F87B68D3F880397A6892F8852906
S3150805EF2083F8B4207B6802229A717B680022C3F8AD
S3150805EF307C297B68002283F886297B68D3F86C3997
S3150805EF40184603F0D5FE7B68D3F87839184603F0DA
S3150805EF50CFFE7B6803F5C56320211846FDF7BCFE81
S3150805EF6000E000BF00BF0837BD4680BD242D002040
S3150805EF707CDA060884DA060814DE0608B0DA060816
S3150805EF8080B582B000AF78607B68D3F864391846D7
S3150805EF9003F0AEFE7B68D3F86839184603F0A8FE79
S3150805EFA07B68D3F86C39184603F0A2FE7B68D3F85C
S3150805EFB07039184603F09CFE7B68D3F874391846F1
S3150805EFC003F096FE7B68D3F87839184603F090FE69
S3150805EFD000BF0837BD4680BD80B586B000AF7860EE
S3150805EFE07B681B687B617B6893F88439FB74FB7CBB
S3150805EFF0013B0F33DB007A691344FB607868FAF73F
S3150805F00027F87B68052283F82826FB681A887B6813
S3150805F010A3F82C26FB685A887B68A3F82E267B68F6
S3150805F020032283F82A26FB689A887B68A3F8322682
S3150805F030FB68DA887B68A3F830267B684FF6FF728B
S3150805F040A3F834267B680022A3F836267B680022B7
S3150805F05083F8DA28FB681B8823339AB27B68A3F8FA
S3150805F060DE287B68E922A3F8E0287B68212283F855
S3150805F070DC287B68022283F8EC287B684FF6FF724A
S3150805F080A3F8F0287B680022A3F8EE287B680022FF
S3150805F09083F80829FB681A88FB689B8813449BB282
S3150805F0A0283B9AB27B68A3F80C297B68D322A3F878
S3150805F0B00E297B68032283F80A297B68022283F8CE
S3150805F0C01A297B684FF6FF72A3F81E297B6800226A
S3150805F0D0A3F81C297B6803F6E2031D49184609F0BF
S3150805F0E025FF7B68002283F83629FB681A88FB68A2
S3150805F0F09B8813449BB2283B9AB27B68A3F83A29A6
S3150805F1007B68E922A3F83C297B68212283F83829FC
S3150805F1107B68022283F848297B684FF6FF72A3F8B5
S3150805F1204C297B680022A3F84A297B6803F63E1317
S3150805F1300849184609F0FAFE7B6803F5C5632021D8
S3150805F1401846FDF7C9FD00BF1837BD4680BD00BF87
S3150805F150E0DC060838DD060880B582B000AF7860C1
S3150805F1607B68D3F86439184603F0D3FD0346002BAC
S3150805F1701AD17B68D3F86839184603F0CAFD0346E1
S3150805F180002B11D17B68D3F87039184603F0C1FDF9
S3150805F1900346002B08D17B68D3F87439184603F063
S3150805F1A0B8FD0346002B06D07B6803F5C563202109
S3150805F1B01846FDF791FD7B68D3F86C39184603F0B8
S3150805F1C0A8FD0346002B08D17B68D3F8783918467D
S3150805F1D003F09FFD0346002B1AD07B6893F8DC38AD
S3150805F1E0212B02D17B6804229A717B68D3F86C3986
S3150805F1F0184603F07DFD7B68D3F87839184603F081
S3150805F20077FD7B6803F5C56320211846FDF764FD80
S3150805F21000BF0837BD4680BD80B582B000AF7860AF
S3150805F2207B68D3F86439184603F062FD7B68D3F822
S3150805F2306839184603F05CFD7B68D3F86C391846BF
S3150805F24003F056FD7B68D3F87039184603F050FD70
S3150805F2507B68D3F87439184603F04AFD7B68D3F8FA
S3150805F2607839184603F044FD00BF0837BD4680BD0A
S3150805F27080B582B000AF78607868F9F7E9FE00BF17
S3150805F2800837BD4680BD000080B582B000AF7860FE
S3150805F290022008F047FF0346002B0ED008F0D8FEDB
S3150805F2A01B491C4808F09CFE7B68DB7919461A48F9
S3150805F2B008F096FE194808F093FE7B68DB79052B5E
S3150805F2C01ED801A252F823F001F30508E1F2050854
S3150805F2D0E9F20508F1F2050809F30508F9F2050842
S3150805F2E07B6802229A710BE07B6802229A7107E015
S3150805F2F07B6802229A7103E07B6802229A7100BF35
S3150805F3007B680622DA7100E000BF0837BD4680BD76
S3150805F3107CDA060884DA060898DF0608B0DA0608ED
S3150805F32080B483B000AF786000BF0C37BD465DF882
S3150805F330047B704780B582B000AF78607868F9F7C6
S3150805F34087FE00BF0837BD4680BD80B483B000AFD1
S3150805F350786000BF0C37BD465DF8047B704780B5FD
S3150805F36082B000AF78607B68D3F86439184603F035
S3150805F370BFFC7B68D3F86839184603F0B9FC7B6887
S3150805F380D3F86C39184603F0B3FC7B68D3F87039A3
S3150805F390184603F0ADFC7B68D3F87439184603F0B4
S3150805F3A0A7FC7B68D3F87839184603F0A1FC00BF9B
S3150805F3B00837BD4680BD000080B582B000AF7860CD
S3150805F3C07B689B790A2B1AD17B685B791946294A8A
S3150805F3D00B465B000B449B00134404331B68002B48
S3150805F3E043D07B685B791946224A0B465B000B447A
S3150805F3F09B00134404331B687868984735E07B6897
S3150805F4005B79082B19D87B685B791946194A0B4627
S3150805F4105B000B449B00134408331B68002B0CD078
S3150805F4207B685B791946134A0B465B000B449B00C0
S3150805F430134408331B68786898477B689B7919468F
S3150805F4400C4A0B465B000B449B0013441B68002BB8
S3150805F4500BD07B689B791946064A0B465B000B441D
S3150805F4609B0013441B687868984700BF0837BD4654
S3150805F47080BD00BF8C00070880B483B000AF7860F4
S3150805F4800B46FB701346BB707B68FA789A717B68E6
S3150805F490BA78DA7100BF0C37BD465DF8047B70474C
S3150805F4A080B582B000AF78607B68D3F88039184696
S3150805F4B002F0A8FF0346002B11D07B68D3F88039E4
S3150805F4C09B7A062B06D17B6803F5E073194678689F
S3150805F4D0F9F728FE20217868FAF71CFD00BF00BF5A
S3150805F4E00837BD4680BD80B584B000AF78607B68B7
S3150805F4F0D3F88039FB60FB68002B13D0F86802F057
S3150805F500A1FC0346002B0DD0FB68DB691B781A4660
S3150805F5107B68D3F87C3993F82130013B9A4201D1AF
S3150805F520012300E0002318461037BD4680BD80B488
S3150805F53085B000AF786039600023FB600DE07B6815
S3150805F540DAB2FB68591CF96039680B4462F07F0228
S3150805F550D2B21A707B68DB097B607B687F2BEED895
S3150805F560FB685A1CFA603A6813447A68D2B21A706C
S3150805F570FB6818461437BD465DF8047B704780B4AA
S3150805F58083B000AF786000BF0C37BD465DF8047BD5
S3150805F5907047000090B58FB000AFF861B9617A6120
S3150805F5A03B61002387F8373041F60A632A4AB96969
S3150805F5B0F86905F057FA03463B633B6B002B31D0D8
S3150805F5C03B463A6B24491846F4F7AEFC07F1200486
S3150805F5D03B460FCB84E80F0007F120033A697969A2
S3150805F5E01846F5F7DBFD0346002B03D0012387F8FC
S3150805F5F037302BE0082008F095FD0346002B0DD083
S3150805F60008F026FD1549164808F0EAFCFB6A19466E
S3150805F610144808F0E5FC144808F0E2FC002387F8CE
S3150805F620373013E0082008F07DFD0346002B0DD082
S3150805F63008F00EFD09490A4808F0D2FCBA69F969C5
S3150805F6400A4808F0CDFC084808F0CAFC97F8373090
S3150805F65018463C37BD4690BD345A0020ACDF06082F
S3150805F660BCDF0608E4DF0608E0DF060804E006084E
S3150805F670B0B590B000AF78623962FA61BB61002314
S3150805F68087F83F303B4641F60A622C491846F6F795
S3150805F69057F907F128043D460FCD0FC42B6823609B
S3150805F6A007F12803BA69F9691846F6F7B6FD034658
S3150805F6B087F83E3097F83E30002B09D07B6B1F4AFA
S3150805F6C0396A786A05F030F9034687F83F3016E057
S3150805F6D0082008F027FD0346002B0DD008F0B8FCD6
S3150805F6E01749184808F07CFCBB6B1946164808F0FC
S3150805F6F077FC164808F074FC002387F83F3097F81E
S3150805F7003F3083F00103DBB2002B11D0082008F047
S3150805F71009FD0346002B0BD008F09AFC0849094851
S3150805F72008F05EFC0A4808F05BFC084808F058FC37
S3150805F73097F83F3018464037BD46B0BD345A0020C5
S3150805F740ACDF0608BCDF06081CE00608E0DF06088D
S3150805F75038E0060880B584B000AF786039607B6804
S3150805F760DB6C3A689A4216D9082008F0DBFC034692
S3150805F770002B3FD008F06CFC2149224808F030FCE4
S3150805F7807B68DB6C1A4639681F4808F029FC1F4850
S3150805F79008F026FC2EE07B689B6C3A689A4216D2DE
S3150805F7A0082008F0BFFC0346002B25D008F050FCBE
S3150805F7B01349144808F014FC7B689B6C1A4639688B
S3150805F7C0134808F00DFC114808F00AFC14E000235C
S3150805F7D0FB6008E07B68FA680232396843F822104C
S3150805F7E0FB680133FB60FB680F2BF3DD7B683A6822
S3150805F7F01A6502E000BF00E000BF1037BD4680BDB0
S3150805F80054E0060858E0060860E006087CE00608A5
S3150805F81080E0060880B582B000AF78607B68002B6B
S3150805F82012D1102008F07EFC0346002B16D008F0EE
S3150805F8300FFC0C490C4808F0D3FB0C4808F0D0FB24
S3150805F8400B4808F0CDFB09E07B689B6C1946786880
S3150805F850FFF780FF786800F07FF800E000BF0837FB
S3150805F860BD4680BD54E0060858E006089CE0060833
S3150805F8707CE0060880B584B000AF78600023FB738A
S3150805F8807B68002B12D1102008F04CFC0346002B90
S3150805F89051D008F0DDFB2A492A4808F0A1FB2A4879
S3150805F8A008F09EFB294808F09BFB44E07B6818682E
S3150805F8B07B6859687B6803F108021023E9F7AAFDF6
S3150805F8C00346FB73FB7B002B13D0102008F02AFC9C
S3150805F8D00346002B0DD008F0BBFB1949194808F05B
S3150805F8E07FFBFB7B19461A4808F07AFB174808F090
S3150805F8F077FB7B681A687B685B6819461046EBF7E1
S3150805F900E5F90346FB73FB7B002B15D0102008F0A1
S3150805F91009FC0346002B0FD008F09AFB084909484D
S3150805F92008F05EFBFB7B19460A4808F059FB0748B1
S3150805F93008F056FB00E000BF1037BD4680BD00BF86
S3150805F94054E0060858E006089CE006087CE0060828
S3150805F950A8E00608C4E0060880B584B000AF78605C
S3150805F9600023FB737B68002B12D1102008F0DAFB05
S3150805F9700346002B4FD008F06BFB2949294808F0A8
S3150805F9802FFB294808F02CFB284808F029FB42E0FC
S3150805F9907B681A687B685B6819461046E9F766FF4F
S3150805F9A00346FB73FB7B002B13D0102008F0BAFB2C
S3150805F9B00346002B0DD008F04BFB1949194808F0EA
S3150805F9C00FFBFB7B19461A4808F00AFB174808F08F
S3150805F9D007FB7B681A687B685B6819461046EBF770
S3150805F9E037FA0346FB73FB7B002B15D0102008F06E
S3150805F9F099FB0346002B0FD008F02AFB084909484E
S3150805FA0008F0EEFAFB7B19460A4808F0E9FA0748B2
S3150805FA1008F0E6FA00E000BF1037BD4680BD00BF16
S3150805FA2054E0060858E006089CE006087CE0060847
S3150805FA30E0E00608FCE0060880B582B000AF78600D
S3150805FA4039607B68002B13D1102008F06BFB034641
S3150805FA50002B0BD008F0FCFA0A490B4808F0C0FA47
S3150805FA600A4808F0BDFA0A4808F0BAFA032304E07A
S3150805FA7039687868FFF76EFE002318460837BD46CD
S3150805FA8080BD00BF54E0060858E006089CE0060855
S3150805FA907CE0060880B483B000AF03463960FB8076
S3150805FAA0074B1A88FB8813439AB2054B1A80054AF1
S3150805FAB03B68136000BF0C37BD465DF8047B70478D
S3150805FAC0449800204C98002080B483B000AF0346C4
S3150805FAD0FB80B7F90630DB431AB2074B1B881BB206
S3150805FAE013401BB29AB2044B1A8000BF0C37BD46A9
S3150805FAF05DF8047B704700BF4498002080B582B046
S3150805FB0000AF78600D4B1B6801330C4A13600C4B2C
S3150805FB101B680A4A12681344013B03F03F034C224B
S3150805FB2002FB03F3074A13444C22796818460AF080
S3150805FB3075FB00BF0837BD4680BD00BF4898002045
S3150805FB40509800205498002080B483B000AF7860A0
S3150805FB50396000BF0C37BD465DF8047B704780B435
S3150805FB6085B000AF786039600023FB600DE07B68DF
S3150805FB70DAB2FB68591CF96039680B4462F07F02F2
S3150805FB80D2B21A707B68DB097B607B687F2BEED85F
S3150805FB90FB685A1CFA603A6813447A68D2B21A7036
S3150805FBA0FB6818461437BD465DF8047B70470000A8
S3150805FBB080B58EB000AF786039600023FB617B683D
S3150805FBC000225A60514BD3F8B82D7B681A603B68FA
S3150805FBD09AB27B681A8207F11C037A684C4918465B
S3150805FBE0F6F75FFB034687F8373097F83730002B6B
S3150805FBF001D1002385E0FB6946491846FFF7AFFFA3
S3150805FC0038633B6B434A99183B6BC3F5805207F13A
S3150805FC1008031846F5F794FE07F108037A683C4980
S3150805FC201846F6F7FAFA034687F8373097F837305D
S3150805FC3083F00103DBB2002B01D0002361E04FF40A
S3150805FC407A73FB62FA693B6B134419463148FFF729
S3150805FC507BFFE3F72DFCB8622F48ECF7ABF8786223
S3150805FC60E3F726FC0246BB6AD31AFA6A9A4202D316
S3150805FC70FB6A002B14D1082008F054FA0346002B1A
S3150805FC800CD008F0E5F92549254808F0A9F9796A57
S3150805FC90244808F0A5F9244808F0A2F9002330E01D
S3150805FCA07B6A202B02D07B6A222B26D1FB699AB266
S3150805FCB03B6B9BB213449BB21A4616491648EBF79B
S3150805FCC0ABFB03463B623B6A002B14D0082008F0C1
S3150805FCD029FA0346002B0CD008F0BAF90F49104843
S3150805FCE008F07EF9396A114808F07AF90E4808F0DD
S3150805FCF077F9002305E0012303E01420E3F7E4FB85
S3150805FD00AAE718463837BD4680BD00BF344C0020E3
S3150805FD10A8F70608408800208C47002018E1060841
S3150805FD2028E1060830E1060848E106084CE1060818
S3150805FD3080B584B000AF78600B467B807B88022B44
S3150805FD4002D0042B03D005E01B4BFB6017E01B4BC9
S3150805FD50FB6014E0082008F0E5F90346002B27D0D8
S3150805FD6008F076F91649174808F03AF97B881946CE
S3150805FD70154808F035F9154808F032F918E0022053
S3150805FD8008F0D0F90346002B0DD008F061F91049A3
S3150805FD900C4808F025F97B8819460E4808F020F91D
S3150805FDA00A4808F01DF97968F86806F00BFD00E0C1
S3150805FDB000BF1037BD4680BD1C290020202B00201A
S3150805FDC018E1060828E106085CE1060848E1060880
S3150805FDD070E1060878E1060880B584B000AF78605A
S3150805FDE00B467B807B88202B0CD0202B0DDC082B23
S3150805FDF002D0102B03D008E01D4BFB601AE01D4B03
S3150805FE00FB6017E01C4BFB6014E0082008F08AF934
S3150805FE100346002B27D008F01BF91849184808F09F
S3150805FE20DFF87B881946174808F0DAF8164808F007
S3150805FE30D7F818E0022008F075F90346002B0DD00F
S3150805FE4008F006F911490E4808F0CAF87B881946DC
S3150805FE500F4808F0C5F80C4808F0C2F87968F8683C
S3150805FE6004F0B4F800E000BF1037BD4680BD00BFFA
S3150805FE7094AB002018AC00209CAC002018E10608BD
S3150805FE8028E106085CE1060848E1060870E1060867
S3150805FE90A0E1060880B584B000AF78600B467B8084
S3150805FEA07B88B3F5807F0DD0B3F5807F0DDC402BBD
S3150805FEB002D0802B03D008E0134BFB601AE0134BE6
S3150805FEC0FB6017E0124BFB6014E0082008F02AF9DE
S3150805FED00346002B13D008F0BBF80E490E4808F068
S3150805FEE07FF87B8819460D4808F07AF80C4808F01B
S3150805FEF077F804E07968F86802F06CFC00E000BF62
S3150805FF001037BD4680BD00BF404C0020CC500020B0
S3150805FF105855002018E1060828E10608C8E106082C
S3150805FF2048E1060880B500AF4FF4805209490A48EA
S3150805FF30EBF7F2FA084B1B6810221A62064B1B6888
S3150805FF401A68054B1B6842F010021A60002318460A
S3150805FF5080BD00BF407800208C47002080B58AB058
S3150805FF6000AF78607B685A68614BD3F8B83D1A408C
S3150805FF705F4BD3F8B83D9A4202D04FF0FF33B2E053
S3150805FF807B681B8A023B092B00F2A88001A252F85E
S3150805FF9023F000BF2100060865000608BDFF050811
S3150805FFA0DD000608AB000608DD000608DD000608C4
S3150805FFB0DD000608DD000608E30006087B689B8A5F
S3150805FFC0012B0BD107F108034A4A92E8030018608A
S3150805FFD00433198002330A0C1A7018E07B689B8A69
S3150805FFE0402B08D107F10803434A92E80300186035
S3150805FFF0043319800BE07B689B8A802B07D107F1B0
S3150806000008033E4A92E803001860043319807B68A1
S315080600109A8A7B68DB6819461046FFF73BFD61E05E
S31508060020022008F07FF80346002B0BD008F010F8DC
S315080600303349344807F0D4FF334807F0D1FF33482D
S3150806004007F0CEFF7B689B8A042B05D17B681433A1
S315080600501846FFF753FD45E07B681433184604F047
S31508060060ADF83FE07B681B7D1A464FF4EC7302FB3E
S3150806007003F3274A98187B6818334FF4EC72194627
S315080600800AF0CCF87B681B7D1A464FF4EC7302FB24
S3150806009003F31F4A1344184607F03EFB1C4B1D4A3A
S315080600A01D491E48FFF7E4FA1CE07B681433194617
S315080600B01B4806F0F7FB7B6814331946194807F000
S315080600C067FE7B6868331946174806F0EBFB7B68BC
S315080600D068331946154807F05BFE03E04FF0FF3311
S315080600E001E000BF002318462837BD4680BD00BF7D
S315080600F0344C0020E4E10608ECE10608F4E10608BB
S3150806010018E1060828E10608FCE1060848E106089B
S31508060110242D0020B8FE060808E2060818E2060896
S315080601201C290020042B0020202B0020082D002047
S3150806013080B487B000AFF8600B467A607B810023EF
S315080601407B6100233B617B6800221A7028E07B6886
S315080601501B781A46FB6813441B7803F07F023B6933
S3150806016002FA03F31A467B6913437B617B681B789D
S315080601701A46FB6813441B785BB2002B07DB7B68C1
S315080601801B780133DAB27B681A707B6915E03B691E
S3150806019007333B617B681B780133DAB27B681A70D2
S315080601A07B681B789BB27A899A42D0D87B681B787B
S315080601B00133DAB27B681A707B6918461C37BD4666
S315080601C05DF8047B7047000080B5ADF6880D00AF74
S315080601D007F68803A3F6840318600A4607F6880313
S315080601E0A3F686031A8007F6830207F68803A3F69C
S315080601F08603198807F68803A3F684031868FFF7A3
S3150806020097FFC7F8840897F883381A4607F68803C7
S31508060210A3F684031B68991807F50763D7F8842895
S315080602201846F3F781FE07F68803A3F67C031846F5
S3150806023040F664031A46002108F0FEFE07F10C0292
S3150806024007F5076323491846F4F7A8FF0346002B64
S3150806025006D007F10C031846FFF780FE002333E0A5
S31508060260022007F05FFF0346002B11D007F0F0FEC9
S3150806027019491A4807F0B4FE07F68803A3F6860353
S315080602801B881946164807F0ABFE164807F0A8FE5F
S31508060290082007F047FF0346002B14D007F0D8FEC0
S315080602A00D490E4807F09CFED7F87C38002B02D07D
S315080602B0D7F87C3800E00C4B19460C4807F090FE38
S315080602C0084807F08DFE0123184607F68807BD4637
S315080602D080BD00BFA8F7060818E1060828E1060843
S315080602E028E2060848E1060844E206084CE206083B
S315080602F080B5ADF5815D00AF07F1200343F81C0C08
S3150806030007F1200353F81C3CD3F880301B685B685A
S315080603109BB2C3F5805307F5805202F11E0213807D
S3150806032007F1200353F81C3CD3F880301B685B683A
S3150806033007F5805202F11C021380002307F5805246
S3150806034002F118021360874B1B889BB207F5805289
S3150806035002F11E0212889A4200F0A680EFF3108375
S3150806036007F5805202F10802136007F5805303F178
S3150806037008031B6807F5805202F11002136072B66D
S3150806038000BF784B1B889BB207F5805202F11E0206
S3150806039012889A4222D9734B1B889BB207F580525C
S315080603A002F11E021288D31A07F5805202F10E02CE
S315080603B013806C4B1B889BB21A466B4B134407F586
S315080603C0805202F10E02128811461846FFF7FCFE05
S315080603D007F5805303F1180318604BE0614B1B8839
S315080603E09BB2C3F5805307F5805202F10E021380BD
S315080603F05C4B1B889BB21A465B4BD11807F5805394
S3150806040003F10E031A8807F12003183B184609F06C
S3150806041005FF07F5805303F11E031B88002B11D031
S3150806042007F5805303F10E031A8807F12003183BD4
S31508060430134407F5805202F11E0212884A491846E5
S3150806044009F0ECFE07F5805303F11E031A8807F533
S31508060450805303F10E031B8813449AB207F120034F
S31508060460183B11461846FFF7AFFE07F5805303F10A
S31508060470180318603B4A07F5805303F11E031B88C9
S315080604801380384B1B889BB2B3F5805F02D1354B78
S3150806049000221A8007F5805303F110031B68002B08
S315080604A05BD162B600BF58E04FF4805200212E4851
S315080604B008F0C2FD07F1200353F81C0CEBF778F891
S315080604C007F1200353F81C3C1B6808221A6207F139
S315080604D0200353F81C3C1B6810221A6207F12003F6
S315080604E04FF48052204953F81C0CEBF715F80346CF
S315080604F007F5805202F11702137007F1200353F825
S315080605001C3C1B681A6807F1200353F81C3C1B6839
S3150806051042F010021A6007F5805303F117031B7899
S31508060520002B17D0082007F0FDFD0346002B11D037
S3150806053007F08EFD0D490E4807F052FD07F5805364
S3150806054003F117031B7819460A4807F049FD0A48B6
S3150806055007F046FD034B00221A8000BF07F58157B0
S31508060560BD4680BD409800204078002018E1060860
S3150806057028E1060860E2060848E1060880B483B062
S3150806058000AF78607B681A68064B1B689A4202D1E8
S31508060590054B01221A7000BF0C37BD465DF8047B71
S315080605A0704700BF8C4700204398002080B483B06C
S315080605B000AF78607B681A68064B1B689A4202D1B8
S315080605C0054B01221A7000BF0C37BD465DF8047B41
S315080605D0704700BF8C4700204298002080B582B03D
S315080605E000AF01237B601AE01B4B1B684C2202FBFB
S315080605F003F31A4A1344184603F0E0FD164B1B6824
S31508060600013303F03F03144A1360154B1B68013B7D
S31508060610134A13607B685A1E7A60002B04D0104B67
S315080606201B68002BE0D100E000BF01233B6009E010
S315080606300C4B1B88184600F025F83B685A1E3A608C
S31508060640002B04D0074B1B88002BF1D100E000BF16
S3150806065000BF0837BD4680BD509800205498002034
S31508060660489800204498002080B582B000AF78608C
S3150806067079680348F7F7A4FC00BF0837BD4680BD6E
S31508060680344C002080B5ADF5076D00AF024607F578
S315080606900763A3F66A031A8007F50763A3F66803D2
S315080606A0184640F664031A46002108F0C5FC0023DE
S315080606B0A7F86E3807F50763A3F66A031B88002BA7
S315080606C000F0F98007F50763A3F66A031B8803F0AB
S315080606D00103002B0FD00123A7F86E3807F108038C
S315080606E020331846FFF7C0FF07F50763A3F6680326
S315080606F003229A83DFE007F50763A3F66A031B88D6
S3150806070003F00203002B12D00223A7F86E38B7F8B7
S315080607106E2807F10803203311461846FFF708FB2B
S3150806072007F50763A3F6680304229A83C3E007F569
S315080607300763A3F66A031B8803F00403002B12D08B
S315080607400423A7F86E38B7F86E2807F1080320338E
S3150806075011461846FFF7ECFA07F50763A3F668038A
S3150806076004229A83A7E007F50763A3F66A031B889C
S3150806077003F00803002B12D00823A7F86E38B7F83B
S315080607806E2807F10803203311461846FFF724FB9F
S3150806079007F50763A3F6680305229A838BE007F530
S315080607A00763A3F66A031B8803F01003002B12D00F
S315080607B01023A7F86E38B7F86E2807F10803203312
S315080607C011461846FFF708FB07F50763A3F66803FD
S315080607D005229A836FE007F50763A3F66A031B8863
S315080607E003F02003002B12D02023A7F86E38B7F89B
S315080607F06E2807F10803203311461846FFF7ECFA68
S3150806080007F50763A3F6680305229A8353E007F5F7
S315080608100763A3F66A031B8803F04003002B12D06E
S315080608204023A7F86E38B7F86E2807F10803203371
S3150806083011461846FFF72EFB07F50763A3F6680366
S3150806084006229A8337E007F50763A3F66A031B8829
S3150806085003F08003002B12D08023A7F86E38B7F86A
S315080608606E2807F10803203311461846FFF712FBD0
S3150806087007F50763A3F6680306229A831BE007F5BE
S315080608800763A3F66A031B8803F48073002B12D04A
S315080608904FF48073A7F86E38B7F86E2807F1080381
S315080608A0203311461846FFF7F5FA07F50763A3F648
S315080608B0680306229A83B7F86E38002B2FD007F5F9
S315080608C00763A3F66803B7F86E289A82164B1A6862
S315080608D007F50763A3F668039A6107F50763A3F6A0
S315080608E068039B69002B06D107F50763A3F6680319
S315080608F04FF0FF329A6107F1080305211846FFF7FC
S3150806090057F90346002B05D0B7F86E381846FFF791
S31508060910DBF804E0B7F86E381846FFF7D5F800BFD7
S3150806092007F50767BD4680BD4C98002080B5ADF62D
S31508060930780D00AF07F67803A3F66C03186007F67A
S315080609407803A3F50763196007F67803A3F6740315
S315080609501A6007F67803A3F66403184640F6640396
S315080609601A46002108F068FB07F67803A3F664031F
S3150806097007F67802A2F674021268DA6507F67803AD
S31508060980A3F507631868DFF7ABFC0346591C07F699
S315080609907803A3F5076307F1140202F114000A4661
S315080609A0196809F03BFC07F1140303F1140207F66C
S315080609B07803A3F66C031146186804F0BDFA0220FC
S315080609C007F0B0FB0346002B14D007F041FB0F498E
S315080609D00F4807F005FB07F67803A3F6740307F135
S315080609E0140202F114011A680A4807F0F9FA0A48C5
S315080609F007F0F6FA07F114030C211846FFF7D8F89C
S31508060A0000BF07F67807BD4680BD00BF18E1060891
S31508060A1028E1060880E2060848E1060880B5ADF52D
S31508060A200B6D00AF07F50B63A3F6AC0318600A4611
S31508060A3007F50B63A3F6AE031A8007F50B63A3F651
S31508060A40A403184640F664031A46002108F0F4FA89
S31508060A5007F50B63A3F6AE031A8807F10C0303F131
S31508060A60140107F50B63A3F6AC03186804F070F9CE
S31508060A70022007F057FB0346002B1DD007F0E8FABD
S31508060A801349144807F0ACFA07F50B63A3F6A40353
S31508060A909B8A194607F50B63A3F6A403B3F816351E
S31508060AA01A4607F50B63A3F6AC031B680A4807F054
S31508060AB097FA0A4807F094FA07F10C030D21184627
S31508060AC0FFF776F800BF07F50B67BD4680BD00BF82
S31508060AD018E1060828E10608A0E2060848E106081D
S31508060AE080B5ADF5076D00AF07F50763A3F66C038A
S31508060AF0186007F50763A3F66403184640F6640309
S31508060B001A46002108F098FA07F50763A3F66C0358
S31508060B101868DFF7E5FB0346591C07F50763A3F6CE
S31508060B206C0307F10C0202F116000A46196809F069
S31508060B3075FB07F50763A3F6640301229A8202206A
S31508060B4007F0F0FA0346002B10D007F081FA0D4994
S31508060B500D4807F045FA07F50763A3F66C03196807
S31508060B600A4807F03DFA0A4807F03AFA07F10C036D
S31508060B700D211846FFF71CF800BF07F50767BD469F
S31508060B8080BD00BF18E1060828E10608C4E2060883
S31508060B9048E1060880B483B000AF78607B685B6A74
S31508060BA05B6803F04073002B14BF01230023DBB2F6
S31508060BB018460C37BD465DF8047B7047B0B590B04D
S31508060BC002AF786007F13003002219462C48E7F78A
S31508060BD0C2FA07F11C03002219462948E7F7D8F98D
S31508060BE07B6803F174047B685B6A03F1090507F100
S31508060BF01C0307F1300207F10C0022490091102167
S31508060C0007F034F902467B68DB68013301930092E4
S31508060C102B461D4A4021204608F054F978637B6B1B
S31508060C203F2B13DD082007F07DFA0346002B0DD06F
S31508060C3007F00EFA1549164807F0D2F97A6B4021DD
S31508060C40144807F0CDF9144807F0CAF9022007F048
S31508060C5069FA0346002B0ED007F0FAF90B490C4839
S31508060C6007F0BEF97B68743319460C4807F0B8F9DD
S31508060C70094807F0B5F900BF3837BD46B0BD00BF0D
S31508060C803044002034E3060850E306085CE3060809
S31508060C9060E3060868E306088CE3060890E3060898
S31508060CA080B582B000AF78607B685B7A062B25D85C
S31508060CB07B685B7A062B21D8022007F033FA0346AF
S31508060CC0002B33D007F0C4F92049214807F088F9E4
S31508060CD07B685B7A1F4A1B0113440C3319687B68C9
S31508060CE09B7A1C4A1B0113440C331B681A461A487E
S31508060CF007F076F9194807F073F917E0022007F0A6
S31508060D0011FA0346002B11D007F0A2F90F4910482D
S31508060D1007F066F97B685B7A19467B689B7A1A46FA
S31508060D200F4807F05DF90D4807F05AF97B685A7AB5
S31508060D307B681A727B689A7A7B685A727B6808227D
S31508060D409A7200BF0837BD4680BD00BF5CE3060839
S31508060D5060E30608F8000708ACE306088CE306080D
S31508060D60CCE3060880B586B000AF7860E2F7A0FB4C
S31508060D7038617B68DB691B69FB6000237B617B68DE
S31508060D80002B49D0FB68002B04D03A69FB68D31AB6
S31508060D907B6159E07B68DB699B78022B20D0022BA6
S31508060DA023DC002B02D0012B0DD01EE07B685B6A84
S31508060DB0184603F035F80346002B40D07B68DB69F6
S31508060DC03A691A613BE07B685B6A184603F052F893
S31508060DD00346002B35D07B68DB693A691A6130E031
S31508060DE07B68DB693A691A612EE0082007F09AF9EA
S31508060DF00346002B27D007F02BF91649164807F0A5
S31508060E00EFF87B68DB699B781946144807F0E8F81B
S31508060E10134807F0E5F816E0082007F083F90346B5
S31508060E20002B11D007F014F90A490B4807F0D8F831
S31508060E300C4807F0D5F80A4807F0D2F804E000BFD0
S31508060E4002E000BF00E000BF7B6918461837BD46BA
S31508060E5080BD00BF5CE3060860E30608ECE3060807
S31508060E608CE3060810E4060890B585B000AF7860EE
S31508060E7039607868FFF776FF0346114AA2FB032313
S31508060E809B09FB60FA683B689A428CBF01230023DC
S31508060E90FB72FB7A002B0DD07B6803F58163094A42
S31508060EA01C46134607CB20606160A2601A889B78A9
S31508060EB0A281A373FB7A18461437BD4690BD00BFB8
S31508060EC0D34D62101CE40608B0B586B000AF78604C
S31508060ED00023FB750023BB757B685B6A9B6D3B61CC
S31508060EE07B685B6A184602F0DDFDF8607B685B6A1C
S31508060EF0184602F02CFD0346BB607B685B6A5B6D91
S31508060F0007EE903AB8EEE77AFB6807EE903AF8EEFF
S31508060F10E77AB4EEE77AF1EE10FACCBF012300239E
S31508060F20BB757B68DB699B78002B34D1BB7D002BB0
S31508060F3005D07B68DB691B6BFA689A420BDD7B6812
S31508060F40DB691B6A7A68D26892F8652002FB03F3A6
S31508060F50BA689A4201DB012300E00023FB75FB7D94
S31508060F6003F00103FB75FB7D002B0AD07B6803F5AE
S31508060F708163224A1C4615460FCD20606160A26031
S31508060F80E3607B685B6AFA6807EE902AF8EEE77A0A
S31508060F90C3ED147A2CE07B68DB699B78012B25D197
S31508060FA0BB68002B0DDB7B68DB691B6B7A68D2682E
S31508060FB092F8652002FB03F3BA689A4201DC01231C
S31508060FC000E00023FB75FB7D03F00103FB75FB7D43
S31508060FD0002B0DD07B6803F58163094A1C46154626
S31508060FE00FCD20606160A260E36001E0FB7D00E052
S31508060FF0FB7D18461837BD46B0BD00BF2CE406086B
S315080610003CE40608B0B584B000AF78600023FB73ED
S315080610107B685B6A184602F0C1FD87ED020AD7EDC2
S31508061020027AB0EEE77A7B68DB69D3ED0D7AB4EE21
S31508061030E77AF1EE10FACCBF01230023FB73FB7B9C
S31508061040002B0FD07B6803F58163094A1D461446B3
S315080610500FCC28606960AA60EB602388A2782B8289
S315080610601346AB74FB7B18461037BD46B0BD00BFAA
S315080610704CE40608B0B584B000AF78600023FB736D
S315080610807B685B6A184602F089FC87ED020A7B686C
S31508061090DB69D3ED0A7A97ED027AB4EEE77AF1EED2
S315080610A010FACCBF01230023FB73FB7B002B0CD065
S315080610B07B6803F58163074A1D4614460FCC2860EC
S315080610C06960AA60EB6023782B74FB7B1846103799
S315080610D0BD46B0BD60E40608B0B584B000AF78601A
S315080610E00023FB737B68DB69002B00F0F6807B68C0
S315080610F093F82130002B01D00123FB737B68DB694B
S315080611009B78022B00F08C80022B00F3BF80002B05
S3150806111002D0012B42D0B9E07B685B6A184602F01A
S315080611207FFE0346002B00F0D5807868FFF7CCFED5
S3150806113003461A46FB7B1343DBB2002B14BF012377
S315080611400023FB737868FFF75DFF03461A46FB7BA9
S315080611501343DBB2002B14BF01230023FB73786805
S31508061160FFF788FF03461A46FB7B1343DBB2002BC1
S3150806117014BF01230023FB737B68DB69DB6A194608
S315080611807868FFF771FE03461A46FB7B1343DBB204
S31508061190002B14BF01230023FB739BE07B685B6A65
S315080611A0184602F067FE0346002B00F0958078681D
S315080611B0FFF78AFE03461A46FB7B1343DBB2002B70
S315080611C014BF01230023FB737868FFF71BFF03464A
S315080611D01A46FB7B1343DBB2002B14BF01230023FD
S315080611E0FB737868FFF746FF03461A46FB7B1343ED
S315080611F0DBB2002B14BF01230023FB737B68DB6974
S31508061200DB6A19467868FFF72FFE03461A46FB7B04
S315080612101343DBB2002B14BF01230023FB735BE0E9
S315080612207B68DB69D3ED077AF5EE407AF1EE10FABC
S315080612301AD07B685B6A184602F0B0FBB0EE407AB5
S315080612407B68DB69D3ED077AB4EEE77AF1EE10FA36
S315080612504CBF01230023DBB21A46FB7B1343002B44
S3150806126014BF01230023FB737B68DB699B69194658
S315080612707868FFF7F9FD03461A46FB7B1343DBB28C
S31508061280002B14BF01230023FB7326E07B6803F5B6
S315080612908163144A1C4615460FCD20606160A2601C
S315080612A0E360102006F03EFF0346002B0FD006F03B
S315080612B0CFFE0D490D4806F093FE7B68DB699B78E1
S315080612C019460B4806F08CFE0A4806F089FE0123E5
S315080612D0FB7302E000BF00E000BFFB7B1846103731
S315080612E0BD46B0BD74E406085CE3060860E3060876
S315080612F084E406088CE3060880B584B000AF7860F7
S315080613007B689A697B68DA617B6800225A607B6823
S315080613105B6A00225A607B687433402200211846AD
S3150806132007F08AFE7868FFF7BBFC7B685B6A0021D4
S31508061330184602F0F7FC7B68012283F854207B687E
S315080613405B6A00225A607B68114A934204D1114BA4
S31508061350012283F8F02A09E07B680F4A934205D1F1
S315080613600C4B03F58053022283F82425786801F08E
S315080613703FFC7B689B7AFB737B68FA7B9A727B6871
S315080613800022C3F8042400BF1037BD4680BD00BF3F
S31508061390404C00202C000020CC50002080B483B09E
S315080613A000AF78607B6801229A727B685B7A062BA7
S315080613B07B68002283F8022200BF0C37BD465DF81B
S315080613C0047B704780B483B000AF786000BF0C37E3
S315080613D0BD465DF8047B704780B582B000AF78607D
S315080613E07B6803F5816314222021184607F024FE3C
S315080613F07868FFF755FC7B685B6A0021184602F099
S3150806140091FC00BF0837BD4680BD80B582B000AFE7
S3150806141078600021786801F00AFC7B685B6A1846E2
S3150806142002F0A4FC00BF0837BD4680BD80B582B071
S3150806143000AF78607B68DA697B689B699A4202D155
S315080614407868FFF7BBFB00BF0837BD4680BD0000BE
S31508061450F0B585B002AF78607868FFF721FC7B683F
S315080614605B6A0121184602F05DFC022006F05AFE68
S315080614700346002B21D006F0EBFD3349334806F028
S31508061480AFFD7B685B6A1B781C46314800F0DAFCC0
S3150806149003461D462F4800F0D5FC03461E462E4831
S315080614A000F0D0FC0346009333462A4621462B48CD
S315080614B006F096FD2A4806F093FD7B68244A934271
S315080614C013D1244800F0BEFC034683F00103DBB2C1
S315080614D0002B05D11F4800F0D6FC0346002B04D086
S315080614E000212048F6F79CFA29E07B68194A9342B8
S315080614F013D1174800F0A6FC034683F00103DBB2B6
S31508061500002B05D1134800F0BEFC0346002B04D079
S3150806151000211448F6F784FA11E07B6893F8B4308C
S315080615201946114A4FF4EC7301FB03F313441B786F
S31508061530012B04D100210B48F6F772FAFFE700BF24
S315080615400C37BD46F0BD00BF5CE3060860E3060837
S31508061550404C0020CC500020585500209CE4060834
S315080615608CE30608344C0020242D002080B584B070
S3150806157000AF78600021786801F059FB7B685B6AE2
S31508061580184602F0F3FBE1F793FFF8607B681B69E0
S31508061590FA68D31A7A68928A934206D90021786835
S315080615A001F0C6F97B68FA681A6100BF1037BD46AE
S315080615B080BD000080B582B000AF78607B689B7AF4
S315080615C0012B43D07B68DB699B78022B1CD0022B48
S315080615D025DC002B02D0012B0BD020E07B685B6A4A
S315080615E00321184602F09EFB01211A48F6F718FA57
S315080615F02CE07B685B6A0421184602F093FB0121FE
S315080616001448F6F70DFA21E07B685B6A022118464C
S3150806161002F088FB00210F48F6F702FA16E00820C2
S3150806162006F080FD0346002B10D006F011FD0A4988
S315080616300A4806F0D5FC7B68DB699B781946084894
S3150806164006F0CEFC074806F0CBFCFFE700BF0837D6
S31508061650BD4680BD344C00205CE3060860E30608F8
S31508061660B8E406088CE3060890B585B000AF78603E
S315080616707868FFF715FBE1F71BFF02467B681A61D8
S315080616807B68DB69002B00F0A9807B68DC69E1F7DB
S315080616900FFF0346A3607B68DB6900221A617B6835
S315080616A05B6A184602F02CFA7B685B6A184602F0F3
S315080616B051FA7B68DB699B78032B40D801A252F85E
S315080616C023F000BFD51606080117060829170608C7
S315080616D06D1706087B68586A7B68DB69D9697B6873
S315080616E0DB691B6A1A4602F0D1FA7B685B6A032134
S315080616F0184602F017FB01214548F6F791F936E038
S315080617007B685A6A7B68DB691C331946104602F001
S3150806171089FA7B685B6A0421184602F003FB0121F5
S315080617203B48F6F77DF922E07B685B6A0221184694
S3150806173002F0F8FA00213648F6F772F917E008209B
S3150806174006F0F0FC0346002B11D006F081FC314961
S31508061750314806F045FC7B68DB699B7819462F48B5
S3150806176006F03EFC2E4806F03BFC00E000BF7B6810
S31508061770002283F821207B68DA697B689B699A428E
S3150806178012D17B684033002219462648E6F700FC44
S315080617907B685B6A9B6DFB60FB6803F56A731422BC
S315080617A02021184607F048FC7B6803F58163142256
S315080617B02021184607F040FC786801F019FA7B687C
S315080617C05B6A00221A727B68DA697B689B699A42A9
S315080617D019D10121786801F0ABF814E0102006F05B
S315080617E0A1FC0346002B0BD006F032FC09490A4831
S315080617F006F0F6FB0C4806F0F3FB094806F0F0FB84
S315080618007B6805229A7200BF1437BD4690BD00BF95
S31508061810344C00205CE3060860E30608B8E40608CC
S315080618208CE3060830440020D4E4060880B584B064
S3150806183000AF78607B685B6A184602F097FAE1F7AC
S3150806184037FEF8607B681B69FA68D31A7A68928A43
S31508061850934206D90021786801F06AF87B68FA6827
S315080618601A617868FFF738FC0346002B11D07B68A7
S3150806187004229A727B685B6A00221A727B68DB69A5
S315080618805B68002B40F0BF807B684FF080425A6049
S31508061890B9E07868FFF77EF90346002B5ED07B68C9
S315080618A05B6A93F90830DBB20133DAB27B685B6AA6
S315080618B052B21A727B685B6A93F90830042B40F3B6
S315080618C0A280102006F02EFC0346002B15D006F043
S315080618D0BFFB5149514806F083FB7B685B6A59682A
S315080618E07B685B6A1B781A467B685B6A09334C48D1
S315080618F006F076FB4B4806F073FB7B6805229A7260
S315080619007B68D3F80434002B7DD0022006F00AFC47
S315080619100346002B11D006F09BFB3F493F4806F0CD
S315080619205FFB7B68D3F804147B6874331A463E4813
S3150806193006F056FB3B4806F053FB7B6803F1740139
S315080619407B6803F501727B68D3F80434374802F0DE
S31508061950F7FE7B680022C3F8042454E07B685B6ABA
S31508061960184601F0DAFC034683F00103DBB2002BC6
S3150806197049D0102006F0D6FB0346002B13D006F0F6
S3150806198067FB2549254806F02BFB7B685B6A1B78AF
S3150806199019467B685B6A09331A46254806F020FB12
S315080619A0204806F01DFB7B6805229A727B68D3F8E9
S315080619B00434002B27D0022006F0B4FB0346002B7E
S315080619C011D006F045FB1449144806F009FB7B6856
S315080619D0D3F804147B6874331A46164806F000FBD7
S315080619E0104806F0FDFA7B6803F174017B6803F577
S315080619F001727B68D3F804340C4802F0A1FE7B68B2
S31508061A000022C3F804240021786801F010F900BF03
S31508061A101037BD4680BD00BF5CE3060860E30608CE
S31508061A20FCE406088CE3060834E506085CE50608C1
S31508061A306CE50608A4E5060880B582B000AF7860AE
S31508061A407B685B6A0121184602F06CF97B685B6A5B
S31508061A50184602F08BF900BF0837BD4680BD90B51B
S31508061A6083B000AF78607868FFF71AF97B685B6A17
S31508061A700121184602F056F97B685B6A184602F099
S31508061A8075F97B68DC69E1F713FD0346E36000BF79
S31508061A900C37BD4690BD80B582B000AF78607B68CE
S31508061AA05B6A0121184600F0A1F90346002B1AD0F5
S31508061AB07B68DB695B68002B03D17B6806229A7212
S31508061AC007E07B68DB695A687B68DA617B6803220C
S31508061AD09A720021786801F0AAF87B685B6A9B6DA2
S31508061AE01846FDF7DDFC00BF0837BD4680BD80B445
S31508061AF083B000AF786000BF0C37BD465DF8047B3F
S31508061B007047000080B582B000AF78607868FFF746
S31508061B10C7F87B685B6A5A687B685A607B685B6A43
S31508061B200121184602F0FEF80821034801F02CFAAE
S31508061B3000BF0837BD4680BD84AB002080B582B09D
S31508061B4000AF7860786800F0B5F900BF0837BD467B
S31508061B5080BD80B483B000AF78607B689A697B687D
S31508061B60DA6100BF0C37BD465DF8047B7047000096
S31508061B70F0B585B002AF78607868FFF791F87B68AC
S31508061B805B6A0121184602F0CDF80921784801F06A
S31508061B90FBF9022006F0C6FA0346002B22D006F009
S31508061BA057FA7449744806F01BFA744800F04AF95D
S31508061BB003461C46724B93F8F03A1D46714800F0E8
S31508061BC041F903461A466E4B03F5805393F82435B6
S31508061BD0009313462A4621466B4806F001FA6B48D7
S31508061BE006F0FEF9654800F02DF90346002B28D0C5
S31508061BF0634B93F8F03A032B23D1022006F092FAA8
S31508061C000346002B16D006F023FA5A495A4806F018
S31508061C10E7F95F4B93F8C03019465D4B93F84C3598
S31508061C201A465B4B93F8D8395A4806F0D9F95748F5
S31508061C3006F0D6F9564B93F8C0207B6883F8B4208D
S31508061C402FE0504800F0FEF80346002B29D04C4BEF
S31508061C5003F5805393F82435032B22D1022006F088
S31508061C6061FA0346002B16D006F0F2F941494248B6
S31508061C7006F0B6F9464B93F8C0301946444B93F826
S31508061C804C351A46424B93F8D839434806F0A8F914
S31508061C903E4806F0A5F93E4B93F84C257B6883F833
S31508061CA0B420022006F03EFA0346002B26D006F09C
S31508061CB0CFF93049304806F093F97B685B6A1B789A
S31508061CC01C462E4800F0BEF803461D462D4800F071
S31508061CD0B9F803461E46314800F0B4F803461A46D4
S31508061CE07B6893F8B4300193009233462A46214618
S31508061CF02B4806F075F9254806F072F97B681F4ADF
S31508061D0093420DD11F4800F09DF8034683F0010360
S31508061D10DBB2002B04D000211D48F5F781FE23E02F
S31508061D207B68184A93420DD1144800F08BF803468F
S31508061D3083F00103DBB2002B04D000211448F5F723
S31508061D406FFE11E07B6893F8B4301946154A4FF4CE
S31508061D50EC7301FB03F313441B78012B04D1002112
S31508061D600B48F5F75DFEFFE700BF0C37BD46F0BD2D
S31508061D7084AB00205CE3060860E30608404C0020B6
S31508061D802C000020CC500020D8E506088CE306086F
S31508061D90344C002000E6060824E6060858550020B6
S31508061DA048E60608242D002080B582B000AF786084
S31508061DB00021786800F03BFF7B685B6A184601F0ED
S31508061DC0D5FF00BF0837BD4680BD80B582B000AFD7
S31508061DD078607B6803F5816314222021184607F08C
S31508061DE02BF900BF0837BD4680BD000080B485B014
S31508061DF000AF78600B46FB707B681B78032B0FD108
S31508061E000E4BFB600E4BBB60FB685B7DFA789A420D
S31508061E100DD1BB685B7DFA789A4208D1012307E0A3
S31508061E207B685B7DFA789A4201D1012300E000239C
S31508061E3018461437BD465DF8047B704794AB0020F8
S31508061E4018AC002080B483B000AF78607B68002B9E
S31508061E5012D07B685B7A022B07D07B685B7A032BEA
S31508061E6003D07B685B7A042B01D1012300E00023AB
S31508061E7003F00103DBB200E0002318460C37BD4623
S31508061E805DF8047B704780B483B000AF78607B68E2
S31508061E90002B07D07B685B7A022B0CBF0123002335
S31508061EA0DBB200E0002318460C37BD465DF8047B16
S31508061EB070470000F0B587B002AF78607B68002BE4
S31508061EC000F07F817868FFF7BDFF0346002B05D033
S31508061ED07B685B6843F000527B685A607B6806221B
S31508061EE09A72022006F01EF90346002B22D006F047
S31508061EF0AFF8B649B64806F073F8B648FFF7A2FF34
S31508061F0003461C46B44B93F8F03A1D46B348FFF70A
S31508061F1099FF03461A46B04B03F5805393F82435C2
S31508061F20009313462A462146AD4806F059F8AD48A9
S31508061F3006F056F8A748FFF785FF0346002B28D074
S31508061F40A54B93F8F03A032B23D1022006F0EAF8BC
S31508061F500346002B16D006F07BF89C499C4806F0EB
S31508061F603FF8A14B93F8C03019469F4B93F84C356A
S31508061F701A469D4B93F8D8399C4806F031F8994885
S31508061F8006F02EF8984B93F8C0207B6883F8B420A1
S31508061F902FE09248FFF756FF0346002B29D08E4BB3
S31508061FA003F5805393F82435032B22D1022006F035
S31508061FB0B9F80346002B16D006F04AF88349844832
S31508061FC006F00EF8884B93F8C0301946864B93F8F8
S31508061FD04C351A46844B93F8D839854806F000F8E6
S31508061FE0804805F0FDFF804B93F84C257B6883F8FF
S31508061FF0B420022006F096F80346002B26D006F0F3
S3150806200027F87249724805F0EBFF7B685B6A1B780E
S315080620101C467048FFF716FF03461D466F48FFF72E
S3150806202011FF03461E467348FFF70CFF03461A467A
S315080620307B6893F8B4300193009233462A462146C4
S315080620406D4805F0CDFF674805F0CAFF7B68614A0B
S3150806205093420DD16148FFF7F5FE034683F0010367
S31508062060DBB2002B04D000215F48F5F7D9FC22E045
S315080620707B685A4A93420DD15648FFF7E3FE034654
S3150806208083F00103DBB2002B04D000215648F5F78E
S31508062090C7FC10E07B6893F8B4301946574A4FF4E4
S315080620A0EC7301FB03F313441B78012B03D10021C0
S315080620B04D48F5F7B5FC7B6893F8B430FB607B684A
S315080620C05B6A1B78012B3CD1434B93F8F02A424BAB
S315080620D083F8962B404B012283F8F02A3E4BD3F819
S315080620E0EC3A5B6A05225A75444AFB684FF4EC716A
S315080620F001FB03F313441B78012B60D1364B03F51A
S31508062100805393F82425344B03F5805383F8CA2560
S31508062110314B03F58053022283F824252E4B03F50B
S315080621208053D3F820355B6A05225A752E4B06224C
S3150806213083F8A2242C4BD3F8B0342B4AC2F8B4340D
S315080621403DE07B685B6A1B78022B38D1224B03F588
S31508062150805393F82425204B03F5805383F8CA2524
S315080621601D4B03F58053022283F824251A4B03F5E3
S315080621708053D3F820355B6A05225A751F4AFB68D1
S315080621804FF4EC7101FB03F313441B78012B16D1AC
S31508062190114B93F8F02A104B83F8962B0E4B012217
S315080621A083F8F02A0C4BD3F8EC3A5B6A05225A7583
S315080621B00D4B06229A750C4B5B6A0B4A93620123F2
S315080621C000E0002318461437BD46F0BD5CE3060852
S315080621D060E30608404C00202C000020CC50002066
S315080621E084E606088CE30608344C002000E6060852
S315080621F024E6060858550020A8E60608242D0020D9
S3150806220080B582B000AF78607B68002B0BD0786803
S31508062210FFF718FE0346002B03D07B68012283F8D6
S315080622202120012300E0002318460837BD4680BD55
S3150806223080B584B000AF78607B68002B00F0858097
S315080622407B685B6A184601F068F8034683F0010363
S31508062250DBB2002B04D07B6805229A72002375E050
S315080622607B685B7A062B03D17B6800229A7210E09C
S315080622707B685B7A052B09D17B6803225A727B68D1
S3150806228003229A727B6800225A6002E07B68032260
S315080622909A727B6893F8B430FB602E4AFB684FF453
S315080622A0EC7101FB03F313441B78012B45D12A4B2A
S315080622B093F8F02A284B83F8962B274B032283F8A4
S315080622C0F02A254B03F5805393F82425224B03F56C
S315080622D0805383F8CA25204B03F58053032283F8D7
S315080622E024257B681D4A934206D17B6893F8B42059
S315080622F01B4B83F8C02020E07B681A4A934206D116
S315080623007B6893F8B420164B83F84C2515E07B6852
S31508062310154A934211D17B6893F8B420104B83F87B
S31508062320C0207B6893F8B4200D4B83F84C257B6850
S3150806233093F8B4200A4B83F8D8297B685B6823F0A0
S3150806234000527B685A60012300E0002318461037BE
S31508062350BD4680BD242D00202C000020404C0020C0
S31508062360344C0020CC5000205855002080B485B047
S3150806237000AF78607B6893F8B430FB600B4AFB685D
S315080623804FF4EC7101FB03F313441B78012B7B68AE
S31508062390002B04D07B6800229A72012300E00023F2
S315080623A018461437BD465DF8047B7047242D002071
S315080623B080B584B000AF78607B68002B1BD07B683D
S315080623C093F8B430FB600E4AFB684FF4EC7101FBD8
S315080623D003F313441B78012B7868FFF733FD03468E
S315080623E0002B08D07B6802229A727B68012283F842
S315080623F05420012300E0002318461037BD4680BD49
S31508062400242D002080B483B000AF78607B68002B4B
S3150806241007D07B689B69002B14BF01230023DBB218
S3150806242000E0002318460C37BD465DF8047B704766
S3150806243080B582B000AF78607B68002B40D07B6899
S315080624409B7A082B12D17B685B7A1F4A1B011344B9
S3150806245004331B68002B33D07B685B7A1A4A1B0148
S31508062460134404331B687868984729E07B685B7AC7
S31508062470062B11D87B685B7A134A1B01134408336B
S315080624801B68002B08D07B685B7A0F4A1B0113442E
S3150806249008331B68786898477B689B7A062B0FD89B
S315080624A07B689B7A084A1B0113441B68002B07D0D6
S315080624B07B689B7A044A1B0113441B68786898470D
S315080624C000BF0837BD4680BDF800070880B582B04C
S315080624D000AF78600B46FB70FB784C4A4FF4EC71FC
S315080624E001FB03F313441B78012B7868FFF7CBFC33
S315080624F00346002B11D07B685B6A9B6D002B07D0C1
S315080625007B685B6A9B6D012207211846FCF7B4FFB8
S315080625107868FFF78DFE034674E07868FFF792FC45
S315080625200346002B13D0082005F0FCFD0346002BB6
S315080625300BD005F08DFD3649364805F051FD36486F
S3150806254005F04EFD354805F04BFD05235AE0FB78A8
S31508062550092B44D8FB784FF4EC7202FB03F32B4A9B
S3150806256013447968184604F001FF7B68FA7883F8FD
S31508062570B4207B685B6A9B6D002B16D07B685B6A0A
S315080625809B6D012207211846FCF776FF7B685B6A76
S315080625909B6D7A68D268C3F87C297B685B6A9B6DF3
S315080625A07A6892F8B42083F885297B68283300224E
S315080625B019461B48E5F7CFFD7B682C3300221946DA
S315080625C01748E5F7E5FC7B68012283F802227B6853
S315080625D000229A657868FFF72BFE034612E0082064
S315080625E005F0A0FD0346002B0BD005F031FD084982
S315080625F0084805F0F5FC0B4805F0F2FC074805F017
S31508062600EFFC012318460837BD4680BD242D002059
S315080626105CE3060860E30608E0E606088CE30608B7
S31508062620304400200CE7060880B584B000AF786011
S315080626307B68002B2AD07B6893F8B430FB601F4A68
S31508062640FB684FF4EC7101FB03F313441B78012B6B
S315080626507B685B6A9B6D002B18D07868FFF7D0FD00
S315080626607B685B6A9B6D1846FCF73DFF034683F05D
S315080626700103DBB2002B07D07B685B6A9B6D0522DC
S3150806268007211846FCF7F8FE012312E0082005F094
S3150806269049FD0346002B0BD005F0DAFC0849094824
S315080626A005F09EFC084805F09BFC084805F098FCD2
S315080626B0002318461037BD4680BD00BF242D0020CE
S315080626C05CE3060860E3060844E706088CE30608A2
S315080626D080B584B000AF78607B68002B1ED07B6817
S315080626E093F8B430FB60104AFB684FF4EC7101FBB3
S315080626F003F313441B78012B7868FFF7DBFB7B682B
S315080627005B6A9B6D002B07D07B685B6A9B6D022212
S3150806271007211846FCF7B0FE012300E000231846F9
S315080627201037BD4680BD00BF242D002080B582B077
S3150806273000AF786039603B681B78052B25D801A25F
S3150806274052F823F0B72706085D27060873270608F2
S315080627507B270608832706086B2706083B689B78A7
S3150806276019467868FFF7B2FE28E07868FFF75CFF37
S3150806277024E07868FFF7ACFF20E07868FFF718FED4
S315080627801CE07868FFF7F2FD18E0082005F0CAFC99
S315080627900346002B11D005F05BFC0A490A4805F0EA
S315080627A01FFC3B681B781946084805F019FC0848BB
S315080627B005F016FC01E000BF00E000BF00BF0837C1
S315080627C0BD4680BD5CE3060860E3060858E70608CA
S315080627D08CE3060880B58AB000AF786039607B68F6
S315080627E05B6A184600F076FD02463B681A603B6847
S315080627F01A687B685B681A433B681A607B685B6A7B
S315080628009B6D93F88439032B04D1474B5A7D3B6855
S315080628101A7103E07B685A7A3B681A7107F10C034A
S3150806282019467868F6F7E6FC7B6893F82E3019465B
S315080628307B6893F82D301A4613461B019B1A9B0094
S31508062840CA187B6893F82C3019464FF4616301FB66
S3150806285003F313441A463B689A607B685B6A9B6D6A
S3150806286093F88439032B0AD12F4B9B6A1A783B684F
S315080628701A732D4B9B6A5A783B689A7309E07B68EC
S31508062880DB691A783B681A737B68DB695A783B6892
S315080628909A737B685B6A9B6D93F885391A464FF47B
S315080628A0EC7302FB03F3214A13447B627B68DB69FC
S315080628B01B781A461346DB0013449B0068337A6A6C
S315080628C0134404333B623B6A1B78002B0DD03B6AE4
S315080628D01B78012B07D03B6A1B78022B01D10223F2
S315080628E004E0052302E0012300E000233A68537357
S315080628F07B685B6A9B6D93F88439032B08D10A4B70
S315080629001A6B3B6810331946104601F05FFB07E061
S315080629107B685A6A3B6810331946104601F056FB1F
S3150806292000BF2837BD4680BD344C0020242D002024
S3150806293090B58FB000AF78600B46FB700023FB623C
S3150806294007F1200300221A605A609A6005F02AFBEE
S3150806295004467B6803F128027B682C331946104621
S3150806296005F0F8FA0346E31A3B627B68DB691B78CF
S3150806297087F824307B68DB695B7887F825307B68BF
S315080629805B6A184601F08EF803461BB2FB847B6821
S315080629905B6A184600F0DBFF03469BB23B857B68FD
S315080629A05B6A184600F0FAFFF0EE407A9FED7D7AEC
S315080629B067EE877AFDEEE77A17EE903A1BB27B85C5
S315080629C07B6893F80232002B07D000233B6200236C
S315080629D03B857B68002283F8022207F12003184606
S315080629E0FCF7CDFD07F1200207F12C036E491846C0
S315080629F0F3F757FC034687F8373097F83730002B36
S31508062A0013D1082005F08EFB0346002B0BD005F0E4
S31508062A101FFB6649664805F0E3FA664805F0E0FADC
S31508062A20654805F0DDFA0023B8E07B68D3F8043478
S31508062A30C3F50072FB6A9A4240D2082005F072FB7B
S31508062A400346002B12D005F003FB5849584805F0F3
S31508062A50C7FAF96A7B68D3F80434C3F500731A46CD
S31508062A60564805F0BDFA544805F0BAFA022005F0AC
S31508062A7059FB0346002B11D005F0EAFA4B494C4898
S31508062A8005F0AEFA7B68D3F804147B6874331A46E5
S31508062A904B4805F0A5FA484805F0A2FA7B6803F103
S31508062AA074017B6803F501727B68D3F804344548DC
S31508062AB001F046FE7B680022C3F80424F86A7B68A0
S31508062AC0D3F8043403F500737A68134404331946B5
S31508062AD0FCF72DFD38637B68D3F804243B6B134457
S31508062AE003F500737A681344191D7B68D3F8042422
S31508062AF03B6B1344C3F5007207F10C031846F2F74D
S31508062B001FFF7B68D3F80424F96A3B6B0B441A4407
S31508062B107B68C3F8042407F1200207F10C0322494F
S31508062B201846F3F77AFB034687F8373097F83730AF
S31508062B3083F00103DBB2002B01D000232EE07B686D
S31508062B40D3F80434B3F5007F27D3022005F0EAFA52
S31508062B500346002B11D005F07BFA1449144805F0F4
S31508062B603FFA7B68D3F804147B6874331A4614480C
S31508062B7005F036FA104805F033FA7B6803F1740156
S31508062B807B6803F501727B68D3F804340D4801F0B7
S31508062B90D7FD7B680022C3F80424012318463C3770
S31508062BA0BD4690BD0000C84254FB06085CE306080D
S31508062BB060E3060878E706088CE3060894E706083D
S31508062BC0C0E706085CE5060880B582B000AF7860FF
S31508062BD039607B68DB6801331A460449386806F0AB
S31508062BE0A5F900BF0837BD4680BD00BFDCE7060865
S31508062BF080B582B000AF78607B68B833A42200211E
S31508062C00184606F019FA7B6803F5AE73A422002166
S31508062C10184606F011FA7B68012283F800227B68BB
S31508062C20012283F8012200BF0837BD4680BD80B55C
S31508062C3082B000AF78600B46FB70FB78002B0ED08F
S31508062C407B68B83319467868FFF7C4FD7B680022A7
S31508062C5083F800227B68012283F8012206E07B6856
S31508062C6003F5AE7319467868FFF7B4FD00BF083753
S31508062C70BD4680BD80B584B000AF78607868FFF73A
S31508062C80E1F8034683F00103DBB2002B29D04FF4A3
S31508062C900073FB607B68D3F80434002B21D07B686D
S31508062CA0012283F803227B68D3F80434FA68934230
S31508062CB028BF1346FB607B6803F174017B6803F53E
S31508062CC00172FB68094801F03BFD7B68D3F80424CA
S31508062CD0FB68D21A7B68C3F804247B68002283F84B
S31508062CE0032200BF1037BD4680BD00BF5CE5060857
S31508062CF080B483B000AF78607B68002B02D07B680F
S31508062D0000221A70002318460C37BD465DF8047B68
S31508062D10704780B483B000AF78607B68002B09D013
S31508062D207B681B7803F00203002BCCBF0123002324
S31508062D30DBB200E0002318460C37BD465DF8047B77
S31508062D407047000080B58CB000AF3B4683E80300A9
S31508062D503B68002B42D0E4F7FDFCF862A023BB6271
S31508062D60BB6A0133FA6AB2FBF3F23B68B2FBF3F3CA
S31508062D70013B7B621B4B1C4A1A601A4ABB6A5360A4
S31508062D80184B00229A60174A7B6AD360154B0022B5
S31508062D901A61144B00229A611248E6F7D5F807F12C
S31508062DA0080300221A605A609A60DA601A615A6144
S31508062DB09A616023BB607B6A5B08FB6000233B6104
S31508062DC00023BB6107F10803042219460548E6F7FE
S31508062DD09BFF04210348E6F76FF900E000BF30378A
S31508062DE0BD4680BD74450020000C004080B582B003
S31508062DF000AF7860022005F095F90346002B11D03E
S31508062E0005F026F91149124805F0EAF87B685B7859
S31508062E1019467B689B781A460E4805F0E1F80E486F
S31508062E2005F0DEF87B685A787B681A707B689A78AC
S31508062E307B685A707B6805229A70E0F739FB02466A
S31508062E407B685A6000BF0837BD4680BDE0E70608BE
S31508062E50E8E70608F0E7060808E8060880B582B037
S31508062E6000AF78607868FFF7C1FF00BF0837BD4630
S31508062E7080BD000080B582B000AF786000210348A7
S31508062E8000F082F800BF0837BD4680BD84AB002037
S31508062E9080B483B000AF786000BF0C37BD465DF8D6
S31508062EA0047B704780B582B000AF78607868FFF714
S31508062EB09DFF00BF0837BD4680BD80B483B000AF0E
S31508062EC0786000BF0C37BD465DF8047B704780B452
S31508062ED083B000AF78607B6800221A7200BF0C3791
S31508062EE0BD465DF8047B704780B582B000AF786052
S31508062EF07868FFF77BFF7B68DB681A687B681B7A4E
S31508062F00DB00134493E80300FFF71CFF00BF0837EE
S31508062F10BD4680BD80B582B000AF7860E0F7C8FAD6
S31508062F2002467B685B68D21A7B68DB6819687B6829
S31508062F301B7ADB000B445B689A4202D97B6802223D
S31508062F409A7000BF0837BD4680BD000080B582B0BE
S31508062F5000AF786004210B48E6F7C0F97B681B7A50
S31508062F600133DAB27B681A727B681A7A7B68DB6881
S31508062F701B799A4202D37B6801229A7000BF0837EA
S31508062F80BD4680BD7445002080B483B000AF786026
S31508062F900B46FB707B685B78032B51D07B68022255
S31508062FA09A707B6800221A72FB780A2B44D801A20B
S31508062FB052F823F0E12F0608E92F0608F12F06082E
S31508062FC0F92F0608013006080930060811300608E2
S31508062FD01930060821300608293006083130060851
S31508062FE07B681A4ADA602CE07B68194ADA6028E0B8
S31508062FF07B68184ADA6024E07B68174ADA6020E0BC
S315080630007B68134ADA601CE07B68124ADA6018E0C5
S315080630107B68114ADA6014E07B68104ADA6010E0C9
S315080630207B680F4ADA600CE07B680E4ADA6008E0CD
S315080630307B680D4ADA6004E07B68094ADA6000E0D4
S3150806304000BF0C37BD465DF8047B7047DC280020B8
S31508063050F428002004290020FC280020EC2800205B
S31508063060142900200C290020E428002080B582B007
S3150806307000AF78607B689B78052B1AD17B685B78EE
S315080630801946294A0B465B000B449B001344043336
S315080630901B68002B43D07B685B781946224A0B4689
S315080630A05B000B449B00134404331B6878689847F7
S315080630B035E07B685B78032B19D87B685B781946FD
S315080630C0194A0B465B000B449B00134408331B68DE
S315080630D0002B0CD07B685B781946134A0B465B00B7
S315080630E00B449B00134408331B68786898477B682B
S315080630F09B7819460C4A0B465B000B449B00134407
S315080631001B68002B0BD07B689B781946064A0B462C
S315080631105B000B449B0013441B687868984700BFFE
S315080631200837BD4680BD00BF6801070880B582B06E
S3150806313000AF78607B685B7D052B27D87B689B7D0F
S31508063140052B23D8022004F0EDFF0346002B37D0C3
S3150806315004F07EFF7B6809331946214804F040FFD0
S315080631607B685B7D1F4A1B0113440C3319687B6811
S315080631709B7D1C4A1B0113440C331B681A461A48C6
S3150806318004F02EFF194804F02BFF19E0022004F07C
S31508063190C9FF0346002B13D004F05AFF7B68093390
S315080631A019460F4804F01CFF7B685B7D19467B6849
S315080631B09B7D1A460E4804F013FF0C4804F010FFD0
S315080631C07B685A7D7B681A757B689A7D7B685A7513
S315080631D07B6807229A7500BF0837BD4680BD00BFC3
S315080631E03CE806089801070844E8060868E8060859
S315080631F06CE8060880B485B000AF786039600023AD
S31508063200FB6010E07B6893F8203019467B68FA68FD
S31508063210063253F822303A6892FBF1F2C3F8902147
S31508063220FB680133FB607B6893F820301A46FB6817
S315080632309342E7DB7B683A689A6200BF1437BD4655
S315080632405DF8047B7047000080B584B000AF7860EF
S315080632500B46FB700023BB600023FB6028E07B68F7
S31508063260FA68063253F82230FA781146184603F0F9
S31508063270DFF8B860BB68002B17D0022004F052FFAF
S315080632800346002B0FD004F0E3FE7B680933194684
S315080632900D4804F0A5FEBA68F9680C4804F0A0FEC5
S315080632A00B4804F09DFE00230AE0FB680133FB6029
S315080632B07B6893F820301A46FB689342CFDB0123D6
S315080632C018461037BD4680BD3CE8060890E806084D
S315080632D068E8060880B485B000AF78600023FB600E
S315080632E00023BB600BE07B68BA68063253F82230C7
S315080632F01B68FA681343FB60BB680133BB607B68CF
S3150806330093F820301A46BB689342ECDBFB681846EE
S315080633101437BD465DF8047B704780B485B000AFA8
S3150806332078600123FB730023BB6016E0FB7B002B4A
S315080633300AD07B68BA68063253F8223093F86D319C
S31508063340002B01D0012300E00023FB73FB7B03F06F
S315080633500103FB73BB680133BB607B6893F82030B7
S315080633601A46BB689342E1DBFB7B18461437BD4613
S315080633705DF8047B704780B485B000AF7860396025
S315080633800023FB6014E07B6893F820301A46FB6836
S3150806339093420ADA7B68FA68063253F82220FB68F3
S315080633A039680B4492F86D211A70FB680133FB6085
S315080633B0FB68012BE7DD00BF00BF1437BD465DF885
S315080633C0047B704780B584B000AF78600023FB7332
S315080633D07868FFF7ABFE7B6800225A607B681B7825
S315080633E003F00103002B08D0FB7B5A1CFA731A4616
S315080633F07B680632184943F822107B681B7803F067
S315080634000203002B08D0FB7B5A1CFA731A467B6804
S315080634100632124943F82210FB7B002B13D11020E3
S3150806342004F080FE0346002B0DD004F011FE7B68DF
S31508063430093319460A4804F0D3FD0A4804F0D0FDB4
S31508063440094804F0CDFD7B68FA7B83F8202000BF87
S315080634501037BD4680BD00BF1C290020202B002042
S315080634603CE80608E8E8060868E8060880B483B073
S3150806347000AF78607B6893F82030002B03D07B6812
S3150806348001229A7502E07B6805229A7500BF0C37F9
S31508063490BD465DF8047B704780B483B000AF78609C
S315080634A000BF0C37BD465DF8047B704780B582B011
S315080634B000AF78607868FFF739FE01217868FFF76C
S315080634C0C3FE034683F00103DBB2002B04D04FF09C
S315080634D08071786800F0F8FC00BF0837BD4680BDE5
S315080634E080B582B000AF78607868FFF7F3FE0246CB
S315080634F0054B1340002B02D07B6805229A7500BF40
S315080635000837BD4680BD00BF8278080080B483B000
S3150806351000AF786000BF0C37BD465DF8047B704780
S3150806352080B582B000AF78607868FFF7FFFD0121A5
S315080635307868FFF789FE034683F00103DBB2002BA2
S3150806354004D04FF08071786800F0BEFC00BF0837DB
S31508063550BD4680BD80B582B000AF78607868FFF753
S31508063560B9FE0246054B1340002B02D07B6805229E
S315080635709A7500BF0837BD4680BD00BF8278080029
S3150806358080B483B000AF786000BF0C37BD465DF8DF
S31508063590047B704780B584B000AF78607868FFF71B
S315080635A0C5FD0023FB731AE07B689A6A7B6893F865
S315080635B020301846F97B7B68063153F8213092FB92
S315080635C0F0F2C3F89021FA7B7B68063253F822306C
S315080635D07A68526AC3F88C21FB7B0133FB737B68D6
S315080635E093F82030FA7B9A42DED302217868FFF7F1
S315080635F02BFE034683F00103DBB2002B04D04FF4FF
S315080636008071786800F060FC00BF1037BD4680BD43
S3150806361080B584B000AF78600023FB7313E0FA7BAD
S315080636207B68063253F8223093F85031002B07D0C0
S31508063630FA7B7B68063253F82230002283F850213B
S31508063640FB7B0133FB737B6893F82030FA7B9A423F
S31508063650E5D37868FFF73EFE0246104B1340002B6B
S3150806366007D04FF08071786800F02EFC7B6805223B
S315080636709A757868FFF72EFE0246094B1340002B0B
S3150806368007D04FF08071786800F01EFC7B6801222F
S315080636909A7500BF1037BD4680BD00BF8278080000
S315080636A03C86170080B483B000AF786000BF0C373D
S315080636B0BD465DF8047B704780B584B000AF786078
S315080636C07868FFF733FD0023FB732AE0FA7B7B68ED
S315080636D0063253F822300521184602F0A9FE03469B
S315080636E0002B1BD0102004F01DFD0346002B15D019
S315080636F004F0AEFC7B68093319461B4804F070FCD7
S31508063700FA7B7B68063253F82230043305221946BB
S31508063710164804F065FC164804F062FCFB7B013388
S31508063720FB737B6893F82030FA7B9A42CED37B6884
S3150806373003F134027B689B6A07EE903AF8EEE77A5D
S31508063740F0EE671A9FED0B1ADFED0A0AB0EE000ACD
S31508063750104604F065FBDFF7ABFE02467B68DA64C3
S3150806376000BF1037BD4680BD3CE8060820E90608B6
S3150806377068E80608CDCC4C3E80B584B000AF7860C4
S315080637800023FB60786800F0E2F8B860BB68B3F51A
S31508063790FA6F13D2102004F0C5FC0346002B0DD091
S315080637A004F056FC7B68093319464B4804F018FCA6
S315080637B04A4804F015FC4A4804F012FC7B681B6B61
S315080637C0002B14D1102004F0ADFC0346002B47D07D
S315080637D004F03EFC7B68093319463F4804F000FCB2
S315080637E0404804F0FDFB3E4804F0FAFB38E07B68E7
S315080637F093F82C30022B15D0022B1BDC002B02D09B
S31508063800012B04D016E07B681B6BFB6028E07B68FF
S315080638101B6B354A02FB03F31A46BB68B2FBF3F386
S31508063820FB601DE07B681B6B1A46BB68B3FBF2F3AD
S31508063830FB6015E0102004F075FC0346002B0FD03C
S3150806384004F006FC2949244804F0CAFB7B6893F869
S315080638502C301946264804F0C3FB214804F0C0FB61
S31508063860FB68002B08D14FF08071786800F02CFBB6
S315080638707B6805229A750BE07B689B6AFA689A420A
S3150806388006D07B68FA689A62F9687868FFF7B2FC28
S315080638907868FFF71FFD0246164B1340002B07D024
S315080638A04FF08071786800F00FFB7B6805229A75E1
S315080638B07868FFF70FFD02460F4B1340002B07D01B
S315080638C04FF08071786800F0FFFA7B6801229A75D6
S315080638D000BF1037BD4680BD3CE8060838E906082D
S315080638E068E806086CE9060840420F0094E90608E7
S315080638F09CE90608827808003C86170080B483B0DF
S3150806390000AF786000BF0C37BD465DF8047B70478C
S3150806391080B582B000AF78607868FFF707FC00BF0D
S315080639200837BD4680BD80B483B000AF786000BF57
S315080639300C37BD465DF8047B704780B483B000AF8C
S31508063940786000BF0C37BD465DF8047B704780B4C7
S3150806395085B000AF78600023FB600023FB72002366
S31508063960FB720DE0FA7A7B68063253F82230D3F8F2
S3150806397030311A46FB681344FB60FB7A0133FB7247
S315080639807B6893F82030FA7A9A42EBD3FB68184696
S315080639901437BD465DF8047B7047000080B485B0D1
S315080639A000AF7860184BFB600023FB720023FB729E
S315080639B01AE0FA7A7B68063253F82230D3ED4F7A44
S315080639C097ED037AB4EEE77AF1EE10FA01DDFB68B5
S315080639D006E0FA7A7B68063253F82230D3F83C3189
S315080639E0FB60FB7A0133FB727B6893F82030FA7A20
S315080639F09A42DED3FB6807EE903AB0EE670A1437AA
S31508063A00BD465DF8047B7047008088C380B485B0E0
S31508063A1000AF78600023FB600023FB720023FB726D
S31508063A200DE0FA7A7B68063253F82230D3F8483125
S31508063A301A46FB681344FB60FB7A0133FB727B6804
S31508063A4093F82030FA7A9A42EBD3FB68184614376D
S31508063A50BD465DF8047B704780B485B000AF7860D4
S31508063A600023FB600023FB720023FB720DE0FA7A43
S31508063A707B68063253F82230D3F844311A46FB6877
S31508063A801344FB60FB7A0133FB727B6893F820309C
S31508063A90FA7A9A42EBD3FB6818461437BD465DF8A0
S31508063AA0047B704780B584B000AF78600023FB605E
S31508063AB00023FB7219E07B685B7D042B07D17868C7
S31508063AC0FFF7CAFF0246FB689B1AFB600AE07B689B
S31508063AD05B7D032B06D17868FFF798FF0246FB68DD
S31508063AE01344FB60FB7A0133FB727B6893F820303C
S31508063AF0FA7A9A42DFD3FB6818461037BD4680BD68
S31508063B0080B485B000AF78600023FB6012E07B685E
S31508063B10FA68063253F822300022C3F848217B6831
S31508063B20FA68063253F822300022C3F84421FB68A5
S31508063B300133FB607B6893F820301A46FB6893428C
S31508063B40E5DB7B6800225A6500BF1437BD465DF87B
S31508063B50047B704780B485B000AF78600023FB60AD
S31508063B600BE07B68FA68063253F822304FF00002FB
S31508063B70C3F84C21FB680133FB607B6893F8203059
S31508063B801A46FB689342ECDB7B684FF000021A651F
S31508063B9000BF1437BD465DF8047B704780B586B00E
S31508063BA000AF78604FF000037B610023FB747B68E7
S31508063BB01B78184600F080FAF860FB68002B26D0BA
S31508063BC0F868FEF73FF90346002B1DD00023FB7461
S31508063BD013E0FA7C7B68063253F8223093ED537A63
S31508063BE0DFED0F6AC7EE267A97ED057A77EE277A1E
S31508063BF0C7ED057AFB7C0133FB747B6893F82030A6
S31508063C00FA7C9A42E5D302E04FF000037B617B69B2
S31508063C1007EE903AB0EE670A1837BD4680BD00BF74
S31508063C2000BA5B4A80B485B000AF786039607B68B5
S31508063C301B78032B16D1134BFB603B681A78FB6877
S31508063C4083F82C203B685A68FB681A630E4BFB60A0
S31508063C503B681A78FB6883F82C203B685A68FB6829
S31508063C601A6308E03B681A787B6883F82C203B6859
S31508063C705A687B681A63002318461437BD465DF8EA
S31508063C80047B704794AB002018AC002080B588B03A
S31508063C9000AFF860B9607A60FB681B78032B20D101
S31508063CA01E4BBB61032000F007FA78617B69002B7F
S31508063CB008D07B69DB6893F865301A467B6802FB91
S31508063CC003F37B60BB69BA689A62BB697A685A620B
S31508063CD0134BBB61BB69BA689A62BB697A685A6252
S31508063CE017E0FB681B78184600F0E6F9F861FB69E9
S31508063CF0002B08D0FB69DB6893F865301A467B68A3
S31508063D0002FB03F37B60FB68BA689A62FB687A680B
S31508063D105A62002318462037BD4680BD94AB00205C
S31508063D2018AC002080B485B000AF78600B46FB70EF
S31508063D307B681B78032B0AD10A4BFB60FB68FA786B
S31508063D409A75094BFB60FB68FA789A7502E07B68F8
S31508063D50FA789A75002318461437BD465DF8047B2B
S31508063D60704700BF94AB002018AC002080B584B01D
S31508063D7000AF78607B681B78032B0AD1254BFB605E
S31508063D80F868FFF7F3FF244BFB60F868FFF7EEFFCA
S31508063D903CE07B689B7D072B12D17B685B7D1F4ABF
S31508063DA01B01134404331B68002B2FD07B685B7DED
S31508063DB01A4A1B01134404331B687868984725E09A
S31508063DC07B685B7D052B11D87B685B7D134A1B01D7
S31508063DD0134408331B68002B08D07B685B7D0F4AA3
S31508063DE01B01134408331B68786898477B689B7DD4
S31508063DF00A4A1B0113441B68002B07D07B689B7D68
S31508063E00064A1B0113441B687868984700BF103793
S31508063E10BD4680BD94AB002018AC00209801070863
S31508063E2080B584B000AF78600023FB730123BB73AB
S31508063E300023FB7313E0FA7B7B68063253F82230BD
S31508063E40184602F056FB03461A46BB7B1340002B60
S31508063E5014BF01230023BB73FB7B0133FB737B680B
S31508063E6093F82030FA7B9A42E5D3BB7B184610377F
S31508063E70BD4680BD80B584B000AF78600023FB736D
S31508063E800123BB730023FB7313E0FA7B7B680632B8
S31508063E9053F82230184602F055FB03461A46BB7BF2
S31508063EA01340002B14BF01230023BB73FB7B01338E
S31508063EB0FB737B6893F82030FA7B9A42E5D3BB7B83
S31508063EC018461037BD4680BD80B582B000AF78600B
S31508063ED039607B685A683B681A437B685A600820CB
S31508063EE004F020F90346002B11D004F0B1F87B68DC
S31508063EF009331946084804F073F87B681B783A684C
S31508063F001946064804F06CF8054804F069F800BF37
S31508063F100837BD4680BD00BF3CE80608C8E906085E
S31508063F2068E8060880B500AF204B01221A700A22F7
S31508063F301F49204806F072F91F4B02221A700A22F8
S31508063F401E491F4806F06AF91E4B03221A701D4BB6
S31508063F501D4903F109020B4603CB10605160198807
S31508063F609B7811819372114B00229A65124B002297
S31508063F709A65144B00229A650C4B002283F85C203E
S31508063F800A4B072283F85D200B4B002283F85C2038
S31508063F90094B072283F85D200A4B002283F85C202A
S31508063FA0084B072283F85D2000BF80BD94AB00202E
S31508063FB0DCE906089DAB002018AC0020E8E90608EF
S31508063FC021AC00209CAC0020F4E9060880B584B034
S31508063FD000AF786039607B681A783B685A707B68E8
S31508063FE093F820203B689A707B685A7D3B681A705E
S31508063FF07B685A683B68C3F890203B680122DA70EA
S315080640007868FFF7A4FC03461A463B685A60786840
S31508064010FFF7C4FCF0EE407A3B68C3ED027A78688F
S31508064020FFF740FD02463B68DA607868FFF7B6FD9B
S31508064030F0EE407A3B68C3ED047A0023FB601CE089
S315080640403968FA6813461B019B1A9B000B444433CE
S3150806405001221A707B68FA68063253F82200FA6853
S3150806406013461B019B1A9B0018333A6813441946D4
S3150806407002F0A8FBFB680133FB607B6893F82030E7
S315080640801A46FB689342DBDB00BF00BF1037BD4606
S3150806409080BD80B483B000AF786039603B681B7812
S315080640A0002B01D0012B00E000BF00BF0C37BD4630
S315080640B05DF8047B7047000080B582B000AF034602
S315080640C0FB71FB79032B0AD0032B0ADC012B02D0E2
S315080640D0022B02D005E00E4B16E00E4B14E00E4BF3
S315080640E012E0082004F01EF80346002B0BD003F056
S315080640F0AFFF0A490A4803F073FF0A4803F070FF40
S31508064100094803F06DFF002318460837BD4680BDEB
S31508064110404C0020CC5000205855002094E906084B
S315080641203CE8060800EA060868E8060880B582B08C
S3150806413000AF0346FB71FB79032B12D0032B16DC63
S31508064140012B02D0022B06D011E001211348F3F702
S31508064150EBFE134B1EE001211048F3F7E5FE114B63
S3150806416018E002210D48F3F7DFFE0F4B12E0082090
S3150806417003F0D8FF0346002B0BD003F069FF0B4963
S315080641800B4803F02DFF0B4803F02AFF0A4803F0F5
S3150806419027FF002318460837BD4680BD344C002045
S315080641A0404C0020CC5000205855002024EA06082A
S315080641B028EA060830EA060854EA060880B586B0EC
S315080641C000AF786000237B6100233B617B681B8810
S315080641D0013B042B54D801A252F823F0F1410608F4
S315080641E00F4206084742060855420608754206085B
S315080641F07B685B79012B01D1254B00E0254BFB60DB
S315080642007B6804331946F86802F0B6FB3BE07B6820
S315080642105B79032B0CD0032B0DDC012B02D0022B6A
S3150806422003D008E01C4B7B6106E01C4B7B6103E070
S315080642301B4B7B6100E000BF7B680433194678692F
S31508064240FFF727FF1FE07B68043319461548F3F77F
S31508064250D7FE18E07B685B791846FFF767FF386173
S315080642603B69002B0ED07B68043319463869FEF77E
S315080642705DFA07E07B680433184600F0D9FD02E0CC
S3150806428000BF00E000BF002318461837BD4680BDAC
S315080642901C290020202B002094AB002018AC0020F7
S315080642A09CAC0020344C002080B582B000AF1C4B75
S315080642B01B78FB711A4B1B7883F00103DBB2002BC4
S315080642C028D0012217491848EDF732FF03461A4641
S315080642D0164B1A70154B1B78002B0CBF01230023AF
S315080642E0FB71FB79002B03D00D4B01221A7011E0E6
S315080642F0022003F017FF0346002B0BD003F0A8FE97
S315080643000B490C4803F06CFE0B4803F069FE0B4894
S3150806431003F066FEFB7918460837BD4680BD00BF22
S31508064320D8B2002058EA0608A0B0002020AD002022
S315080643305CEA060868EA060870EA060888EA0608CD
S3150806434080B400AF00231846BD465DF8047B704767
S3150806435080B582B000AF786079681048EEF751FEEE
S3150806436003461A460E4B1A700D4B1B78002B0CD0BB
S315080643707868EEF7C7FF03461A46094B1A70084BC4
S315080643801B78002B04D0002303E00448EEF7ACFEA6
S31508064390012318460837BD4680BD00BF6CB000200D
S315080643A020AD002090B587B002AFF860B9607A6094
S315080643B03B60F868DBF794FF0446B868DBF790FFBE
S315080643C00346E2183B68013B9A4201D900230DE0F1
S315080643D03A680021074804F02FFEBB680093FB687D
S315080643E0054A3968034804F06DFD01231846143753
S315080643F0BD4690BDDCB200208CEA060880B5ADF550
S31508064400A46D00AF07F5A463A3F21453186007F565
S31508064410A463A3F5A363196007F5A463A3F2195366
S315080644201A70002387F81F35002387F817350220E8
S3150806443003F078FE0346002B0BD003F009FE8749E6
S31508064440874803F0CDFD874803F0CAFD864803F082
S31508064450C7FDFFF729FF0346002B00F0F78007F193
S31508064460100107F5A463A3F214530022186800F096
S315080644706FFC022003F056FE0346002B7AD003F0A3
S31508064480E7FD7649764803F0ABFD07F5A463A3F581
S31508064490A2631B881946754803F0A2FD724803F005
S315080644A09FFD67E00023C7F8183537E007F11002C5
S315080644B0D7F818359B011344991C07F5A463A3F28C
S315080644C0145080236A4A0068FFF76CFF684800F0B4
S315080644D0DBF8034687F81F35022003F023FE03465A
S315080644E0002B16D003F0B4FD5C495D4803F078FD51
S315080644F007F5A463A3F5A2631B8819465D4B1B78CB
S315080645001A46D7F818355C4803F06AFD564803F08C
S3150806451067FDD7F818350133C7F8183507F5A463C4
S31508064520A3F5A2631B88103BD7F818259A42BDDB6C
S3150806453007F1100107F5A463A3F2145300221868BD
S3150806454000F006FC022003F0EDFD0346002B11D011
S3150806455003F07EFD4149424803F042FD07F5A46390
S31508064560A3F5A2631B881946404803F039FD3E4861
S3150806457003F036FD07F5A463A3F5A2631B88102B83
S3150806458090D807F5A463A3F5A36107F5A463A3F278
S3150806459014508023364A09680068FFF703FF034666
S315080645A0002B4AD007F5A463A3F214531868FFF73D
S315080645B0CFFE0346002B40D0022003F0B3FD034688
S315080645C0002B0CD003F044FD2449254803F008FDCA
S315080645D027492A4803F004FD234803F001FD322241
S315080645E023492748EDF7EAFD03461A46214B1A7072
S315080645F0204B1B78002B20D107F5A463A3F2195389
S315080646001B78002B19D01E48EEF7C8FA022003F0CD
S3150806461089FD0346002B10D003F01AFD0F491048F2
S3150806462003F0DEFC07F5A463A3F5A363196815482A
S3150806463003F0D6FC0C4803F0D3FC07F5A463A3F2F3
S3150806464019531B78002B01D0FFF77AFE97F81F350A
S31508064650184607F5A467BD4680BD00BF5CEA06088E
S3150806466068EA060894EA060888EA0608A8EA06082A
S31508064670DCB2002020AD0020B4EA0608D4EA060813
S315080646803CAE0020E4EA060880B586B000AF78603E
S315080646900023FB750023BB75FFF706FE0346002BB2
S315080646A03CD0DEF705FF38617868EEF780FD0346ED
S315080646B01A461D4B1A70DEF7FBFEF8601A4B1B7876
S315080646C0002B13D1022003F02DFD0346002B23D021
S315080646D003F0BEFC1549164803F082FC79681548AE
S315080646E003F07EFC144803F07BFC15E0022003F079
S315080646F019FD0346002B0FD003F0AAFC0B490C48FC
S3150806470003F06EFC084B1B781A4679680B4803F0CB
S3150806471067FC094803F064FCFFF712FEFB7D1846A2
S315080647201837BD4680BD00BF20AD00205CEA0608E6
S3150806473068EA0608F4EA060888EA06080CEB060894
S3150806474090B5ADF21C5D00AF07F5A364A4F20C5450
S31508064750206007F5A360A0F5A260016007F5A361CE
S31508064760A1F214510A6007F5A362A2F5A3621360C3
S31508064770002387F81735002387F81635022003F035
S31508064780D1FC0346002B0BD003F062FC5B495C4860
S3150806479003F026FC5B4803F023FC5B4803F020FC89
S315080647A0FFF782FD0346002B4BD007F5A363A3F557
S315080647B0A26107F5A363A3F20C508023534A09683E
S315080647C00068FFF7EFFD0346002B3AD007F5A3630B
S315080647D0A3F20C531868FFF7BBFD0346002B30D02F
S315080647E032224A494A48EDF7E9FC03461A46494B36
S315080647F01A70484B1B78002B23D0022003F092FC34
S315080648000346002B0CD003F023FC3C493C4803F036
S31508064810E7FB3E49404803F0E3FB3B4803F0E0FB71
S3150806482007F5A363A3F5A26107F5A363A3F20C53E1
S31508064830002209681868FFF7E1FD03461A46354B54
S315080648401A70344B1B78002B4AD107F5A363A3F5D8
S31508064850A36207F5A363A3F21451304B12680968DD
S315080648602B48EDF7A8FF03461A462A4B1A70294B1A
S315080648701B78002B022003F055FC0346002B15D0A7
S3150806488003F0E6FB1D491E4803F0AAFB07F5A363DA
S31508064890A3F5A36207F5A363A3F5A26312681968CD
S315080648A01F4803F09DFB184803F09AFB1848EEF7D5
S315080648B075F9022003F036FC0346002B10D003F0E8
S315080648C0C7FB0E490E4803F08BFB07F5A363A3F552
S315080648D0A2631968134803F083FB0B4803F080FBB1
S315080648E097F81635002B01D0FFF72AFD97F81735E6
S315080648F0184607F21C57BD4690BD00BF5CEA060877
S3150806490068EA060838EB060888EA0608DCB20020D4
S315080649103CAE002020AD00204CEB0608D4B20020A1
S3150806492064EB0608E4EA060880B586B000AFF860C8
S31508064930B9607A603B600023FB75FFF7B5FC034652
S31508064940002B75D080233D4AB968F868FFF72AFD1B
S315080649500346002B56D0F868FFF7FAFC0346002BE9
S3150806496050D00A2235493648EDF728FC03461A463A
S31508064970344B1A70334B1B78002B2FD1324B3A68BF
S3150806498079682F48EDF717FF03461A462D4B1A7016
S315080649902C4B1B78002B07D12B4B1B683A689A427F
S315080649A002D10123FB7515E0022003F0BBFB034683
S315080649B0002B0FD003F04CFB2449254803F010FBC7
S315080649C0204B1B781A461D49224803F009FB224844
S315080649D003F006FB1A48EEF7E1F826E0022003F094
S315080649E0A1FB0346002B20D003F032FB17491848D3
S315080649F003F0F6FAB968194803F0F2FA164803F00E
S31508064A00EFFA12E0022003F08DFB0346002B0DD0C9
S31508064A1003F01EFB0D490E4803F0E2FA104803F0B0
S31508064A20DFFA0D4803F0DCFA00E000BFFFF788FC62
S31508064A30FB7D18461837BD4680BD00BFDCB2002090
S31508064A403CAE002020AD0020D4B200205CEA060861
S31508064A5068EA060884EB060888EA0608B0EB06083C
S31508064A60C8EB060880B586B002AFF860B9607A600A
S31508064A703B60374B00221A60FFF716FC0346002BED
S31508064A8060D08023334AB968F868FFF78BFC03467B
S31508064A90002B55D001222F492F48EDF78FFB0346E9
S31508064AA01A462E4B1A702D4B1B78002B27D1284BEE
S31508064AB03A6879682848EDF73FFD03461A46274BB4
S31508064AC01A70264B1B78002B15D0022003F02AFBFA
S31508064AD00346002B0FD003F0BBFA2149214803F001
S31508064AE07FFA1E4B1B781A461A491F4803F078FAAE
S31508064AF01E4803F075FA1848EEF750F820E002202B
S31508064B0003F010FB0346002B1AD003F0A1FA14494A
S31508064B10144803F065FA114B1B7819460E4B1B7D94
S31508064B2018460D4B9B690C4A527D01920093034623
S31508064B300A4608490E4803F053FA0C4803F050FA99
S31508064B40FFF7FEFB024B1B6818461037BD4680BDAD
S31508064B50D4B20020DCB200203CAE002020AD0020F6
S31508064B605CEA060868EA0608D8EB060888EA06082C
S31508064B7008EC060880B586B000AFF860B9607A60BA
S31508064B803B60022003F0CEFA0346002B0BD003F057
S31508064B905FFA5649564803F023FA564803F020FAB0
S31508064BA0554803F01DFA554B00221A60FFF77CFBA1
S31508064BB00346002B00F093808023514AB968F868AB
S31508064BC0FFF7F0FB0346002B00F0878001224C49CD
S31508064BD04C48EDF7F3FA03461A464B4B1A704A4BFE
S31508064BE01B78002B63D1022003F09CFA0346002BA0
S31508064BF00CD003F02DFA3D493D4803F0F1F940493A
S31508064C00424803F0EDF93C4803F0EAF979683D486D
S31508064C10EDF7EEFF03461A463B4B1A703A4B1B78DE
S31508064C20002B40D1022003F07DFA0346002B0BD059
S31508064C3003F00EFA2D492E4803F0D2F9344803F04C
S31508064C40CFF92D4803F0CCF92E4BDB687B617A69E0
S31508064C507B68D31AB3F5006F03D27A697B68D31AD1
S31508064C6000E03B6A3B62254B3A6A39682548EDF708
S31508064C7063FC03461A46244B1A70234B1B78002BF3
S31508064C8011D1022003F04EFA0346002B0BD003F08F
S31508064C90DFF91649164803F0A3F91E4803F0A0F9EA
S31508064CA0154803F09DF91748EDF778FF15E0022039
S31508064CB003F038FA0346002B0FD003F0C9F90B495F
S31508064CC00B4803F08DF9104B1B781A460C49124807
S31508064CD003F086F9084803F083F9FFF731FB074B1B
S31508064CE01B6818461837BD4680BD00BF5CEA06082D
S31508064CF068EA060850EC060888EA0608D4B20020D0
S31508064D00DCB200203CAE002020AD002068EC060888
S31508064D1078EC060884EC060890EC060880B588B098
S31508064D2002AFF860B9607A603B603B683A6A02FB94
S31508064D3003F37B613B6800937B687A69B968F86810
S31508064D40FFF718FF034618461837BD4680BD00000C
S31508064D5080B584B000AFF860B9601346FB80BB68BF
S31508064D6000221A80FFF7A0FA0346002B53D0F968EB
S31508064D702B48EEF746F903461A462A4B1A70294B6C
S31508064D801B78002B45D128492548EEF7D3F9034663
S31508064D901A46244B1A70234B1B78002B36D1224B06
S31508064DA09B7D002B32D0204B1B7A03F01003002B79
S31508064DB0E9D1BB68B3F8023501339AB2BB68A3F8E2
S31508064DC00225FB88002B03D0FB88013BFB80DAE72C
S31508064DD0BB681B88132BD6D8BB681B889B01BA6889
S31508064DE0134402333F221149184604F013FBBB68E5
S31508064DF01B88BA689B011344413300221A70BB68A4
S31508064E001B8801339AB2BB681A80BCE70448EEF7DA
S31508064E106BF9FFF795FA00BF1037BD4680BD00BF90
S31508064E206CB0002020AD002024AD00203AAD00204D
S31508064E3080B584B000AF78607B681B78032B36D8BC
S31508064E4001A252F823F000BFAF4E0608594E0608CF
S31508064E506B4E06087B4E06087B68591C7B685B6C9E
S31508064E601A461648FBF762FD24E07B685B6C9BB224
S31508064E7019461248FBF7D2FD1CE07B685B6C012BD2
S31508064E8002D10F4BFB600CE07B685B6C022B02D1F0
S31508064E900C4BFB6005E07B685B6C032B09D10A4B60
S31508064EA0FB60FB6874331846FBF71AFE02E000BF80
S31508064EB000E000BF1037BD4680BD00BFB0EC06084F
S31508064EC0404C0020CC5000205855002080B584B0B0
S31508064ED000AF786039600023FB60FFF7E5F9034603
S31508064EE0002B1DD08023114A39687868FFF75AFACD
S31508064EF00346002B12D001220C490D48EDF75EF940
S31508064F0003461A460B4B1A700A4B1B78002B05D11B
S31508064F10074BDB68FB600648EDF740FEFFF710FA1D
S31508064F20FB6818461037BD4680BD00BFDCB20020B8
S31508064F303CAE002020AD002080B586B002AF786072
S31508064F40396039683B6803F14E023B689B6C0093EF
S31508064F504FF400631748FFF7E1FEF860FB689AB25C
S31508064F603B68A3F84C203B6819467868FFF7AEFFFE
S31508064F7002463B681A64022003F0D4F80346002B5F
S31508064F8012D003F065F80C490C4803F029F83B687B
S31508064F90B3F84C3019463B681B6C1A46084803F0AA
S31508064FA01FF8084803F01CF8FB6818461037BD4674
S31508064FB080BD00BFB0EC06085CEA060868EA060883
S31508064FC0C0EC060888EA060880B584B000AF7860A3
S31508064FD00023FB730021786800F066F86420DEF784
S31508064FE073FA786800F008FB786800F0ADF80346AF
S31508064FF0002B01D0FB7B53E00023BB6011E07868E9
S3150806500000F0FAFA786800F043F90121786801F0A9
S315080650102DF97B6850331846F3F79CFCBB680133B9
S31508065020BB60BB68132BEADD0121786800F03CF803
S315080650306420DEF749FA786800F0DEFA6420DEF7BF
S3150806504043FA786800F024F97B68D3F834217B683C
S31508065050D3F83031A3F5FA739A420BDB7B68D3F89B
S3150806506034217B68D3F8303103F5FA739A4201DCAA
S31508065070012300E00023002B04D18021786801F083
S3150806508054F905E08021786801F069F90123FB7374
S315080650900021786800F008F86420DEF715FAFB7B2D
S315080650A018461037BD4680BD80B584B000AF786017
S315080650B00B46FB707B68D3F820217B68B3F824314E
S315080650C019461046E0F726FF0346012B0CBF0123B7
S315080650D00023FB73FA7BFB789A4209D07B68D3F8E0
S315080650E020017B68B3F82431FA781946E0F72AFFD7
S315080650F000BF1037BD4680BD80B584B000AF786066
S315080651000B46FB707B68D3F828217B68B3F82C31ED
S3150806511019461046E0F7FEFE0346012B0CBF01238F
S315080651200023FB73FA7BFB789A4209D07B68D3F88F
S3150806513028017B68B3F82C31FA781946E0F702FF9E
S3150806514000BF1037BD4680BD80B582B000AF786017
S31508065150786801F0CEF90346002B23D07B68D3F88E
S3150806516048310A2B07DD7B68D3F83031B3F5167F4D
S3150806517001DD01231FE000217868FFF795FF64200B
S31508065180DEF7A2F90221786801F091FC0346194672
S31508065190786800F087F801217868FFF785FF6420AC
S315080651A0DEF792F97B68D3F83031B3F5167FCCBFB4
S315080651B001230023DBB218460837BD4680BD00002A
S315080651C080B582B000AF78607B685B7E062B27D8F1
S315080651D07B689B7E062B23D8022002F0A3FF034694
S315080651E0002B37D002F034FF7B6804331946234870
S315080651F002F0F6FE7B685B7E214A1B0113440C33DC
S3150806520019687B689B7E1E4A1B0113440C331B6870
S315080652101A461C4802F0E4FE1B4802F0E1FE19E0B5
S31508065220022002F07FFF0346002B13D002F010FF80
S315080652307B6804331946114802F0D2FE7B685B7E0A
S3150806524019467B689B7E1A46104802F0C9FE0E4828
S3150806525002F0C6FE7B685A7E7B681A767B689A7E5B
S315080652607B685A767B68FF229A76DEF721F902462C
S315080652707B68DA6100BF0837BD4680BD3CED060887
S31508065280F801070844ED060864ED060868ED060801
S3150806529080B483B000AF786000BF0C37BD465DF8B2
S315080652A0047B704780B582B000AF786039607B684A
S315080652B0D3F818217B68B3F81C3119461046E0F76F
S315080652C029FE0346012B09D14FF40071786801F0CF
S315080652D02CF87B680022C3F8302158E07B681B68E7
S315080652E003F40073002B04D04FF40071786801F0BC
S315080652F036F83B684EF66022934208DD0421786844
S3150806530001F013F87B68012283F86D212CE03B68CF
S31508065310B3F5167F14DA7B68D3F83031B3F5167F02
S3150806532003DD7B68002283F86D217B681B6803F022
S315080653300403002B18D00421786801F010F813E04E
S315080653407B68D3F83031B3F5167F03DA7B6801221A
S3150806535083F86D217B681B6803F00403002B03D0D2
S315080653600421786800F0FBFF3B68B3F5167F05DA7B
S315080653704FF48011786800F0D8FF04E04FF48011E6
S31508065380786800F0ECFF7B683A68C3F8302108377E
S31508065390BD4680BD80B582B000AF786039603B688F
S315080653A04EF66022934203DD4021786800F0BDFF81
S315080653B07B683A68C3F8342100BF0837BD4680BD06
S315080653C080B582B000AF786039603B6841F28732B3
S315080653D0934204DD0821786800F0A7FF03E0082158
S315080653E0786800F0BCFF7B68D3F828217B68B3F899
S315080653F02C3119461046E0F78DFD0346002B08D1D9
S315080654003B68C82B05DD4FF40061786800F08DFF10
S315080654100AE07B681B6803F40063002B04D04FF48C
S315080654200061786800F09BFF7B68D3F8903103F536
S31508065430FA733A689A4205DD4FF48021786800F0D7
S3150806544074FF0AE07B681B6803F48023002B04D0EC
S315080654504FF48021786800F082FF7B683A68C3F8C3
S31508065460442100BF0837BD4680BD80B582B000AF6F
S31508065470786039603B6841F28732934204DD082139
S31508065480786800F052FF03E00821786800F067FFA5
S315080654907B68D3F820217B68B3F824311946104671
S315080654A0E0F738FD0346002B08D13B68C82B05DD17
S315080654B04FF48051786800F038FF0AE07B681B686D
S315080654C003F48053002B04D04FF48051786800F01B
S315080654D046FF7B68D3F8903103F5FA733A689A4221
S315080654E005DD4FF48021786800F01FFF0AE07B6827
S315080654F01B6803F48023002B04D04FF480217868B8
S3150806550000F02DFF7B683A68C3F8482100BF0837C4
S31508065510BD4680BD80B483B000AF786087ED000ACB
S315080655207B683A68C3F83C2100BF0C37BD465DF870
S31508065530047B704780B582B000AF786087ED000AB5
S31508065540D7ED007A9FED0E7AF4EEC77AF1EE10FAE9
S3150806555004DD2021786800F0E8FE09E07B681B6810
S3150806556003F02003002B03D02021786800F0F7FE0D
S315080655707B683A68C3F8402100BF0837BD4680BD38
S315080655800000A04280B582B000AF786039603B68FB
S3150806559042F22732934205DC4FF40051786800F050
S315080655A0C4FE21E03B684BF68032934205DD4FF494
S315080655B08041786800F0B9FE16E07B681B6803F43C
S315080655C00053002B05D04FF40051786800F0C7FE4B
S315080655D00AE07B681B6803F48043002B04D04FF46B
S315080655E08041786800F0BBFE7B683A68C3F83821C4
S315080655F000BF0837BD4680BD80B584B000AF786069
S315080656000023FB607B68186C7B6803F5AE717B68C4
S3150806561093F868311A46DEF79DFB0023FB7213E002
S315080656207B6803F12C027B6803F5B57319461046A9
S31508065630F1F71CFB7B68B3F86A311A46FB68134414
S31508065640FB60FB7A0133FB72FB7A0F2BE8D9FB6802
S315080656501B099AB27B68A3F86A211E20DDF734FF78
S31508065660786801F0E5F90221786801F020FA034620
S3150806567019467868FFF716FE786801F0CFFA0346EA
S3150806568019467868FFF786FE786801F009FB03462F
S3150806569019467868FFF794FE786801F031FB0346E9
S315080656A019467868FFF7E1FE786801F00DFCF0EE1A
S315080656B0407AB0EE670A7868FFF72CFF786801F03B
S315080656C043FBF0EE407AB0EE670A7868FFF732FFDA
S315080656D0786801F0B7FC034619467868FFF752FF63
S315080656E0DDF7E6FE02467B685B69D31A41F2883225
S315080656F0934207D9DDF7DCFE02467B685A6178686D
S31508065700FFF7C6FD7B68012283F8502100BF1037D4
S31508065710BD4680BD80B584B000AF78607B68D3F897
S3150806572044217B68D3F89031023B9A420ADB7B68B0
S31508065730D3F844217B68D3F8903102339A4201DCC8
S31508065740012300E00023002B34D17B68D3F890218F
S315080657507B68D3F84431D31AFB60FB68002BB8BFC5
S315080657605B4207EE903AF8EEE77A9FED147A67EE13
S31508065770877AFCEEE77A17EE903A7B81FB68002B70
S3150806578005DA7B891946786800F00CFD07E0FB68A0
S31508065790002B04DD7B891946786800F0DBFC7B68FC
S315080657A0586C7B68D3F814117B68D3F854310022F9
S315080657B0DFF708FD00BF1037BD4680BD4A0C223FFD
S315080657C080B588B000AF78600B46FB700023BB61D6
S315080657D0FB78002B03D07B68D3F8903100E00023D2
S315080657E0FB610023FB827B68D3F83031FA6902FB3A
S315080657F003F3434A93420FDD7B68D3F83031002B17
S3150806580006DD7B68D3F830313D4A92FBF3F300E0B8
S3150806581000233B613B69FB61FB78002B5ED07B6806
S31508065820D3F84821FB690A3B9A4208DB7B68D3F81A
S315080658304821FB690A339A4201DC012300E000236A
S31508065840002B4BD17B68D3F84831FA69D31ABB616A
S31508065850BB6907EE903AF8EEE77A9FED2A7A67EE85
S31508065860877AFCEEE77A17EE903AFB827B68B3F8FE
S315080658706A31C3F30B027B68B3F85831103B9A4278
S315080658800CDB7B68B3F86A31C3F30B027B68B3F8A3
S31508065890583110339A4201DC012300E00023002B1D
S315080658A01CD0BB69002B0BDAFB8A174AA2FB03231B
S315080658B0DB089BB2013B1946786800F0B3FC0DE09D
S315080658C0BB69002B17DDFB8A0F4AA2FB0323DB08FD
S315080658D09BB201331946786800F085FC7B6803F1AC
S315080658E020027B68B3F8583119461046F1F722FAB2
S315080658F00346FB7300E000BF2037BD4680BD00BFE8
S3150806590080D1F00852B81E3FCDCCCCCC80B586B037
S3150806591000AF786039600023FB7500233B610023DE
S31508065920FB607B68D3F834213B68D31A3B613B6935
S3150806593013F1950F06DA3969786800F097FC102393
S31508065940FB7525E03B69B3F5FA7F06DA39697868A7
S3150806595000F08CFC1023FB751AE03B69B3F57A7FD9
S3150806596005DD786800F0BFFC0823FB7510E07B6848
S31508065970D3F88C217B68D3F83031D31AFB60FB68E1
S3150806598013F1140F02DA0723FB7501E00123FB75F1
S315080659907B6850331846F2F7DDFFFB7D1846183745
S315080659A0BD4680BD80B5DCB000AF07F5B873A3F574
S315080659B0B673186007F5B873A3F5B6731B6803F5CF
S315080659C0F47307F16C014FF48072184602F0F2F888
S315080659D0C7F86C01D7F86C31002B2DDDD7F86C218A
S315080659E007F5B873A3F58A7307F16C011846EEF73F
S315080659F09BFA07F5B873A3F5B473184654231A46E3
S31508065A00002103F019FB07F1080207F15C030D49AB
S31508065A101846EFF7C3FB0346002B0BD007F108021F
S31508065A2007F5B873A3F5B6731146186800F03AFF7A
S31508065A30012302E0002300E00023184607F5B8779D
S31508065A40BD4680BDF0F9060880B582B000AF78601D
S31508065A507868FFF7B5FB7B6800221A607B6803F156
S31508065A6034027B689B6C19461046F1F717FC034609
S31508065A70002B04D00221786800F057FC05E07B6805
S31508065A80343302211846F1F760FE7B6803F12C02CF
S31508065A907B689B6C19461046F1F7AEF80346002B51
S31508065AA003D00221786800F040FC7B6803F12002E7
S31508065AB07B689B6C19461046F1F72AFB0346002BB2
S31508065AC003D00221786800F030FC1E20DDF7FCFCC6
S31508065AD07868FFF767FF0346002B04D07B68012228
S31508065AE083F8942108E07B68002283F894214FF412
S31508065AF00021786800F019FCDDF7DAFC02467B68B7
S31508065B001A617B6803F59C727B68C3F80C2100BF93
S31508065B100837BD4680BD000080B582B000AF786004
S31508065B207B681B68002B04D10121786800F080FC8D
S31508065B3021E07B681A68124B1340002B0CD07B6851
S31508065B409B7B5A1ED1B27A689173002B04D000212A
S31508065B50786800F06DFC0EE07B681A68094B1340FE
S31508065B60002B04D00121786800F062FC03E00621C8
S31508065B70786800F05DFC00BF0837BD4680BD00BFEB
S31508065B80827808003C86170080B483B000AF786038
S31508065B9000BF0C37BD465DF8047B704780B582B0FA
S31508065BA000AF78607868FFF70BFB7B6800229A736C
S31508065BB000217868FFF778FA6420DDF785FC00216E
S31508065BC07868FFF799FA6420DDF77EFC7B685A6CDD
S31508065BD07B68D3F8143119461046DFF765FA00BF15
S31508065BE00837BD4680BD80B582B000AF7860DDF760
S31508065BF05FFC02467B681B69D31A0A2B07D9DDF7B1
S31508065C0057FC02467B681A617868FFF7F5FC00BF01
S31508065C100837BD4680BD80B483B000AF786000BF44
S31508065C200C37BD465DF8047B704780B582B000AF79
S31508065C3078607868FFF7C4FA00217868FFF75CFA97
S31508065C406420DDF741FC00217868FFF72DFA642009
S31508065C50DDF73AFC7B683222A3F858217B6803F104
S31508065C6020027B68B3F8583119461046F1F762F8F0
S31508065C707B684FF00002C3F84C217868FFF7BCFC36
S31508065C8000BF0837BD4680BD80B582B000AF7860D4
S31508065C90DDF70EFC02467B681B69D31A0A2B2CD93C
S31508065CA0DDF706FC02467B681A617868FFF7A4FCEE
S31508065CB07B681A68134B1340002B04D006217868B4
S31508065CC000F0B6FB09E07B681A680F4B1340002BF9
S31508065CD003D00121786800F0ABFB7B68D3F88C31DA
S31508065CE019467868FFF712FE034603F00103012BEF
S31508065CF003D10321786800F09BFB00BF0837BD4631
S31508065D0080BD00BF827808003C86170080B483B041
S31508065D1000AF786000BF0C37BD465DF8047B704758
S31508065D2080B582B000AF78607868FFF749FA012136
S31508065D307868FFF7B9F96420DDF7C6FB00BF0837B0
S31508065D40BD4680BD80B584B000AF7860DDF7B0FB90
S31508065D5002467B681B69D31AFB60FB680A2B44D983
S31508065D607B6893ED537A7B68D3F848311A46FB6805
S31508065D7002FB03F307EE903AF8EE677A77EE277A90
S31508065D807B68C3ED537ADDF793FB02467B681A6197
S31508065D907868FFF731FC7B681A68164B1340002BA8
S31508065DA004D00621786800F043FB1AE07B681A6877
S31508065DB0114B1340002B04D00121786800F038FBFC
S31508065DC00FE07B68D3F88C3119467868FFF79EFD95
S31508065DD0034603F00703072B03D10421786800F06E
S31508065DE027FB01217868FFF7EBFC00BF1037BD4695
S31508065DF080BD00BF827808003C86170080B483B051
S31508065E0000AF786000BF0C37BD465DF8047B704767
S31508065E1080B582B000AF78607868FFF7D1F900BF21
S31508065E200837BD4680BD000080B584B000AF7860EF
S31508065E300023FB73DDF73CFB02467B681B69D31A16
S31508065E40BB60BB680A2B54D9DDF732FB02467B6872
S31508065E501A617868FFF7D0FB7B681A68294B1340E6
S31508065E60002B04D00621786800F0E2FA09E07B6880
S31508065E701A68254B1340002B03D00121786800F0D9
S31508065E80D7FA7B68D3F88C3119467868FFF73EFD52
S31508065E900346FB73FB7B03F00703072B0DD17B68D1
S31508065EA0B3F85831002B11D07B68B3F85831013B4B
S31508065EB09AB27B68A3F8582108E0FB7B03F0100327
S31508065EC0002B03D00321786800F0B2FA7B6893EDBD
S31508065ED0537A7B68D3F848311A46BB6802FB03F344
S31508065EE007EE903AF8EE677A77EE277A7B68C3ED7F
S31508065EF0537A00217868FFF763FC00BF1037BD4662
S31508065F0080BD00BF827808003C86170080B483B03F
S31508065F1000AF786000BF0C37BD465DF8047B704756
S31508065F2080B584B000AF78600023FB607868FFF719
S31508065F3047F900217868FFF7B7F86420DDF7C4FA51
S31508065F4001217868FFF7D8F86420DDF7BDFA7B6883
S31508065F50D3F8903107EE903AF8EEE77A9FED247A71
S31508065F6067EE877AFCEEE77A17EE903AFB60FB68EF
S31508065F7007EE903AF8EE677A9FED1E7AF4EEC77A40
S31508065F80F1EE10FA02DD40F65D4208E0FB6807EE20
S31508065F90903AF8EE677AFCEEE77A17EE902A7B686F
S31508065FA0C3F854217B685A6C7B68D3F814311946B2
S31508065FB01046DFF779F81E20DDF786FA7B68586CF7
S31508065FC07B68D3F814117B68D3F854310022DFF7BF
S31508065FD0F9F87868FFF710FB1E20DDF775FA7B6877
S31508065FE04FF00002C3F84C2100BF1037BD4680BDEE
S31508065FF04A0C223F00D0454580B584B000AF78608C
S31508066000DDF756FA02467B681B69D31AFB60FB68FE
S315080660100A2B32D9DDF74CFA02467B681A6178688C
S31508066020FFF7EAFA7B681A68164B1340002B04D06A
S315080660300621786800F0FCF909E07B681A68124BB5
S315080660401340002B03D00121786800F0F1F978682F
S31508066050FFF760FB7B6893ED537A7B68D3F8443188
S315080660601A46FB6802FB03F307EE903AF8EE677AE0
S3150806607077EE677A7B68C3ED537A00BF1037BD465D
S3150806608080BD00BF827808003C86170080B582B0BE
S3150806609000AF78607B680022C3F854217B68586C89
S315080660A07B68D3F814117B68D3F854310022DFF7DE
S315080660B089F80A20DDF708FA7B685A6C7B68D3F8F4
S315080660C0143119461046DFF75BF800BF0837BD4698
S315080660D080BD80B582B000AF78607868FFF770F843
S315080660E07B6800229A7300217868FEF7DDFF642034
S315080660F0DDF7EAF900217868FEF7FEFF6420DDF78A
S31508066100E3F900BF0837BD4680BD000080B582B0FA
S3150806611000AF7860DDF7CCF902467B68DB69D31AEF
S31508066120064A934203D90021786800F081F978680F
S31508066130FFF762FA00BF0837BD4680BDC0270900CB
S3150806614080B483B000AF786000BF0C37BD465DF8F3
S31508066150047B704780B485B000AF786039607B6889
S31508066160D3F854313A681344FB60FB6807EE903A55
S31508066170F8EE677A9FED0A7AF4EEC77AF1EE10FA28
S3150806618002DD40F65D43FB607B68FA68C3F8542176
S31508066190002318461437BD465DF8047B704700BFD2
S315080661A000D0454580B485B000AF786039600023D5
S315080661B0FB607B68D3F854313A689A4202D90023C1
S315080661C0FB6005E07B68D3F854213B68D31AFB606D
S315080661D07B68FA68C3F85421002318461437BD4667
S315080661E05DF8047B704780B485B000AF7860396087
S315080661F07B68B3F858311A463B681344FB60FB685C
S31508066200B3F5805F02D340F6FF73FB60FB689AB26C
S315080662107B68A3F85821002318461437BD465DF84F
S31508066220047B704780B485B000AF78603960002378
S31508066230FB607B68B3F858311A463B68934202D925
S315080662400023FB6006E07B68B3F858311A463B68BC
S31508066250D31AFB60FB689AB27B68A3F85821002319
S3150806626018461437BD465DF8047B704780B584B07A
S3150806627000AF786039600123FB733B6813F57A7FB4
S3150806628002DA2823FB730EE03B6813F5FA7F02DA77
S315080662901423FB7307E03B68632B02DC0A23FB73B4
S315080662A001E00123FB737B685033FA7B11461846D7
S315080662B0F2F7A0FAB860BB68002B04D0B96878680C
S315080662C000F033F80AE07B681A68BB681340BA68B8
S315080662D09A4203D1B968786800F041F8BB6818464F
S315080662E01037BD4680BD80B584B000AF78607B6840
S315080662F050331846F2F7B0F9F860FB68002B04D05D
S31508066300F968786800F011F80AE07B681A68FB688D
S315080663101340FA689A4203D1F968786800F01FF8BC
S31508066320FB6818461037BD4680BD80B483B000AFFB
S31508066330786039607B681A683B681340002B07D17A
S315080663407B681A683B681A437B681A60012300E073
S31508066350002318460C37BD465DF8047B704780B4A3
S3150806636083B000AF786039607B685B7E062B01D107
S3150806637000230FE07B681A683B681340002B08D099
S315080663807B681A683B68DB431A407B681A600123F8
S3150806639000E0002318460C37BD465DF8047B7047B7
S315080663A080B582B000AF78607B689B7EFF2B12D1E2
S315080663B07B685B7E1D4A1B01134404331B68002B4E
S315080663C02FD07B685B7E194A1B01134404331B686E
S315080663D07868984725E07B685B7E062B11D87B682C
S315080663E05B7E124A1B01134408331B68002B08D030
S315080663F07B685B7E0D4A1B01134408331B68786865
S3150806640098477B689B7E094A1B0113441B68002B29
S3150806641007D07B689B7E054A1B0113441B68786870
S31508066420984700BF0837BD4680BD00BFF801070874
S3150806643080B485B000AF78600B46FB700023FB601E
S31508066440FB78062B02D0FB78002B05D17B68FA78F9
S315080664509A760023FB6045E07B685B7E002B05D1B8
S31508066460FB78012B02D00123FB603BE07B685B7E51
S31508066470062B08D0FB78012B05D17B68FA789A7625
S315080664800023FB602EE07B685B7E062B03D07B68C9
S315080664905B7E002B02D10123FB6023E0FB78012BF0
S315080664A003D07B685B7E012B05D17B68FA789A76E2
S315080664B00023FB6016E07B685B7E012B0FD97B68A1
S315080664C05B7E042B0BD8FB78012B08D9FB78042BAB
S315080664D005D87B68FA789A760023FB6002E04FF4C3
S315080664E08073FB60FB6818461437BD465DF8047B67
S315080664F0704780B584B000AF78607B68D3F82021F2
S315080665007B68B3F8243119461046DFF703FD0346C0
S31508066510012B0CBF01230023FB737B685B7E032BD1
S3150806652003D07B685B7E042B04D1FB7B002B01D052
S31508066530012300E0002303F00103DBB218461037F7
S31508066540BD4680BD80B584B000AF78607B68D3F859
S3150806655028217B68B3F82C3119461046DFF7DAFC92
S315080665600346012B0CBF01230023FB737B685B7E66
S31508066570052B04D1FB7B002B01D0012300E0002369
S3150806658003F00103DBB218461037BD4680BD00008E
S3150806659080B500AF754B764A9A64744B754A1A6489
S315080665A0724B754ADA64714B734A9A656F4B0022C9
S315080665B0DA656E4B704AC3F8B0206C4B0422C3F8F2
S315080665C0B4206A4B6D4A5A64684B4FF48062A3F846
S315080665D01C21664B6A4AC3F81821644B0222A3F8A3
S315080665E02421624B674AC3F82021604B4FF4007298
S315080665F0A3F82C215D4B644AC3F828215B4B00227D
S31508066600C3F81421594B45F22852C3F87421574B3F
S31508066610C922A3F88421554B41F2CC02C3F8782146
S31508066620524BF522A3F88621504B4FF44372C3F812
S315080666307C214E4BFE22A3F888214C4B4FF49672CA
S31508066640C3F88021494BFF22A3F88A21474B4DF60A
S31508066650C022C3F87021454B40F6A202A3F86E2164
S31508066660424B062283F8682107224849484803F020
S31508066670D5FD0B224749484803F0D0FD474B484A03
S315080666809A64464B474A1A64444B474ADA64434B6C
S31508066690454A9A65414B0022DA65404B424AC3F899
S315080666A0B0203E4B0422C3F8B4203C4B334A5A6406
S315080666B03A4B4FF40062A3F81C21384B3B4AC3F801
S315080666C01821364B4FF48072A3F82421334B384AE7
S315080666D0C3F82021314B4FF48062A3F82C212F4BA7
S315080666E0294AC3F828212D4B1022C3F814212B4B0F
S315080666F045F22852C3F87421284BC922A3F88421E7
S31508066700264B41F2CC02C3F87821244BF522A3F88E
S315080667108621224B4FF44372C3F87C211F4BFE2277
S31508066720A3F888211D4B4FF49672C3F880211B4B9C
S31508066730FF22A3F88A21194B4DF6C022C3F8702109
S31508066740164B40F6A202A3F86E21144B062283F8CE
S31508066750682107221749184803F060FD0B221749D6
S31508066760174803F05BFD00BF80BD00BF1C2900204B
S3150806677088430020D841002028450020744300207D
S315080667800004004800140048000C004888ED060876
S315080667902029002090ED0608042B0020202B002037
S315080667A0DC43002044420020C0450020000800487B
S315080667B0001000489CED0608242B0020A4ED0608C8
S315080667C0082D002080B483B000AF786039607B68F6
S315080667D05A7E3B685A707B681A683B685A607B68BB
S315080667E02F4A934201D1012200E002223B681A7021
S315080667F07B68D3F830213B689A607B68D3F83421E6
S315080668003B68DA607B68D3F83C213B681A617B688B
S31508066810D3F840213B685A617B68D3F844213B6824
S315080668209A617B68D3F848213B68DA617B68D3F8B6
S315080668304C213B685A627B68D3F838213B681A6252
S315080668407B6893F86D213B6883F828203B6893F8A4
S315080668502C30002B1DD07B68B3F85C213B68DA85A3
S315080668607B68B3F85E213B681A867B68B3F86021B5
S315080668703B685A867B68B3F862213B689A867B68CA
S31508066880B3F864213B68DA867B68B3F86A213B6805
S315080668901A8700BF0C37BD465DF8047B704700BFF4
S315080668A01C29002080B483B000AF786039603B6845
S315080668B05A687B68C3F898213B689A687B68C3F868
S315080668C09C213B68DA687B68C3F8A0213B681A698D
S315080668D07B68C3F8A4213B685A697B68C3F8A82174
S315080668E03B689A697B68C3F8AC213B68DA697B68BA
S315080668F0C3F8B8213B681A6A7B68C3F8BC213B68AB
S315080669005A6A7B68C3F8C0213B689A6A7B68C3F8EB
S31508066910C4213B68DA6A7B68C3F8C8213B681A6BE8
S315080669207B68C3F8CC213B685A6B7B68C3F8D021D1
S315080669303B689A6B7B68C3F8D4213B68DA6B7B683D
S31508066940C3F8D8213B681A6C7B68C3F8DC213B6818
S315080669505A6C7B68C3F8E0213B689A6C7B68C3F877
S31508066960E4217B68012283F8942100BF0C37BD46D3
S315080669705DF8047B7047000080B582B000AF78608A
S3150806698039603B681B78052B4DD801A252F823F0CF
S31508066990256A0608A9690608BF690608DD6906089C
S315080669A0FB6906081D6A06083B689B78002B14BF18
S315080669B001230023DAB27B6883F8942133E03B6827
S315080669C09B78002B14BF01230023DBB2194678688F
S315080669D0FEF76AFB6420DCF777FD24E03B689B78C4
S315080669E0002B14BF01230023DBB219467868FEF78D
S315080669F083FB6420DCF768FD15E03B685A687B680C
S31508066A00C3F890213B689A687B68C3F88C213B6873
S31508066A109B7819467868FFF70BFD04E07868FEF759
S31508066A20D3FA00E000BF00BF0837BD4680BD00BFE9
S31508066A3080B485B000AF78600023FB730123FB732F
S31508066A400223FB730323FB730423FB737B6893F808
S31508066A506831052B01D90523FB7300BF1437BD46DC
S31508066A605DF8047B704780B485B000AFF8600B46C6
S31508066A707A607B817B8907EE903AF8EE677AB0EE04
S31508066A80670A1437BD465DF8047B704780B485B03F
S31508066A9000AFF86087ED020A7960BB6807EE903AA0
S31508066AA0B0EE670A1437BD465DF8047B704780B5B5
S31508066AB086B000AF78600B46FB7000233B61002367
S31508066AC0FB607B6893F83B309AB2FB787968C033EB
S31508066AD05B000B449B889A4222D07B6803F13400FC
S31508066AE0FB787A68C0335B0013449B88DBB2194689
S31508066AF0F0F72BFE0120DCF7E7FC0A20DCF7E4FCBE
S31508066B007B68186C7B6803F5AE717B6893F8683109
S31508066B101A46DDF71FF90346FB720120DCF7D4FC9B
S31508066B207B68B3F85C311A4640F6E44302FB03F386
S31508066B30002B01DA03F6FF731B133B61FB787A68B1
S31508066B405C339B0013445B687A68B2F86E211A4474
S31508066B507B68D3F8703113443A6903FB02F2FB7873
S31508066B6079685C339B000B445B687968B1F86E11EB
S31508066B700B44B2FBF3F399B2FB783233DB007A683F
S31508066B80134408331A467868FFF76DFFF0EE407A25
S31508066B90FCEEE77A17EE903AFB60FB6842F2107253
S31508066BA0934202D80023FB751DE0FB6847F2305274
S31508066BB0934202D80123FB7515E0FB684EF6602260
S31508066BC0934202D80223FB750DE07B6803F1340273
S31508066BD07B68B3F88A31DBB219461046F0F7B5FD7D
S31508066BE04EF6602316E0FA7DFB789A420CD37B684C
S31508066BF003F134027B68B3F88831DBB219461046CE
S31508066C00F0F7A3FDFB6805E0FB7D19467868FFF7F4
S31508066C104EFF034618461837BD4680BD80B584B074
S31508066C2000AF78600023FB600023BB607B68B3F87F
S31508066C305E311A4640F6E44302FB03F3002B01DAFB
S31508066C4003F6FF731B13FB60FA6813461B019B1AB0
S31508066C509B009B1A114AA2FB03235B0899B27B6821
S31508066C6003F5DC731A467868FFF7FDFEF0EE407A00
S31508066C70FCEEE77A17EE903ABB607B6803F13402BE
S31508066C807B68B3F88831DBB219461046F0F742FD41
S31508066C90BB6818461037BD4680BD00BFABAAAAAA70
S31508066CA080B584B000AF78607B68B3F864311A465D
S31508066CB040F6E44302FB03F3002B01DA03F6FF73FF
S31508066CC01B13FB60FB68642202FB03F30B4A82FB79
S31508066CD003121211DB17D31A99B27B6803F5E87308
S31508066CE01A467868FFF7BFFEF0EE407AFDEEE77AB9
S31508066CF017EE903A18461037BD4680BD4FECC44E7F
S31508066D0080B582B000AF78607B68B3F86A311A46F8
S31508066D1042F2107302FB03F3002B01DA03F6FF7344
S31508066D201B1399B27B6803F5E4731A467868FFF76E
S31508066D309AFEF0EE407AFDEEE77A17EE903A184696
S31508066D400837BD4680BD000080B586B000AF7860BE
S31508066D504FF000037B617B68B3F86031B3F5805F5B
S31508066D6007D94FF480017868FFF7DFFADFED4E7A28
S31508066D7089E07B68B3F860311846D9F70BFC0246FA
S31508066D800B4643A1D1E90001D9F798FD02460B4601
S31508066D90104619464FF00002444BD9F7ADFA02469B
S31508066DA00B463DA1D1E90001D9F788FD02460B46F7
S31508066DB010461946D9F730FF03463B61D7ED047AE4
S31508066DC09FED3B7AC7EE876A16EE900AD9F7F4FB6B
S31508066DD002460B4643EC102B05F0CEFF53EC102B60
S31508066DE010461946D9F718FF03467B61D7ED057A8B
S31508066DF09FED307A67EE877A9FED2F7A37EE877A98
S31508066E00D7ED057ADFED2D6A67EEA66AD7ED057A20
S31508066E1066EEA77A37EE277AD7ED057ADFED286A82
S31508066E2067EEA66AD7ED057A66EEA76AD7ED057AFE
S31508066E3066EEA77A77EE277A17EE900AD9F7BCFB9D
S31508066E4002460B464FF000001849D9F737FD0246A9
S31508066E500B461046194612A3D3E90023D9F74CFA6E
S31508066E6002460B4610461946D9F7D6FE0346FB6078
S31508066E707B6803F5EC73194697ED030A7868FFF7FE
S31508066E8005FEF0EE407AB0EE670A1837BD4680BDB5
S31508066E900000000000FEAF40000000000088C34066
S31508066EA06666666666127140339388C30000F03FCD
S31508066EB000401C46027E86390FCF5B3B3AE22E36E9
S31508066EC07BEB87330000000080B586B000AF78609C
S31508066ED04FF000037B617B68B3F86231B3F5805FD8
S31508066EE007D94FF400117868FFF71FFADFED4E7AD7
S31508066EF089E07B68B3F862311846D9F74BFB024638
S31508066F000B4643A1D1E90001D9F7D8FC02460B4640
S31508066F10104619464FF00002444BD9F7EDF90246DA
S31508066F200B463DA1D1E90001D9F7C8FC02460B4636
S31508066F3010461946D9F770FE03463B61D7ED047A23
S31508066F409FED3B7AC7EE876A16EE900AD9F734FBA9
S31508066F5002460B4643EC102B05F00EFF53EC102B9E
S31508066F6010461946D9F758FE03467B61D7ED057ACA
S31508066F709FED307A67EE877A9FED2F7A37EE877A16
S31508066F80D7ED057ADFED2D6A67EEA66AD7ED057A9F
S31508066F9066EEA77A37EE277AD7ED057ADFED286A01
S31508066FA067EEA66AD7ED057A66EEA76AD7ED057A7D
S31508066FB066EEA77A77EE277A17EE900AD9F7FCFADD
S31508066FC002460B464FF000001849D9F777FC0246E9
S31508066FD00B461046194612A3D3E90023D9F78CF9AE
S31508066FE002460B4610461946D9F716FE0346FB60B7
S31508066FF07B6803F5EC73194697ED030A7868FFF77D
S3150806700045FDF0EE407AB0EE670A1837BD4680BDF4
S315080670100000000000FEAF40000000000088C340E4
S315080670206666666666127140339388C30000F03F4B
S3150806703000401C46E15A9D390FCF5B3B3CA1AA3658
S31508067040AEE56A3480B584B000AF786000237B81EC
S3150806705000233B814FF0FF33FB607B6893F868316A
S31508067060052B28D97B68B3F866317B817B8940F680
S31508067070E44202FB03F3002B01DA03F6FF731B1344
S315080670803B813B894EF2786202FB03F30C4A82FB8C
S3150806709003129211DB17D31A99B27B6803F5E073CC
S315080670A01A467868FFF7DFFCF0EE407AFDEEE77AD7
S315080670B017EE903AFB60FB6818461037BD4680BD4A
S315080670C0F119760580B582B000AFFCF72BFF234B86
S315080670D0234A1A63214B00221A73204B00221A618F
S315080670E01E4B204AC3F8BC241C4B002283F898245E
S315080670F01A4B0022C3F89C24184B1B4AC3F8482986
S31508067100164B012283F82429184B194A19491A4895
S31508067110F8F740FA034683F00103DBB2002B05D0E5
S31508067120124B134A13491448F8F7A2FA00237B6050
S315080671300CE07B684FF4EC7202FB03F30B4A13442C
S31508067140184600F0E9FA7B6801337B607B68092BF1
S31508067150EFDD002318460837BD4680BD344C0020AF
S3150806716094AB002018AC00209CAC0020242D0020EF
S31508067170B8FE0608B0ED0608C0ED060880B584B068
S3150806718000AF78607B689A697B68DA6109E07B6894
S31508067190DB69FB60FB685A687B68DA61F86801F0A8
S315080671A039F87B68DB69002BF1D17B680022DA6146
S315080671B07B6800229A6100BF1037BD4680BD000075
S315080671C080B584B000AF78600B46FB700023FB736E
S315080671D07B6893F82130FA789A4212D9082000F08B
S315080671E0A1FF0346002B2CD000F032FF174918489A
S315080671F000F0F6FE174800F0F3FE174800F0F0FE1A
S315080672001FE00023FB7317E0FA7B79681346DB0059
S3150806721013449B000B446C331B78032B09D1FA7B6A
S3150806722079681346DB0013449B000B447833002227
S315080672301A60FB7B0133FB73FA7BFB789A42E3D32E
S3150806724000E000BF1037BD4680BD00BFD0ED06087A
S31508067250E0ED0608E8ED060814EE060880B584B0E3
S3150806726000AF786039600023FB737B68002B6DD00E
S315080672703B681B78032B69D83B681A787B689A7033
S315080672807B689B78032B4CD801A252F823F000BFE3
S31508067290A1720608B9720608D17206080B730608A3
S315080672A07B6803F118003B6804332022194602F06E
S315080672B0B5FF0123FB7349E07B6803F118003B68B9
S315080672C004332022194602F0A9FF0123FB733DE089
S315080672D07B6803F118003B6804330822194602F056
S315080672E09DFF7B689B69002B0CD17B68D3ED077ADB
S315080672F09FED197AF4EEC77AF1EE10FA02DD00234D
S31508067300FB7323E00123FB7320E07B6803F1180077
S315080673103B6804330C22194602F080FF0123FB73EF
S3150806732014E0102000F0FEFE0346002B0ED000F0F7
S315080673308FFE0A490A4800F053FE7B689B78194671
S31508067340084800F04DFE084800F04AFEFB7B184642
S315080673501037BD4680BD00BF00007042D0ED060856
S31508067360E0ED060818EE060814EE060890B58BB08A
S3150806737002AF786039600023FB610023FB75386825
S31508067380FFF7FCFE7B6893F8213019467868FFF705
S3150806739017FF3B6800229A723B684FF47A729A8204
S315080673A03B68DB68581C7B6801332022194602F0C5
S315080673B035FF3B687A68DA6000233B610023FB6188
S315080673C079E1382000F01EFF0346FB60FB68002BB8
S315080673D017D1102000F0A6FE0346002B0BD000F0AE
S315080673E037FEA749A74800F0FBFDA74800F0F8FDB9
S315080673F0A64800F0F5FD3868FFF7C0FE4FF0FF33E4
S3150806740069E1FB6800225A600023FB757968FA6908
S315080674101346DB0013449B000B446C331B78022B84
S3150806742002DC002B04DAFBE0032B00F08C80F7E085
S31508067430FA691346DB0013449B0068337A681344DB
S3150806744004331946F868FFF709FF0346002B62D08E
S31508067450FB69DAB2FB685A700123FB75022000F055
S3150806746061FE0346002B1BD000F0F2FD84498548D1
S3150806747000F0B6FD7968FA691346DB0013449B00EB
S315080674800B446C331B78002B01D1814B00E0814BF2
S315080674903A69F969804800F0A3FD7C4800F0A0FD2A
S315080674A07968FA691346DB0013449B000B446C3370
S315080674B01B78002B15D1022000F034FE0346002B5C
S315080674C025D000F0C5FD6E496E4800F089FDFB68BB
S315080674D0DB691946714800F083FD6C4800F080FDAB
S315080674E015E0022000F01EFE0346002B0FD000F022
S315080674F0AFFD6349634800F073FDFB681C3393E8E8
S315080675000600664800F06CFD604800F069FDFB69F8
S315080675100133FB6198E0102000F004FE0346002BB9
S315080675200BD000F095FD5649564800F059FD5C48C3
S3150806753000F056FD554800F053FD3868FFF71EFE65
S315080675404FF0FF33C7E07968FA691346DB00134440
S315080675509B000B44783319687868FA691346DB008A
S3150806756013449B00034474331B6899424ED27968C8
S31508067570FA691346DB0013449B000B4478331B68F1
S31508067580591C7868FA691346DB0013449B000344C2
S3150806759078331960022000F0C5FD0346002B2AD071
S315080675A000F056FD3649374800F01AFD7968FA693B
S315080675B01346DB0013449B000B4478331868796836
S315080675C0FA691346DB0013449B000B4474331C68A4
S315080675D07968FA691346DB0013449B000B4470333B
S315080675E01B68009323460246F9692E4800F0F8FC04
S315080675F0264800F0F5FC7968FA691346DB00134459
S315080676009B000B4470331B68FB611DE0FB69013365
S31508067610FB61FB69DBB219467868FFF7D1FD13E013
S31508067620102000F07FFD0346002B0BD000F010FD5E
S315080676301349144800F0D4FC1B4800F0D1FC134843
S3150806764000F0CEFC012346E0FB7D002B2ED03B69DD
S315080676505A1C3A61DAB2FB681A70FB681B78002B6B
S3150806766008D13B68FA68DA613B68FA689A61FB688A
S31508067670BB611EE0BB69FA685A60FB68BB6118E025
S31508067680D0ED0608E0ED060834EE060814EE060800
S3150806769044EE06084CEE060858EE060880EE06087E
S315080676A094EE0608A8EE0608D8EE0608F86800F06E
S315080676B0B1FD0023FB757B6893F821301A46FB69F2
S315080676C09342FFF67EAE3B69DBB2013BDAB23B6814
S315080676D083F82020002318462437BD4690BD00BFF0
S315080676E080B483B000AF78607B685B88023B032B67
S315080676F00AD801A252F823F0097706080977060878
S31508067700097706080977060800BF00BF0C37BD4685
S315080677105DF8047B704700BF80B584B000AF78601B
S315080677200023FB730EE0FA7B1346DB0013449B002B
S3150806773068337A68134404331846FFF7D1FFFB7B90
S315080677400133FB737B6893F82130FA7B9A42EAD3B6
S3150806775000BF00BF1037BD4680BD000080B5ADF539
S31508067760187D02AF07F51673A3F51573186007F5A6
S315080677701673A3F51673196007F51673A3F515732D
S3150806778007F5847219681046EBF73BFC034687F83B
S31508067790573297F85732002B40D107F59E7207F5F0
S315080677A0847311461846EBF7C5FC034687F8573225
S315080677B097F85732002B2CD107F51673A3F58E7357
S315080677C09B7D002B25D007F51673A3F58E731B7ABA
S315080677D003F01003002BE0D007F51673A3F515730F
S315080677E007F1080007F59E72163200921B680E4AC4
S315080677F04FF4807101F066FB07F51673A3F5167349
S315080678001B685A1C07F1080311461846FFF7A6FF18
S31508067810C3E707F584731846EBF766FC00BF07F55A
S315080678201677BD4680BD00BFECEE060890B5ADF5E9
S31508067830357D02AF07F53273A3F52F73186007F582
S315080678403273A3F53073196007F53273A3F53173EE
S315080678501A6007F53273A3F52F731868EBF752FD0E
S31508067860034687F8C73297F8C732002B03D097F82E
S31508067870C732082B66D107F53273A3F52F7307F1BE
S31508067880100007F53272A2F53072126800921B686C
S31508067890364A802101F016FB07F1100107F1940319
S315080678A00A221846EAF78AFC034687F8C73297F883
S315080678B0C732002B3AD107F53273A3F53173186828
S315080678C0D8F70EFD044607F1900307F53272A2F5BE
S315080678D0317107F1940022460968EAF76CFF0346F8
S315080678E087F8C73297F8C732002B0ED107F53273D9
S315080678F0A3F531731868D8F7F3FC024607F5327311
S31508067900A3F50E731B689A420AD000F0A1FB07F18D
S3150806791010031946164800F063FB164800F060FB8C
S3150806792007F194031846EBF739F919E000F090FBCE
S3150806793007F110031946104800F052FB0D4800F0EF
S315080679404FFB0DE000F084FB07F53273A3F52F73A2
S3150806795019680A4800F044FB064800F041FB00BFD8
S3150806796000BF07F53377BD4690BD00BFECEE0608A7
S31508067970F4EE060814EF060818EF060838EF0608A8
S3150806798080B5ADF50E7D00AF022000F0CBFB0346B1
S31508067990002B0BD000F05CFB2149224800F020FBA7
S315080679A0214800F01DFB214800F01AFBFCF77CFC79
S315080679B00346002B1BD11E4A1E491F48FFF736FFF2
S315080679C0012000F0AFFB0346002B0BD000F040FB6E
S315080679D01349144800F004FB184800F001FB134845
S315080679E000F0FEFA00211648FFF7B8FE11E010204F
S315080679F000F098FB0346002B0BD000F029FB08493C
S31508067A00084800F0EDFA0F4800F0EAFA074800F0D1
S31508067A10E7FAFCF795FC00BF07F50E77BD4680BD6D
S31508067A2068EF060874EF06087CEF060814EF0608E2
S31508067A3090EF0608A0EF0608B0EF0608B8EF0608A6
S31508067A4058EF0608D4EF060880B5ADF5906D00AF79
S31508067A5007F59063A3F27443186007F59063A3F5D8
S31508067A608F63196007F59063A3F279431A70FCF7DA
S31508067A701BFC0346002B17D1102000F053FB0346C8
S31508067A80002B0ED000F0E4FA4449454800F0A8FA5F
S31508067A9097F87F341946434800F0A2FA424800F0A0
S31508067AA09FFA4FF0FF3374E007F59063A3F2744329
S31508067AB007F118000A221968EAF780FB034687F8D1
S31508067AC07F3497F87F34002B19D0102000F02AFB54
S31508067AD00346002B0ED000F0BBFA3049304800F0BA
S31508067AE07FFA97F87F341946304800F079FA2E4817
S31508067AF000F076FAFCF724FC4FF0FF3349E007F569
S31508067B009063A3F279431A7807F1140307F590618F
S31508067B10A1F58F6107F118000968EAF74CFE0346D6
S31508067B2087F87F3497F87F34002B0BD107F59063D7
S31508067B30A3F279431A7807F59063A3F26C431B6898
S31508067B409A421ED0102000F0EDFA0346002B0ED0FE
S31508067B5000F07EFA1149124800F042FA97F87F3487
S31508067B601946134800F03CFA0F4800F039FA07F1AF
S31508067B7018031846EBF712F8FCF7E2FB4FF0FF334B
S31508067B8007E007F118031846EBF708F8FCF7D8FBE1
S31508067B900023184607F59067BD4680BD68EF0608B8
S31508067BA074EF0608F4EF060814EF06080CF0060844
S31508067BB024F0060880B5ADF5906D00AF07F590631D
S31508067BC0A3F27443186007F59063A3F58F631960EB
S31508067BD007F59063A3F27C431A60FCF765FB034638
S31508067BE0002B17D1102000F09DFA0346002B0ED065
S31508067BF000F02EFA5E495F4800F0F2F997F87F34EE
S31508067C0019465D4800F0ECF95C4800F0E9F94FF0D2
S31508067C10FF33A8E007F59063A3F2744307F114004F
S31508067C2001221968EAF7CAFA034687F87F3497F8ED
S31508067C307F34002B19D0102000F074FA0346002B67
S31508067C400ED000F005FA4A494A4800F0C9F997F8ED
S31508067C507F3419464A4800F0C3F9484800F0C0F987
S31508067C60FCF76EFB4FF0FF337DE007F59063A3F252
S31508067C706C43DB68C7F87834022000F053FA0346EB
S31508067C80002B12D000F0E4F939493A4800F0A8F971
S31508067C9007F59063A3F27443D7F878241968394828
S31508067CA000F09EF9354800F09BF907F1100307F531
S31508067CB09062A2F27C4207F59061A1F58F6107F101
S31508067CC0140012680968EAF737FC034687F87F3412
S31508067CD097F87F34002B1ED007F114031846EAF7E7
S31508067CE05DFFFCF72DFB102000F01CFA0346002B5F
S31508067CF00ED000F0ADF91E491E4800F071F997F846
S31508067D007F341946204800F06BF91C4800F068F9DC
S31508067D104FF0FF3327E0022000F004FA0346002B53
S31508067D2015D000F095F91249124800F059F907F5E9
S31508067D309063A3F58E631A6807F59063A3F27443F6
S31508067D401968124800F04CF90C4800F049F907F191
S31508067D5014031846EAF722FFFCF7F2FA07F59063CA
S31508067D60A3F58E631B68184607F59067BD4680BD62
S31508067D7068EF060874EF0608F4EF060814EF060817
S31508067D800CF006083CF0060854F0060870F00608DB
S31508067D9080B5C8B000AF07F59073A3F58E73186063
S31508067DA007F59073A3F59073196007F59073A3F515
S31508067DB0827300221A600433FC220021184601F059
S31508067DC03BF907F59073A3F58C7307F11C014FF47D
S31508067DD080721846EDF7B4FD07F59073A3F5907310
S31508067DE007F108001A680D49EEF717FA034687F8E9
S31508067DF01F3107F59073A3F58C73DB68DAB207F1C2
S31508067E001C0107F59073A3F58E731868FFF71CFE19
S31508067E100346184607F59077BD4680BDF0F906086D
S31508067E2080B487B000AF786187ED040AC7ED030A08
S31508067E3087ED021AC7ED011A7B693A691A607B69EA
S31508067E40FA685A607B69BA689A607B694FF00002DD
S31508067E50DA607B694FF000021A617B697A685A61B3
S31508067E6000BF1C37BD465DF8047B7047B0B58CB0BD
S31508067E7006AFF860B9607A603B60BA680021F868B0
S31508067E8001F0DAF87B68DB7803F5FA627B685B78DB
S31508067E9019467B689B7818463B681B781C463B68E0
S31508067EA05B781D463B689B7804930395029401907C
S31508067EB000911346BA6AB968F86801F003F878615A
S31508067EC0BB687A699A4213DB082000F02BF9034649
S31508067ED0002B0DD000F0BCF80849094800F080F8D8
S31508067EE07A69B968074800F07BF8074800F078F819
S31508067EF0FB6818461837BD46B0BD00BFC0F0060871
S31508067F00A8F00608E8F00608BCF0060880B588B0AA
S31508067F1002AF3B46002219460B48E0F739F807F147
S31508067F201403002219460848E0F715F93B4607F1F7
S31508067F3014020649009140210548FFF797FF0346B4
S31508067F4018461837BD4680BD304400200CF1060891
S31508067F505CB3002080B58CB000AF786039607B686A
S31508067F60DB7864333B627B685B78013BFB617B6845
S31508067F709B78BB613B681B787B613B685B783B619A
S31508067F803B689B78FB604FF0FF33FB6207F10C03F7
S31508067F90184601F03FFC02460B461346184630378C
S31508067FA0BD4680BD80B586B000AF3B460022194661
S31508067FB00A48DFF7EDFF07F11403002219460748BA
S31508067FC0E0F7C9F83A4607F1140311461846FFF7CB
S31508067FD0C1FF034618461837BD4680BD3044002003
S31508067FE00FB480B582B000AFFE220021164801F014
S31508067FF023F807F114037B607A683969124801F099
S3150806800011F8114800F056FF0F48D8F769F90346E4
S31508068010FC2B06D80C48D8F763F90346DBB29AB2A6
S3150806802000E0FD224FF0FF3307490848E3F766F9F3
S315080680300548D8F755F90346DBB218460837BD464C
S31508068040BDE8804004B070479CB300202048002055
S3150806805080B500AF00220B490B48DFF799FF0022CF
S315080680600A490948E0F777F8064B1B781946054B7F
S315080680705B781A46034B9B780548FFF7B1FF00BFA6
S3150806808080BD00BF9CB4002030440020B0B4002058
S3150806809054F1060880B500AF202228210248FFF7CA
S315080680A09FFF00BF80BD00BF64F1060880B500AF1C
S315080680B0252228210248FFF793FF00BF80BD00BF8F
S315080680C064F1060880B500AF212228210248FFF789
S315080680D087FF00BF80BD00BF64F1060880B500AF04
S315080680E01F2228210248FFF77BFF00BF80BD00BF7D
S315080680F064F1060880B500AF212229210248FFF758
S315080681006FFF00BF80BD00BF64F1060880B500AFEB
S31508068110222228210248FFF763FF00BF80BD00BF61
S3150806812064F1060880B582B000AF0346FB71FB7999
S31508068130002B01D1002343E0FB79102B28DC002B0A
S315080681403BDD013B0F2B38D801A252F823F000BFBE
S31508068150978106089D810608BB810608A38106083D
S31508068160BB810608BB810608BB810608A9810608E5
S31508068170BB810608BB810608BB810608BB810608C3
S31508068180BB810608BB810608BB810608AF810608BF
S31508068190802B0FD011E0FFF77DFF10E0FFF786FF73
S315080681A00DE0FFF78FFF0AE0FFF798FF07E0FFF7F6
S315080681B0A1FF04E0FFF7AAFF01E0002300E0012380
S315080681C018460837BD4680BD024B0A46014618685A
S315080681D000F002B8F43F002037B5A1FB02244CB9DB
S315080681E01146019200F03EF8019A054630B928462E
S315080681F003B030BD0C2202600025F8E7214600F0E0
S315080682001BFFF4E7024B0146186800F02BB800BFBF
S31508068210F43F0020024B0146186802F0BBBE00BFB9
S31508068220F43F002070B50E4E0C463168054611B966
S3150806823001F09CFF30602146284601F097FF431C53
S315080682400AD0C41C24F00304A04207D0211A2846E3
S3150806825001F08CFF013001D14FF0FF34204670BD86
S31508068260B8B400202DE9F843CD1C25F003050835DA
S315080682700C2D38BF0C25002D074601DBA94205D96A
S315080682800C233B6000263046BDE8F883DFF8D0802D
S3150806829000F068F8D8F800301C465CBB2946384614
S315080682A0FFF7C0FF431C044655D1D8F800402646BA
S315080682B0002E45D1002C48D023683146384604EBB3
S315080682C0030901F053FF81453FD121686D1A2946F6
S315080682D03846FFF7A7FF013037D023682B442360BB
S315080682E0D8F80030002B38D05A68A2422BD1002283
S315080682F05A600FE02268521B1FD40B2A17D9611938
S31508068300A342256018BF5960636808BFC8F80010FD
S3150806831062514B60384604F10B0600F029F826F040
S315080683200706231DF21AAED09B1BA350ABE7A34242
S315080683306268DDD1C8F80020ECE723466468ACE736
S3150806834034467668B4E71346CCE70C233B603846D2
S3150806835000F00EF897E72560DCE75B60FFDE00BFF6
S31508068360B4B40020014801F04EBF00BF21B6002074
S31508068370014801F04ABF00BF21B600202DE9FF4794
S3150806838055EC104B002D0E4619462B46BBBF05F17C
S3150806839000431D4600232D230B700D9BDDF830A0E8
S315080683A0914623F02008BCBF22461446B8F1460F6C
S315080683B005D0B8F1450F00D10136022100E00321A8
S315080683C003AB019302AB009345EC104B534632467A
S315080683D001F0EEFFB8F1470F074602D119F0010F73
S315080683E022D0B8F1460F07EB060910D13B78302B99
S315080683F00AD10022002320462946D8F79DFB18B93C
S31508068400C6F10106CAF80060DAF800309944002277
S31508068410002320462946D8F78FFB08B1CDF80C90DD
S315080684203022039B4B4507D3039B0E9ADB1B384624
S31508068430136004B0BDE8F087591C03911A70F0E77B
S31508068440F7B503460029B8BF494203F8022BB4BF5D
S315080684502D222B22092942702ADD0DF1070217461D
S315080684600A26944691FBF6F506FB151430340CF8E5
S31508068470014C0C46632C02F1FF322946F1DC3031F9
S31508068480ACF1020402F8011C411C2246BA420AD380
S315080684900DF10902A2EB0C02BC4288BF0022134466
S315080684A0181A03B0F0BD12F8015B01F8015FEDE793
S315080684B0302330318370C170031DF1E72DE9F04F83
S315080684C02DED028B8DB00C46DDF8608016461F46EC
S315080684D0054601F013FED0F800A05046D7F700FF70
S315080684E000230A9323680593D8F8003094F818B041
S315080684F0073323F0070303F10802C8F80020D3E977
S31508068500008929F000430793CDF8188008EE100A6B
S31508068510C4E91289DDE906019E4B4FF0FF32D8F70A
S315080685203DFB88BBDDE906019A4B4FF0FF32D8F7CB
S3150806853017FB48BB0022002340464946D8F706FBE8
S3150806854010B12D2384F84330934A944BBBF1470F59
S3150806855094BF9046984603232361059B23F004039C
S3150806856023604FF00009009733460BAA2146284692
S3150806857000F0DAF9013040F090804FF0FF300DB088
S31508068580BDEC028BBDE8F08F42464B46404649464F
S31508068590D8F704FB40B14B46002BBCBF2D2384F805
S315080685A043307F4A7F4BD1E763680BF0DF020692BA
S315080685B05A1C3FD106236360059B616843F48062B3
S315080685C0002303930AABCDE901B309AB49EC108B3B
S315080685D0009322600DF123032846FFF7CFFE069B7C
S315080685E00999472B804608D1C81C02DB636899425D
S315080685F041DDABF102035FFA83FBBBF1650F20D8B9
S3150806860001395A4604F150000991FFF719FF0A9AEB
S315080686101318012A8146236102DC2268D20701D58E
S31508068620013323619DF82330002B9CD02D2384F833
S31508068630433098E7069A472ABED1002BBCD10123B8
S31508068640B9E7BBF1660F18D1002963680BDD21610E
S3150806865013B92268D00702D501330B442361A165F5
S315080686604FF00009DEE713B92268D20701D50233AF
S31508068670F4E70123F2E74FF0670B0A9B994205DBFD
S3150806868023682161D807EAD54B1CE7E70029D4BF3A
S31508068690C1F1020201221344E0E723685A0507D40A
S315080686A02369424631462846B84701302CD164E745
S315080686B0BBF1650F40F2E080D4E9120100220023DF
S315080686C0D8F73AFA002834D0374A012331462846DD
S315080686D0B84701303FF451AFDDE909239A4202DB78
S315080686E02368D80710D518EE103A5246314628465A
S315080686F0B84701303FF441AF4FF0000804F11A09B4
S315080687000A9B013B434509DC23689B0700F1078161
S31508068710E0680B9B9842B8BF184630E701234A46DD
S3150806872031462846B84701303FF427AF08F1010815
S31508068730E6E7099B002B39DC1B4A01233146284606
S31508068740B84701303FF419AFDDE90932134302D1C0
S315080687502368D907D8D518EE103A52463146284620
S31508068760B84701303FF409AF4FF0000904F11A0A79
S31508068770099B5B424B4501DC0A9B92E7012352465D
S3150806878031462846B84701303FF4F7AE09F10109E4
S31508068790EEE700BFFFFFEF7F680207086C020708CF
S315080687A07002070874020708EE0D07080A9AA36DF1
S315080687B09A42A8BF1A46002A914637DC4FF0000BA4
S315080687C029EAE97904F11A02A36D0593A3EB0903CD
S315080687D05B4533DCDDE909239A423BDB2368DA0786
S315080687E038D4DDE90932A2EB0309059BD21A91456D
S315080687F0A8BF9146B9F1000F35DC4FF0000829EA03
S31508068800E97904F11A0ADDE909239B1AA3EB090398
S3150806881043457FF779AF0123524631462846B8477E
S3150806882001303FF4AAAE08F10108ECE713463146D3
S3150806883042462846B8470130C0D19EE6012331464E
S3150806884028460592B84701303FF497AE059A0BF1CC
S31508068850010BB9E718EE103A524631462846B8478C
S315080688600130BED189E6059A4B464244314628462A
S31508068870B8470130C1D180E60A9A012A01DCDB072E
S315080688803AD50123424631462846B84701303FF4D1
S3150806889074AE18EE103A524631462846B8470130A5
S315080688A03FF46BAED4E9120100220023DDF828A0B6
S315080688B0D8F742F9D8B90AF1FF3308F10102314669
S315080688C02846B84701300ED157E6012352463146A7
S315080688D02846B84701303FF450AE08F101080A9B0E
S315080688E0013B4345F1DC4B4604F15002DAE64FF00C
S315080688F0000804F11A0AF2E701234246DFE70123D4
S315080689004A4631462846B84701303FF436AE08F19E
S315080689100108E3680B995B1A4345F0DCF8E64FF065
S31508068920000804F11909F4E72DE9F04716469946B1
S315080689308A680B69DDF820809342B8BF1346336010
S3150806894091F8432007460C460AB10133336023687B
S31508068950990642BF336802333360256815F0060563
S3150806896006D104F1190AE36832689B1AAB4226DC7B
S3150806897094F84320131E226818BF012392062BD4A7
S3150806898004F1430249463846C04701301ED02368DB
S31508068990226903F00603042B02BFE5683368ED1A5D
S315080689A0A3680CBF25EAE57500259342C4BF9B1A42
S315080689B0ED1800261A34B5421AD1002008E001231C
S315080689C0524649463846C047013003D14FF0FF3074
S315080689D0BDE8F0870135C6E7E1185A1C302081F84C
S315080689E04300224494F8451082F843100233C7E739
S315080689F00123224649463846C0470130E6D00136A5
S31508068A00D9E700002DE9FF470F7E0C9D782F914682
S31508068A1080460C469A4601F1430207D8622F0AD8C1
S31508068A20002F00F0D480582F00F0C08004F14205CC
S31508068A3084F842703AE0A7F16303152BF6D801A12C
S31508068A4051F823F09D8A0608B18A06082D8A060873
S31508068A502D8A06082D8A06082D8A0608B18A06086A
S31508068A602D8A06082D8A06082D8A06082D8A0608DE
S31508068A70B58B0608DD8A06086F8B06082D8A060852
S31508068A802D8A0608D78B06082D8A0608DD8A060863
S31508068A902D8A06082D8A0608778B06082B681A1D5E
S31508068AA01B682A6004F1420584F8423001239FE0D8
S31508068AB020682B68070603F10401296001D51E689C
S31508068AC003E04606FBD5B3F90060002E03DA2D232C
S31508068AD0764284F843305A480A2312E02B682068FF
S31508068AE0191D2960050601D51E6802E04106FBD553
S31508068AF01E8853486F2F0CBF08230A23002184F8C3
S31508068B0043106568A560002DA2BF216821F00401FF
S31508068B1021600EB9002D4BD01546B6FBF3F103FBC3
S31508068B201167C75D05F8017D3746BB420E46F4D97F
S31508068B30082B0BD12368DE0708D523696168994295
S31508068B40DEBF302305F8013C05F1FF35521B2261CD
S31508068B50CDF800A04B4603AA21464046FFF7E4FE99
S31508068B6001304AD14FF0FF3004B0BDE8F0872368DC
S31508068B7043F0200323603348782784F84570236832
S31508068B8029681F0651F8046B02D45F0648BFB6B2B9
S31508068B90DF0748BF43F02003296048BF23601EB994
S31508068BA0236823F0200323601023A7E72448E4E775
S31508068BB01546BDE72B6826686169181D28603506BF
S31508068BC01B6801D5196002E07006FBD519800023DB
S31508068BD023611546BCE72B681A1D2A601D6862685C
S31508068BE000212846D7F72CFB08B1401B606063684E
S31508068BF02361002384F84330AAE723692A464946AF
S31508068C004046D0470130ADD023689B0713D4E068A9
S31508068C10039B9842B8BF1846A6E70123324649463B
S31508068C204046D04701309DD00135E36803995B1A63
S31508068C30AB42F2DCEBE7002504F11906F5E700BFBF
S31508068C407802070889020708002310B50446C0E912
S31508068C500033C0E90433836081814366C281836138
S31508068C60194608225C3000F0E7F9054B6362054BA6
S31508068C70A362054BE362054B2462236310BD00BF5E
S31508068C806D8F0608938F0608CB8F0608EF8F0608A2
S31508068C90024A0349034800F069B800BF943F00201A
S31508068CA065BC0608A83F002041680C4B994210B5DA
S31508068CB0044601D002F0D6FFA168094B994202D0B4
S31508068CC0204602F0CFFFE168064B994204D02046BB
S31508068CD0BDE8104002F0C6BF10BD00BFBCB40020F8
S31508068CE024B500208CB5002010B50B4B0B4C0C4A4E
S31508068CF01A60204600220421FFF7A6FF04F1680041
S31508068D0001220921FFF7A0FF04F1D0000222BDE8DF
S31508068D1010401221FFF798BFF4B50020BCB4002016
S31508068D20918C0608014801F06EBA00BF22B60020EB
S31508068D30014801F06ABA00BF22B6002010B50446FB
S31508068D40FFF7F0FF236A1BB1BDE81040FFF7F0BF37
S31508068D50044B2362044B1B68002BF5D1FFF7C4FFAF
S31508068D60F2E700BFA98C0608F4B500202DE9F843FA
S31508068D700746884614460026D4E90195B9F101093D
S31508068D8005D52468002CF7D13046BDE8F883AB89AB
S31508068D90012B07D9B5F90E30013303D029463846D3
S31508068DA0C04706436835E9E7036AF7B5C468054662
S31508068DB00E460BB9FFF7C2FF636ED80705D4A3891B
S31508068DC0990502D4A06D01F01EFA2146284602F03E
S31508068DD049FF1EBB296801AB0122284600F034F973
S31508068DE00746002845D13148304FD7F779FA06465F
S31508068DF056B1204602F05EFF334601463A462846F5
S31508068E0001F0C4F9002847DAB4F90C30626E23F487
S31508068E108053D207A38142D503B0F0BD3378002B21
S31508068E20D8D03046D7F75CFA074657B1204602F03F
S31508068E3041FF3B4601463246284601F0A7F9002877
S31508068E4014DA1B481A4FD7F74BFA0646002EC1D036
S31508068E50204602F02FFF334601463A46284601F0D9
S31508068E6095F90028B6DB361A0744EFE73F1A064493
S31508068E70DBE7D7F735FA0646002EB4D0204602F0C9
S31508068E8019FF334601463A46284601F07FF9002877
S31508068E90A9DB361A0744EFE7361A0744A8E79B05FF
S31508068EA0BAD4A06D01F0B1F9B6E700BFE80A07081B
S31508068EB0B80A0708024B01461868FFF775BF00BFD0
S31508068EC0F43F00200CB430B5174B0C1E1D689DB038
S31508068ED008DA8B232B604FF0FF301DB0BDE8304013
S31508068EE002B070474FF40273ADF8143014BF04F19C
S31508068EF0FF332346049307934FF6FF7302900690B3
S31508068F00ADF81630209A21AB02A92846019302F03D
S31508068F1025FD431CBCBF8B232B60002CDDD0029B92
S31508068F2000221A70D9E700BFF43F00200EB400B538
S31508068F309CB01DAB029006906FF000410948079158
S31508068F400491094953F8042B05910068019302A96F
S31508068F5002F004FD029B00221A701CB05DF804EBB1
S31508068F6003B07047F43F00200802FFFF10B50C4611
S31508068F70B1F90E1001F0E8F80028ABBF636DA389B6
S31508068F801B1823F48053ACBF6365A38110BD00206C
S31508068F9070472DE9F0411F468B89DB0505460C46C9
S31508068FA0164605D5B1F90E100223002201F0BAF8C5
S31508068FB0A389B4F90E1023F48053A38132463B469F
S31508068FC02846BDE8F04101F0E1B810B50C46B1F9FE
S31508068FD00E1001F0A7F8431CA38915BF606523F494
S31508068FE0805343F48053A38118BFA38110BDB1F9FA
S31508068FF00E1001F087B8000000B59BB000910491E9
S315080690006FF000410591029105490391694602F000
S31508069010A5FC009B00221A701BB05DF804FB00BF76
S315080690200802FFFF13460A46014602480068FFF78C
S31508069030E3BF00BFF43F002002440346934200D133
S31508069040704703F8011BF9E710B5044608461146AA
S315080690508E2800F23081DFE810F039018F00920081
S315080690609400960098009A009C009E00A200A40010
S31508069070A800AA00AC00AE002E01B000B200B400EB
S31508069080B600B800BE00C000C600C800CA00CC00BC
S31508069090CE00D200D600D800DA00DC00DE00E000FA
S315080690A0E200E4002E012E012E012E012E012E01CC
S315080690B02E012E01E800EC002E012E012E012E01AE
S315080690C02E012E012E012E012E012E012E012E0114
S315080690D02E01EE000801F000F2002E012E012E01E7
S315080690E0F4002E012E012E01F6002E012E01FA009D
S315080690F02E012E01FC002E012E012E012E012E0117
S315080691002E012E012E012E012E01FE002E01000132
S31508069110020104012E012E0126012E012E012E0121
S315080691202E012E012E012E012E01140106010A0119
S315080691300C010E0110012E01120116011A01EA0090
S31508069140C2002C01BA00D000BC00A000A6002A0165
S31508069150F8002E011801C4001E011C012E012E015D
S315080691602E012E012E01D4002E012E012E01E60017
S315080691702801200122012401554B184610BD554BDE
S31508069180FBE7554BF9E7554BF7E7554BF5E7554BCF
S31508069190F3E7554BF1E7554BEFE7554BEDE7554BDF
S315080691A0EBE7554BE9E7554BE7E7554BE5E7554BEF
S315080691B0E3E7554BE1E7554BDFE7554BDDE7554BFF
S315080691C0DBE7554BD9E7554BD7E7554BD5E7554B0F
S315080691D0D3E7554BD1E7554BCFE7554BCDE7554B1F
S315080691E0CBE7554BC9E7554BC7E7554BC5E7554B2F
S315080691F0C3E7554BC1E7554BBFE7554BBDE7554B3F
S31508069200BBE7554BB9E7554BB7E7554BB5E7554B4E
S31508069210B3E7554BB1E7554BAFE7554BADE7554B5E
S31508069220ABE7554BA9E7554BA7E7554BA5E7554B6E
S31508069230A3E7554BA1E7554B9FE7554B9DE7554B7E
S315080692409BE7554B99E7554B97E7554B95E7554B8E
S3150806925093E7554B91E7554B8FE7554B8DE7554B9E
S315080692608BE7554B89E7554B87E7554B85E7554BAE
S3150806927083E7554B81E7554B7FE7554B7DE7554BBE
S315080692807BE7554B79E7554B77E7554B75E7554BCE
S3150806929073E7554B71E7554B6FE7554B6DE7554BDE
S315080692A06BE7554B69E7554B67E7554B65E7554BEE
S315080692B063E7554B61E7002B14BF1A46224600F0B2
S315080692C0BCF8524B002818BF034656E7504B54E7DE
S315080692D0A2020708AC020708C6020708D60207084C
S315080692E0EE020708F8020708120307082403070808
S315080692F0360307084F0307085F0307086B030708C3
S31508069300880307089A030708AB030708BD03070877
S31508069310C9030708E1030708ED030708FF0307085B
S315080693200E0407081E0407082B0407084A0407083C
S31508069330590407086A0407088E040708AC040708D0
S31508069340CA040708EA0407080105070810050708F6
S315080693501F050708330507084B05070859050708B3
S31508069360660507087C0507088B0507089705070895
S31508069370C6050708D7050708F205070805060708F4
S315080693801B060708240607083B06070843060708B8
S3150806939050060708650607087906070891060708A6
S315080693A0A0060708B1060708C4060708D006070870
S315080693B0E9060708FD060708180707083007070815
S315080693C04A0707085207070882070708A107070872
S315080693D0C0070708D7070708EA070708030807089C
S315080693E01A08070830080708510807086908070809
S315080693F08508070898080708AE080708C208070870
S31508069400E40807080A0907081B090708E90A0708F6
S315080694109A02070810B50139034632B111F8014F09
S3150806942003F8014B013A002CF7D11A44002193425E
S3150806943000D110BD03F8011BF9E7002070470000AC
S3150806944038B50B4B1D686B6B044653B92420FEF7DB
S31508069450D9FE0246686320B9064B0748322100F052
S31508069460EBFE696B2046BDE8384000F007B800BF3A
S31508069470F43F002030090708470907082DE9F34194
S315080694808046019102F0AAFC01990546404602F07B
S31508069490A9FC43699907044603F26C7705D1642249
S315080694A097FBF2F302FB13737BBB4FF4C87297FB69
S315080694B0F2F302FB1373B3FA83F35B09684E3022A1
S315080694C002FB036600F0E8FB00F0F2FB654B1B683F
S315080694D053B36B68BB421AD12F68D8E90023D5E97E
S315080694E00801E7B9824273EB010125DAD5E91201CB
S315080694F0824273EB0107B4BF01270027824273EB4A
S31508069500010127621ADBAB6A19E00123D6E738465A
S3150806951000F01CFB0028DFD14FF0FF3304E082423F
S3150806952073EB010102DA00232362ECE7D5E912019F
S31508069530824273EB0101F6DA012323622B6D616819
S315080695404FF4616293FBF2F002FB10333C2293FB65
S31508069550F2F502FB153223689B1AA2682360491B9B
S31508069560121A3B2B6160A26035DD013161603C3B16
S31508069570236063683B2B34DD0132A2603C3B6360A3
S31508069580A368172B33DDE2690132E261A26901326B
S31508069590072AA8BF0022A261E268183B0132A36027
S315080695A02369E26056F823108A420EDD0B2BA2EBDE
S315080695B00102E26003F1010209BF63692261002222
S315080695C0013302BF22616361E26100F06BFB20464C
S315080695D002B0BDE8F081002BCBDA013961603C3375
S315080695E0C6E7002BCCDA013AA2603C33C7E7002B64
S315080695F0EBDAE269013AE261A269013A48BF062254
S31508069600A261E2681833013AE260A360002ADCD157
S315080696102369013B05D42361236956F82330E360A1
S31508069620D3E70B23236163695A1E03F26B736261E0
S315080696309A0705D1642193FBF1F201FB123262B94E
S315080696404FF4C87293FBF2F102FB1133B3FA83F3B4
S315080696505B0903F5B673E361DEE70123F9E700BFA5
S31508069660000A070814B60020F7B501683B29044620
S3150806967011D93C22684600F0FDFD019A63680099F7
S31508069680002A0B446360BBBF3C3203F1FF332260FA
S315080696902260B8BF636061683B2911D93C226846D7
S315080696A000F0E8FD019AA3680099002A0B44A36016
S315080696B0BBBF3C3203F1FF3362606260B8BFA3608A
S315080696C0A168172911D91822684600F0D3FD019A10
S315080696D0E3680099002A0B44E360BBBF183203F11E
S315080696E0FF33A260A260B8BFE36021690B2911D9CE
S315080696F00C22684600F0BEFD019A63690099002AA5
S315080697000B446361BBBF0C3203F1FF33226122614E
S31508069710B8BF636163699A071ED1642193FBF1F2A8
S3150806972001FB1232D2B903F26C734FF4C87293FB7B
S31508069730F2F102FB1133002B14BF1C231D23E2682A
S31508069740002A0DDC324E0B2564214FF4C870E768F3
S31508069750002F31DD03B0F0BD1C23F0E71D23EEE72D
S315080697602B4E002764204FF4C875D4E90312012A44
S3150806977014BF56F822C09C466145EBDD0132A1EBC3
S315080697800C010C2AE1602261EFD163695A1C910724
S31508069790C4E9047238D192FBF0F100FB1122002AC3
S315080697A034D103F26D7393FBF5F205FB1233002BE6
S315080697B014BF1C231D23D8E72269013A2261013208
S315080697C015D163695A1E12F0030FC4E9045217D15C
S315080697D092FBF1FC01FB1C22A2B903F26B7393FB05
S315080697E0F0F200FB1233002B14BF1C231D2322693B
S315080697F0012A14BF56F822201A463A44E260A6E71A
S315080698001C23F4E71D23F2E71C23AEE71D23ACE76A
S31508069810A00907082DE9F04F85B0074602F0DEFADB
S3150806982081463846FFF720FFD7E900433C2202FB6C
S315080698300344BB687E694FF4616202FB0344D7E9B9
S315080698400353BB4A52F82320013D012B154411DD6B
S31508069850B1070FD1642296FBF2F302FB136343B9F1
S3150806986006F26C734FF4C87293FBF2F102FB1133DE
S3150806987003B9013506F51C53103344F620629342A4
S31508069880FD6100F25E81462E72DD462340F26D1CAE
S3150806989064214FF4C8709A0764D193FBF1F201FB71
S315080698A01232002A61D103F26C7292FBF0FE00FBBB
S315080698B01E22002A14BF62464FF4B77201339E422F
S315080698C01544E8D19B4B4FEAE478C5FB034800F0FC
S315080698D0E3F900F0EDF9984BD3F800B0BBF1000FA9
S315080698E03AD0D7F820B07869D9F80430BBF1010F19
S315080698F000F26C70DA46A8BF4FF0010A834279D1A6
S31508069900D9E90821D9F85000D9F84CC0131A029398
S3150806991061EBE0730393D9F848300193019AD9F8B5
S315080699202830B2EB030E6CEBE371744578EB010253
S3150806993066DAD9F80020002A6FD0029A9442039A6A
S3150806994078EB020203DB744578EB01016BDBBBF1AE
S31508069950000F4FF0000B6BDAD9F828301C1948EBC4
S31508069960E378A9E040F26D12A8E74FF4B772A5E7C7
S31508069970A8D0452340F26D1C64214FF4C87012E046
S3150806998062BB93FBF1F201FB123252BB03F26C7215
S3150806999092FBF0FE00FB1E22002A14BF62464FF415
S315080699A0B772AD1A013B9E4203F00302E8DBDAB949
S315080699B0642296FBF2F302FB1363C3B906F26C73D1
S315080699C04FF4C87293FBF2F102FB1133002B40F2F7
S315080699D06D1308BF4FF4B773ED1A73E740F26D12AD
S315080699E0DFE74FF4B772DCE740F26D13F4E74FF49E
S315080699F0B773F1E700F0AAF8002881D1D34650E0FC
S31508069A00019A121A01924FEAE0726CEB020C019A5D
S31508069A10944278EB0C0CF1DB8BE7029A9442039A94
S31508069A2078EB02028FDBBBF1000F3EDB4FF0010B32
S31508069A308AEA0B0ABAF1010F33D1BBF1000F4ED0F1
S31508069A401B1A3A68D7F80CA01A441C193A60384605
S31508069A5048EBE378FFF708FEFA68B2EB0A0220D06D
S31508069A60012A3EDC911CD8BF0122FB691544D2188F
S31508069A7040D5731E9A0737D1642293FBF2F102FB8F
S31508069A801133A3BB4FF4C87306F26B7696FBF3F253
S31508069A9003FB1266002E40F26D1318BF4FF4B67319
S31508069AA0FB61BBF1010F7FF457AFD9F850301C198B
S31508069AB048EBE3784FF0010B00F0F4F8043507237A
S31508069AC095FBF3F3C3EBC303ED1A48BF0735C7F88F
S31508069AD020B0BD612046414605B0BDE8F08FC31AE1
S31508069AE0AFE74FF0FF32C0E74FF4B673D8E740F258
S31508069AF06D13D5E7B30718D1642196FBF1F301FB7D
S31508069B001363DBB94FF4C87306F26C7696FBF3F16A
S31508069B1003FB1166002E40F26D1308BF4FF4B773A8
S31508069B209A42A8BFD21AFA61BBE740F26D13F7E765
S31508069B30D00907088051010014B600204FF4B77300
S31508069B40EEE74FF0FF34A046C4E700BF2DE9F74F0E
S31508069B50054602F043F940F2B1739D4240F39580FB
S31508069B606FF4F662AC18A5F2B27340F26D12A41041
S31508069B7002FB03446FF06302A5F26D7393FBF2F3DF
S31508069B801C444FF4C8736FF4C86195FBF3FC03FBDA
S31508069B901C5C6A18BCFA8CF6B2FBF3F205F00303F2
S31508069BA014446422456095FBF2F7760902FB1757BB
S31508069BB0014600F1500B00934FF0070A0D7A4B69E0
S31508069BC04A2D2BD1009AE51802B917B9BCF1000F30
S31508069BD022D13B2BD4BF002301232B44013B8D699D
S31508069BE02B4A4FEAE57EC3FB025E8B6AED184EEBFF
S31508069BF0E373C1E9085328318B45DFD1D0E9084319
S31508069C00D0E912128C429341B4BF012300230360A4
S31508069C10012003B0BDE8F08F0023DEE7442D01D10D
S31508069C202344DCE7009A52BB002F0CBF35460125B4
S31508069C30CA680192174A4FF0300909FB0525A64658
S31508069C404FF00008043D019A08F10108424555F807
S31508069C50289016DC0EF1040595FBFAF8C8EBC80839
S31508069C60A5EB08055D1B0B6903F1FF3348BF0735EE
S31508069C70C3EBC3032B444B4505DA7344AFE73546B6
S31508069C80D6E7CE44DFE7073BF5E70020C1E700BF86
S31508069C9080510100000A0708014800F0B3BA00BF60
S31508069CA023B60020014800F0AFBA00BF23B600204D
S31508069CB0014B186800F002B8F43F00202DE9F04F72
S31508069CC08DB0074602F08AF8BB49BC4D04463846AD
S31508069CD001F0E8F9064610BBB94BBA4A1860BA4B02
S31508069CE0A0621860B94B2065C3E900224A21002202
S31508069CF00023C4E90300C4E90500C4E90D00C4E964
S31508069D000F00C4E90823C4E912232868217284F8D7
S31508069D103010FEF77FFA2E600DB0BDE8F08F296881
S31508069D20002940F08E802868FEF774FA3046D6F782
S31508069D30D7FA411C3846FEF795FA2860002840F0FF
S31508069D408680A14ADFF88482DFF874A200231360AE
S31508069D509F4ACAF8003000200021C8E90022C4E953
S31508069D600333C4E90533C4E90801C4E90D33C4E974
S31508069D700F33C4E912014A222272A36284F83020FC
S31508069D80236533783A2B08BF013633783C2B62D1E4
S31508069D90751C904A90490AAB284601F0C7FF002869
S31508069DA0BADD0A9BDA1E072AB6D8EB5C3E2BB3D178
S31508069DB002360A9BF518F35C2D2B5AD101354FF05E
S31508069DC0FF390023ADF81E30ADF8203008AF0AABD0
S31508069DD0CDE9013703930DF11E0300937F490AABBC
S31508069DE007AA284601F0A2FF002895DDBDF81E3011
S31508069DF0BDF820603C2202FB0366BDF81C304FF412
S31508069E00616202FB03660A9B09FB06F605EB030974
S31508069E10EB5C3C2B40F0EC8009F10105704A6E4973
S31508069E200AAB284601F082FF002828DC99F801309B
S31508069E303E2B24D1674BA662C8E90033CAF80060F0
S31508069E406AE7D6F7EDF900287FF46DAF64E7314681
S31508069E5000F0DCF975E75F4A62490AAB304601F05D
S31508069E6065FF00287FF758AF0A9B033B072BA0D947
S31508069E7052E72B2B08BF01354FF00109A1E70A9BCC
S31508069E80DA1E072A3FF648AFEB5C3E2B7FF444AF53
S31508069E9009F102090A9B09EB030519F803302D2B6C
S31508069EA040F0B58001354FF0FF390023ADF81C3078
S31508069EB0ADF81E30ADF820300A930AABCDE9027329
S31508069EC001930DF11E03009344490AAB07AA2846D7
S31508069ED001F02CFF002800F3A080A6F56163049321
S31508069EE00A9B27461D444FF0000B2B782C2B08BFE0
S31508069EF0013595F80090B9F14D0F40F0A1800AABEF
S31508069F000DF12602CDE9013209AA009236490393D4
S31508069F100DF12202284601F009FF03287FF4FCAE5C
S31508069F20BDF822104B1E0B2B3FF6F6AEBDF82420C5
S31508069F30531E042B3FF6F0AEBDF82630062B3FF629
S31508069F40EBAEC7E9031287F808907B610A9B05EB17
S31508069F50030900250223ADF81C30ADF81E50ADF8EE
S31508069F6020500A9599F800302F2B40F095800AABB9
S31508069F7008AACDE901320DF11E0200921B49039388
S31508069F8007AA484601F0D2FEA84200F385804A2170
S31508069F9000220023C4E90355C4E90555C4E9082384
S31508069FA0C4E90D55C4E90F55C4E912232172A56201
S31508069FB084F830102565AFE6600A070810B6002053
S31508069FC018B60020630A070814B60020A03F00202A
S31508069FD0E90A070804B60020670A07089C0A07085C
S31508069FE0F8B500207A0A0708880A07089B0A0708A8
S31508069FF03E4A3F490AAB484601F098FE00287FF7D5
S3150806A00019AF0A9B033B072B7FF644AF84E62B2B37
S3150806A01008BF01354FF0010947E7BDF81E20BDF810
S3150806A02020303C2101FB0233BDF81C204FF4616148
S3150806A03001FB023309FB03F351E74FF0010B54E723
S3150806A040B9F14A0F06BF01354B4644230A220BA926
S3150806A0502846059301F01EFCDDF82C90059BADF805
S3150806A0602600A94514D14D23BBF1000F07D123724B
S3150806A07003210223C4E90313C4F814B069E784F874
S3150806A08030300B220123C4E90D230023E36360E77E
S3150806A09080B23B7278615CE7BDF81E20BDF82030B9
S3150806A0A03C2101FB0233BDF81C204FF4616101FB1C
S3150806A0B00233BB610A9D28374D44BBF1000FBCD05D
S3150806A0C0049B23650B4BC8F800306068074BA662ED
S3150806A0D0C8F80430FFF73AFDA26A236DCAF80020CD
S3150806A0E09B1A054A18BF0123136015E6F8B5002022
S3150806A0F07A0A070804B6002014B6002000487047F6
S3150806A1004041002038B5064D0023044608462B6014
S3150806A110D8F7D5FA431C02D12B6803B1236038BD9C
S3150806A1201CB6002038B5074D0446084611460022D7
S3150806A1302A601A46D8F7EAFA431C02D12B6803B1F5
S3150806A140236038BD1CB6002038B5074D04460846B8
S3150806A150114600222A601A46D8F778FA431C02D115
S3150806A1602B6803B1236038BD1CB6002038B5064DEA
S3150806A1700023044608462B60D8F7D6FA431C02D1B4
S3150806A1802B6803B1236038BD1CB6002038B5074DC9
S3150806A19004460846114600222A601A46D8F773FA74
S3150806A1A0431C02D12B6803B1236038BD1CB60020B8
S3150806A1B0014B1868704700BFF43F002070B50D4D77
S3150806A1C00D4C641BA4100026A64209D10B4D0C4C57
S3150806A1D002F0D4FF641BA4100026A64205D170BD62
S3150806A1E055F8043B98470136EEE755F8043B984779
S3150806A1F00136F2E7FC0D0708FC0D0708FC0D0708F3
S3150806A200000E07087047704770477047034611F8EF
S3150806A210012B03F8012B002AF9D170470A4491420B
S3150806A22000F1FF3300D1704710B511F8014B03F85A
S3150806A230014F9142F9D110BD1FB514461A46094B6E
S3150806A2401B680546D8684CB1074B0091CDE9013421
S3150806A25006492B4601F058FD01F06AFE044B1C46DA
S3150806A260F3E700BFF43F0020AE0A0708BB0A070853
S3150806A270E90A0708002910B591FBF2F402FB141344
S3150806A28006DB002B01DA01349B1AC0E9004310BD30
S3150806A290002BC4BF04F1FF349B18F6E72DE9F74FE8
S3150806A2A003690C69A34207467EDB013C01F11408E3
S3150806A2B000F1140505EB8403019358F8243055F884
S3150806A2C0242001339A424FEA840B08EB8409B2FB31
S3150806A2D0F3F631D34FF0000E4046AC46F24650F838
S3150806A2E0042B93B206FB03E34FEA124E1A0C9BB2F3
S3150806A2F0AAEB0303DCF800A013FA8AF306FB0E2280
S3150806A3000093009B4FEA124E92B2C2EB1A4202EB38
S3150806A3102342BDF80030814543EA02434CF8043B24
S3150806A3204FEA224ADBD255F80B302BB9019B043B80
S3150806A3309D421A462CD33C61384601F037F9002867
S3150806A34022DB01362946002058F8042BD1F800C02E
S3150806A35093B2C31A120C13FA8CF3C2EB1C4202EB25
S3150806A36023429BB243EA0243C14541F8043B4FEAFE
S3150806A3702240E9D255F8242005EB840322B9043B8A
S3150806A3809D421A460AD33C61304603B0BDE8F08FB3
S3150806A3901268043B002ACED1013CC9E71268043B81
S3150806A3A0002AF0D1013CEBE70020EEE700000000AA
S3150806A3B02DE9F04F2DED048BC56993B08DED020B93
S3150806A3C057EC106BDDF88080079104460A920D93C8
S3150806A3D075B91020FDF716FF0246E06120B9AE4BA7
S3150806A3E0EF21AE48FFF728FFC0E901550560C560AD
S3150806A3F0E369196851B15A684A60012393408B602C
S3150806A400204600F097FEE36900221A603B1EBBBF92
S3150806A41023F00043039300230122ACBFC8F800309B
S3150806A420C8F800209E4BDDF80C8033EA08031BD1DA
S3150806A4300D9A42F20F731360C8F31303334300F001
S3150806A4409385219B63B9974B27E0974B009308336F
S3150806A450219A1360009813B0BDEC048BBDE8F08F03
S3150806A460904B00930333F3E79DED027B002251ECF4
S3150806A470170BB0EE478AF0EE678A0023D6F75CFB21
S3150806A480814660B10D9A01231360219B002B00F0CB
S3150806A4906885864B219A1360013B0093DAE710AA72
S3150806A4A011A92046B0EE480AF0EE680A01F024F92A
S3150806A4B0C8F30A558246002D7FD018EE903AC3F3A4
S3150806A4C0130343F07F5351EC180B43F44013A5F2DC
S3150806A4D0FF35CDF8389019460022754BD5F70CFF8F
S3150806A4E067A3D3E90023D6F7BFF867A3D3E9002302
S3150806A4F0D5F704FF064628460F46D6F74BF864A353
S3150806A500D3E90023D6F7B0F802460B463046394655
S3150806A510D5F7F4FE06460F46D6F756FB00228346BF
S3150806A520002330463946D6F711FB48B15846D6F7C2
S3150806A53031F832463B46D6F7FFFA08B90BF1FF3B28
S3150806A540BBF1160F57D85B4B03EBCB03D3E90023B6
S3150806A55051EC180BD6F7FAFA00284ED00BF1FF3B4A
S3150806A56000230C93109B5B1B5A1E45BFC3F10103C0
S3150806A570059300230023069254BF05930693BBF161
S3150806A580000F3CDB069BCDF82CB05B4406930023F4
S3150806A5900893079B092B68D8052BC4BF043B07936A
S3150806A5A0079BA3F10203CCBF00250125032B00F266
S3150806A5B08580DFE803F02E3B3958DDE910531D4444
S3150806A5C005F23243202BC1BFC3F1400308FA03F84C
S3150806A5D005F2124326FA03F3D6BFC3F1200348EA67
S3150806A5E0030006FA03F0D5F7C5FF0122A1F1F873B1
S3150806A5F0013D0E926FE70123B3E70C90B2E7059B80
S3150806A600A3EB0B030593CBF10003089300230B93E7
S3150806A610BFE7002309930A9B002B52DC012301930B
S3150806A62004931A460A920BE00123F3E700230993DB
S3150806A6300A9B5B4401930133012B0493B8BF01239C
S3150806A640E0690021042202F114069E423DD94160C2
S3150806A650204600F02FFD0090002839D1164B0246F9
S3150806A66040F2AF11BDE60123E1E701250023079372
S3150806A67009954FF0FF330193049300221223D1E77D
S3150806A68061436F63A787D23FB3C8608B288AC63FE4
S3150806A690FB799F501344D33F30090708F70A070882
S3150806A6A00000F07FF30A0708EA0A0708EF0D07080D
S3150806A6B00000F83FE80B07084F0B07080123099324
S3150806A6C0D7E70A9B01930493BAE701315200BAE722
S3150806A6D0E369009A1A60049B0E2B00F2A880002DE7
S3150806A6E000F0A580BBF1000F38DDC04B0BF00F025A
S3150806A6F003EBC2031BF4807FD3E900674FEA2B18E6
S3150806A70019D0BB4B51EC180BD3E90823D6F7D6F864
S3150806A710CDE9020108F00F080325DFF8D492B8F14F
S3150806A720000F0AD1DDE9020132463B46D6F7C6F8DE
S3150806A730CDE902012BE00225EFE718F0010F08D054
S3150806A74030463946D9E90023D5F78EFF0135064640
S3150806A7500F464FEA680809F10809E0E700F09F8006
S3150806A760CBF10006A14BA24F06F00F0203EBC2037C
S3150806A770D3E9002351EC180BD5F776FFCDE902018C
S3150806A780361100230225002E7ED1002BD0D10C9B34
S3150806A790DDE90289002B00F08480964B00224046AC
S3150806A7A04946D6F7D3F900287BD0049B002B78D0E8
S3150806A7B0019B002B39DD904B002240464946D5F7CA
S3150806A7C053FFCDE90201019E0BF1FF370135DDE99D
S3150806A7D002892846D5F7DEFE42464B46D5F744FF9C
S3150806A7E0864B0022D5F78AFDA1F15073CDE9020101
S3150806A7F00393002E58D1824B002240464946D5F788
S3150806A8007BFDDDE9022380468946D6F7BDF9002891
S3150806A81040F09682DDE90221404601F100434946A9
S3150806A820D6F794F9002840F089828DED028B119BA4
S3150806A830002BC0F24E81BBF10E0F00F34A816B4B1B
S3150806A84003EBCB03D3E900890A9B002B80F2DC8055
S3150806A850049B002B00F3D88040F06F82684B0022D9
S3150806A86040464946D5F700FFDDE90223D6F782F9C1
S3150806A870049E3746002840F04582009D312305F898
S3150806A880013B0BF1010B41E2F20705D5D7E9002397
S3150806A890D5F7EAFE013501237610083773E7022550
S3150806A8A075E7049E5F4692E70099504B9DED027B3D
S3150806A8B0314402910999B0EE479AF0EE679A03EB8E
S3150806A8C0C60353E90223002944D04E490020D5F78A
S3150806A8D0F5FF53EC192BD5F70FFD009D41EC190B27
S3150806A8E049464046D6F770F90646D5F753FE024658
S3150806A8F00B4640464946D5F7FFFC303605F8016B48
S3150806A90053EC192B80468946D6F720F9002864D1D8
S3150806A91042464B4637490020D5F7EEFC53EC192B31
S3150806A920D6F714F9002840F0B680029B9D423FF4FC
S3150806A9307CAF314B51EC190B0022D5F795FE2E4B01
S3150806A94041EC190B002240464946D5F78DFE80464E
S3150806A9508946C5E751EC170BD5F786FE029B009D7F
S3150806A9600F9341EC190B49464046D6F72DF906468C
S3150806A970D5F710FE303602460B4640464946D5F709
S3150806A980BBFC05F8016B029B9D42804689464FF043
S3150806A990000224D11B4B51EC190BD5F7AFFC024626
S3150806A9A00B4640464946D6F7EFF8002873D153ECCE
S3150806A9B0192B14490020D5F79FFC02460B4640463C
S3150806A9C04946D6F7C3F800283FF42FAF0F9D6B1EEE
S3150806A9D00F9315F8013C302BF8D0BB464AE0064BD8
S3150806A9E0D5F742FE80468946BDE700BFE80B07084D
S3150806A9F0C00B07080000F03F0000244000001C407A
S3150806AA00000014400000E03FDDE90267009D42466B
S3150806AA104B4630463946D5F751FFD6F7D5F8019055
S3150806AA20D5F7B8FD42464B46D5F71EFE02460B46F7
S3150806AA3030463946D5F760FC019E049F303605F840
S3150806AA40016B009EAE1BB74202460B4634D1D5F7BC
S3150806AA5055FC42464B4606460F46D6F795F8C8B9FC
S3150806AA6042464B4630463946D6F766F810B1019B3C
S3150806AA70DB070FD45146204600F05CFB00230D9AEF
S3150806AA802B700BF101031360219B002B3FF4E2ACFC
S3150806AA901D60DFE45F462B461D4613F8012D392A4D
S3150806AAA006D1009A9A42F7D10099302201370A70E0
S3150806AAB01A7801321A7090E7A34B0022D5F7D4FD0F
S3150806AAC00022002306460F46D6F736F800289ED0FB
S3150806AAD0D0E7099A002A00F0CA80079A012A00F3E5
S3150806AAE0AD800E9A002A00F0A58003F23343089E2D
S3150806AAF0059D059A1A440592069A01211A44204686
S3150806AB00069200F0CDFB074665B1069B002B09DDCC
S3150806AB10AB42059AA8BF2B46D21A0592069AED1A93
S3150806AB20D31A0693089BF3B1099B002B00F0A38062
S3150806AB30002E10DD39463246204600F071FC524694
S3150806AB4001460746204600F0C1FB51468046204688
S3150806AB5000F0F0FAC246089B9A1B04D051462046D6
S3150806AB6000F05EFC82460121204600F099FB0B9B0D
S3150806AB70002B064640F381801A460146204600F019
S3150806AB804FFC079B012B06467ADD4FF00008336912
S3150806AB9006EB8303186900F035FBC0F12000069B17
S3150806ABA0184410F01F0000F09480C0F12003042B0F
S3150806ABB040F38580059BC0F11C0003440593069B5C
S3150806ABC0034405440693059B002B05DD51461A46A4
S3150806ABD0204600F07FFC8246069B002B05DD3146A3
S3150806ABE01A46204600F076FC06460C9B002B72D0C9
S3150806ABF03146504600F0DAFC00286CDA0023514646
S3150806AC000A22204600F0B8FA099B0BF1FF3B82465A
S3150806AC10002B00F0B081002339460A22204600F0B0
S3150806AC20ABFA019B002B074600F39680079B022B7F
S3150806AC3059DC91E0109BC3F1360358E7049B5E1E68
S3150806AC40089BB342BFBF089B0B9A0896F31AB4BF74
S3150806AC50D2189E1B049BBCBF0B920026002BB7BFBF
S3150806AC60DDE90423DDE904359D1A002341E7089E3C
S3150806AC70059D099F48E7089A70E7079B012B19DC8B
S3150806AC80029BBBB9039BC3F313039BB9039B23F030
S3150806AC9000431B0D1B0583B1059B01330593069BD4
S3150806ACA0013306934FF001080B9B002B7FF46FAF19
S3150806ACB0012074E74FF00008F6E79846F4E782D0D5
S3150806ACC0059A1C331A440592069A1A441D44069296
S3150806ACD079E70346F4E7049B002B37DC079B022B30
S3150806ACE034DD049B0193019B63B931460522204650
S3150806ACF000F042FA01460646504600F057FC002880
S3150806AD003FF7BBAD0A9B009D6FEA030B4FF00008A1
S3150806AD103146204600F00EFA002F3FF4ABAEB8F1E6
S3150806AD20000F05D0B84503D04146204600F002FA82
S3150806AD303946204600F0FEF99CE600263746E1E746
S3150806AD40BB46374699E500BF00002440099B002B01
S3150806AD5000F0C880049B0193002D05DD39462A4676
S3150806AD60204600F0B7FB0746B8F1000F5BD07968B6
S3150806AD70204600F09FF9054628B9834B024640F25D
S3150806AD80EF21FFF72EBB3A690232920007F10C0152
S3150806AD900C30FFF743FA01222946204600F09AFBB3
S3150806ADA0009B01330493DDE9002313440893029BB1
S3150806ADB003F00103B84606930746049B3146013B52
S3150806ADC050460193FFF76AFA4146029000F13009A8
S3150806ADD0504600F0EBFB3A4605903146204600F011
S3150806ADE001FCC268054602BB0146504600F0DEFB7A
S3150806ADF0024629462046099200F09CF9079B099ABD
S3150806AE00049D43EA0201069B194310D1B9F1390F8D
S3150806AE1029D0059B002B02DD029B03F13109019B14
S3150806AE2083F8009074E73846BAE70122E1E7059BFE
S3150806AE30002B04DB07990B4306990B4320D1002AFE
S3150806AE40EDDD51460122204600F044FB3146824696
S3150806AE5000F0ACFB002803DCE1D119F0010FDED0C7
S3150806AE60B9F1390FD8D1019A392313702B461D46E5
S3150806AE70013B15F8012C392A6CD001321A7047E7BE
S3150806AE80002A07DDB9F1390FEDD0019A09F1010358
S3150806AE9013703DE7049B089A03F8019C934243D036
S3150806AEA0514600230A22204600F066F9B84582462E
S3150806AEB04FF000034FF00A024146204607D100F03C
S3150806AEC05BF980460746049B0133049375E700F051
S3150806AED053F93946804600230A22204600F04CF9E3
S3150806AEE00746F0E7049B0193009D31465046FFF757
S3150806AEF0D5F900F13009009B05F8019BEA1A019B72
S3150806AF00934207DD514600230A22204600F034F90B
S3150806AF108246EAE7019B002BC8BF1D46009BD8BFA1
S3150806AF2001251D444FF0000851460122204600F02F
S3150806AF30D1FA3146824600F039FB002896DC02D162
S3150806AF4019F0010F92D12B461D4613F8012D302A0A
S3150806AF50FAD0DDE6009A9A4289D10BF1010B312324
S3150806AF6096E70A4BFFF799BA219B002B7FF46DAA41
S3150806AF70074BFFF792BA019B002BB5DC079B022B02
S3150806AF803FF7B1AEB0E700BF4F0B0708EE0D07084F
S3150806AF90EA0A070837B5002944D051F8043C019057
S3150806AFA0002BA1F10404B8BFE418FDF7DBF91E4A25
S3150806AFB00198136833B96360146003B0BDE830407E
S3150806AFC0FDF7D6B9A34208D9256861198B4201BF90
S3150806AFD019685B6849192160EDE71A465B680BB183
S3150806AFE0A342FAD911685518A5420BD124682144FB
S3150806AFF05418A3421160E0D11C685B6853600C4480
S3150806B0001460DAE702D90C230360D6E725686119C6
S3150806B0108B4204BF19685B68636004BF49192160DF
S3150806B0205460CAE703B030BDB4B400202DE9F84F22
S3150806B030DFF86CA007468946164600F081FFDAF85F
S3150806B040004034B14B46984613F8012B3AB13D2ACF
S3150806B050F9D1384600F07AFF0020BDE8F88FA8EB4C
S3150806B0600908A34654F8040B0028F2D04246494676
S3150806B07000F0A2FE0028F4D154F8043C03EB0805B8
S3150806B08013F808303D2BECD1DAF80030ABEB0303A6
S3150806B0909B103846336000F059FF681CDDE700BF91
S3150806B0A00000002007B501AAFFF7C0FF03B05DF848
S3150806B0B004FB000070B5C66904460D4676B910202D
S3150806B0C0FDF7A0F80246E06120B9184B18486B212F
S3150806B0D0FFF7B2F8C0E901660660C660E669F36876
S3150806B0E083B1E369DB6853F82500B8B9012101FA8B
S3150806B0F005F6721D92002046FDF76EF860B1C0E9A6
S3150806B10001560EE0212204212046FDF765F8E3697B
S3150806B110F060DB68002BE4D1002070BD026843F8B6
S3150806B12025200023C0E90333F7E700BF30090708DF
S3150806B130600B070870B5C66905460C4676B9102031
S3150806B140FDF760F80246E86120B9094B09488F21E0
S3150806B150FFF772F8C0E901660660C6603CB1EB699E
S3150806B1606268DB6853F82210216043F8224070BDF6
S3150806B17030090708600B07082DE9F0410D690746EF
S3150806B1800C461E4601F1140C0020DCF8003099B274
S3150806B19002FB01611E0C0B0C02FB063389B2013059
S3150806B1A001EB034185424CF8041B4FEA1346ECDCD7
S3150806B1B00EB3A368AB4219DC616838460131FFF75E
S3150806B1C079FF804628B902460C4B0D48BA21FFF787
S3150806B1D033F82269023204F10C0192000C30FFF7AB
S3150806B1E01DF821463846FFF7A5FF444604EB8503B6
S3150806B1F001355E6125612046BDE8F0814F0B0708DB
S3150806B200600B0708030C1B04D3B90004102310F0BF
S3150806B2107F4F04BF0002083310F0704F04BF0001C9
S3150806B220043310F0404F04BF80000233002805DBC4
S3150806B23010F0804F03F1010308BF20231846704714
S3150806B2400023E4E7036813F007020CD0D90722D4D3
S3150806B2509A0749BF5B089B08036001225CBF036027
S3150806B26002221046704799B209B91B0C1022D9B2A8
S3150806B27009B908321B0A190704BF1B0904329907BC
S3150806B28004BF9B080232D90703D45B0802F1010200
S3150806B29003D00360E5E70022E3E72022E1E70000A2
S3150806B2A010B50C460121FFF705FF024628B9054BDE
S3150806B2B0054840F24511FEF7BFFF012344610361C5
S3150806B2C010BD00BF4F0B0708600B07082DE9F04FA6
S3150806B2D091460A69D9F810309A42B8BF0B460C4609
S3150806B2E0BCBF4C4699462769D9F810A0A368616879
S3150806B2F007EB0A06B34285B0B8BF0131FFF7DAFE97
S3150806B30030B90246444B45484FF4B171FEF794FFEF
S3150806B31000F1140505EB86082B460022434521D382
S3150806B32004F1140303EB870709F1140303EB8A02F6
S3150806B33002923A1B153A22F00302043204F1150169
S3150806B3408F4238BF04220192029A03939A420CD876
S3150806B350002E03DD58F8043D002B5BD0066105B0C8
S3150806B360BDE8F08F43F8042BD8E7B3F800A0BAF186
S3150806B370000F24D004F1140EA9464FF0000C5EF80F
S3150806B380042BD9F800101FFA82FB89B20AFB0B11A7
S3150806B3904FEA124BD9F8002061444FEA124C0AFBD1
S3150806B3A00BC202EB114289B241EA0241774549F8D6
S3150806B3B0041B4FEA124CE2D8019A45F802C0039AD2
S3150806B3C0B2F802900433B9F1000F21D0296804F1C6
S3150806B3D0140CAE464FF0000ABCF800B0BEF80220C0
S3150806B3E009FB0B22524489B241EA02414EF8041B74
S3150806B3F05CF8041B4FEA114ABEF8001009FB0A114D
S3150806B40001EB124167454FEA114AE5D8019AA95058
S3150806B410043599E7013E9BE74F0B0708600B0708BB
S3150806B4202DE9F843154612F0030206460F4607D0DD
S3150806B430254C013A002354F82220FFF79DFE0746BD
S3150806B440AD103DD0F4697CB91020FCF7DBFE024648
S3150806B450F06128B91D4B1E4840F2B311FEF7ECFE03
S3150806B460C0E901440460C460D6F81C80D8F80840D0
S3150806B4704CB940F271213046FFF712FF0023C8F88F
S3150806B4800800044603604FF00009EB070AD539465B
S3150806B49022463046FFF71AFF394680463046FFF7FA
S3150806B4A049FE47466D100BD0206838B92246214614
S3150806B4B03046FFF70BFF2060C0F800900446E4E725
S3150806B4C03846BDE8F88300BFB00C070830090708F8
S3150806B4D0600B07082DE9F0470C464968236903EB14
S3150806B4E06218A368074691464FEA621A08F10106EA
S3150806B4F0B3420BDB3846FFF7DDFD054648B902467B
S3150806B500284B29484FF4EF71FEF796FE01315B008A
S3150806B510EEE7002300F1140100F110021846534520
S3150806B52033DB20692AEAEA7A04F1140319F01F09BB
S3150806B53001EB8A0103EB800C2BD0C9F1200E8A4653
S3150806B5400022186800FA09F010434AF8040B53F863
S3150806B550042B9C4522FA0EF2F3D8ACEB0403153BF2
S3150806B56023F00303043304F11500844538BF042386
S3150806B570CA500AB108F10206013E38462E6121462E
S3150806B580FFF7D8FD2846BDE8F08742F8040F0133D1
S3150806B590C5E7043953F8042B41F8042F9C45F9D816
S3150806B5A0EAE700BF4F0B0708600B070830B50269C4
S3150806B5B00C69121B0ED100F11403143103EB840037
S3150806B5C001EB840150F8045D51F8044DA54203D0F9
S3150806B5D005D30122104630BD8342F3D3FAE74FF06E
S3150806B5E0FF32F7E72DE9F84F0C4606461146204680
S3150806B5F09046FFF7DBFF051E10D129463046FFF7B2
S3150806B60059FD30B93A4B024640F237213948FEF71A
S3150806B61013FE0123C0E90435BDE8F88FA4BF4346E7
S3150806B620A0463046D8F80410A6BF1C4600250125B4
S3150806B630FFF740FD20B92E4B024640F24521E5E7C5
S3150806B640D8F810702669C56004F1140908F11405BE
S3150806B65000F1140E05EB870C09EB860608F11002B5
S3150806B660F246002159F8043B52F804BF11FA8BF842
S3150806B67099B21B0CA8EB0108C3EB1B4303EB284343
S3150806B6801FFA88F819144E4548EA03434AF8043B54
S3150806B690E8D8331B153B23F0030304331534A642B7
S3150806B6A038BF04231D4473449E462E4666450ED36C
S3150806B6B00CF10302521B22F00302033DAC4538BFC8
S3150806B6C00022134453F8042D7AB10761A4E756F805
S3150806B6D0048B11FA88F2141404EB184492B242EA5F
S3150806B6E004424EF8042B2114E0E7013FEAE700BFBF
S3150806B6F04F0B0708600B07082DE9F7430F4601218C
S3150806B70059EC108B1646FFF7D5FC044630B90246A7
S3150806B710244B254840F20F31FEF78EFDC9F30A552C
S3150806B720C9F313032DBB0193B8F1000326D0684667
S3150806B7300093FFF787FDDDE90012E8B1C0F12003A3
S3150806B74002FA03F30B43C24063610192019BA361AC
S3150806B750002B14BF022201222261BDB1A5F2334590
S3150806B76005443D60C0F135003060204603B0BDE8AB
S3150806B770F08343F48013D6E76161E7E701A8FFF78C
S3150806B78061FD019B636120300122E5E704EB820334
S3150806B790A0F2324038601869FFF734FDC0EB421054
S3150806B7A0E2E700BF4F0B0708600B07082DE9F043D1
S3150806B7B0364F86460D46284615F8014B3E5D16F069
S3150806B7C00806F8D12D2C30D12C780126851C002B9D
S3150806B7D057D0102B09D1302C07D1287800F0DF0076
S3150806B7E0582849D16C78102302354FF0FF380027C0
S3150806B7F0B8FBF3F803FB08F96FEA09093846A4F11A
S3150806B800300CBCF1090F15D86446A34223DDB7F1FF
S3150806B810FF3F07D080451BD301D1A14518DB00FBA6
S3150806B8200340012715F8014BE9E72B2C04BF2C78B2
S3150806B830851CCCE7A4F1410CBCF1190F01D8373C9D
S3150806B840E3E7A4F1610CBCF1190F04D8573CDCE711
S3150806B8504FF0FF37E6E77B1C06D12223CEF80030E9
S3150806B860384632B9BDE8F08306B14042002AF9D017
S3150806B87007B1691E1160F5E73024002BB5D10823F8
S3150806B880B3E7302CA9D00A23AFE700BFBD0C0708DB
S3150806B890FFF78CBF13460A46014602480068FFF7BB
S3150806B8A085BF00BFF43F00202DE9F0478E681F4686
S3150806B8B0BE420B6882460C4690462CD88A8912F4F4
S3150806B8C0906F26D06569096905EB4505A3EB01095D
S3150806B8D005EBD5757B1C4B446D109D4238BF1D463E
S3150806B8E0530527D52946FCF7BDFC064660B32169EC
S3150806B8F04A46FEF793FCA38923F4906343F0800334
S3150806B900A381266165614E44A5EB09052660A560F7
S3150806B9103E46BE4200D93E4620683246414600F0BB
S3150806B92031FAA3689B1BA36023683344236000206F
S3150806B930BDE8F0872A4600F021FB06460028E0D136
S3150806B94021695046FFF726FB0C23CAF80030A3895F
S3150806B95043F04003A3814FF0FF30E9E72DE9F04FA6
S3150806B96098468B891B069DB007460D4614460ED586
S3150806B9700B6963B94021FCF775FC2860286120B974
S3150806B9800C233B604FF0FF30D0E040236B61002369
S3150806B990099320238DF82930CDF80C803023DFF85B
S3150806B9A0A4818DF82A304FF0010923469A4613F8E2
S3150806B9B0012B0AB1252AF9D1BAEB040B0BD05B4643
S3150806B9C0224629463846FFF76FFF013000F0A98060
S3150806B9D0099A5A4409929AF80030002B00F0A18079
S3150806B9E000234FF0FF32CDE905230AF1010A049335
S3150806B9F007938DF853301A935446052214F8011BFB
S3150806BA005048D4F71DFC049AD8B9D00644BF20235B
S3150806BA108DF85330110744BF2B238DF853309AF807
S3150806BA2000302A2B15D0079A544600204FF00A0CE8
S3150806BA30214611F8013B303B092B4DD9B0B1079287
S3150806BA4014E0A0EB080309FA03F313430493A2468A
S3150806BA50D2E7039B191D1B680391002BBBBF5B42EC
S3150806BA6042F0020207930793B8BF049223782E2B57
S3150806BA700CD163782A2B34D1039B1A1D1B680392B3
S3150806BA80002BB8BF4FF0FF3302340593DFF8C4A086
S3150806BA90217803225046D4F7D3FB38B1049BA0EB92
S3150806BAA00A004022824013430134049314F8011B0A
S3150806BAB025488DF828100622D4F7C2FB002838D068
S3150806BAC0224B1BBB039B073323F007030833039359
S3150806BAD0099B3344099368E70CFB02320C4601209E
S3150806BAE0A6E700230134059319464FF00A0C2046AB
S3150806BAF010F8012B303A092A03D9002BC6D005912E
S3150806BB00C4E70CFB012104460123F0E703AB0093C7
S3150806BB102A460F4B04A93846FCF7D0FC421C0646B3
S3150806BB20D6D1AB895B063FF52DAF09981DB0BDE8A2
S3150806BB30F08F03AB00932A46054B04A93846FCF753
S3150806BB4061FFEBE7BD0D0708C70D0708BD840608A4
S3150806BB50A9B80608C30D07088A892DE9F0410546DE
S3150806BB6010070C4658D44B68002B05DC0B6C002BCB
S3150806BB7002DC0020BDE8F081E66A002EF9D0002333
S3150806BB8012F480522F68216A2B6032D0606DA38921
S3150806BB905A0705D56368C01A636B0BB1236CC01ABE
S3150806BBA000230246E66A216A2846B047431CA3894B
S3150806BBB006D129681D292BD8294A0A41D60727D42A
S3150806BBC000226260D9042269226004D5421C01D18A
S3150806BBD02B6803B96065616B2F600029C9D004F12B
S3150806BBE04403994202D02846FFF7D4F90020606339
S3150806BBF0C0E701232846B047411CC8D12B68002B4D
S3150806BC00C5D01D2B01D0162B01D12F60B1E7A3890C
S3150806BC1043F04003A381ADE70F69002FA9D0930728
S3150806BC200E6808BF4B690F6018BF0023A6EB070806
S3150806BC308B60B8F1000F9CDD216AA66A43463A4630
S3150806BC402846B047002806DCA38943F04003A381AB
S3150806BC504FF0FF308EE70744A8EB0008E9E700BF78
S3150806BC60FEFFBFDF38B50B6905460C4613B9002536
S3150806BC70284638BD18B1036A0BB9FDF75FF8B4F95B
S3150806BC800C30002BF3D0626ED00704D4990502D483
S3150806BC90A06DFEF7B8FA28462146FFF75DFF636EE4
S3150806BCA0DA070546E4D4A3899B05E1D4A06DFEF719
S3150806BCB0ACFADDE738B5134D0446286818B1036AA9
S3150806BCC00BB9FDF73BF8636ED80705D4A389990522
S3150806BCD002D4A06DFEF797FAB4F90C305BB1B4F945
S3150806BCE00E50626ED20704D49B0502D4A06DFEF7E9
S3150806BCF08CFA284638BD2A68092111604FF0FF35A7
S3150806BD00EFE700BFF43F00200EB403B5014603ABC8
S3150806BD10054853F8042B0068019300F067FB02B048
S3150806BD205DF804EB03B07047F43F00200EB410B577
S3150806BD309FB021AC4FF4017154F8042B0192ADF86B
S3150806BD401C1004900890D4F7CBFA0C4B0590099072
S3150806BD500D930B48019A00680394002311931693D2
S3150806BD604FF6FF73ADF81E3004A9234600F09CF97A
S3150806BD701FB0BDE8104003B0704700BF8F8F060896
S3150806BD80F43F0020884210B501EB020402D984422A
S3150806BD90234607D8431EA14208D011F8012B03F8FB
S3150806BDA0012FF8E7024401468A4200D110BD13F86E
S3150806BDB0014D02F8014DF7E710B56AB10139841845
S3150806BDC010F8012B11F8013F9A4203D1A04201D07F
S3150806BDD0002AF5D1D01A10BD1046FCE70048704770
S3150806BDE0F83F00202DE9F0414D4A0C460023D0E9DC
S3150806BDF00001D4F761FF002ABCBF02F5A83202F596
S3150806BE00C0724FF4616100F52F20B2FBF1F301FB16
S3150806BE1013224FF03C01ACBF00F66C2000F66B20EF
S3150806BE20A360B2FBF1F301FB132263602260C31C15
S3150806BE30072293FBF2F2C2EBC2029B1A48BF0733EC
S3150806BE400028A361B8BFA0F50E333649AEBF90FBEE
S3150806BE50F1F1A3F52C7393FBF1F1334B03FB0100C8
S3150806BE6048F6AC63B0FBF3F3034440F2B45CB0FBAC
S3150806BE70FCF29B1A40F26D172C4AB0FBF2F26426C6
S3150806BE809B1AB3FBF7F2B3FBFCF3B2FBF6F5EB1A18
S3150806BE90034407FB1233992003EB8307023703F1A2
S3150806BEA0010EB7FBF0FC00FB0CF002304FF005085C
S3150806BEB0B0FBF8F0AEEB000040F2F95E774594BFAA
S3150806BEC002276FF0090767444FF4C87C0CFB01216B
S3150806BED0012F98BF0131B3F5997F0CD3A3F5997352
S3150806BEE0E361A1F26C710023E060C4E90471236280
S3150806BEF02046BDE8F08112F0030F02D106FB152590
S3150806BF005DB94FF4C875B2FBF5F605FB1622B2FA0B
S3150806BF1082F252093B331344E2E70122FAE700BFED
S3150806BF2080510100B13A02004FC5FDFFB03A020042
S3150806BF3008B5062000F0F2FD0120D6F77DFB0000C5
S3150806BF400148FEF760B900BF20B600200148FEF793
S3150806BF505CB900BF20B6002082B001B901A942B17A
S3150806BF604BB113780B601278101E18BF012002B069
S3150806BF7070471046FBE76FF00100F8E72DE9F04138
S3150806BF80804614460E4621B9BDE8F0411146FCF72F
S3150806BF9069B92AB9FEF7FEFF25462846BDE8F081A7
S3150806BFA000F0D8FD8442074602D8B4EB500F12D8E3
S3150806BFB021464046FCF756F905460028EDD0BC4210
S3150806BFC02246314628BF3A46FEF728F93146404604
S3150806BFD0FEF7E0FFE1E73546DFE749B1FF2A85BF09
S3150806BFE08A2303600A704FF0FF3098BF0120704716
S3150806BFF00846704738B54B1C144603D14FF0FF3533
S3150806C000284638BD938923F020039381636B5268CB
S3150806C010CDB28BB1A36B934208DD23685A1E226004
S3150806C02003F8015C636801336360E9E7214600F0BB
S3150806C0307EFC0028F1D0E1E72169236851B19942CF
S3150806C04008D213F8011CA94204D1013B0132236028
S3150806C0506260D5E7C4E90F3204F144036363032338
S3150806C060A363234603F8465F23600123DCE710B57E
S3150806C0700C46496B69B104F14403994201D0FEF7AF
S3150806C08089FF236C63600020606313B1E36B23604A
S3150806C09010BD2369236000236360A38943F0200348
S3150806C0A0A3814FF0FF30F3E72DE9F0470C46ADF5CF
S3150806C0B0227D0021CDE94411A649A0910DF1040877
S3150806C0C0A549A64FDFF89892CDF818810646A1919C
S3150806C0D000931378002B00F05A81F95C11F00801D9
S3150806C0E002F1010519D06368002B0FDD23681A785B
S3150806C0F0BA5C120701D42A46EBE7459A01324592FD
S3150806C10062680133013A62602360ECE7A19B214627
S3150806C110304698470028E9D0EDE7252B12D09A46EF
S3150806C1206368002B40F3918022681378534540F0E4
S3150806C1302E816368013B6360459B013201332260A9
S3150806C1404593D8E74191439153782A2B02BF10238A
S3150806C150951C41930A22AA461AF8011BA1F1300337
S3150806C160092B1CD97E480322D4F76AF838B1419AB6
S3150806C170A0EB09000123834013434193554615F85E
S3150806C180013B782B06D8572B10D8252BC7D057D85E
S3150806C190002B65D0032347930A23429376E0439BF5
S3150806C1A002FB0311303943915546D4E7A3F15802E9
S3150806C1B0202AEFD801A151F822F000BF6FC206085F
S3150806C1C095C1060895C10608CDC2060895C1060892
S3150806C1D095C1060895C1060895C1060895C10608BB
S3150806C1E095C1060895C10608E3C20608C9C2060827
S3150806C1F047C2060847C2060847C2060895C1060882
S3150806C20085C2060895C1060895C1060895C1060899
S3150806C21095C10608F3C20608C1C2060867C206081B
S3150806C22095C1060895C10608EFC2060895C106080F
S3150806C230C9C2060895C1060895C106086FC206084A
S3150806C240453B022BA6D805231FE0A19B214630466F
S3150806C250984700283FF468AF4498002840F08D8038
S3150806C2604FF0FF308FE0419A42F020024192419A00
S3150806C27042F40072419210226F2B429234BF032376
S3150806C280042302E000234293032347936368002BA3
S3150806C2903DDD419B590604D423681A78BA5C120711
S3150806C2A03CD4479B022B4BDC6B46224641A93046BB
S3150806C2B000F0B6F901286AD002287FF41CAFCBE74E
S3150806C2C0082342930423E0E70A22D5E7294640468F
S3150806C2D000F0F4FA419B43F04003419305460123D7
S3150806C2E0D3E7419B43F0400341930023CDE702235E
S3150806C2F0CBE74198C3063FF5FEAE009B459A191D46
S3150806C30000911B68C0074CBF1A801A60F3E6A19B0A
S3150806C3102146304698470028BBD09DE7459A013204
S3150806C32045926268013A002A626002DD013323609B
S3150806C330B2E7A19B2146304698470028ACD08BE742
S3150806C340042B0FDC6B46224641A9304600F0C2F99B
S3150806C350B0E700BFF5BF06086FC00608BD0C07089C
S3150806C360C30D07080B4B002B3FF4C5AE6B4622469A
S3150806C37041A93046AFF300809CE7A38913F0400F26
S3150806C38018BF4FF0FF300DF5227DBDE8F0874498BB
S3150806C390F9E700BF000000009368013B002B10B4C4
S3150806C3A0936008DA9469A34201DB0A2903D15DF88A
S3150806C3B0044B00F0F6BA1368581C10601970084644
S3150806C3C05DF8044B7047F8B506460F461446D51869
S3150806C3D0AC4201D1002007E014F8011B3A46304664
S3150806C3E0FFF7DAFF431CF3D1F8BD00002DE9F04F3D
S3150806C3F00D469DB014469846064618B1036A0BB90B
S3150806C400FCF79CFC6B6ED90705D4AB899A0502D452
S3150806C410A86DFDF7F8FEAB891B0701D52B699BB9F5
S3150806C4202946304600F0FAFA70B16B6EDC0704D579
S3150806C4304FF0FF301DB0BDE8F08FAB899805F7D4ED
S3150806C440A86DFDF7E2FEF3E70023099320238DF88E
S3150806C4502930CDF80C803023DFF8B0818DF82A30E4
S3150806C4604FF0010923469A4613F8012B0AB1252AE5
S3150806C470F9D1BAEB040B0BD05B4622462946304661
S3150806C480FFF7A1FF013000F0A980099A5A440992DC
S3150806C4909AF80030002B00F0A18000234FF0FF32F7
S3150806C4A0CDE905230AF1010A049307938DF853305B
S3150806C4B01A935446052214F8011B5448D3F7C0FEAE
S3150806C4C0049AD8B9D10644BF20238DF853301307EA
S3150806C4D044BF2B238DF853309AF800302A2B15D0F3
S3150806C4E0079A544600204FF00A0C214611F8013BDC
S3150806C4F0303B092B4DD9B0B1079214E0A0EB0803DF
S3150806C50009FA03F313430493A246D2E7039B191DBC
S3150806C5101B680391002BBBBF5B4242F002020793DE
S3150806C5200793B8BF049223782E2B0CD163782A2B4F
S3150806C53034D1039B1A1D1B680392002BB8BF4FF014
S3150806C540FF3302340593DFF8D4A021780322504638
S3150806C550D3F776FE38B1049BA0EB0A004022824048
S3150806C56013430134049314F8011B29488DF828103F
S3150806C5700622D3F765FE00283FD0264B1BBB039B36
S3150806C580073323F0070308330393099B3B440993B0
S3150806C59068E70CFB02320C460120A6E700230134A5
S3150806C5A0059319464FF00A0C204610F8012B303A27
S3150806C5B0092A03D9002BC6D00591C4E70CFB01212D
S3150806C5C004460123F0E703AB00932A46124B04A957
S3150806C5D03046FBF773FF0746781CD6D16B6ED9072C
S3150806C5E005D4AB899A0502D4A86DFDF70EFEAB896C
S3150806C5F05B063FF51DAF09981CE703AB00932A4671
S3150806C600054B04A93046FCF7FDF9E4E7BD0D070816
S3150806C610C70D0708BD840608C7C30608C30D07085D
S3150806C6202DE9F84315468A6880460C4632B98A6962
S3150806C630002A0CBF01224FF0FF328A602268DFF813
S3150806C6409090D1065FBF1A68111D196016680027F3
S3150806C650A06988B1012807D12A6811786269525CEF
S3150806C66052B9002F31D022E0022820D12B681B7838
S3150806C67019F803301B071AD42368DA065EBF2B6837
S3150806C6801B7806F8013B2A686B6801322A60A2689D
S3150806C690013B013A6B600137A26042B1002BD7DC39
S3150806C6A0D4F880312946404698470028D0D02368D2
S3150806C6B013F0100305D1E2680132E260A26902B1FD
S3150806C6C0337023693B4423610020BDE8F88300BF25
S3150806C6D0BD0C07082DE9F04F9846744B0C46824662
S3150806C6E0164693E8070087B003AB83E80700704B46
S3150806C6F0A169704A032918BF1A46A36801925A1EE9
S3150806C700B2F5AE7F88BF6FF4AE75274682BF03EBD8
S3150806C710050940F25D13A36057F81C3B43F45063C2
S3150806C72098BF4FF0000923603D464FF0000B31686D
S3150806C73003AB097853F82B000222D3F781FD28B3F9
S3150806C740BBF1010F59D162682AB92268082342F457
S3150806C750007263602260226822F4A0622260A268E0
S3150806C760511EA16092B13268511C3160127805F8E3
S3150806C770012B7268013A002A726007DCD4F8802118
S3150806C780314650469047002840F085800BF1010B4C
S3150806C790BBF1030FCBD163680BB90A2363606368E1
S3150806C7A045496069C91A00F089F84FF0000BA36875
S3150806C7B02268002B3DD03168606991F800C010F8F0
S3150806C7C00C00002835D0BCF1300F24D1100522D52F
S3150806C7D00BF1010BB9F1000F03D0013309F1FF394B
S3150806C7E0A3607368013B002B73601BDD3368013356
S3150806C7F03360A368013BA360D9E7BBF1020FAED14C
S3150806C800226802F4C061B1F5007FBFD110236360C8
S3150806C81042F48072A2E722F4106222600B7805F8C9
S3150806C820013BDEE7D4F88031314650469847002862
S3150806C830DFD02368D9050DD5BD4209D915F8011CDF
S3150806C840D4F87C3132465046984705F1FF394D46AD
S3150806C850BD4228D0226812F0100213D12A706368E6
S3150806C860019E39465046B047D8F8003021681A1D49
S3150806C870C8F8002011F0200F1B680FD01860E3686F
S3150806C8800133E3602369ED1B5D442B4423610020D5
S3150806C89007B0BDE8F08F4FF0000BCAE7CA074CBFD2
S3150806C8A018801860EBE70120F2E700BFD8F1060802
S3150806C8B091B8060869CC0608E80D070870B50B781E
S3150806C8C004465E2B0BBF4B784A1C8A1C002108BF00
S3150806C8D00121013804F1FF0500F8011FA842FBD122
S3150806C8E00BB9501E70BD81F00101E154104602468F
S3150806C8F012F8015B2D2D05D05D2D16D0002DF1D031
S3150806C9002B46F2E746785D2EFAD0B342F8DC0230BB
S3150806C9101A4601329642A154FBDCF21A013A5D1C0C
S3150806C920B342A8BF0022AB18E1E71046DAE72DE9BD
S3150806C930F0410C46496B04F1440399421DD14FF464
S3150806C9408061FBF78FFC18B94FF0FF30BDE8F08120
S3150806C9504FF48063A36394F84630606380F8FF3328
S3150806C96094F8453080F8FE3394F8443080F8FD3361
S3150806C97000F2FD3020600020E8E7A66B77003A460D
S3150806C980FFF7FCFA05460028DED000EB0608014646
S3150806C99032464046FDF742FCC4E90D57C4F8008006
S3150806C9A0E9E7F8B50E461446054618B1036A0BB903
S3150806C9B0FCF7C4F9A369A360A3891A0725D52369D1
S3150806C9C01BB323682269981A6369F6B28342374607
S3150806C9D004DC21462846FFF745F9E0B9A368013B7A
S3150806C9E0A36023685A1C22601E706269431C9A4219
S3150806C9F004D0A389DB0706D50A2E04D12146284684
S3150806CA00FFF730F938B93846F8BD2146284600F00A
S3150806CA1005F80028D5D04FF0FF37F4E738B52A4B86
S3150806CA20054618680C4618B1036A0BB9FCF786F969
S3150806CA30A389B4F90C20180722D4D90607D40923E2
S3150806CA402B6042F04003A3814FF0FF3034E05807CD
S3150806CA5012D5616B41B104F14403994202D02846C6
S3150806CA60FEF798FA00236363A38923F02403A381B8
S3150806CA700023636023692360A38943F00803A3811F
S3150806CA8023694BB9A38903F42073B3F5007F03D052
S3150806CA902146284600F010F9A089B4F90C2010F0B2
S3150806CAA001030AD00023A36063695B42A361236975
S3150806CAB043B910F08000C4D138BD810758BF6369F1
S3150806CAC0A360F4E70020F7E7F43F00201F2938B5EE
S3150806CAD004460D4604D9162303604FF0FF3038BDC9
S3150806CAE0C26B12B152F821304BB9204600F030F825
S3150806CAF02A4601462046BDE8384000F017B8012BFD
S3150806CB000AD0591C03D1162303600120E7E700243F
S3150806CB1042F82540284698470020E0E7024B01469A
S3150806CB201868FFF7D3BF00BFF43F002038B5074D96
S3150806CB3000230446084611462B60D5F76DFD431CAF
S3150806CB4002D12B6803B1236038BD00BF1CB600208E
S3150806CB50D5F75ABD51F8043C181F002BBCBF0B5815
S3150806CB60C0187047012B2DE9F04701D0242B06D9AA
S3150806CB70FDF71EFB162303600020BDE8F087DFF8E5
S3150806CB80E4C00D462E4615F8014B1CF8047017F03E
S3150806CB900807F7D12D2C32D12C780127B51C002B86
S3150806CBA05BD0102B09D1302C07D12C7804F0DF0482
S3150806CBB0582C4DD16C781023023507F1004808F138
S3150806CBC0FF384FF0000EB8FBF3F9764603FB198AD1
S3150806CBD0A4F1300CBCF1090F16D86446A34224DD2D
S3150806CBE0BEF1FF3F08D0B1451CD301D1A24519DBDA
S3150806CBF006FB03464FF0010E15F8014BE8E72B2C0A
S3150806CC0004BF2C78B51CCAE7A4F1410CBCF1190F70
S3150806CC1001D8373CE2E7A4F1610CBCF1190F04D838
S3150806CC20573CDBE74FF0FF3EE6E7BEF1FF3F05D18F
S3150806CC3022230360464642B930469EE707B1764246
S3150806CC40002AF9D0BEF1000F00D0691E1160F3E77D
S3150806CC503024002BB1D10823AFE7302CA5D00A2300
S3150806CC60ABE700BFBD0C0708FFF77CBF70B50C46DF
S3150806CC70B1F90E10002996B015461E460DDAA38997
S3150806CC8013F0800F4FF000010CBF4FF4806340236A
S3150806CC90002031602B6016B070BD6A4600F048F871
S3150806CCA00028ECDB019901F47041A1F500535942BD
S3150806CCB059414FF48063EBE78B8973B59D070646A2
S3150806CCC00C4607D504F147032360236101236361F4
S3150806CCD002B070BD01AB6A46FFF7C8FF0099054664
S3150806CCE03046FBF7BFFA48B9B4F90C309A05EFD4C3
S3150806CCF023F0030343F00203A381E3E7A389206035
S3150806CD0043F08003A381009B6361019B20615BB1AD
S3150806CD10B4F90E10304600F01DF828B1A38923F0A1
S3150806CD20030343F00103A381A3891D43A581CFE726
S3150806CD3038B5074D00230446084611462B60D5F735
S3150806CD40CAFC431C02D12B6803B1236038BD00BF59
S3150806CD501CB6002038B5064D0023044608462B6047
S3150806CD60D5F7C9FC431C02D12B6803B1236038BD2D
S3150806CD701CB600200000000038B52DED028B55ECD8
S3150806CD80104B00F041F822462B4620462946B0EEBF
S3150806CD90408AF0EE608AD3F701FF98B9002200238D
S3150806CDA020462946D3F7F0FE60B90022002320461E
S3150806CDB02946D3F7C1FE60B1FDF7FAF99FED0A8B4E
S3150806CDC022230360B0EE480AF0EE680ABDEC028B31
S3150806CDD038BDFDF7EDF9BDEC028B21230360BDE8EE
S3150806CDE03840034800F008B8000000000000F0FFCD
S3150806CDF0E90A0708000000009FED010B704700BF0F
S3150806CE00000000000000F87F2DE9F04F51EC100BEA
S3150806CE102DED048BB1F5801F83B00D4629DA21F076
S3150806CE200043034310EE102A0CD1CF4900220023F3
S3150806CE300020D3F743FD41EC100B03B0BDEC048B81
S3150806CE40BDE8F08F002905DA0B46D3F755FA002216
S3150806CE500023EEE7C54B0022D3F706FC6FF0350331
S3150806CE600D46C34A954206DD02460B46D3F746FAF1
S3150806CE70E1E70023F5E72C15A4F2FF34C5F31305FD
S3150806CE801C4405F5152303F6647303F4801383F02F
S3150806CE907F5282F4401242EA050104EB135400223B
S3150806CEA0B44BD3F729FAAB1CC3F31303022B8246FA
S3150806CEB08B464FF0000253DC0023D3F73DFED0B174
S3150806CEC0002C00F022812046D3F764FB90A3D3E911
S3150806CED0002306460F46D3F7C7FB8FA3D3E90023DD
S3150806CEE004460D4630463946D3F7BEFB02460B4680
S3150806CEF020462946BAE78AA3D3E900235046594667
S3150806CF00D3F7B2FB02460B4600209B49D3F7F4F942
S3150806CF10524606460F465B4650465946D3F7A4FB85
S3150806CF2002460B4630463946D3F79EFB06460F465B
S3150806CF3014B932463B46A2E02046D3F72BFB74A328
S3150806CF40D3E9002380468946D3F78EFB72A3D3E935
S3150806CF50002304460D4640464946D3F785FBA7E017
S3150806CF604FF08043D3F7CAF902460B465046594650
S3150806CF70D3F7A4FC41EC180B2046D3F70BFB53EC6E
S3150806CF80182B41EC190B51EC180BD3F76DFBA5F5CD
S3150806CF90C223A3F27A43019302460B468046894684
S3150806CFA0D3F762FB60A3D3E9002306460F46D3F7F9
S3150806CFB05BFB5FA3D3E90023D3F7A0F932463B46CA
S3150806CFC0D3F752FB5CA3D3E90023D3F797F9324686
S3150806CFD03B46D3F749FB5AA3D3E90023D3F78EF981
S3150806CFE042464B46D3F740FB57A3D3E90023804670
S3150806CFF0894630463946D3F737FB55A3D3E9002386
S3150806D000D3F77CF932463B46D3F72EFB52A3D3E930
S3150806D0100023D3F773F932463B46D3F725FB0B466F
S3150806D020024649464046D3F769F9C5F5D725019B11
S3150806D03051351D43002D8046894648DD4E4B002254
S3150806D04050465946D3F710FB52465B46D3F70CFBB8
S3150806D05002460B4606460F4640464946D3F74EF95C
S3150806D06053EC182BD3F700FB8046894664B902466B
S3150806D0700B4630463946D3F73FF902460B46504625
S3150806D0805946D3F739F9D6E621A3D3E9002351EC55
S3150806D090190BD3F7E9FA20A3D3E9002304460D466C
S3150806D0A051EC190BD3F7E0FA42464B46D3F726F965
S3150806D0B002460B4630463946D3F71EF952465B46B4
S3150806D0C0D3F71AF902460B4620462946D9E70246F9
S3150806D0D00B4650465946D3F70FF953EC182BD3F798
S3150806D0E0C3FA06460F46002C3FF423AF08A3D3E936
S3150806D0F0002351EC190BD3F7B7FA07A3D3E9002394
S3150806D10004460D4651EC190B27E79FED150B94E6D9
S3150806D1100000E0FE422EE63F763C7935EF39EA3DD9
S3150806D120555555555555D53F44523EDF12F1C23F22
S3150806D130DE03CB966446C73F599322942449D23FC9
S3150806D140935555555555E53F9FC678D0099AC33F19
S3150806D150AF788E1DC571CC3F04FA97999999D93F30
S3150806D1600000000000000000000050C30000504305
S3150806D170FFFFEF7F0000F03F0000E03FF8B500BF75
S3150806D180F8BC08BC9E467047F8B500BFF8BC08BC94
S3090806D1909E467047EC
S3150806D1984D41494E000000007C252D3135737C002B
S3150806D1A8456E746572204572726F722048616E64A0
S3150806D1B86C65722C204952512077696C6C20626519
S3150806D1C82044697361626C65000000000D0A000058
S3150806D1D84C4344007C252D3135737C007570646193
S3150806D1E87465207374617465202575202D2D2D3E6A
S3150806D1F8202575000D0A0000416D6963656C6C206B
S3150806D2082D205542412036005665723A2530327524
S3150806D2182E253032752E253032752E253032750074
S3150806D228630000007C252D3135737C006A203D2075
S3150806D238256400000D0A00003C25783E3A3C3078FD
S3150806D24825783E00222A3A3C3E3F7C7F00000000AD
S3150806D2582B2C3B3D5B5D0000EBFE904D53444F532C
S3150806D268352E30004E4F204E414D4520202020466B
S3150806D27841543332202020004E4F204E414D45203A
S3150806D288202020464154202020202000656E642D43
S3150806D2986F662D73747265616D000000696F206587
S3150806D2A872726F7200000000766172696E74206F7A
S3150806D2B8766572666C6F7700696E76616C69642046
S3150806D2C8776972655F7479706500000070617265C2
S3150806D2D86E742073747265616D20746F6F20736837
S3150806D2E86F72740077726F6E672077697265207435
S3150806D2F879706500696E76616C6964206669656C1D
S3150806D30864207479706500006172726179206F7697
S3150806D3186572666C6F7700006661696C6564207469
S3150806D3286F207365742064656661756C747300008E
S3150806D3386E6F206D616C6C6F6320737570706F7293
S3150806D3487400000063616C6C6261636B20666169D0
S3150806D3586C656400696E76616C69642065787465BF
S3150806D3686E73696F6E0000007A65726F207461675E
S3150806D3780000000077726F6E672073697A65206603
S3150806D3886F7220666978656420636F756E742066A1
S3150806D39869656C64000000006D697373696E6720B9
S3150806D3A87265717569726564206669656C640000DC
S3150806D3B8696E76616C696420646174615F73697AFB
S3150806D3C865000000696E746567657220746F6F205C
S3150806D3D86C617267650000006279746573206F76FA
S3150806D3E86572666C6F77000073697A6520746F6F65
S3150806D3F8206C617267650000737472696E67206FC0
S3150806D408766572666C6F7700696E76616C696420F4
S3150806D4186669656C642064657363726970746F728D
S3150806D42800000000696E636F727265637420666928
S3150806D438786564206C656E677468206279746573A6
S3150806D4482073697A6500000073747265616D2066D3
S3150806D458756C6C00696F206572726F720000000041
S3150806D4686172726179206D61782073697A652065BB
S3150806D4787863656564656400286E6F6E65290000BD
S3150806D488696E76616C6964206669656C6420747968
S3150806D4987065000063616C6C6261636B2065727205
S3150806D4A86F7200006D697373696E672072657175A8
S3150806D4B869726564206669656C640000696E7661DA
S3150806D4C86C696420657874656E73696F6E0000000A
S3150806D4D87375626D73672073697A65206368616E0A
S3150806D4E867656400696E76616C696420646174614F
S3150806D4F85F73697A650000006279746573207369D3
S3150806D5087A65206578636565646564007A65726F09
S3150806D5182D6C656E67746820737472696E67000089
S3150806D528756E7465726D696E617465642073747256
S3150806D538696E6700696E76616C6964206669656CEA
S3150806D548642064657363726970746F7200000000FC
S3150806D5584D435033323231007C252D3135737C00E4
S3150806D56852656365697665204661696C6564203A1D
S3150806D578203078257820616464726573733A307842
S3150806D58825303278000000000D0A0000693263204B
S3150806D59868616E646C65206973206E756C6C00002C
S3150806D5A84D435034375836007C252D3135737C0063
S3150806D5B84661696C656420746F205472616E736D72
S3150806D5C8697400000D0A0000577269746520566169
S3150806D5D86C7565206D69736D617463682025752198
S3150806D5E83D2575200000000048616E646C65206953
S3150806D5F873204E554C4C0000000000004661696CC5
S3150806D608656420746F20526563656976650000004F
S3150806D61854504C30313032007C252D3135737C0018
S3150806D628416C726561647920496E204956415220D3
S3150806D6386D6F6465000000000D0A00005265636593
S3150806D648697665204661696C656400005472616E80
S3150806D658736D6974204661696C656400693263206E
S3150806D66868616E646C65206973206E756C6C00005B
S3150806D6785769706572206973206E6F7420417661E2
S3150806D688696C61626C650000525443205570646182
S3150806D698746500007C252D3135737C006265666FD6
S3150806D6A872653A25730000000D0A00005254432095
S3150806D6B86166746572000000554241003D3D3D3D70
S3150806D6C82046414E204F666620283129203D3D3D95
S3150806D6D83D0000003D3D3D3D2046414E204F6666CD
S3150806D6E820283229203D3D3D3D0000003D3D3D3D73
S3150806D6F82046414E204F6E20283129203D3D3D3D86
S3150806D708000000003D3D3D3D2046414E204F6666D9
S3150806D71820283329203D3D3D3D0000003D3D3D3D41
S3150806D7282046414E204F6E20283229203D3D3D3D54
S3150806D7380000000075706461746520737461746509
S3150806D748202575202D2D2D3E20257500554241206C
S3150806D75853657474696E67732E7062002F53657401
S3150806D76874696E6773000000554241204164647205
S3150806D77865737320696E69742077697468207A6593
S3150806D788726F202C7365742064656661756C7420DF
S3150806D79861646472657373200000000044657669DF
S3150806D7A8636520696E697420446F6E652041743A0C
S3150806D7B820257300412054657374206973206E6F9B
S3150806D7C8742073696E676C65206368616E6E656C2E
S3150806D7D800000000422054657374206973206E6F32
S3150806D7E8742073696E676C65206368616E6E656C0E
S3150806D7F8000000003D3D3D3D3D3D3D3D3D3D3D3D31
S3150806D8083D3D3D3D3D3D3D3D3D3D3D485620456EEC
S3150806D81861626C65204F66663D3D3D3D3D3D3D3D35
S3150806D8283D3D3D3D3D3D3D3D3D3D3D3D3D3D3D3D0C
S3150806D8383D3D3D3D3D3D3D3D3D3D3D3D3D3D3D3DFC
S3150806D8480000000041422054657374206973206EEF
S3150806D8586F74206475616C206368616E6E656C000A
S3150806D86853746174652056616C75652069732069F9
S3150806D8786E76616C69642025752000002573205329
S3150806D8886574204E657874205374617465205661EC
S3150806D8986C75652020257520000000002573205420
S3150806D8A865737420436F6D6D616E6400496E7661A3
S3150806D8B86C696420416472657373202575200000B7
S3150806D8C841646472657373206368616E676564206C
S3150806D8D8746F202530387820000000004E616D6583
S3150806D8E820776173206368616E67656420746F20A4
S3150806D8F82573000054696D6520776173206368612E
S3150806D9086E67656420746F20256C7500534E206310
S3150806D91868616E67656420746F202530387820003C
S3150806D928496E76616C696420436F6D6D616E642015
S3150806D9384944202575200000494E49540000000030
S3150806D9484255434B00000000424F4F53540000000F
S3150806D9584255434B5F424F4F535400004255434B7B
S3150806D9685F424F4F53545F55500000004255434B8C
S3150806D9785F424F4F53545F444F574E004443324411
S3150806D988430000007C252D3135737C0043616E27DC
S3150806D998742063616C63756C6174652056616C7571
S3150806D9A865202825752920565053206C6F77000060
S3150806D9B80D0A0000457870656374656420566765C0
S3150806D9C86E2028256C7529206973204F4F4200005A
S3150806D9D844656C74612044757479204379636C656B
S3150806D9E8206973204F4F420044757479204379633A
S3150806D9F86C6520617420746865206C696D69747332
S3150806DA08000000005542415F474658007C252D31DF
S3150806DA1835737C004944206973206E6F74204672F4
S3150806DA28616D65000D0A0000494E4954000000005C
S3150806DA384348414E4E454C004250540054455354AB
S3150806DA485F53454C45435400544553545F494E461F
S3150806DA584F000000544553545F5354455000000080
S3150806DA6853455454494E47004558455F434D440067
S3150806DA784F46460053435245454E00007C252D31F0
S3150806DA8835737C002873637265656E202564297567
S3150806DA987064617465207374617465202573202D16
S3150806DAA82D2D3E20257300000D0A00002873637283
S3150806DAB865656E20256429757064617465207374B6
S3150806DAC8617465202575202D2D2D3E2025750000A7
S3150806DAD84348204100000000434820420000000051
S3150806DAE843482041420000004348204E2F41000083
S3150806DAF8202020494E49542020200000252D313063
S3150806DB087300000020202044454C41592020000077
S3150806DB1820205354414E4442592000002043484188
S3150806DB2852474520000000002044495343484152BD
S3150806DB38474500004E2F41006368616E6E656C2086
S3150806DB485374617465203A257520556E6B6E6F7722
S3150806DB586E20000025332E326620252D33730000E5
S3150806DB6856000000252E326620252D337300000040
S3150806DB786D5600002531312E2A7300004100000033
S3150806DB886D410000252E356620252D3373000000C5
S3150806DB98416800006D416800252B332E3266F82049
S3150806DBA8257300004300000053637265656E20639B
S3150806DBB868616E6E656C20636F6E746F726C206E24
S3150806DBC86F7420646566696E650000004572726F33
S3150806DBD8723A2578000000002020202020202020E0
S3150806DBE820202020000000002020766F6C746167CC
S3150806DBF8653A0000202063757272656E743A0000ED
S3150806DC08202063617061636974793A002020746517
S3150806DC186D70657261747572653A00002573000041
S3150806DC286368616E6E656C20636F6E74726F6C20BE
S3150806DC38696420257520696E20756E6B6E6F756E1C
S3150806DC4820000000253032753A253032753A2530D7
S3150806DC583275000020436F6D706C65746564200024
S3150806DC68204661696C6564200000000053746F706D
S3150806DC78656420627920557365720000426174747A
S3150806DC8865727920446973636F6E6E656374656435
S3150806DC9800000000504155534500000041424F52C6
S3150806DCA8544544004641494C000000005354455023
S3150806DCB82D25642825642900524553554D0000002C
S3150806DCC853544F50000000004E4558542000000093
S3150806DCD853544152540000004241434B0000000089
S3150806DCE82020202020000000746865206D617820B1
S3150806DCF86E756D626572206F662063686172206943
S3150806DD086E2073637265656E2073697A6520697312
S3150806DD182025640020202D2D656E642D6F662D6CD2
S3150806DD286973742D2D2D2D2D2D2D2D2D00000000F2
S3150806DD3853454C4543540000546573742053656C23
S3150806DD486563740025642D252D73000025642D2525
S3150806DD5873202020202000002020626174746572D2
S3150806DD687920502F4E3A20002020252E2A730000A7
S3150806DD7820206261747465727920532F4E3A200002
S3150806DD8820206261747465727920747970653A2000
S3150806DD980000000020205072696D61727900000043
S3150806DDA820205365636F6E64617279002020556E6C
S3150806DDB86B6E6F776E000000202063656C6C2073A7
S3150806DDC865722F7061723A206D6F64653A000000B5
S3150806DDD820202025642F25640000000020206E7563
S3150806DDE86D2073746570733A20000000202020257C
S3150806DDF86400000053696E676C6500004475616CBB
S3150806DE08000000005354455020200000545220753F
S3150806DE186E7061636B204661696C65640000000074
S3150806DE284368617267650000446973636861726767
S3150806DE386500000053746570202564002020636811
S3150806DE48617267652063757272656E743A2000009A
S3150806DE5820202564206D410020206D617820746590
S3150806DE686D70657261747572653A2000202025649E
S3150806DE782043000020206375742D6F666620637537
S3150806DE887272656E743A2000202063686172676547
S3150806DE98206C696D69743A20000000002020256602
S3150806DEA8206D4168000000002020756E64656600CE
S3150806DEB82020636861726765207065722063656CE1
S3150806DEC86C3A20002020252E3266205600000000CF
S3150806DED82020737465703A20000000002020256407
S3150806DEE8206F6620256400002020646973636861CC
S3150806DEF87267652063757272656E743A200000004B
S3150806DF0820202D2564206D41000000002020637519
S3150806DF18742D6F666620766F6C746167653A20009D
S3150806DF28202025332E3266205600000020206469F4
S3150806DF3873636861726765206C696D69743A20004F
S3150806DF48202064656C61792074696D653A2000003D
S3150806DF5820207761697420666F722074656D70650E
S3150806DF687261747572653A20000000002020676F92
S3150806DF78746F20737465703A200000002020726555
S3150806DF88706561742074696D65733A20000000002F
S3150806DF986578655F636D643A206576656E742025CF
S3150806DFA86400000050524F544F2068656C706572BD
S3150806DFB8000000007C252D3135737C004661696CA6
S3150806DFC8656420546F206465636F6465206D6573A0
S3150806DFD873616765000000000D0A00004661696CF2
S3150806DFE8656420546F206465636F6465206D657380
S3150806DFF873616765203A2025730000004661696CD7
S3150806E008656420526561642046696C653A202573FD
S3150806E0182F2573004572726F722067657474696E68
S3150806E0286720656E636F646564203A202573200049
S3150806E03853617665206D65737361676520546F202D
S3150806E04866696C65204661696C65640050574D00BB
S3150806E0587C252D3135737C006E65775F76616C7520
S3150806E068653A2530346C75203E202530346C752083
S3150806E078000000000D0A00006E65775F76616C750C
S3150806E088653A2530346C75203C202530346C752065
S3150806E0980000000070776D206973206E756C6C0039
S3150806E0A84661696C656420746F20537461727420BE
S3150806E0B8444D413A203078256C7800004661696CEB
S3150806E0C8656420746F2053746172742050574D3AEC
S3150806E0D8203078256C7800004661696C656420747A
S3150806E0E86F2053544F5020444D413A203078256CBA
S3150806E0F8780000004661696C656420746F2053547D
S3150806E1084F502050574D3A203078256C7800000035
S3150806E1185542415F554152545F436F6D6D00000085
S3150806E1287C252D3135737C0055415254206E6F7403
S3150806E138207265616479203A2030782558000000EF
S3150806E1480D0A00005458206661696C65643A257597
S3150806E15800000000494420697320756E6B6E6F755A
S3150806E1686E3A257800000000554152540000000012
S3150806E178554152545F71756572795F6C696E653A71
S3150806E188206C696E655F726563697069656E745F2A
S3150806E1986964202564000000554152545F71756507
S3150806E1A872795F6368616E6E656C3A2063685F723A
S3150806E1B86563697069656E745F696420256400001D
S3150806E1C84944206973206E6F742061206B6E6F77D9
S3150806E1D86E204250542069643A2578004465766963
S3150806E1E863650000425054204100000042505420FE
S3150806E1F842000000434D44206D65737361676500E8
S3150806E2085465737420526F7574696E652E7062004C
S3150806E2182F5465737420526F7574696E650000000D
S3150806E22870726F636573732075617274206461749E
S3150806E23861206C656E3A257500000000286E6F6EBB
S3150806E248652900004465636F64696E6720666169B7
S3150806E2586C65643A202573004661696C65642074A2
S3150806E2686F2072656369766520746F20444D413A56
S3150806E27825303475000000003D3D3E2046696C652C
S3150806E2883A202573205761732053656E7420636890
S3150806E298756E6B20256C75003D3D3E2046696C6596
S3150806E2A8204C697374202825752F2575293A206602
S3150806E2B86F6C646572205B25735D20003D3D3E20C4
S3150806E2C853696E676C652046696C653A202573201E
S3150806E2D85761732053656E7400000000494E495409
S3150806E2E8000000005354414E4442590050415553C4
S3150806E2F84500000052554E5F53544550000000002D
S3150806E308535445505F434F4D504C455445000000FD
S3150806E318544553545F4641494C454400544553545D
S3150806E3285F434F4D504C455445000000253034642C
S3150806E3382530326425303264253032642530326415
S3150806E348253032640000000025735F25735F257340
S3150806E3582E706200425054007C252D3135737C0098
S3150806E368427566666572206C656E67746820697399
S3150806E37820746F2073686F727428256C752C25644B
S3150806E388290000000D0A000075706461746520424C
S3150806E39850542066696C65206E616D6520746F2019
S3150806E3A8257320002862707429757064617465205F
S3150806E3B87374617465202573202D2D2D3E202573CB
S3150806E3C800000000286270742975706461746520F7
S3150806E3D87374617465202575202D2D2D3E202575A7
S3150806E3E800000000416374696F6E20537461746592
S3150806E3F82028257529206973206E6F742073757011
S3150806E408706F727465640000425054206973204E12
S3150806E418554C4C005265616368204D6178205469ED
S3150806E4286D6500004375742D4F66662043757272CE
S3150806E438656E74004375742D4F666620566F6C7440
S3150806E4486167650052656163682043686172676536
S3150806E458204C696D697400005265616368205465C5
S3150806E4686D70204C696D697400000000496E766106
S3150806E4786C6964205374657020496400696E766110
S3150806E4886C69642073746570206964203078257809
S3150806E4980000000069642025643A20413A2025646C
S3150806E4A82C20422025642C204142202564000000A1
S3150806E4B853746570205479706520696420697320D9
S3150806E4C8756E6B6E6F776E3A25750000656E7465A0
S3150806E4D8722073746570207768696C652074686538
S3150806E4E820706F696E74657220696E206E756C6C1D
S3150806E4F80000000072756E2073746570206E6F745E
S3150806E50820636F6D706C657465642C206372697414
S3150806E5186963616C206572726F72202564206F6E56
S3150806E52820696420256420257300000072756E200C
S3150806E538737465702065727220657869743A206204
S3150806E54870742D3E77725F66726F6D202564205B40
S3150806E55825735D002F5465737420526573756C743C
S3150806E5687300000072756E2073746570206E6F747A
S3150806E57820636F6D706C657465642C206C696E65AE
S3150806E5887320646973636F6E6E6563746564206F5A
S3150806E5986E206964202564202573000072756E202E
S3150806E5A87374657020646973636F6E6E65637465E4
S3150806E5B86420657869743A206270742D3E77725FAE
S3150806E5C866726F6D202564205B25735D0000000062
S3150806E5D8636F6D706C6574653A20413A2025642028
S3150806E5E8286363202564292C20422025642028636D
S3150806E5F86320202564290000312D41204455414CC5
S3150806E6082C20416964782025642042696478202587
S3150806E618642041426964782025640000322D422028
S3150806E6284455414C2C204169647820256420426962
S3150806E63864782025642041426964782025640000A8
S3150806E648636F6D706C6574653A2069642025643A4B
S3150806E65820413A2025642C20422025642C20414254
S3150806E6682025642C2054525F73656C65637465644B
S3150806E6785F696E64657820256400000073746F7098
S3150806E6883A20413A20256420286363202564292CE4
S3150806E6982042202564202863632020256429000053
S3150806E6A873746F703A2069642025643A20413A20C3
S3150806E6B825642C20422025642C2041422025642CDA
S3150806E6C82054525F73656C65637465645F696E6426
S3150806E6D865782025640000005465737420697320DC
S3150806E6E8616C72656164792072756E6E696E6720EB
S3150806E6F82C206368616E6E656C2069732062757373
S3150806E708790000007468652073656C6563746564CA
S3150806E718207465737420696E6465782065786973EC
S3150806E72874656420746865206C656E677468206FFE
S3150806E7386620746865206C697374000063616E27C1
S3150806E748742072756E206E65787420737465700009
S3150806E75854686520636F6D6D616E64204944206947
S3150806E7687320756E6B6E6F776E3A25750000000016
S3150806E7784572726F722067657474696E6720656E6E
S3150806E788636F6465642073697A6500004D657373FB
S3150806E7986167652053697A653A2575206973207411
S3150806E7A86F2042696720746F2074686520627566EB
S3150806E7B86665723A2575000073617665206C6F671B
S3150806E7C83A206C656E677468202564205B25735D38
S3150806E7D8000000002573000042757A7A6572000003
S3150806E7E87C252D3135737C007570646174652073D4
S3150806E7F874617465202575202D2D2D3E20257500F6
S3150806E8080D0A0000494E4954000000005354414E6B
S3150806E8184442590044454C41590000004348415270
S3150806E82847450000444953434841524745000000B6
S3150806E8384F4646007C252D3135737C00286368616A
S3150806E8486E6E656C29757064617465207374617477
S3150806E85865202573202D2D2D3E20257300000000E2
S3150806E8680D0A0000286368616E6E656C2975706402
S3150806E878617465207374617465202575202D2D2DA0
S3150806E8883E202575000000004C696E652025642023
S3150806E8987570646174652073746174652C20657275
S3150806E8A8722030782578000043485F412E637376D0
S3150806E8B80000000043485F422E6373760000000096
S3150806E8C843485F41422E637376000000494420692F
S3150806E8D87320756E6B6E6F756E3A257800000000A4
S3150806E8E8696E6974204661696C6564202C206368BC
S3150806E8F8616E6E656C20646F7365206E6F7420682A
S3150806E90861766520616E7920636F6E6E65637465D8
S3150806E91864206C696E6573002573204661696C65A3
S3150806E9286420736574207374617465203A257500C6
S3150806E9384368616E6E656C20566F6C7461676520F0
S3150806E9486973207A65726F202C2063616E27742096
S3150806E95863616C63756C6174652063757272656E3E
S3150806E9687400000064697363686172676520637575
S3150806E9787272656E7420746172676574206973208D
S3150806E9886E6F7420646566696E6500004368616E15
S3150806E9986E656C00446973636861726765205479A5
S3150806E9A870653A307825303258206973206E6F7448
S3150806E9B820737570706F72746564207965740000C3
S3150806E9C84368616E6E656C202564206572726F727F
S3150806E9D83A2578004368616E6E656C20410000002A
S3150806E9E84368616E6E656C20420000004368616E76
S3150806E9F86E656C20414200005468652053656C654F
S3150806EA0863746564204368616E6E656C2069732055
S3150806EA186E6F7420646566696E650000434D44002A
S3150806EA287C252D3135737C005468652053656C65DD
S3150806EA3863746564204368616E6E656C2069732025
S3150806EA486E6F7420646566696E6500000D0A0000B7
S3150806EA580000000046696C65204D616E67657200A0
S3150806EA687C252D3135737C004661696C65642054AE
S3150806EA786F204D6F756E7420534420436172640087
S3150806EA880D0A000025732F25730000005542415FBD
S3150806EA98464D5F6372656174655F66696C650000F5
S3150806EAA8636F756E742025642000000064656C65BE
S3150806EAB874652E2E20636F756E742025642072651C
S3150806EAC8732025782020692025640000665F6F7004
S3150806EAD8656E312E2E20257300000000665F636C6E
S3150806EAE86F73652E2E202573000000005375636321
S3150806EAF865737366756C6C792044656C65746520F0
S3150806EB08257300004661696C656420746F20446540
S3150806EB186C657465202573202D2030782530327863
S3150806EB2800000000665F636F756E74202564200012
S3150806EB385542415F464D5F61707070656E645F64E5
S3150806EB486174610046696C6520646F6573206E6F2B
S3150806EB58742065786973743A20257300665F777238
S3150806EB686974652E2E2025732C20646174615F6C82
S3150806EB78656E677468202564000000004661696C3E
S3150806EB88656420746F2053746F72652064617461B6
S3150806EB982020746F2066696C653A2573202D203007
S3150806EBA878253032780000006F70656E2066696CC5
S3150806EBB865206661696C65643A202573000000005D
S3150806EBC85344206D6F756E74206661696C656400BA
S3150806EBD84661696C656420746F2072656164206491
S3150806EBE86174612066726F6D2066696C653A25736D
S3150806EBF8202D207265733A20307825303278000041
S3150806EC084661696C656420746F206F70656E206648
S3150806EC18696C653A2573202D207265733A20307813
S3150806EC282530327820666C61673A20307825782050
S3150806EC38667074723A2030782578206572723A209A
S3150806EC4830782578000000005542415F464D5F73C7
S3150806EC5865656B5F726561645F646174610000006F
S3150806EC68665F6F70656E332E2E20257300000000CA
S3150806EC78665F7365656B2E2E00000000665F726513
S3150806EC8861642E2E000000004661696C656420746E
S3150806EC986F206F70656E2066696C652025732C2053
S3150806ECA872657320256400002F54657374205265AF
S3150806ECB873756C74730000005542415F464D5F7460
S3150806ECC872616E736665725F6368756E6B2C207201
S3150806ECD86561642073697A6520256420746F746192
S3150806ECE86C20256400000000494E495400000000BF
S3150806ECF849444C45000000005052455F4348415276
S3150806ED0847494E47000000004348415247494E477F
S3150806ED185F4343004348415247494E475F435600B7
S3150806ED284449534348415247494E47004445414496
S3150806ED38000000007C252D3135737C00286C696E29
S3150806ED486529757064617465207374617465202510
S3150806ED5873202D2D2D3E2025730000000D0A000070
S3150806ED68286C696E652975706461746520737461A3
S3150806ED787465202575202D2D2D3E20257500000045
S3150806ED884C696E65204100004C494E455F412E6325
S3150806ED98616C00004C696E65204200004C494E4578
S3150806EDA85F422E63616C00005465737420526F7552
S3150806EDB874696E652E7062002F5465737420526FD7
S3150806EDC87574696E650000005445535420524F55AC
S3150806EDD854494E45000000007C252D3135737C00C4
S3150806EDE8636F756E74657220696E646578206973D3
S3150806EDF820686967686572207468656E2074682075
S3150806EE085452206C656E6774682000000D0A000067
S3150806EE182073746570206964202578206973206EC6
S3150806EE286F742076616C6964000000006D616C6C0D
S3150806EE386F63204661696C656400000063686172E1
S3150806EE486765000064697363686172676500000030
S3150806EE58696E6465782025642C20737465705F6905
S3150806EE686E6465782025642C207374657020747919
S3150806EE7870652025730000006E65775F7374657084
S3150806EE882063757272656E743D25640053746570E1
S3150806EE98206973206E6F742076616C6964000000B9
S3150806EEA8696E6465782025642C204C4F4F5020637C
S3150806EEB86F756E7465722025642073697A652025D0
S3150806EEC86420746F5F7374657020256400000000FB
S3150806EED85479706520496420497320556E6B6E6FA0
S3150806EEE8756E000025732F25730000004661696C48
S3150806EEF8656420746F20777269746520746F206656
S3150806EF08696C6520272573272E0A00000D0A000056
S3150806EF184661696C656420746F20637265617465F9
S3150806EF282066696C6520272573272E0A00000000C7
S3150806EF384661696C656420746F20637265617465D9
S3150806EF4820666F6C64657220272573272E0A0000CB
S3150806EF5800000000252A735B25735D0A0000000079
S3150806EF6846696C65204C6F67676572007C252D3186
S3150806EF7835737C0046696C65204C6F676765722031
S3150806EF885072696E7400000048656C6C6F2C2077A1
S3150806EF986F726C64210000006E65775F66696C653A
S3150806EFA82E747874000000002F4E4557000000009E
S3150806EFB846696C6520747265652061667465722093
S3150806EFC86372656174696F6E3A0000004661696C1A
S3150806EFD8656420746F206D6F756E74207468652075
S3150806EFE866696C6573797374656D00004661696C44
S3150806EFF8656420746F204D6F756E743A2025303215
S3150806F008780000004661696C656420746F204F7045
S3150806F018656E3A2025303278000000004661696C2C
S3150806F028656420746F2077726974653A20253032CC
S3150806F038780000004F70656E2046696C653A257338
S3150806F0482073697A65205B25755D00004661696CDB
S3150806F058656420746F20726561642066696C653A12
S3150806F0682025303278000000526561642046696CAE
S3150806F078653A2573205B25755D2062797465732064
S3150806F0885265616400000000256C752C25752C25CB
S3150806F098642C25642C252E32660D0A005049440030
S3150806F0A87C252D3135737C006F75747075743A2511
S3150806F0B8660000000D0A00005574696C0000000019
S3150806F0C84275666665725B256C755D3A00000000D2
S3150806F0D825303258000000002D2530325800000029
S3150806F0E8427566666572206C656E6774682069730C
S3150806F0F820746F2073686F727428256C752C2564BE
S3150806F10829000000253034642D253032642D253033
S3150806F118326420253032643A253032643A2530324C
S3150806F12864000000756E69785F74696D6573746145
S3150806F1386D70325254435F6461746574696D65000F
S3150806F148256C75203D3D2025730000002530326460
S3150806F1583A253032643A2530326400001B5B257539
S3150806F1683B25756D0000000055415254206C6F67A3
S3150806F178000000007C252D3135737C0044656275D0
S3150806F18867206C6576656C000D0A0000696E666F01
S3150806F198206C6576656C00007761726E6E696E67B7
S3150806F1A8206C6576656C00006572726F72206C65F0
S3150806F1B876656C00637269746963616C206C65763A
S3150806F1C8656C0000636F6D6D206C6576656C00006E
S3150806F1D8EA0D0708ED0D0708F00D070800000000F8
S3150806F1E800000000010203040607080900000000DB
S3150806F1F801020304010002000400060008000A00CA
S3150806F2080C001000200040008000000101010103DF
S3150806F218070100000804020408010101F5E00408CC
S3150806F2282DE1040849E104085DE1040873E10408C8
S3150806F238A3E10408B7E10408CDE10408EBE10408EC
S3150806F248FFE1040815E2040829E20408435545417E
S3150806F2584141414345454549494941414592924FA8
S3150806F2684F4F5555594F554F9C4F9E9F41494F5598
S3150806F278A5A5A6A7A8A9AAABACADAEAFB0B1B2B3B9
S3150806F288B4414141B8B9BABBBCBDBEBFC0C1C2C309
S3150806F298C4C54141C8C9CACBCCCDCECFD1D14545BF
S3150806F2A84549494949D9DADBDCDD49DF4FE14F4F9C
S3150806F2B84F4FE6E8E85555555959EEEFF0F1F2F38A
S3150806F2C8F4F5F6F7F8F9FAFBFCFDFEFF0103050760
S3150806F2D8090E10121416181C1E000000C700FC009A
S3150806F2E8E900E200E400E000E500E700EA00EB00D2
S3150806F2F8E800EF00EE00EC00C400C500C900E60009
S3150806F308C600F400F600F200FB00F900FF00D60076
S3150806F318DC00F800A300D800D7009201E100ED004A
S3150806F328F300FA00F100D100AA00BA00BF00AE0041
S3150806F338AC00BD00BC00A100AB00BB009125922518
S3150806F348932502252425C100C200C000A900632505
S3150806F358512557255D25A200A5001025142534250F
S3150806F3682C251C2500253C25E300C3005A255425CB
S3150806F37869256625602550256C25A400F000D00069
S3150806F388CA00CB00C8003101CD00CE00CF0018252B
S3150806F3980C2588258425A600CC008025D300DF0001
S3150806F3A8D400D200F500D500B500FE00DE00DA0066
S3150806F3B8DB00D900FD00DD00AF00B400AD00B100E2
S3150806F3C81720BE00B600A700F700B800B000A800C8
S3150806F3D8B700B900B300B200A025A00061001A0359
S3150806F3E8E0001703F8000703FF000100780100018B
S3150806F3F8300132010601390110014A012E01790147
S3150806F408060180014D0043028101820182018401B9
S3150806F418840186018701870189018A018B018B0187
S3150806F4288D018E018F019001910191019301940135
S3150806F438F60196019701980198013D029B019C01E0
S3150806F4489D0120029F01A001A001A201A201A40113
S3150806F458A401A601A701A701A901AA01AB01AC0146
S3150806F468AC01AE01AF01AF01B101B201B301B301F7
S3150806F478B501B501B701B801B801BA01BB01BC01A6
S3150806F488BC01BE01F701C001C101C201C301C4011D
S3150806F498C501C401C701C801C701CA01CB01CA010A
S3150806F4A8CD011001DD0101008E01DE011201F3010D
S3150806F4B80300F101F401F401F801280122021201F8
S3150806F4C83A020900652C3B023B023D02662C3F02BE
S3150806F4D840024102410246020A01530240008101DE
S3150806F4E88601550289018A0158028F015A02900136
S3150806F4F85C025D025E025F02930161026202940182
S3150806F5086402650266026702970196016A02622C18
S3150806F5186C026D026E029C01700271029D017302ED
S3150806F52874029F0176027702780279027A027B02CA
S3150806F5387C02642C7E027F02A60181028202A90148
S3150806F5488402850286028702AE014402B101B20127
S3150806F55845028D028E028F0290029102B7017B033D
S3150806F5680300FD03FE03FF03AC03040086038803B2
S3150806F57889038A03B1031103C2030200A303A3037B
S3150806F588C4030803CC0303008C038E038F03D8032E
S3150806F5981801F2030A00F903F303F403F503F6035D
S3150806F5A8F703F703F903FA03FA03300420035004AA
S3150806F5B81007600422018A043601C1040E01CF0425
S3150806F5C80100C004D00444016105260400000000B1
S3150806F5D87D1D0100632C001E9601A01E5A01001FF8
S3150806F5E80806101F0606201F0806301F0806401FAD
S3150806F5F80606511F0700591F521F5B1F541F5D1F1A
S3150806F608561F5F1F601F0806701F0E00BA1FBB1F0E
S3150806F618C81FC91FCA1FCB1FDA1FDB1FF81FF91F0A
S3150806F628EA1FEB1FFA1FFB1F801F0806901F08060E
S3150806F638A01F0806B01F0400B81FB91FB21FBC1FB3
S3150806F648CC1F0100C31FD01F0206E01F0206E51FCE
S3150806F6580100EC1FF21F0100FC1F4E210100322192
S3150806F66870211002842101008321D0241A05302C22
S3150806F6782F04602C0201672C0601752C0201802CC2
S3150806F6886401002D260841FF1A030000041200101B
S3150806F69809170100010020000D17010021002000A6
S3150806F6A810124110141242101812444000000000A5
S3150806F6B80000000094F60608B8F6060800000000DA
S3150806F6C800000000060000000600000004120040BC
S3150806F6D8081204400C12084010120C4000000000DC
S3150806F6E800000000D4F60608E8F60608000000003A
S3150806F6F800000000040000000400000005180100C8
S3150806F708000010000938014014004C000D38014065
S3150806F7181400DC01113801401400020015380140AE
S3150806F7281400B000193801401400A8001D38014015
S3150806F738140044002138014014003C0025380140CD
S3150806F74814009400293801401400A4002D380140F5
S3150806F75814002C0031380140140050083538014089
S3150806F7681400040500000000ECF606081CFB06084B
S3150806F77884FE060818FD060878FD06081CFA060813
S3150806F788C0FF0608C0FC060898FA060844F90608DB
S3150806F79844FF0608CCFB0608FCFB06080000000022
S3150806F7A804F7060870F706080000000000000000BF
S3150806F7B80D0000000D000000041200100811044090
S3150806F7C80000000000000000C0F70608CCF7060887
S3150806F7D80000000000000000020000000200000009
S3150806F7E804140040081204400C11084010140C4072
S3150806F7F80000000000000000E8F70608FCF70608FF
S3150806F80800000000000000000400000004000000D4
S3150806F81804120010081104400C11084010140C4074
S3150806F82815180100100010000000000000F8060868
S3150806F8380000000018F8060834F806080000000054
S3150806F848000000000500000005000000041400403A
S3150806F858081204400C11084010140C400000000059
S3150806F8680000000054F8060868F8060800000000B4
S3150806F878000000000400000004000000041200103E
S3150806F88809180100040008000C140C401118010098
S3150806F8981000100000000000D0F706086CF80608E5
S3150806F8A80000000084F80608A0F80608000000000C
S3150806F8B800000000040000000400000004120040CE
S3150806F8C8081404400000000000000000C4F80608F2
S3150806F8D8D0F8060800000000000000000200000034
S3150806F8E80200000004120010081201100C12021079
S3150806F8F80000000000000000ECF80608FCF80608F8
S3150806F90800000000000000000300000003000000D5
S3150806F91804120040081204100C12084010120C10A3
S3150806F92814120D1018120E101D1801001000940056
S3150806F9380000000098FA06080000000018F90608EC
S3150806F9483CF9060800000000000000000700000051
S3150806F95807000000041400400814044000000000CC
S3150806F968000000005CF9060868F9060800000000A9
S3150806F9780000000002000000020000000412001041
S3150806F98809280300040008000D1801001C000800D1
S3150806F9981118010024000800151801002C00080093
S3150806F9A819180100340008001D1801003C00080053
S3150806F9B8211801004400080024124C2028124E205B
S3150806F9C82C125020000000006CF906086CF9060887
S3150806F9D86CF906086CF906086CF906086CF906083F
S3150806F9E86CF906080000000084F90608D0F9060826
S3150806F9F800000000000000000B0000000B000000D5
S3150806FA08052802000000540000000000F0F9060860
S3150806FA180000000008FA060814FA0608000000009E
S3150806FA280000000001000000010000000411004063
S3150806FA38081404400C11084010140C401410101031
S3150806FA48000000000000000034FA06084CFA06080A
S3150806FA580000000000000000050000000500000080
S3150806FA6804120010081201100C12021011180110BF
S3150806FA78040014001528020018003C0018129040C5
S3150806FA880000000050FA0608C0FC06080000000038
S3150806FA9868FA06088CFA0608000000000000000046
S3150806FAA806000000060000000412001008120110DD
S3150806FAB80000000000000000B0FA0608BCFA0608AE
S3150806FAC80000000000000000020000000200000016
S3150806FAD80538014004000C000938014004000200F4
S3150806FAE80D380140040028001138014004000300B7
S3150806FAF8153801400400480000000000F4FC060812
S3150806FB08C0FA0608F0FF060800F9060884FB060880
S3150806FB1800000000D8FA060804FB060800000000DC
S3150806FB280000000005000000050000000412004059
S3150806FB38081204100C1205101011062014120820B3
S3150806FB4818110A20000000000000000034FB060809
S3150806FB5850FB06080000000000000000060000002A
S3150806FB6806000000041200100917010001004000EB
S3150806FB780C12444000000000000000006CFB060852
S3150806FB8880FB0608000000000000000003000000CD
S3150806FB9803000000051701000000400009120100CD
S3150806FBA8400004000D120100440004001112010069
S3150806FBB848000400151601004C000208000000005B
S3150806FBC8000000009CFB0608C8FB060800000000A3
S3150806FBD8000000000500000005000000052714209F
S3150806FBE80200400009120100020502000000000092
S3150806FBF800000000E4FB0608F8FB060800000000FB
S3150806FC08000000000200000002000000041100407F
S3150806FC18081104400C14084010140C40141110401E
S3150806FC28181114401C11184020141C4024102010C2
S3150806FC38000000000000000014FC06083CFC060844
S3150806FC480000000000000000090000000900000086
S3150806FC5804120020081202200C120420101206208C
S3150806FC681412082018120A201C120C20000000007C
S3150806FC780000000058FC060878FC06080000000084
S3150806FC880000000007000000070000000412001024
S3150806FC98081201100C120440111801000800240065
S3150806FCA8151801202E000E000000000040FC060864
S3150806FCB87CFC06080000000094FC0608B4FC060846
S3150806FCC8000000000000000005000000050000000E
S3150806FCD804120010081201100C1202101011044022
S3150806FCE8141108400000000000000000D8FC0608A9
S3150806FCF8F0FC0608000000000000000005000000E9
S3150806FD08050000000412002000000000000000009C
S3150806FD180CFD060814FD0608000000000000000091
S3150806FD28010000000100000005120100000002009B
S3150806FD3809120100040004000D3801400C004400AD
S3150806FD48113801400C003C00153801400C00940097
S3150806FD58193801400C00A40000000000C0FF060878
S3150806FD68C0FC060898FA060844F9060800000000C2
S3150806FD7830FD060864FD06080000000000000000BD
S3150806FD880600000006000000041200400812084093
S3150806FD980C120440000000000000000090FD06084A
S3150806FDA8A0FD060800000000000000000300000089
S3150806FDB80300000004120010093801200400200078
S3150806FDC80D38012004002000113801200400080017
S3150806FDD81538012004000C00000000003CF8060847
S3150806FDE8ACF80608D4F80608A4FD060800000000BC
S3150806FDF8BCFD0608E4FD0608000000000000000031
S3150806FE0805000000050000000512010000000100B3
S3150806FE1809170100010020000D1201002100010042
S3150806FE28111801002400480015280A006C00240049
S3150806FE3819120100D401020000000000BCF60608E3
S3150806FE48F8FD06080000000010FE060844FE060827
S3150806FE58000000000000000006000000060000007A
S3150806FE680512010000000100091801000400D8015E
S3150806FE780000000050FE06080000000068FE060896
S3150806FE887CFE0608000000000000000002000000CC
S3150806FE980200000006280A0000000000000000000C
S3150806FEA8D80100000000000050FE06080000000001
S3150806FEB89CFE0608B0FE06080000000000000000C2
S3150806FEC801000000010000000412002008120220A2
S3150806FED80C1204201012062000000000000000007C
S3150806FEE8D0FE0608E4FE060800000000000000002A
S3150806FEF8040000000400000004120020081202206C
S3150806FF08000000000000000000FF06080CFF0608AF
S3150806FF1800000000000000000200000002000000C1
S3150806FF2804120040081204400D17010008002000B4
S3150806FF3810122810000000000000000028FF060816
S3150806FF4840FF060800000000000000000400000044
S3150806FF580400000005180100000008000918010039
S3150806FF68080004000C120C40101210101412144043
S3150806FF7800000000E8FE060810FF06080000000054
S3150806FF885CFF06087CFF0608000000000000000063
S3150806FF9805000000050000000518010000002C00F1
S3150806FFA8091801002C0018000000000044FF06087E
S3150806FFB888FF060800000000A0FF0608B4FF060822
S3150806FFC80000000000000000020000000200000011
S3150806FFD804120010081204400D1701000800200034
S3150806FFE80000000000000000D8FF0608ECFF060817
S3150806FFF800000000000000000300000003000000DF
S31508070008317B0508617C0508797C0508D17C0508D4
S31508070018F57C05088D7D0508A17D0508F97D050880
S31508070028557E0508C9820508DF8205080783050876
S3150807003840D906081B830508B1830508C58305083B
S3150807004848D9060801840508698405087D840508CA
S3150807005850D9060891840508D185050843860508F1
S3150807006858D9060891840508D185050843860508D9
S3150807007864D9060891840508D185050843860508BD
S3150807008874D906082DB5050869B60508A1B6050879
S31508070098A1B7050821BB05089DBB0508BDBD050809
S315080700A8DDC20508A9C5050821C605089DC80508A6
S315080700B881CC050869CD050879D5050885D70508C2
S315080700C8DDD7050809EC050881EF0508D9EF0508FE
S315080700D859F1050819F2050871F2050889F205089C
S315080700E821F3050835F305084BF305085FF30508F3
S315080700F8F91206089D130608C5130608E4E2060852
S31508070108D91306080B1406082D140608ECE2060880
S31508070118511406086D150608B5150608F4E2060803
S31508070128691606082D180608391A0608FCE2060885
S315080701385F1A0608971A0608EF1A060808E306084C
S31508070148051B06083D1B0608531B060818E3060879
S31508070158711B0608A91D0608CB1D060824E3060809
S315080701685D2E0608752E0608912E0608A52E06087A
S31508070178BB2E0608CF2E0608E92E0608152F0608E9
S315080701884D2F0608ED2D06080000000000000000A0
S31508070198C53306086D340608993406080CE80608B0
S315080701A8AD340608E13406080D35060814E80608C6
S315080701B82135060855350608813506081CE8060850
S315080701C89535060811360608A536060824E80608E2
S315080701D8B936060879370608FD3806082CE80608E2
S315080701E811390608273906083B39060838E806087C
S315080701F8495A0608195B0608895B0608F0EC0608D3
S315080702089D5B0608E75B0608175C0608F8EC060808
S315080702182B5C0608895C06080D5D060800ED0608C6
S31508070228215D0608455D0608FD5D060810ED060802
S31508070238115E0608295E06080D5F06081CED0608FE
S31508070248215F0608F95F06088D60060828ED06087F
S31508070258D36006080D6106084161060834ED0608E5
S31508070268494E4600696E66004E414E006E616E003D
S3150807027830313233343536373839414243444546BF
S315080702880030313233343536373839616263646555
S31508070298660053756363657373004E6F74206F77CB
S315080702A86E6572004E6F20737563682066696C659C
S315080702B8206F72206469726563746F7279004E6F6E
S315080702C820737563682070726F6365737300496E68
S315080702D87465727275707465642073797374656D5D
S315080702E82063616C6C00492F4F206572726F720024
S315080702F84E6F207375636820646576696365206F32
S3150807030872206164647265737300417267206C6949
S31508070318737420746F6F206C6F6E67004578656312
S3150807032820666F726D6174206572726F7200536FFB
S31508070338636B657420616C726561647920636F6E97
S315080703486E6563746564004261642066696C652036
S315080703586E756D626572004E6F206368696C6472A4
S31508070368656E0044657374696E6174696F6E20619A
S31508070378646472657373207265717569726564005A
S315080703884E6F206D6F72652070726F63657373653C
S3150807039873004E6F7420656E6F7567682073706192
S315080703A86365005065726D697373696F6E20646556
S315080703B86E69656400426164206164647265737373
S315080703C800446576696365206F72207265736F7571
S315080703D872636520627573790046696C6520657866
S315080703E8697374730043726F73732D6465766963EB
S315080703F865206C696E6B004E6F2073756368206499
S315080704086576696365004E6F74206120646972654D
S3150807041863746F727900486F737420697320646F01
S31508070428776E00436F6E6E656374696F6E20616CCD
S31508070438726561647920696E2070726F6772657371
S31508070448730049732061206469726563746F7279EA
S3150807045800496E76616C696420617267756D656EA9
S3150807046874004E6574776F726B20696E7465726669
S31508070478616365206973206E6F7420636F6E66699A
S31508070488677572656400436F6E6E656374696F6E28
S315080704982061626F72746564206279206E65747765
S315080704A86F726B00546F6F206D616E79206F706578
S315080704B86E2066696C657320696E2073797374652F
S315080704C86D0046696C652064657363726970746F35
S315080704D8722076616C756520746F6F206C61726718
S315080704E865004E6F7420612063686172616374657D
S315080704F87220646576696365005465787420666949
S315080705086C6520627573790046696C6520746F6F28
S31508070518206C6172676500486F7374206973207564
S315080705286E726561636861626C65004E6F207370E9
S31508070538616365206C656674206F6E2064657669E5
S315080705486365004E6F7420737570706F727465648F
S3150807055800496C6C6567616C207365656B00526545
S3150807056861642D6F6E6C792066696C65207379737B
S3150807057874656D00546F6F206D616E79206C696EAE
S315080705886B730042726F6B656E2070697065004DF4
S31508070598617468656D617469637320617267756DDF
S315080705A8656E74206F7574206F6620646F6D616950
S315080705B86E206F662066756E6374696F6E0052657E
S315080705C873756C7420746F6F206C61726765004E5B
S315080705D86F206D657373616765206F662064657339
S315080705E8697265642074797065004964656E74690B
S315080705F8666965722072656D6F76656400496C6C05
S315080706086567616C20627974652073657175656EAF
S31508070618636500446561646C6F636B004E65747740
S315080706286F726B20697320756E726561636861629C
S315080706386C65004E6F206C6F636B004E6F74206194
S315080706482073747265616D0053747265616D2069EC
S315080706586F63746C2074696D656F7574004E6F20C7
S3150807066873747265616D207265736F7572636573E6
S31508070678005669727475616C206369726375697463
S3150807068820697320676F6E650050726F746F636FA2
S315080706986C206572726F7200556E6B6E6F776E2077
S315080706A870726F746F636F6C004D756C7469686FD9
S315080706B87020617474656D7074656400426164209E
S315080706C86D6573736167650046756E6374696F6EE2
S315080706D8206E6F7420696D706C656D656E746564D8
S315080706E8004469726563746F7279206E6F74206542
S315080706F86D7074790046696C65206F72207061742D
S3150807070868206E616D6520746F6F206C6F6E670061
S31508070718546F6F206D616E792073796D626F6C6996
S3150807072863206C696E6B73004E6F20627566666523
S315080707387220737061636520617661696C61626CA2
S3150807074865004E6F2064617461004164647265735D
S31508070758732066616D696C79206E6F74207375707E
S31508070768706F727465642062792070726F746F632C
S315080707786F6C2066616D696C790050726F746F6368
S315080707886F6C2077726F6E67207479706520666F4D
S315080707987220736F636B657400536F636B65742098
S315080707A86F7065726174696F6E206F6E206E6F6EF3
S315080707B82D736F636B65740050726F746F636F6C14
S315080707C8206E6F7420617661696C61626C65004397
S315080707D86F6E6E656374696F6E2072656675736585
S315080707E86400436F6E6E656374696F6E207265730E
S315080707F8657420627920706565720041646472655C
S31508070808737320616C726561647920696E207573E4
S31508070818650041646472657373206E6F7420617628
S3150807082861696C61626C6500536F66747761726596
S315080708382063617573656420636F6E6E6563746993
S315080708486F6E2061626F727400536F636B657420ED
S315080708586973206E6F7420636F6E6E65637465645B
S3150807086800536F636B657420697320616C726561E1
S31508070878647920636F6E6E6563746564004F706587
S31508070888726174696F6E2063616E63656C6564006F
S315080708985374617465206E6F74207265636F766525
S315080708A87261626C650050726576696F7573206F39
S315080708B8776E65722064696564004F70657261743E
S315080708C8696F6E206E6F7420737570706F727465B2
S315080708D864206F6E20736F636B65740056616C7559
S315080708E86520746F6F206C6172676520666F722062
S315080708F8646566696E6564206461746120747970D5
S3150807090865004D65737361676520746F6F206C6F33
S315080709186E6700436F6E6E656374696F6E207469D8
S315080709286D6564206F7574005245454E54206D6190
S315080709386C6C6F6320737563636565646564002FFC
S315080709486275696C642F676E752D746F6F6C732D76
S31508070958666F722D73746D33325F31312E332E728B
S31508070968656C312E32303233303531392D313934D9
S31508070978312F7372632F6E65776C69622F6E657789
S315080709886C69622F6C6962632F74696D652F6C636E
S315080709986C74696D652E63001F0000001C00000053
S315080709A81F0000001E0000001F0000001E000000B0
S315080709B81F0000001F0000001E0000001F0000009F
S315080709C81E0000001F000000000000001F000000AE
S315080709D83B0000005A000000780000009700000056
S315080709E8B5000000D4000000F3000000110100005C
S315080709F8300100004E0100001F0000001C0000001F
S31508070A081F0000001E0000001F0000001E0000004F
S31508070A181F0000001F0000001E0000001F0000003E
S31508070A281E0000001F0000001F0000001D00000030
S31508070A381F0000001E0000001F0000001E0000001F
S31508070A481F0000001F0000001E0000001F0000000E
S31508070A581E0000001F000000545A00474D54002581
S31508070A6831315B2D2B302D39412D5A612D7A5D256C
S31508070A786E002531315B412D5A612D7A5D256E0049
S31508070A884D256875256E2E256875256E2E25687574
S31508070A98256E002F256875256E3A256875256E3AD9
S31508070AA8256875256E002C2066756E6374696F6EE2
S31508070AB83A2000617373657274696F6E202225730D
S31508070AC822206661696C65643A2066696C65202226
S31508070AD82573222C206C696E652025642573257372
S31508070AE80A00496E66696E697479004E614E002F69
S31508070AF86275696C642F676E752D746F6F6C732DC5
S31508070B08666F722D73746D33325F31312E332E72D9
S31508070B18656C312E32303233303531392D31393427
S31508070B28312F7372632F6E65776C69622F6E6577D7
S31508070B386C69622F6C6962632F7374646C69622FB8
S31508070B4864746F612E630042616C6C6F63207375FA
S31508070B5863636565646564002F6275696C642F67E6
S31508070B686E752D746F6F6C732D666F722D73746D32
S31508070B7833325F31312E332E72656C312E3230326D
S31508070B8833303531392D313934312F7372632F6E36
S31508070B9865776C69622F6E65776C69622F6C69620F
S31508070BA8632F7374646C69622F6D707265632E633D
S31508070BB800000000000000000080E03779C34143C1
S31508070BC8176E05B5B5B89346F5F93FE9034F384D96
S31508070BD8321D30F94877825A3CBF737FDD4F157542
S31508070BE8000000000000F03F000000000000244055
S31508070BF800000000000059400000000000408F4030
S31508070C08000000000088C34000000000006AF8409A
S31508070C180000000080842E4100000000D0126341BE
S31508070C280000000084D797410000000065CDCD4134
S31508070C38000000205FA00242000000E87648374215
S31508070C48000000A2941A6D42000040E59C30A242B3
S31508070C580000901EC4BCD64200003426F56B0C4328
S31508070C680080E03779C3414300A0D88557347643CF
S31508070C7800C84E676DC1AB43003D9160E458E14330
S31508070C88408CB5781DAF154450EFE2D6E41A4B44A5
S31508070C9892D54D06CFF08044F64AE1C7022DB544EA
S31508070CA8B49DD9794378EA4405000000190000007D
S31508070CB87D0000000020202020202020202028282A
S31508070CC828282820202020202020202020202020EF
S31508070CD8202020202088101010101010101010102F
S31508070CE8101010101004040404040404040404105F
S31508070CF810101010101041414141414101010101ED
S31508070D0801010101010101010101010101010101B6
S31508070D1810101010101042424242424202020202C2
S31508070D280202020202020202020202020202020286
S31508070D381010101020000000000000000000000036
S31508070D480000000000000000000000000000000086
S31508070D580000000000000000000000000000000076
S31508070D680000000000000000000000000000000066
S31508070D780000000000000000000000000000000056
S31508070D880000000000000000000000000000000046
S31508070D980000000000000000000000000000000036
S31508070DA80000000000000000000000000000000026
S31508070DB80000000000232D302B2000686C4C0065C6
S31508070DC86667454647004300504F534958002E0063
S31508070DD8412D46612D663839303132333435363741
S31108070DE85D002B2D003030007858000005
S30D08070DF494FFFC7F01000000D3
S30908070DFC05020408CB
S30908070E00E1010408EB
S31508070E04204500200024F40010000000010000001B
S31508070E140100000099D00408C5D00408F1D00408D5
S31508070E2417D104083DD10408010000006E616D65F9
S31508070E340000000000000000000000000000000099
S31508070E4400000000000000000000000076657273C9
S31508070E54696F6E0000000000000000000000000033
S31508070E640000000000000000000000000300050061
S31508070E7400000000000000000000FFFF000000005B
S31508070E840000000000000000000000000000000049
S31508070E940000000000000000000000000000000039
S31508070EA44001F000000000004001F00000000000C7
S31508070EB44001F000000000004001F00000000000B7
S31508070EC40000000000000000000000000000000009
S31508070ED400000000000000000000000000000000F9
S31508070EE400000000000000000000000000000000E9
S31508070EF400000000000000000000000000000000D9
S31508070F0400000000000000000000000000000000C8
S31508070F1400000000000000000000000000000000B8
S31508070F2400000000000000000000000000000000A8
S31508070F340000000000000000000000000000000098
S31508070F440000000000000000000000000000000088
S31508070F540000000000000000000000000000000078
S31508070F640000000000000000000000000000000068
S31508070F740000000000000000000000000000000058
S31508070F840000000000000000000000000000000048
S31508070F940000000000000000000000000000000038
S31508070FA40000000000000000000000000000000028
S31508070FB40000000000000000000000000000000018
S31508070FC40000000000000000000000000000000008
S31508070FD400000000000000000000000000000000F8
S31508070FE400000000000000000000000000000000E8
S31508070FF400000000000000000000000000000000D8
S3150807100400000000000000000000000000000000C7
S3150807101400000000000000000000000000000000B7
S3150807102400000000000000000000000000000000A7
S315080710340000000000000000000000000000000097
S315080710440000000000000000000000000000000087
S315080710540000000000000000000000000000000077
S315080710640000000000000000000000000000000067
S315080710740000000000000000000000000000000057
S315080710840000000000000000000000000000000047
S315080710940000000000000000000000000000000037
S315080710A40000000000000000000000000000000027
S315080710B40000000000000000000000000000000017
S315080710C40000000000000000000000000000000007
S315080710D400000000000000000000000000000000F7
S315080710E400000000000000000000000000000000E7
S315080710F400000000000000000000000000000000D7
S3150807110400000000000000000000000000000000C6
S3150807111400000000000000000000000000000000B6
S3150807112400000000000000000000000000000000A6
S315080711340000000000000000000000000000000096
S315080711440000000000000000000000000000000086
S315080711540000000000000000000000000000000076
S315080711640000000000000000000000000000000066
S315080711740000000000000000000000000000000056
S315080711840000000000000000000000000000000046
S315080711940000000000000000000000000000000036
S315080711A40000000000000000000000000000000026
S315080711B40000000000000000000000000000000016
S315080711C40000000000000000000000000000000006
S315080711D400000000000000000000000000000000F6
S315080711E400000000000000000000000000000000E6
S315080711F400000000000000000000000000000000D6
S3150807120400000000000000000000000000000000C5
S3150807121400000000000000000000000000000000B5
S3150807122400000000000000000000000000000000A5
S315080712340000000000000000000000000000000095
S315080712440000000000000000000000000000000085
S315080712540000000000000000000000000000000075
S315080712640000000000000000000000000000000065
S315080712740000000000000000000000000000000055
S315080712840000000000000000000000000000000045
S315080712940000000000000000000000000000000035
S315080712A40000000000000000000000000000000025
S315080712B40000000000000000000000000000000015
S315080712C40000000000000000000000000000000005
S315080712D400000000000000000000000000000000F5
S315080712E400000000000000000000000000000000E5
S315080712F400000000000000000000000000000000D5
S3150807130400000000000000000000000000000000C4
S3150807131400000000000000000000000000000000B4
S3150807132400000000000000000000000000000000A4
S315080713340000000000000000000000000000000094
S315080713440000000000000000000000000000000084
S315080713540000000000000000000000000000000074
S315080713640000000000000000000000000000000064
S315080713740000000000000000000000000000000054
S315080713840000000000000000000000000000000044
S315080713940000000000000000000000000000000034
S315080713A40000000000000000000000000000000024
S315080713B40000000000000000000000000000000014
S315080713C40000000000000000000000000000000004
S315080713D400000000000000000000000000000000F4
S315080713E400000000000000000000000000000000E4
S315080713F400000000000000000000000000000000D4
S3150807140400000000000000000000000000000000C3
S3150807141400000000000000000000000000000000B3
S3150807142400000000000000000000000000000000A3
S315080714340000000000000000000000000000000093
S315080714440000000000000000000000000000000083
S315080714540000000000000000000000000000000073
S315080714640000000000000000000000000000000063
S315080714740000000000000000000000000000000053
S315080714840000000000000000000000000000000043
S315080714940000000000000000000000000000000033
S315080714A40000000000000000000000000000000023
S315080714B40000000000000000000000000000000013
S315080714C40000000000000000000000000000000003
S315080714D400000000000000000000000000000000F3
S315080714E400000000000000000000000000000000E3
S315080714F400000000000000000000000000000000D3
S3150807150400000000000000000000000000000000C2
S3150807151400000000000000000000000000000000B2
S3150807152400000000000000000000000000000000A2
S315080715340000000000000000000000000000000092
S315080715440000000000000000000000000000000082
S315080715540000000000000000000000000000000072
S315080715640000000000000000000000000000000062
S315080715740000000000000000000000000000000052
S315080715840000000000000000000000000000000042
S315080715940000000000000000000000000000000032
S315080715A40000000000000000000000000000000022
S315080715B40000000000000000000000000000000012
S315080715C40000000000000000000000000000000002
S315080715D400000000000000000000000000000000F2
S315080715E400000000000000000000000000000000E2
S315080715F400000000000000000000000000000000D2
S3150807160400000000000000000000000000000000C1
S3150807161400000000000000000000000000000000B1
S3150807162400000000000000000000000000000000A1
S315080716340000000000000000000000000000000091
S315080716440000000000000000000000000000000081
S315080716540000000000000000000000000000000071
S315080716640000000000000000000000000000000061
S315080716740000000000000000000000000000000051
S315080716840000000000000000000000000000000041
S315080716940000000000000000000000000000000031
S315080716A40000000000000000000000000000000021
S315080716B40000000000000000000000000000000011
S315080716C40000000000000000000000000000000001
S315080716D400000000000000000000000000000000F1
S315080716E400000000000000000000000000000000E1
S315080716F400000000000000000000000000000000D1
S3150807170400000000000000000000000000000000C0
S3150807171400000000000000000000000000000000B0
S3150807172400000000000000000000000000000000A0
S315080717340000000000000000000000000000000090
S315080717440000000000000000000000000000000080
S315080717540000000000000000000000000000000070
S315080717640000000000000000000000000000000060
S315080717740000000000000000000000000000000050
S315080717840000000000000000000000000000000040
S315080717940000000000000000000000000000000030
S315080717A40000000000000000000000000000000020
S315080717B40000000000000000000000000000000010
S315080717C40000000000000000000000000000000000
S315080717D400000000000000000000000000000000F0
S315080717E400000000000000000000000000000000E0
S315080717F400000000000000000000000000000000D0
S3150807180400000000000000000000000000000000BF
S3150807181400000000000000000000000000000000AF
S31508071824000000000000000000000000000000009F
S31508071834000000000000000000000000000000008F
S31508071844000000000000000000000000000000007F
S31508071854000000000000000000000000000000006F
S31508071864000000000000000000000000000000005F
S31508071874000000000000000000000000000000004F
S31508071884000000000000000000000000000000003F
S31508071894000000000000000000000000000000002F
S315080718A4000000000000000000000000000000001F
S315080718B4000000000000000000000000000000000F
S315080718C400000000000000000000000000000000FF
S315080718D400000000000000000000000000000000EF
S315080718E400000000000000000000000000000000DF
S315080718F400000000000000000000000000000000CF
S3150807190400000000000000000000000000000000BE
S3150807191400000000000000000000000000000000AE
S31508071924000000000000000000000000000000009E
S31508071934000000000000000000000000000000008E
S31508071944000000000000000000000000000000007E
S31508071954000000000000000000000000000000006E
S31508071964000000000000000000000000000000005E
S31508071974000000000000000000000000000000004E
S31508071984000000000000000000000000000000003E
S31508071994000000000000000000000000000000002E
S315080719A4000000000000000000000000000000001E
S315080719B4000000000000000000000000000000000E
S315080719C400000000000000000000000000000000FE
S315080719D400000000000000000000000000000000EE
S315080719E400000000000000000000000000000000DE
S315080719F400000000000000000000000000000000CE
S31508071A0400000000000000000000000000000000BD
S31508071A1400000000000000000000000000000000AD
S31508071A24000000000000000000000000000000009D
S31508071A34000000000000000000000000000000008D
S31508071A44000000000000000000000000000000007D
S31508071A54000000000000000000000000000000006D
S31508071A64000000000000000000000000000000005D
S31508071A74000000000000000000000000000000004D
S31508071A84000000000000000000000000000000003D
S31508071A94000000000000000000000000000000002D
S31508071AA4000000000000000000000000000000001D
S31508071AB4000000000000000000000000000000000D
S31508071AC400000000000000000000000000000000FD
S31508071AD400000000000000000000000000000000ED
S31508071AE400000000000000000000000000000000DD
S31508071AF400000000000000000000000000000000CD
S31508071B0400000000000000000000000000000000BC
S31508071B1400000000000000000000000000000000AC
S31508071B24000000000000000000000000000000009C
S31508071B34000000000000000000000000000000008C
S31508071B44000000000000000000000000000000007C
S31508071B54000000000000000000000000000000006C
S31508071B64000000000000000000000000000000005C
S31508071B74000000000000000000000000000000004C
S31508071B84000000000000000000000000000000003C
S31508071B94000000000000000000000000000000002C
S31508071BA4000000000000000000000000000000001C
S31508071BB4000000000000000000000000000000000C
S31508071BC400000000000000000000000000000000FC
S31508071BD400000000000000000000000000000000EC
S31508071BE400000000000000000000000000000000DC
S31508071BF400000000000000000000000000000000CC
S31508071C0400000000000000000000000000000000BB
S31508071C1400000000000000000000000000000000AB
S31508071C24000000000000000000000000000000009B
S31508071C34000000000000000000000000000000008B
S31508071C44000000000000000000000000000000007B
S31508071C54000000000000000000000000000000006B
S31508071C64000000000000000000000000000000005B
S31508071C74000000000000000000000000000000004B
S31508071C84000000000000000000000000000000003B
S31508071C94000000000000000000000000000000002B
S31508071CA4000000000000000000000000000000001B
S31508071CB4000000000000000000000000000000000B
S31508071CC400000000000000000000000000000000FB
S31508071CD400000000000000000000000000000000EB
S31508071CE400000000000000000000000000000000DB
S31508071CF400000000000000000000000000000000CB
S31508071D0400000000000000000000000000000000BA
S31508071D1400000000000000000000000000000000AA
S31508071D24000000000000000000000000000000009A
S31508071D34000000000000000000000000000000008A
S31508071D44000000000000000000000000000000007A
S31508071D54000000000000000000000000000000006A
S31508071D64000000000000000000000000000000005A
S31508071D74000000000000000000000000000000004A
S31508071D84000000000000000000000000000000003A
S31508071D94000000000000000000000000000000002A
S31508071DA4000000000000000000000000000000001A
S31508071DB4000000000000000000000000000000000A
S31508071DC400000000000000000000000000000000FA
S31508071DD400000000000000000000000000000000EA
S31508071DE400000000000000000000000000000000DA
S31508071DF400000000000000000000000000000000CA
S31508071E0400000000000000000000000000000000B9
S31508071E1400000000000000000000000000000000A9
S31508071E240000000000000000000000000000000099
S31508071E340000000000000000000000000000000089
S31508071E440000000000000000000000000000000079
S31508071E540000000000000000000000000000000069
S31508071E640000000000000000000000000000000059
S31508071E740000000000000000000000000000000049
S31508071E840000000000000000000000000000000039
S31508071E940000000000000000000000000000000029
S31508071EA40000000000000000000000000000000019
S31508071EB40000000000000000000000000000000009
S31508071EC400000000000000000000000000000000F9
S31508071ED400000000000000000000000000000000E9
S31508071EE400000000000000000000000000000000D9
S31508071EF400000000000000000000000000000000C9
S31508071F0400000000000000000000000000000000B8
S31508071F1400000000000000000000000000000000A8
S31508071F240000000000000000000000000000000098
S31508071F340000000000000000000000000000000088
S31508071F440000000000000000000000000000000078
S31508071F540000000000000000000000000000000068
S31508071F640000000000000000000000000000000058
S31508071F740000000000000000000000000000000048
S31508071F840000000000000000000000000000000038
S31508071F940000000000000000000000000000000028
S31508071FA40000000000000000000000000000000018
S31508071FB40000000000000000000000000000000008
S31508071FC400000000000000000000000000000000F8
S31508071FD400000000000000000000000000000000E8
S31508071FE400000000000000000000000000000000D8
S31508071FF400000000000000000000000000000000C8
S3150807200400000000000000000000000000000000B7
S3150807201400000000000000000000000000000000A7
S315080720240000000000000000000000000000000097
S315080720340000000000000000000000000000000087
S315080720440000000000000000000000000000000077
S315080720540000000000000000000000000000000067
S315080720640000000000000000000000000000000057
S315080720740000000000000000000000000000000047
S315080720840000000000000000000000000000000037
S315080720940000000000000000000000000000000027
S315080720A40000000000000000000000000000000017
S315080720B40000000000000000000000000000000007
S315080720C400000000000000000000000000000000F7
S315080720D400000000000000000000000000000000E7
S315080720E400000000000000000000000000000000D7
S315080720F400000000000000000000000000000000C7
S3150807210400000000000000000000000000000000B6
S3150807211400000000000000000000000000000000A6
S315080721240000000000000000000000000000000096
S315080721340000000000000000000000000000000086
S315080721440000000000000000000000000000000076
S315080721540000000000000000000000000000000066
S315080721640000000000000000000000000000000056
S315080721740000000000000000000000000000000046
S315080721840000000000000000000000000000000036
S315080721940000000000000000000000000000000026
S315080721A40000000000000000000000000000000016
S315080721B40000000000000000000000000000000006
S315080721C400000000000000000000000000000000F6
S315080721D400000000000000000000000000000000E6
S315080721E400000000000000000000000000000000D6
S315080721F400000000000000000000000000000000C6
S3150807220400000000000000000000000000000000B5
S3150807221400000000000000000000000000000000A5
S315080722240000000000000000000000000000000095
S315080722340000000000000000000000000000000085
S315080722440000000000000000000000000000000075
S315080722540000000000000000000000000000000065
S315080722640000000000000000000000000000000055
S315080722740000000000000000000000000000000045
S315080722840000000000000000000000000000000035
S315080722940000000000000000000000000000000025
S315080722A40000000000000000000000000000000015
S315080722B40000000000000000000000000000000005
S315080722C400000000000000000000000000000000F5
S315080722D400000000000000000000000000000000E5
S315080722E400000000000000000000000000000000D5
S315080722F400000000000000000000000000000000C5
S3150807230400000000000000000000000000000000B4
S3150807231400000000000000000000000000000000A4
S315080723240000000000000000000000000000000094
S315080723340000000000000000000000000000000084
S315080723440000000000000000000000000000000074
S315080723540000000000000000000000000000000064
S315080723640000000000000000000000000000000054
S315080723740000000000000000000000000000000044
S315080723840000000000000000000000000000000034
S315080723940000000000000000000000000000000024
S315080723A40000000000000000000000000000000014
S315080723B40000000000000000000000000000000004
S315080723C400000000000000000000000000000000F4
S315080723D400000000000000000000000000000000E4
S315080723E400000000000000000000000000000000D4
S315080723F400000000000000000000000000000000C4
S3150807240400000000000000000000000000000000B3
S3150807241400000000000000000000000000000000A3
S315080724240000000000000000000000000000000093
S315080724340000000000000000000000000000000083
S315080724440000000000000000000000000000000073
S315080724540000000000000000000000000000000063
S315080724640000000000000000000000000000000053
S315080724740000000000000000000000000000000043
S315080724840000000000000000000000000000000033
S315080724940000000000000000000000000000000023
S315080724A40000000000000000000000000000000013
S315080724B40000000000000000000000000000000003
S315080724C400000000000000000000000000000000F3
S315080724D400000000000000000000000000000000E3
S315080724E400000000000000000000000000000000D3
S315080724F400000000000000000000000000000000C3
S3150807250400000000000000000000000000000000B2
S3150807251400000000000000000000000000000000A2
S315080725240000000000000000000000000000000092
S315080725340000000000000000000000000000000082
S315080725440000000000000000000000000000000072
S315080725540000000000000000000000000000000062
S315080725640000000000000000000000000000000052
S315080725740000000000000000000000000000000042
S315080725840000000000000000000000000000000032
S315080725940000000000000000000000000000000022
S315080725A40000000000000000000000000000000012
S315080725B40000000000000000000000000000000002
S315080725C400000000000000000000000000000000F2
S315080725D400000000000000000000000000000000E2
S315080725E400000000000000000000000000000000D2
S315080725F400000000000000000000000000000000C2
S3150807260400000000000000000000000000000000B1
S3150807261400000000000000000000000000000000A1
S315080726240000000000000000000000000000000091
S315080726340000000000000000000000000000000081
S315080726440000000000000000000000000000000071
S315080726540000000000000000000000000000000061
S315080726640000000000000000000000000000000051
S315080726740000000000000000000000000000000041
S315080726840000000000000000000000000000000031
S315080726940000000000000000000000000000000021
S315080726A40000000000000000000000000000000011
S315080726B40000000000000000000000000000000001
S315080726C400000000000000000000000000000000F1
S315080726D400000000000000000000000000000000E1
S315080726E400000000000000000000000000000000D1
S315080726F400000000000000000000000000000000C1
S3150807270400000000000000000000000000000000B0
S3150807271400000000000000000000000000000000A0
S315080727240000000000000000000000000000000090
S315080727340000000000000000000000000000000080
S315080727440000000000000000000000000000000070
S315080727540000000000000000000000000000000060
S315080727640000000000000000000000000000000050
S315080727740000000000000000000000000000000040
S315080727840000000000000000000000000000000030
S315080727940000000000000000000000000000000020
S315080727A40000000000000000000000000000000010
S315080727B40000000000000000000000000000000000
S315080727C400000000000000000000000000000000F0
S315080727D400000000000000000000000000000000E0
S315080727E400000000000000000000000000000000D0
S315080727F400000000000000000000000000000000C0
S3150807280400000000000000000000000000000000AF
S31508072814000000000000000000000000000000009F
S31508072824000000000000000000000000000000008F
S31508072834000000000000000000000000000000007F
S31508072844000000000000000000000000000000006F
S31508072854000000000000000000000000000000005F
S31508072864000000000000000000000000000000004F
S31508072874000000000000000000000000000000003F
S31508072884000000000000000000000000000000002F
S31508072894000000000000000000000000000000001F
S315080728A4000000000000000000000000000000000F
S315080728B400000000000000000000000000000000FF
S315080728C400000000000000000000000000000000EF
S315080728D400000000000000000000000000000000DF
S315080728E400000000000000000000000000000000CF
S315080728F400000000000000000000000000000000BF
S3150807290400000000000000000000000000000000AE
S31508072914000000000000000000000000000000009E
S31508072924000000000000000000000000000000008E
S31508072934000000000000000000000000000000007E
S31508072944000000000000000000000000000000006E
S31508072954000000000000000000000000000000005E
S31508072964000000000000000000000000000000004E
S31508072974000000000000000000000000000000003E
S31508072984000000000000000000000000000000002E
S31508072994000000000000000000000000000000001E
S315080729A4000000000000000000000000000000000E
S315080729B400000000000000000000000000000000FE
S315080729C400000000000000000000000000000000EE
S315080729D400000000000000000000000000000000DE
S315080729E400000000000000000000000000000000CE
S315080729F400000000000000000000000000000000BE
S31508072A0400000000000000000000000000000000AD
S31508072A14000000000000000000000000000000009D
S31508072A24000000000000000000000000000000008D
S31508072A34000000000000000000000000000000007D
S31508072A44000000000000000000000000000000006D
S31508072A54000000000000000000000000000000005D
S31508072A64000000000000000000000000000000004D
S31508072A74000000000000000000000000000000003D
S31508072A84000000000000000000000000000000002D
S31508072A94000000000000000000000000000000001D
S31508072AA4000000000000000000000000000000000D
S31508072AB400000000000000000000000000000000FD
S31508072AC400000000000000000000000000000000ED
S31508072AD400000000000000000000000000000000DD
S31508072AE400000000000000000000000000000000CD
S31508072AF400000000000000000000000000000000BD
S31508072B0400000000000000000000000000000000AC
S31508072B14000000000000000000000000000000009C
S31508072B24000000000000000000000000000000008C
S31508072B34000000000000000000000000000000007C
S31508072B44000000000000000000000000000000006C
S31508072B54000000000000000000000000000000005C
S31508072B64000000000000000000000000000000004C
S31508072B74000000000000000000000000000000003C
S31508072B84000000000000000000000000000000002C
S31508072B94000000000000000000000000000000001C
S31508072BA4000000000000000000000000000000000C
S31508072BB400000000000000000000000000000000FC
S31508072BC400000000000000000000000000000000EC
S31508072BD400000000000000000000000000000000DC
S31508072BE400000000000000000000000000000000CC
S31508072BF400000000000000000000000000000000BC
S31508072C0400000000000000000000000000000000AB
S31508072C14000000000000000000000000000000009B
S31508072C24000000000000000000000000000000008B
S31508072C34000000000000000000000000000000007B
S31508072C44000000000000000000000000000000006B
S31508072C54000000000000000000000000000000005B
S31508072C64000000000000000000000000000000004B
S31508072C74000000000000000000000000000000003B
S31508072C84000000000000000000000000000000002B
S31508072C94000000000000000000000000000000001B
S31508072CA4000000000000000000000000000000000B
S31508072CB400000000000000000000000000000000FB
S31508072CC400000000000000000000000000000000EB
S31508072CD400000000000000000000000000000000DB
S31508072CE400000000000000000000000000000000CB
S31508072CF400000000000000000000000000000000BB
S31508072D0400000000000000000000000000000000AA
S31508072D14000000000000000000000000000000009A
S31508072D24000000000000000000000000000000008A
S31508072D34000000000000000000000000000000007A
S31508072D44000000000000000000000000000000006A
S31508072D54000000000000000000000000000000005A
S31508072D64000000000000000000000000000000004A
S31508072D74000000000000000000000000000000003A
S31508072D84000000000000000000000000000000002A
S31508072D94000000000000000000000000000000001A
S31508072DA4000000000000000000000000000000000A
S31508072DB400000000000000000000000000000000FA
S31508072DC400000000000000000000000000000000EA
S31508072DD400000000000000000000000000000000DA
S31508072DE400000000000000000000000000000000CA
S31508072DF400000000000000000000000000000000BA
S31508072E0400000000000000000000000000000000A9
S31508072E140000000000000000000000000000000099
S31508072E240000000000000000000000000000000089
S31508072E34000000000000000000003E5B4F5B3E00F8
S31508072E443E6B4F6B3E001C3E7C3E1C00183C7E3C8A
S31508072E5418001C577D571C001C5E7F5E1C00001853
S31508072E643C180000FFE7C3E7FF0000182418000012
S31508072E74FFE7DBE7FF0030483A060E0026297929DB
S31508072E842600407F05050700407F05253F005A3C75
S31508072E94E73C5A007F3E1C1C0800081C1C3E7F00A2
S31508072EA414227F2214005F5F005F5F0006097F0113
S31508072EB47F00006689956A0060606060600094A276
S31508072EC4FFA2940008047E04080010207E20100040
S31508072ED408082A1C0800081C2A0808001E101010CF
S31508072EE410000C1E0C1E0C0030383E383000060E37
S31508072EF43E0E060000000000000000005F00000008
S31508072F04000700070000147F147F1400242A7F2A69
S31508072F141200231308646200364956205000000835
S31508072F2407030000001C224100000041221C000080
S31508072F342A1C7F1C2A0008083E08080000807030EF
S31508072F440000080808080800000060600000201050
S31508072F54080402003E5149453E0000427F400000EE
S31508072F647249494946002141494D33001814127FCD
S31508072F7410002745454539003C4A4949310041214E
S31508072F8411090700364949493600464949291E00A1
S31508072F940000140000000040340000000008142252
S31508072FA441001414141414000041221408000201E1
S31508072FB4590906003E415D594E007C1211127C00E0
S31508072FC47F49494936003E41414122007F414141F3
S31508072FD43E007F49494941007F09090901003E41E5
S31508072FE4415173007F0808087F0000417F410000AC
S31508072FF42040413F01007F08142241007F4040409A
S3150807300440007F021C027F007F0408107F003E41B0
S3150807301441413E007F09090906003E4151215E00E8
S315080730247F091929460026494949320003017F01C0
S3150807303403003F4040403F001F2040201F003F40F9
S3150807304438403F0063140814630003047804030034
S315080730546159494D4300007F414141000204081064
S315080730642000004141417F00040201020400404058
S3150807307440404000000307080000205454784000E5
S315080730847F284444380038444444280038444428AC
S315080730947F0038545454180000087E09020018A4FF
S315080730A4A49C78007F080404780000447D40000047
S315080730B42040403D00007F102844000000417F401F
S315080730C400007C04780478007C08040478003844F3
S315080730D444443800FC182424180018242418FC002F
S315080730E47C080404080048545454240004043F4440
S315080730F424003C4040207C001C2040201C003C4007
S3150807310430403C004428102844004C9090907C009A
S315080731144464544C44000008364100000000770014
S3150807312400000041360800000201020402003C269A
S3150807313423263C001EA1A16112003A4040207A00CA
S315080731443854545559002155557941002254547811
S3150807315442002155547840002054557940000C1EE6
S315080731645272120039555555590039545454590051
S315080731743955545458000000457C41000002457DE2
S3150807318442000001457C40007D1211127D00F0289B
S315080731942528F0007C54554500002054547C5400D7
S315080731A47C0A097F49003249494932003A4444446A
S315080731B43A00324A484830003A4141217A003A42AD
S315080731C440207800009DA0A07D003D4242423D0074
S315080731D43D4040403D003C24FF242400487E4943A3
S315080731E466002B2FFC2F2B00FF0929F62000C08821
S315080731F47E0903002054547941000000447D4100A8
S315080732043048484A3200384040227A00007A0A0A87
S3150807321472007D0D19317D002629292F28002629B4
S315080732242929260030484D40200038080808080090
S315080732340808080838002F10C8ACBA002F10283415
S31508073244FA0000007B00000008142A14220022143E
S315080732542A140800550055005500AA55AA55AA0068
S31508073264FF55FF55FF00000000FF0000101010FF70
S315080732740000141414FF00001010FF00FF001010BC
S31508073284F010F000141414FC00001414F700FF00DF
S315080732940000FF00FF001414F404FC0014141710AC
S315080732A41F0010101F101F001414141F00001010FD
S315080732B410F000000000001F10001010101F100067
S315080732C4101010F01000000000FF10001010101066
S315080732D41000101010FF1000000000FF1400000073
S315080732E4FF00FF0000001F1017000000FC04F4008D
S315080732F41414171017001414F404F4000000FF003C
S31508073304F7001414141414001414F700F70014140B
S315080733141417140010101F101F00141414F41400A3
S315080733241010F010F00000001F101F000000001F07
S315080733341400000000FC14000000F010F000101040
S31508073344FF10FF00141414FF14001010101F0000B8
S31508073354000000F01000FFFFFFFFFF00F0F0F0F099
S31508073364F000FFFFFF000000000000FFFF000F0F3B
S315080733740F0F0F00384444384400FC4A4A4A3400BD
S315080733847E0202060600027E027E02006355494152
S3150807339463003844443C0400407E201E200006028D
S315080733A47E02020099A5E7A599001C2A492A1C004A
S315080733B44C7201724C00304A4D4D300030487848FB
S315080733C43000BC625A463D003E49494900007E0121
S315080733D401017E002A2A2A2A2A0044445F44440013
S315080733E440514A44400040444A5140000000FF0106
S315080733F40300E080FF00000008086B6B080036121C
S3150807340436243600060F090F0600000018180000B0
S315080734140000101000003040FF010100001F0101E1
S315080734241E0000191D171200003C3C3C3C00000016
S3150807343400000000F000400130DA060838DA06080A
S3150807344440DA060844DA060850DA06085CDA060893
S3150807345468DA060870DA060878DA0608C400000087
S315080734647D00000026010000FA000000880100001C
S31508073474F4010000700300007D0000001704000033
S315080734847D00000097040000FA00000017040000F6
S315080734947D00000097040000F40100002D080000D1
S315080734A4F40100006F0F0000F40100002D08000066
S315080734B4F40100006F0F0000F40100002D08000056
S315080734C4F40100006F0F0000F40100002D08000046
S315080734D4F40100006F0F0000F40100002D08000036
S315080734E4F40100006F0F0000F40100002D08000026
S315080734F4F40100006F0F0000F401000093020000B6
S315080735047D000000BA0200007D00000010030000D9
S315080735147D000000700300007D00000052000000D3
S315080735247D000000520000007D000000A500000091
S315080735347D000000520000007D00000052000000D4
S315080735447D000000930000007D0000005200000083
S315080735547D000000520000007D0000008300000083
S315080735647D000000520000007D00000052000000A4
S315080735747D000000750000007D0000005200000071
S315080735847D000000520000007D0000007B0000005B
S315080735947D000000830000007D0000005200000043
S315080735A47D000000520000007D000000A500000011
S315080735B47D000000520000007D0000005200000054
S315080735C47D000000930000007D0000005200000003
S315080735D47D000000520000007D0000008300000003
S315080735E47D000000520000007D0000005200000024
S315080735F47D00000075000000F40100005200000079
S315080736047D000000520000007D000000A5000000B0
S315080736147D000000520000007D00000052000000F3
S315080736247D000000930000007D00000052000000A2
S315080736347D000000520000007D00000083000000A2
S315080736447D000000520000007D00000052000000C3
S315080736547D000000750000007D0000005200000090
S315080736647D000000520000007D0000007B0000007A
S315080736747D000000830000007D0000005200000062
S315080736847D000000520000007D000000A500000030
S315080736947D000000520000007D0000005200000073
S315080736A47D000000930000007D0000005200000022
S315080736B47D000000520000007D0000008300000022
S315080736C47D000000520000007D0000005200000043
S315080736D47D00000075000000F40100005C26002048
S315080736E4030000001C27002038000000FC260020E1
S315080736F40100000004270020010000000C27002011
S315080737040100000014270020010000007426002089
S31508073714050000009C2600200C000000000000009D
S315080737244C494E45203F00000000000000000000F9
S315080737340000000000000000000000000000000070
S31508073744610000000C0000000000000048000000AB
S3150807375400000000530000000000000000000000FD
S315080737640000000000000000000000000707000032
S315080737740000000000000000000000000000000030
S315080737840000000000000000000000000000000020
S315080737940000000000000000000000000000000010
S315080737A40000000000000000000000000000000000
S315080737B400000000000000000000000000000000F0
S315080737C401000000010000000100000000000000DD
S315080737D400000000000000000000000000000000D0
S315080737E400000000000000000000000000000000C0
S315080737F400000000000000000000000000000000B0
S31508073804000000000000000000000000000000009F
S31508073814000000000000000001000000010000008D
S31508073824010000000000000000000000000000007E
S31508073834000000000000000000000000000000006F
S31508073844000000000000000000000000000000005F
S31508073854000000000000000000000000000000004F
S31508073864000000000000000000000000000000003F
S31508073874000000000000000000000000000000002F
S31508073884000000000000000000000000000000001F
S31508073894000000000000000000000000000000000F
S315080738A400000100010001000000000000000000FC
S315080738B400000000000000000000000000000000EF
S315080738C400000000000000000000000000000000DF
S315080738D400000000000000000000000000000000CF
S315080738E400000000000000000000000000000000BF
S315080738F400000000000000000000000000000000AF
S31508073904000000000000000000000000000000009E
S31508073914000000000000000000000000000000008E
S31508073924000000004C494E45203F000000000000F7
S31508073934000000000000000000000000000000006E
S3150807394400000000610000000C00000000000000F1
S3150807395448000000000000005300000000000000B3
S31508073964000000000000000000000000000000003E
S315080739740707000000000000000000000000000020
S31508073984000000000000000000000000000000001E
S31508073994000000000000000000000000000000000E
S315080739A400000000000000000000000000000000FE
S315080739B400000000000000000000000000000000EE
S315080739C400000000010000000100000001000000DB
S315080739D400000000000000000000000000000000CE
S315080739E400000000000000000000000000000000BE
S315080739F400000000000000000000000000000000AE
S31508073A04000000000000000000000000000000009D
S31508073A14000000000000000000000000010000008C
S31508073A24010000000100000000000000000000007B
S31508073A34000000000000000000000000000000006D
S31508073A44000000000000000000000000000000005D
S31508073A54000000000000000000000000000000004D
S31508073A64000000000000000000000000000000003D
S31508073A74000000000000000000000000000000002D
S31508073A84000000000000000000000000000000001D
S31508073A94000000000000000000000000000000000D
S31508073AA400000000000001000100010000000000FA
S31508073AB400000000000000000000000000000000ED
S31508073AC400000000000000000000000000000000DD
S31508073AD400000000000000000000000000000000CD
S31508073AE400000000000000000000000000000000BD
S31508073AF400000000000000000000000000000000AD
S31508073B04000000000000000000000000000000009C
S31508073B14000000000000000000000000000000008C
S31508073B2400000000004469736368617267650000F2
S31508073B34000000000000000000000000000000006C
S31508073B4400000000000200000231323334353637EC
S31508073B5438390000000000000000000000000000DB
S31508073B64000000000000000000029C00000000009E
S31508073B74000000000000000000000000000000002C
S31508073B84000000000000000000000000000000001C
S31508073B94010000000000000000000000F401000016
S31508073BA4008088C30000FA4388130000480D000004
S31508073BB400409C45010000000000000000000000CA
S31508073BC4F4010000008088C30000FA438813000044
S31508073BD4480D000000409C45000000000000000056
S31508073BE400000000000000000000000000000000BC
S31508073BF400000000000000000000000000000000AC
S31508073C04000000000000000000000000000000009B
S31508073C14000000000000000000000000000000008B
S31508073C24000000000000000000000000000000007B
S31508073C34000000000000000000000000000000006B
S31508073C44000000000000000000000000000000005B
S31508073C54000000000000000000000000000000004B
S31508073C64000000000000000000000000000000003B
S31508073C74000000000000000000000000000000002B
S31508073C84000000000000000000000000000000001B
S31508073C94000000000000000000000000000000000B
S31508073CA400000000000000000000000000000000FB
S31508073CB400000000000000000000000000000000EB
S31508073CC400000000000000000000000000000000DB
S31508073CD400000000000000000000000000000000CB
S31508073CE400000000000000000000000000000000BB
S31508073CF4000000000000000000000000004368619F
S31508073D0472676520480000000000000000000000F4
S31508073D140000000000000000000000000002000088
S31508073D24023132333435363738390000000000009B
S31508073D34000000000000000000000000000000006A
S31508073D4400029C00000000000000000000000000BC
S31508073D54000000000000000000000000000000004A
S31508073D64000000000000000000000000000000003A
S31508073D742C010000D8D60000008088C30000FA4347
S31508073D8420A10700000000000000484400000000C6
S31508073D94000000002C010000D8D60000008088C364
S31508073DA40000FA4320A10700000000000000484469
S31508073DB400000000000000000000000000000000EA
S31508073DC400000000000000000000000000000000DA
S31508073DD400000000000000000000000000000000CA
S31508073DE400000000000000000000000000000000BA
S31508073DF400000000000000000000000000000000AA
S31508073E040000000000000000000000000000000099
S31508073E140000000000000000000000000000000089
S31508073E240000000000000000000000000000000079
S31508073E340000000000000000000000000000000069
S31508073E440000000000000000000000000000000059
S31508073E540000000000000000000000000000000049
S31508073E640000000000000000000000000000000039
S31508073E740000000000000000000000000000000029
S31508073E840000000000000000000000000000000019
S31508073E940000000000000000000000000000000009
S31508073EA400000000000000000000000000000000F9
S31508073EB400000000000000000000000000000000E9
S31508073EC400000000000000000000000000000000D9
S31508073ED40000000000436861726765204C00000013
S31508073EE400000000000000000000000000000000B9
S31508073EF40000000000020000023132333435363739
S31508073F043839000000000000000000000000000027
S31508073F14000000000000000000029C0000000000EA
S31508073F240000000000000000000000000000000078
S31508073F340000000000000000000000000000000068
S31508073F4400000000000000002C01000068100000B3
S31508073F54008088C30000FA4320A107000000000078
S31508073F640000484400000000000000002C0100007F
S31508073F7468100000008088C30000FA4320A10700E0
S31508073F84000000000000484400000000000000008C
S31508073F940000000000000000000000000000000008
S31508073FA400000000000000000000000000000000F8
S31508073FB400000000000000000000000000000000E8
S31508073FC400000000000000000000000000000000D8
S31508073FD400000000000000000000000000000000C8
S31508073FE400000000000000000000000000000000B8
S31508073FF400000000000000000000000000000000A8
S315080740040000000000000000000000000000000097
S315080740140000000000000000000000000000000087
S315080740240000000000000000000000000000000077
S315080740340000000000000000000000000000000067
S315080740440000000000000000000000000000000057
S315080740540000000000000000000000000000000047
S315080740640000000000000000000000000000000037
S315080740740000000000000000000000000000000027
S315080740840000000000000000000000000000000017
S315080740940000000000000000000000000000000007
S315080740A40000000000000000000000000044454D21
S315080740B44F205465737400000000000000000000D8
S315080740C400000000000000000000000000050000D2
S315080740D402313233343536373839000000000000E8
S315080740E400000000000000000000000000000000B7
S315080740F400029C0000000000000000000000000009
S315080741040000000000000000000000000000000096
S315080741140000000000000000000000000000000086
S315080741242C010000D8D60000008088C30000FA4393
S3150807413420A1070000000000000048440000000012
S31508074144000000002C01000068100000008088C3E6
S315080741540000FA4320A107000000000000004844B5
S31508074164010000000000000000000000F401000040
S31508074174008088C30000FA4388130000480D00002E
S3150807418400409C4502000000A086010000000000CC
S315080741940000000000000000000000000000000006
S315080741A400000000000000000300000000000000F3
S315080741B405000000000000000000000000000000E1
S315080741C400000000000000000000000000000000D6
S315080741D400000000000000000000000000000000C6
S315080741E400000000000000000000000000000000B6
S315080741F400000000000000000000000000000000A6
S315080742040000000000000000000000000000000095
S315080742140000000000000000000000000000000085
S315080742240000000000000000000000000000000075
S315080742340000000000000000000000000000000065
S315080742440000000000000000000000000000000055
S315080742540000000000000000000000000000000045
S315080742640000000000000000000000000000000035
S315080742740000000000000000000000000000000025
S31508074284000000000144454D4F204475616C2054D5
S3150807429465737400000000000000000000000000B9
S315080742A40000000000040000023132333435363783
S315080742B43839000000000000000000000000000074
S315080742C4000000000000000000029C000000000037
S315080742D400000000000000000000000000000000C5
S315080742E400000000000000000000000000000000B5
S315080742F400000000000000002C010000D8D60000CA
S31508074304008088C30000FA4320A1070000000000C4
S3150807431400004844010000000000000000000000F7
S31508074324F4010000008088C30000FA4388130000DC
S31508074334480D000000409C4502000000A0860100C5
S315080743440000000000000000000000000000000054
S315080743540000000000000000000000000300000041
S31508074364000000000500000000000000000000002F
S315080743740000000000000000000000000000000024
S31508074384030000000000000005000000000000000C
S315080743940000000000000000000000000000000004
S315080743A400000000030000000000000005000000EC
S315080743B400000000000000000000000000000000E4
S315080743C400000000000000000300000000000000D1
S315080743D405000000000000000000000000000000BF
S315080743E400000000000000000000000003000000B1
S315080743F4000000000500000000000000000000009F
S315080744040000000000000000000000000000000093
S31508074414030000000000000005000000000000007B
S315080744240000000000000000000000000000000073
S31508074434000000000300000000000000050000005B
S315080744440000000000000000000000000000000053
S315080744540000000000000000000000000044454D6D
S315080744644F20546573740000000000000000000024
S31508074474000000000000000000000000000500001E
S315080744840231323334353637383900000000000034
S315080744940000000000000000000000000000000003
S315080744A400029C0000000000000000000000000055
S315080744B400000000000000000000000000000000E3
S315080744C400000000000000000000000000000000D3
S315080744D42C010000D8D60000008088C30000FA43E0
S315080744E420A107000000000000004844000000005F
S315080744F4000000002C01000068100000008088C333
S315080745040000FA4320A10700000000000000484401
S31508074514010000000000000000000000F40100008C
S31508074524008088C30000FA4388130000480D00007A
S3150807453400409C4502000000A08601000000000018
S315080745440000000000000000000000000000000052
S31508074554000000000000000003000000000000003F
S31508074564050000000000000000000000000000002D
S315080745740000000000000000000000000000000022
S315080745840000000000000000000000000000000012
S315080745940000000000000000000000000000000002
S315080745A400000000000000000000000000000000F2
S315080745B400000000000000000000000000000000E2
S315080745C400000000000000000000000000000000D2
S315080745D400000000000000000000000000000000C2
S315080745E400000000000000000000000000000000B2
S315080745F400000000000000000000000000000000A2
S315080746040000000000000000000000000000000091
S315080746140000000000000000000000000000000081
S315080746240000000000000000000000000000000071
S31508074634000000000044454D4F205465737400007C
S315080746440000000000000000000000000000000051
S3150807465400000000000500000231323334353637CE
S3150807466438390000000000000000000000000000C0
S31508074674000000000000000000029C000000000083
S315080746840000000000000000000000000000000011
S315080746940000000000000000000000000000000001
S315080746A400000000000000002C010000D8D6000016
S315080746B4008088C30000FA4320A107000000000011
S315080746C40000484400000000000000002C01000018
S315080746D468100000008088C30000FA4320A1070079
S315080746E40000000000004844010000000000000024
S315080746F400000000F4010000008088C30000FA43A4
S3150807470488130000480D000000409C45020000007D
S31508074714A086010000000000000000000000000059
S315080747240000000000000000000000000000000070
S315080747340300000000000000050000000000000058
S315080747440000000000000000000000000000000050
S315080747540000000000000000000000000000000040
S315080747640000000000000000000000000000000030
S315080747740000000000000000000000000000000020
S315080747840000000000000000000000000000000010
S315080747940000000000000000000000000000000000
S315080747A400000000000000000000000000000000F0
S315080747B400000000000000000000000000000000E0
S315080747C400000000000000000000000000000000D0
S315080747D400000000000000000000000000000000C0
S315080747E400000000000000000000000000000000B0
S315080747F400000000000000000000000000000000A0
S315080748040000000000000000000000000044454DB9
S315080748144F20546573740000000000000000000070
S31508074824000000000000000000000000000500006A
S315080748340231323334353637383900000000000080
S31508074844000000000000000000000000000000004F
S3150807485400029C00000000000000000000000000A1
S31508074864000000000000000000000000000000002F
S31508074874000000000000000000000000000000001F
S315080748842C010000D8D60000008088C30000FA432C
S3150807489420A10700000000000000484400000000AB
S315080748A4000000002C01000068100000008088C37F
S315080748B40000FA4320A1070000000000000048444E
S315080748C4010000000000000000000000F4010000D9
S315080748D4008088C30000FA4388130000480D0000C7
S315080748E400409C4502000000A08601000000000065
S315080748F4000000000000000000000000000000009F
S31508074904000000000000000003000000000000008B
S315080749140500000000000000000000000000000079
S31508074924000000000000000000000000000000006E
S31508074934000000000000000000000000000000005E
S31508074944000000000000000000000000000000004E
S31508074954000000000000000000000000000000003E
S31508074964000000000000000000000000000000002E
S31508074974000000000000000000000000000000001E
S31508074984000000000000000000000000000000000E
S3150807499400000000000000000000000000000000FE
S315080749A400000000000000000000000000000000EE
S315080749B400000000000000000000000000000000DE
S315080749C400000000000000000000000000000000CE
S315080749D400000000000000000000000000000000BE
S315080749E4000000000044454D4F20546573740000C9
S315080749F4000000000000000000000000000000009E
S31508074A04000000000005000002313233343536371A
S31508074A14383900000000000000000000000000000C
S31508074A24000000000000000000029C0000000000CF
S31508074A34000000000000000000000000000000005D
S31508074A44000000000000000000000000000000004D
S31508074A5400000000000000002C010000D8D6000062
S31508074A64008088C30000FA4320A10700000000005D
S31508074A740000484400000000000000002C01000064
S31508074A8468100000008088C30000FA4320A10700C5
S31508074A940000000000004844010000000000000070
S31508074AA400000000F4010000008088C30000FA43F0
S31508074AB488130000480D000000409C4502000000CA
S31508074AC4A0860100000000000000000000000000A6
S31508074AD400000000000000000000000000000000BD
S31508074AE403000000000000000500000000000000A5
S31508074AF4000000000000000000000000000000009D
S31508074B04000000000000000000000000000000008C
S31508074B14000000000000000000000000000000007C
S31508074B24000000000000000000000000000000006C
S31508074B34000000000000000000000000000000005C
S31508074B44000000000000000000000000000000004C
S31508074B54000000000000000000000000000000003C
S31508074B64000000000000000000000000000000002C
S31508074B74000000000000000000000000000000001C
S31508074B84000000000000000000000000000000000C
S31508074B9400000000000000000000000000000000FC
S31508074BA400000000000000000000000000000000EC
S31508074BB40000000000000000000000000044454D06
S31508074BC44F205465737400000000000000000000BD
S31508074BD400000000000000000000000000050000B7
S31508074BE402313233343536373839000000000000CD
S31508074BF4000000000000000000000000000000009C
S31508074C0400029C00000000000000000000000000ED
S31508074C14000000000000000000000000000000007B
S31508074C24000000000000000000000000000000006B
S31508074C342C010000D8D60000008088C30000FA4378
S31508074C4420A10700000000000000484400000000F7
S31508074C54000000002C01000068100000008088C3CB
S31508074C640000FA4320A1070000000000000048449A
S31508074C74010000000000000000000000F401000025
S31508074C84008088C30000FA4388130000480D000013
S31508074C9400409C4502000000A086010000000000B1
S31508074CA400000000000000000000000000000000EB
S31508074CB400000000000000000300000000000000D8
S31508074CC405000000000000000000000000000000C6
S31508074CD400000000000000000000000000000000BB
S31508074CE400000000000000000000000000000000AB
S31508074CF4000000000000000000000000000000009B
S31508074D04000000000000000000000000000000008A
S31508074D14000000000000000000000000000000007A
S31508074D24000000000000000000000000000000006A
S31508074D34000000000000000000000000000000005A
S31508074D44000000000000000000000000000000004A
S31508074D54000000000000000000000000000000003A
S31508074D64000000000000000000000000000000002A
S31508074D74000000000000000000000000000000001A
S31508074D84000000000000000000000000000000000A
S31508074D94000000000000000003000000BCB4002067
S31508074DA4630A0708630A070800000000BCB4002062
S31508074DB424B500208CB50020000000000000000080
S31508074DC400000000000000000000000000000000CA
S31508074DD400000000000000000000000000000000BA
S31508074DE400000000000000000000000000000000AA
S31508074DF400000000A83F0020010000000000000092
S31508074E044A0000000000000000000000000000003F
S31508074E140000000000000000000000000000000079
S31508074E2400000000000000004A000000000000001F
S31508074E340000000000000000000000000000000059
S31508074E440000000000000000000000000000000049
S31508074E5443000000000000000000000000000000F6
S31508074E640000000000000000000000000000000029
S31508074E7443000000000000000000000000000000D6
S31508074E840000000000000000000000000000000009
S31508074E9443000000000000000000000000000000B6
S31508074EA400000000000000000000000000000000E9
S31508074EB44300000000000000000000000000000096
S31508074EC400000000000000000000000000000000C9
S31508074ED44300000000000000000000000000000076
S31508074EE400000000000000000000000000000000A9
S31508074EF44300000000000000000000000000000056
S31508074F040000000000000000000000000000000088
S31508074F144300000000000000000000000000000035
S31508074F240000000000000000000000000000000068
S31508074F34DBBF060859BF060800000000BC0C0708B3
S31508074F44D60D0708E90A0708E90A0708E90A070850
S31508074F54E90A0708E90A0708E90A0708E90A070830
S31508074F64E90A0708E90A0708FFFFFFFFFFFFFFFF2C
S31508074F74FFFFFFFFFFFF00000100415343494900B4
S31508074F840000000000000000000000000000000008
S31508074F94000000000000000000004153434949008F
S31508074FA400000000000000000000000000000000E8
S31108074FB4000000000000000000000000DC
S7050804339526
